Count_CDR2,count
AIRWNGVETY,1309279
AIRWNGVSTY,95936
AIRWNGDETY,55742
AIGWDGEYTY,31842
AIRWNGDYTY,28242
AIRWNGSATY,16648
AIGWDGGYTY,15229
AIKWNGYYTY,11013
AIRWNGGSTY,9904
AIRWNGLDTY,5088
AIRWNGSFTY,4398
AIRWNGSSTY,2597
AITEYGYATY,2229
AISPYGYYTY,1961
AISPYGDYTY,1654
AINWSGSRTY,1517
AIRWNGRYTY,1513
AIRWSGNQTY,1429
AISPYGEYTY,1283
AINWNGKYTY,1271
AIRWNGFYTY,1209
AIRCNGVETY,1179
AISPYGNYTY,1066
AIRWNGNYTY,976
AISPYGGYTY,897
AIRWDGYATY,877
AINWNGKSTY,852
AISPYGSYTY,830
AIRMWGGSTY,815
AIRWDGFATY,776
AIRWNGSYTY,739
AILWNGVETY,720
AISPYGRYTY,715
AIRWNCVETY,658
AIRPFGLETY,657
AIRLNGVETY,646
AISEYGYATY,635
AIQWNGVETY,599
AIRWNGHYTY,590
AISPYGKYTY,577
AIRWNGHSTY,569
AIRWNGVESY,547
AISPFGGYTY,516
TIRWNGVETY,493
AIRWNGIYTY,492
AISPFGDYTY,490
AISEYGYGTY,474
AISPFGYSTY,465
AISPFGDHTY,461
AIDPYGLYTY,449
AIRWNGVETH,447
AISPFGYRTY,430
AIRWAGDYTY,412
AISPFGNYTY,376
AISPFGRYTY,359
AISPFGSYTY,358
AIRWNGDATY,356
AIMMWGGSTY,353
AISWDGSYTY,325
AISPYGHYTY,325
AISPFGDSTY,315
AIRWAGDNTY,303
AIAMWGGSTY,294
AIGPYGSYTY,294
SIRWNGVETY,290
AINYNGYRTY,289
AIAPFGEYTY,279
AIGPFGNGTY,277
AIRWNGMETY,264
AISPYGQYTY,263
AIGPFGDYTY,260
AIAPFGLSTY,258
AISPFGGWTY,253
AISPYGAYTY,252
AIKWNGRYTY,241
AIAPFGGYTY,235
AIKWNGLYTY,230
AIRWDGYYTY,227
AIAPYGEYTY,223
AIRYMGGSTY,220
AINWNGGSTY,220
AMRWNGVETY,217
AISPYGYRTY,213
AIDPYGYYTY,213
AIDDYGRYTY,213
AISPFGKYTY,212
AISPYGDWTY,210
AISEYGSYTY,208
AISWDGNYTY,206
VIRWNGVETY,200
AISPFGNSTY,196
AISPFGLSTY,194
AIAYMGGSTY,194
AISPFGEYTY,191
AISPFGHYTY,189
AISPYGSRTY,186
AIRWYGVETY,185
AINYMGGSTY,184
AISPDGSGTY,184
AISMWGGSTY,181
AISPFGGRTY,180
AIRWNSVETY,175
AIIYMGGSTY,172
AIKMWGGSTY,170
AIRWNGVSSY,169
AIVMWGGSTY,169
AILMWGGSTY,163
AISYMGGSTY,162
AISPYGEITY,161
AISPYGDFTY,154
AISPRGDYTY,151
AILYVGGSTY,150
AIVYVGGSTY,150
AISPFGYKTY,149
AIQWNGSNTY,146
AIRPFGGDTY,145
AISPFGYGTY,145
AIVYMGGSTY,145
AISPNGDYTY,143
AISEYGYYTY,141
AILYMGGSTY,141
AISPYGTYTY,139
AISPFGYHTY,139
AISPFGYNTY,139
AISPWGNYTY,139
AIRWDGVETY,138
AIRYAGYYTY,136
AISPFGQYTY,135
AIAPYGSYTY,134
AICMWGGSTY,134
AISPFGSSTY,133
AIKWNGDYTY,133
AISPWGGYTY,130
AIRWNDVETY,127
AIGPDGKYTY,127
AISPFGGNTY,127
AIDPYGDVTY,127
AINPYGNATY,127
AISEYGDYTY,126
AISDYGYYTY,126
AISEYGEYTY,125
AIIYVGGSTY,124
AISPFGGTTY,124
AIAPFGSSTY,121
AISPFGNRTY,121
AITPYGGYTY,120
AIRWNGVDTY,120
AISDYGDYTY,120
AISPYGGLTY,119
AICYMGGSTY,119
AISPFGEWTY,118
AISPNGEWTY,118
AISPFGYTTY,117
AIQMWGGSTY,116
AISSYGDYTY,116
AIMYMGGSTY,115
AIRYNGGSTY,114
AIRYTGGSTY,114
AIAPFGQNTY,113
AISPDGYSTY,113
AISPFGNWTY,111
AISPEGSYTY,110
AISYVGGSTY,110
AISPDGSKTY,110
AITPYGYYTY,109
AITMWGGSTY,109
AIRWNVVETY,107
AILPYGDYTY,107
AISPDGYKTY,106
AIRWNGLSTY,104
AIGPFGDWTY,104
AISPDGYNTY,103
AISPLGGYTY,102
AIDEYGRYTY,102
AISPYGYSTY,101
AINPYGRRTY,101
AISPRGDWTY,101
AIAPYGDYTY,101
AIRWDGEYTY,96
AIDMWGGSTY,96
AISPFGLRTY,96
AISPFGSLTY,96
AISPFGNNTY,96
AIAPFGSHTY,95
AISYYGGSTY,94
AISPFGDWTY,94
AIRRNGVETY,94
AIDPYGRYTY,94
AIRWSGVETY,93
AISPYGLYTY,92
AITPDGNYTY,92
AIRWNGAETY,92
AISPWGGHTY,92
AISPFGYATY,91
AISPFGSNTY,91
AISPYGNRTY,91
AISPFGLNTY,90
AISPFGLTTY,90
AIAPFGYSTY,90
AISPYGLRTY,89
AISPFGGFTY,89
AISPYGGRTY,89
AISPFGGLTY,89
AIAYVGGSTY,88
AISPFGASTY,88
AIRWNGLETY,88
AIRWHGVETY,87
AISPNGYYTY,87
AICYKGGSTY,86
AISPLGYYTY,86
AISPFGDQTY,86
AISPFGGDTY,86
AISPFGSRTY,86
AISPWGYHTY,85
AITPFGDQTY,85
AIAPYGYYTY,85
AISPGGGTTY,83
AISPFGQNTY,83
AIEYYGGSTY,83
AISPYGSHTY,82
AISPDGWTTY,82
AITYMGGSTY,82
AIPMWGGSTY,81
AISPFGLETY,81
AISPDGSYTY,81
AISANGLKTY,81
AISPFGLDTY,80
AIIMWGGSTY,80
AISDYGRYTY,79
AISPYGDRTY,79
AISPYGSKTY,79
AIAPFGYKTY,79
AITPYGDYTY,78
AISPGGLYTY,78
AIAPWGGRTY,78
AINYYGGSTY,78
AIGPQGYYTY,76
AIRYAGDFTY,76
AISPRGNETY,76
AISPNGKWTY,75
AISEYGYSTY,75
AIGPYGDYTY,75
AIRCNGVSTY,75
AINMWGGSTY,75
AISPFGYETY,74
AISEYGWGTY,74
AISPFGDRTY,72
AISPFGFNTY,72
AISDNGQYTY,72
AISYTGGSTY,72
AIRAYGNYTY,71
AISPFGFSTY,71
AISPFGISTY,71
AIGYMGGSTY,71
AISPNGYTTY,71
AIGMWGGSTY,71
AISPFGLKTY,71
AISPDGYYTY,71
AIKWNGHYTY,71
AISPWGGWTY,70
AISPRGEATY,70
AIAPFGYRTY,69
AISPNGYSTY,69
AIAPFGISTY,69
AISPSGGQTY,69
AISPDGKVTY,68
AISPSGKNTY,68
AITPYGKYTY,68
AISDYGDWTY,67
AISPYGGGTY,67
AISDYGNYTY,66
AIQYMGGSTY,66
AIPYMGGSTY,66
AISPFGSQTY,66
AIRYVGGSTY,66
AISPFGRSTY,66
AISPDGNLTY,65
AISPSGKSTY,65
AIAPFGYQTY,65
AISPYGGWTY,65
AISPAGNYTY,65
AIMYVGGSTY,64
AISPFGIGTY,64
AIRWNGVKTY,64
AISPYGEWTY,64
AIIYSGGSTY,63
AILPYGGYTY,63
AISPDGKTTY,63
SIRWNGDETY,63
AIDYMGGSTY,62
AISSYGRYTY,62
AISPYGEKTY,62
AIAPFGKYTY,62
AIAPYGRYTY,61
AIGPFGHYTY,61
AITPYGSYTY,61
AISPFGQRTY,60
AISDNGLKTY,59
AIRWNGYYTY,59
AISPYGEETY,59
AIDPYGSYTY,59
AIMYNGGSTY,59
AIRWGGSYTY,59
AISPFGRRTY,58
AIAPFGHKTY,58
AISPFGKSTY,58
AISPFGRFTY,58
AIRWNGVETC,58
AIRWNGVEIY,57
AISPFGQGTY,57
AIRWSGAYTY,57
AISPFGGATY,57
AIVPYGRRTY,57
AIYYMGGSTY,57
AIRSFGGHTY,57
AISPFGRTTY,56
AIGPFGDSTY,56
AIGPYGNYTY,56
AITPYGRYTY,56
AISPNGTNTY,56
AISPGGGWTY,56
AISYKGGSTY,56
AIRWNGVATY,56
AIRCNGDETY,56
AISPFGDKTY,56
AISPNGDSTY,55
AISPFGYQTY,55
AISPYGFNTY,55
AISPFGEVTY,55
AISPFGSWTY,54
AIDPYGKYTY,54
AIAPYGGRTY,54
AISPTGSYTY,54
AIDVYGQNTY,54
AISPNGLDTY,54
AIFPDGRTTY,53
AIGPYGSWTY,53
AISPFGRATY,53
AISPLGDWTY,53
AIIYKGGSTY,53
AISPFGDLTY,53
AISPFGNQTY,53
AIMMRGGSTY,53
AIYPYGDYTY,53
AIQYVGGSTY,53
AIGPDGDYTY,52
AIAPFGSYTY,52
AILWNGVSTY,52
AILPYGSYTY,52
AISPFGEITY,52
AISPYGDKTY,52
AISPFGLGTY,52
AITPYGNYTY,51
AIRSFGGETY,51
AISPFGNDTY,51
AIAPYGGYTY,51
AISPNGKRTY,50
AISWRGYHTY,50
AIRMHGGSTY,50
AITPFGSYTY,50
AIRWNCVSTY,50
AISPLGYSTY,49
AIRYYGGSTY,49
AISPYGEHTY,49
AISPLGDQTY,49
AIAYYGGSTY,49
AITPFGEITY,49
AIAPWGSFTY,48
AISPNGRYTY,48
AINPYGSYTY,48
AISDYGSYTY,48
AISPFGFTTY,48
AIAPFGLRTY,48
AISPFGGITY,48
AISPFGENTY,48
AIDPYGNYTY,48
AISPNGSYTY,48
AIDPYGTYTY,48
AISPNGKHTY,48
AIRWKGVETY,48
AIGPYGITTY,48
AIRPWGYQTY,47
AISYDGSYTY,47
AIRWNGVETN,47
AIGPFGRSTY,47
AISPYGGETY,47
AISDYGEYTY,47
AISPLGNSTY,47
AIGPFGSYTY,46
AIDPYGDRTY,46
AIGPPGEYTY,46
AINYVGGSTY,46
AISPFGSFTY,46
AIDYYGGSTY,46
AIRWNGDDTY,46
AILYYGGSTY,46
AITPFGNFTY,46
AIGPFGSGTY,46
AISPFGQKTY,46
AILPSGGYTY,46
EIRWNGVETY,46
AISPFGGHTY,45
AISPGGKYTY,45
AIHYMGGSTY,45
AIKYMGGSTY,45
AISPRGNWTY,45
AISPSGSRTY,45
AIAPYGKYTY,45
AISPRGQYTY,45
AISPYGDQTY,45
AISPYGSWTY,44
AISPDGSRTY,44
AIRYNGIYTY,44
AISPFGGSTY,44
AISPFGNITY,44
AISYSGGSTY,44
AISEYGAYTY,44
AISPYGKRTY,44
AIFYMGGSTY,44
AICYVGGSTY,44
AISPFGSHTY,44
AISPNGFYTY,43
AIRYKGGSTY,43
AIDPYGGYTY,43
AISPFGDVTY,43
AINPFGGYTY,43
AISPYGERTY,43
AITPFGGYTY,42
AISPNGYRTY,42
AIEYMGGSTY,42
AISPYGSSTY,42
AISPFGKLTY,42
AISPDGAVTY,42
AIDPFGNYTY,42
AISPNGNYTY,42
AISEYGEWTY,41
AIFPYGAYTY,41
AISPLGNKTY,41
AISPSGYYTY,41
AITYKGGSTY,41
AIRWNGDYSY,41
AISPFGRGTY,41
AILYKGGSTY,41
AISPYGNLTY,41
AITFWGGSTY,41
AIRPFGYDTY,41
AISPFGRVTY,41
AISPFGSTTY,40
AINFMGGSTY,40
AIGPYGYTTY,40
AISPGGGYTY,40
AISPWGDLTY,40
AIRPFGYRTY,40
AISEYGNYTY,40
AIRYAGDYTY,40
AIGWYGEYTY,39
AISPDGRYTY,39
AIRLNGVSTY,39
AIRTFGGDTY,39
AIGPYGQYTY,39
AIAPFGNSTY,39
AIRPWGGSTY,39
AIRWAGEYTY,39
AISPFGYDTY,39
AIKYVGGSTY,39
AIAPFGNRTY,39
AISPFGKRTY,38
AIDDYGRSTY,38
AISPYGNSTY,38
AIGPFGSSTY,38
AISPFGDNTY,38
AISPGGDHTY,38
AIRWNGIATY,38
TIRWNGVSTY,38
AISPNGYNTY,38
AISPLGSYTY,38
AIGPYGYYTY,38
AIAPIGSRTY,38
AINPYGYYTY,38
AIAPFGQYTY,38
AINPYGKYTY,38
AINPYGDYTY,38
AISPNGQYTY,37
AIFPYGSYTY,37
AISEYGDLTY,37
AISPYGNVTY,37
AIIYYGGSTY,37
AISPFGGETY,37
AISPFGFKTY,37
AISPFGNLTY,37
AISPWGFRTY,37
AISPRGDLTY,37
AITYVGGSTY,37
AIQWNGVSTY,36
AISEYGIYTY,36
AINPYGNYTY,36
AITPGGRSTY,36
AISWRGDRTY,36
AISPNGGYTY,36
AISPFGRHTY,36
AISEYGLYTY,36
AISPWGSHTY,36
AIAPFGRRTY,36
AIFPYGGYTY,36
AISPRGDRTY,36
AIAPWGRRTY,36
AISPFGINTY,36
AISPFGHVTY,36
AIGPFGGYTY,36
AISEYGGYTY,36
AISPFGELTY,36
AISSFGDGTY,35
AISPYGQWTY,35
AIGPFGSLTY,35
AINPYGTYTY,35
AISPKGDGTY,35
AIDPYGEWTY,35
AISPFGNFTY,35
AIAPFGASTY,35
AISPDGQATY,35
AITPFGDLTY,35
AINPYGGYTY,35
AIGPFGNYTY,35
AISPFGSKTY,35
AISPFGNATY,34
AIHPDGYYTY,34
AISEFGGYTY,34
AIAPFGDFTY,34
AISPFGAYTY,34
AISEYGKYTY,34
AISPDGRETY,34
AIGYVGGSTY,34
AISYDGYSTY,34
AITPFGLETY,34
AIEPYGRYTY,34
AISEYGFYTY,34
AISPYGSFTY,34
AIAPFGHQTY,34
AISDNGHITY,34
AISENGYYTY,34
AIRPFGYHTY,33
AISPSGSLTY,33
AISEYGGKTY,33
AISPFGHSTY,33
AISPGGEVTY,33
AIRYSGGSTY,33
AIAPFGNYTY,33
AISPYGYHTY,33
AIRWNGVETD,33
AIRWNGYETY,33
AISPNGKSTY,33
AIRWNSVSTY,33
AISPFGKETY,32
AISPYGHLTY,32
AIAPFGYHTY,32
AINPYGRITY,32
AISHNGGSTY,32
AINWRGSYTY,32
AIAPFGDYTY,32
AISPFGFDTY,32
AISPYGDNTY,32
AISDYGLTTY,32
AIVPTGNRTY,32
AISPYGTRTY,32
AISPGGYLTY,32
AISEYGTYTY,32
AISTYGDYTY,32
AISSYGHYTY,32
AISPFGLHTY,32
AIRYAGSYTY,32
AIRLWGGSTY,32
AIGPFGRGTY,32
AIAPFGRGTY,31
AISPWGYGTY,31
AISPDGYWTY,31
AISANGLSTY,31
AINWNGGYTY,31
AISPYGSLTY,31
AISPFGEFTY,31
AIRFSGWSTY,31
AIRYAGWSTY,31
AISPFGQETY,31
AIAPYGEWTY,31
AISPFGERTY,31
AISPSGSYTY,31
AISPYGGATY,31
AISPGGQYTY,31
AIDPYGFYTY,31
AISPYGLTTY,31
AIRHSGWGTY,31
AICYTGGSTY,31
AIRWKGSGTY,30
AIGPFGSQTY,30
AISPFGYYTY,30
AIRLNGDETY,30
AIDPFGGYTY,30
AIVYKGGSTY,30
AISPFGRNTY,30
AISPRGGGTY,30
AIRWNGVENY,30
AISPFGNTTY,30
AIGPFGGSTY,30
AIAPGGYYTY,30
AISDFGNYTY,30
AISPFGESTY,30
AIKWNGSYTY,30
AISPYGTKTY,30
AITEYGYYTY,30
AIRYAGGSTY,30
AIAPFGDRTY,30
AISPYGDSTY,30
AIQGYGGITY,30
AIRTFGSTTY,30
AILPYGRYTY,29
AIDPYGNSTY,29
AISPYGNFTY,29
AIMYKGGSTY,29
AIRPFGWSTY,29
AISPWGYETY,29
AISDYGTRTY,29
AIRWAGYSTY,29
AIRWAGWNTY,29
AISPFGRQTY,29
AISPYGFTTY,29
AINWRGQYTY,29
AITYYGGSTY,29
AISPYGKITY,29
AIAPFGIRTY,29
AIIMRGGSTY,29
AIIYNGGSTY,29
AIYPNGGGTY,29
AIPYVGGSTY,29
AIGWDGEYIY,29
AIGPVGGYTY,29
AISPFGKHTY,29
AISPGGSRTY,29
AITPWGSYTY,29
AISEYGRYTY,29
AISPDGWYTY,28
AISPFGRITY,28
AINSRGDRTY,28
AISPFGKATY,28
AISPSGDHTY,28
AISPYGHHTY,28
AIGPFGNTTY,28
AISPYGGKTY,28
AISPDGRWTY,28
AISDFGEKTY,28
AISYRGDWTY,28
AISPYGSETY,28
AISPGGSWTY,28
AINYKGGSTY,28
AISPNGYETY,28
AIYPYGNYTY,28
AIRCNGDYTY,28
AISPFGSATY,28
AISEYGRFTY,28
AITPFGERTY,28
AITPFGNYTY,28
AISPAGDHTY,28
AISPFGTNTY,28
AIAPFGRSTY,28
AISPGGGVTY,28
AISPYGTWTY,28
AISPSGTYTY,28
AISPFGIQTY,27
AISPFGEKTY,27
AISPSGGYTY,27
AIRWNGVETS,27
AISYNGGSTY,27
AISPFGTSTY,27
AILPNGSQTY,27
AITPYGEYTY,27
AIAPFGLTTY,27
AIFYKGGSTY,27
AIAPFGGRTY,27
AISPYGKFTY,27
AISPFGDATY,27
AISEYGGRTY,27
AISPYGNWTY,27
AIGPYGLYTY,27
AIAPYGNYTY,27
AITPFGDYTY,26
AISPFGLQTY,26
AIFPYGQLTY,26
AITPFGAYTY,26
AINPFGDRTY,26
AISPYGGSTY,26
AISPLGNWTY,26
AIRLSGNWTY,26
AISPFGLATY,26
AISPFGQTTY,26
AIAPFGRQTY,26
AIRHRGGQTY,26
AISPNGKYTY,26
AIDPYGAYTY,26
AISPFGNKTY,26
AIDSYGNYTY,26
AIRWNDVSTY,26
AIAPFGRTTY,26
AIRAFGGRTY,26
AIYPYGGYTH,25
TIRWNGDETY,25
AIAPFGKSTY,25
AISPTGYYTY,25
AISPYGHRTY,25
AIAPFGRKTY,25
AISPLGRYTY,25
AISPWGFKTY,25
AIRWNCDETY,25
AISPFGNETY,25
AIVMRGGSTY,25
AIGPFGWSTY,25
AIGPFGYETY,25
AISPWGLGTY,25
AISPYGTFTY,25
AILPYGDWTY,25
AIFPYGDYTY,25
AISYDGKYTY,25
AIDEYGDFTY,25
AIRPFGWDTY,25
AISPSGYLTY,25
AISPNGGSTY,25
AISPSGLSTY,25
AIAYAGGSTY,25
AIYPYGGYTY,25
AISPWGYRTY,25
AISMRGGSTY,25
AISPYGGITY,25
AISPFGDGTY,25
AISPFGQATY,25
AISPFGIRTY,25
AIRPIGSYTY,25
AIRPFGNYTY,25
AISPFGANTY,24
AISPLGTYTY,24
AISPEGARTY,24
AISDYGELTY,24
AISPNGEYTY,24
AISPIGGKTY,24
AIGPFGNITY,24
AISPLGGWTY,24
AISPFGHQTY,24
AISPFGWNTY,24
AISPYGNKTY,24
AITPYGHSTY,24
AIRPFGYETY,24
AISPSGNLTY,24
AISPYGARTY,24
AISPFGHWTY,24
AIRWNGVQTY,24
AISPFGWSTY,24
AISEYGQYTY,24
AILPYGTYTY,24
AISNRGDWTY,24
AIGSFGGNTY,24
AISSFGDVTY,23
AIEFRGGNTY,23
AISPFGSGTY,23
AISPYGTITY,23
AIGWDDEYTY,23
AIDYAGTETY,23
AISPNGLYTY,23
AIQMRGGSTY,23
AISPFGNGTY,23
AISDNGNYTY,23
AISPLGNRTY,23
AMRWNGVSTY,23
AISPFGVHTY,23
AISPSGFDTY,23
AITPFGEYTY,23
AISPGGTGTY,23
AIQYKGGSTY,23
AIRFSGAYTY,23
AITEYGNYTY,23
AISPGGLETY,23
AISPLGDSTY,23
AISPRGGWTY,23
AISPRGQLTY,23
AISPNGNITY,23
AIGPFGGGTY,23
AIAPFGNLTY,23
AIGPFGHTTY,23
AISPDGHYTY,23
AITPFGRETY,23
AILWNGDYTY,22
AISNNGSSTY,22
AITPNGDYTY,22
AIAYKGGSTY,22
AISDYGLYTY,22
AISPYGHFTY,22
AIDVYGKYTY,22
AISPNGTTTY,22
AIRMNGGSTY,22
AILPYGDITY,22
AILPYGAYTY,22
AISPWGDYTY,22
AISPLGDATY,22
AIGPLGYSTY,22
AISPFGSITY,22
AISPFGIETY,22
AIAPFGSWTY,22
AISPWGGKTY,22
AIGPFGSRTY,22
AINPYGEYTY,22
AISPAGDYTY,22
AIRPFGYNTY,22
AISGTGNRTY,22
AIAPNGNSTY,22
AIYPYGYYTY,22
AIDPYGSKTY,22
AITPIGYGTY,21
AIGDFGSYTY,21
AITPFGEFTY,21
AILWNGDETY,21
AISANGYTTY,21
AIAPFGYTTY,21
AIGPLGGRTY,21
AINSYGDYTY,21
AISPWGGFTY,21
AIAPFGQSTY,21
AISPYGNNTY,21
AISPQGGQTY,21
AIGPFGGTTY,21
AIRSFGTRTY,21
AIETFGGRTY,21
AIAPSGYKTY,21
AIAPFGGTTY,21
AISPYGDVTY,21
AISPFGTDTY,21
AISPYGESTY,21
AISPFGSVTY,21
AIHPYGGYTY,21
AISPNGLSTY,21
AIVPYGRYTY,21
AIAPYGAYTY,20
AIEMRGGSTY,20
AIDWDGEYTY,20
AIRPYGKYTY,20
AIDLYGNYTY,20
AIDWRGNFTY,20
AIRLNGDYTY,20
AISPIGNWTY,20
AIAPFGYDTY,20
AIIPFGGYTY,20
AIMYYGGSTY,20
AIGPFGSHTY,20
AIAPLGYYTY,20
AIHPYGEYTY,20
AITPGGEYTY,20
AIGPFGDRTY,20
AIGPFGEQTY,20
AIQPFGSNTY,20
AISEYGRRTY,20
AIRWNGVETF,20
AISDYGEWTY,20
AISPLGNYTY,20
AISPFGGVTY,20
AISPRGNITY,20
AITPFGYTTY,20
AIQWNGDETY,20
AISEFGWNTY,20
AISPGGGKTY,20
AINPFGGRTY,20
AIRMSGGSTY,20
AIAPFGGQTY,20
AISPNGQWTY,19
AITPFGYDTY,19
AIGPFGNFTY,19
AIGPFGEYTY,19
AMRWNGDETY,19
AIGARGDLTY,19
AIAPFGSNTY,19
AISPNGAYTY,19
AITPFGHKTY,19
AIKPDGSYTY,19
AIRILGLGTY,19
AIVYNGGSTY,19
AISPSGFSTY,19
AIGPYGGNTY,19
AISPFGKNTY,19
AIGPFGERTY,19
AISDYGKYTY,19
AISWRGKHTY,19
AISPFGRETY,19
AINPYGDFTY,19
AITPFGTITY,19
AISPYGNHTY,19
AISPNGQGTY,19
AISPRGHWTY,19
AILPYGSFTY,19
AINWNGSYTY,19
AISPYGQFTY,19
AISPNGESTY,19
AIAPDGDYTY,19
AIRPFGHYTY,19
AISPYGYNTY,19
AITPFGISTY,19
AIMPWGGSTY,19
AIRSFGRETY,19
AIGPFGRKTY,19
AISPRGHFTY,19
AIRWNGVSTH,19
AISPRGNRTY,19
AINPYGDSTY,18
AISPYGYKTY,18
AISPFGFETY,18
AIRPYGRYTY,18
AINWRGYRTY,18
AISPYGNITY,18
AIIPYGSYTY,18
AISPEGGWTY,18
AIAPWGRSTY,18
AISPSGSTTY,18
AISPSGSITY,18
AISPVGYDTY,18
AIDDYGGRTY,18
AISPTGLNTY,18
AINPYGRYTY,18
AISPYGWRTY,18
AISPNGHYTY,18
AIVYTGGSTY,18
AINYNGGSTY,18
AISPTGHQTY,18
AISPNGYDTY,18
AIFYYGGSTY,18
AIGPFGGRTY,18
AIRMGGGSTY,18
AIAPFGYETY,18
AIRWNGGETY,18
AILPYGSKTY,18
AITPYGQETY,18
AIAPFGYGTY,18
AIAPRGGYTY,18
AISPYGGQTY,18
AISEYGNFTY,18
AICMRGGSTY,18
AITEYGSYTY,17
AILPYGKKTY,17
AIRMIGGSTY,17
AIDPFGEYTY,17
AIYYVGGSTY,17
AIDTYGNYTY,17
AISNNGYRTY,17
AIYPYGNRTY,17
AIAPWGYRTY,17
AIEFRGGQTY,17
AIHPFGSGTY,17
AISPTGYNTY,17
AISPYGQTTY,17
AIDEYGDYTY,17
AIDSFGKYTY,17
AISPYGIRTY,17
AIYPYGSYTY,17
AISPDGKFTY,17
AIRFAGTETY,17
AISPIGEVTY,17
AIYPYGGQTY,17
AIEPYGYYTY,17
AITPFGSSTY,17
AISANGTTTY,17
AIAPNGIHTY,17
AIGPYGRTTY,17
AISPSGNYTY,17
AILPYGEFTY,17
AISPRGGYTY,17
AIAPFGYNTY,17
AIGWNGVETY,17
AISPFGRLTY,17
AITPLGLKTY,17
AIKYKGGSTY,17
AINEYGDYTY,17
AINSFGNSTY,17
AIRPLGGTTY,17
AIAPNGYRTY,17
AIYYYGGSTY,17
AISPLGGSTY,17
AIMFYGGSTY,17
AIGPFGEWTY,17
AINPYGSKTY,17
AISPFGTQTY,17
AINPFGNRTY,17
AILPYGGNTY,17
AISPAGYRTY,17
AIGPNGETTY,17
AISPFGNVTY,17
AITPFGNRTY,17
AISPAGNTTY,16
AISPYGDLTY,16
AITPFGSHTY,16
AISPFGRDTY,16
AINPFGNYTY,16
AISPSGTWTY,16
AIGPYGLRTY,16
AIVPYGHYTY,16
AITYTGGSTY,16
AIAPFGGKTY,16
AIFPDGRQTY,16
AISPWGYATY,16
AIRPFGSRTY,16
AISPGGYDTY,16
AIRCNGSATY,16
AISPNGTRTY,16
AISPFGTYTY,16
AINENGSHTY,16
AIDVYGYRTY,16
AISPVGGRTY,16
AIRPFGLGTY,16
AIAPFGRNTY,16
AILPNGGGTY,16
AIAPFGHGTY,16
AISPLGSITY,16
AIGWDCEYTY,16
AITPLGYKTY,16
AISPFGFRTY,16
AISPYGTTTY,16
AIDYRGGYTY,16
AISYLGGSTY,16
AIRPDGYETY,16
AISPNGYLTY,16
AIRMMGGSTY,16
AIRWNGMSTY,16
AISPFGFQTY,16
AIRPYGEYTY,16
AISPFGWKTY,16
AIDQYGRYTY,16
AISDNGNITY,16
AISPYGVRTY,16
AITPYGGLTY,16
AISSYGYRTY,16
AITPLGDNTY,16
AIRWNGVGTY,16
ATRWNGVETY,16
AIGPFGEVTY,16
AIVPYGDYTY,16
AISGYGDYTY,16
AISPIGQWTY,16
AILPYGNYTY,16
AIDPFGKNTY,15
AITPLGYYTY,15
AISPDGNNTY,15
AIRYLGGSTY,15
AIGPNGSYTY,15
VIRWNGVSTY,15
AIKPGGNQTY,15
AIVPYGNYTY,15
AISEYGEVTY,15
AIQWNGSLTY,15
AIDPYGDYTY,15
AISPWGTGTY,15
AIGPFGYTTY,15
AISPNGYGTY,15
AIAPRGNRTY,15
AIHPYGSYTY,15
AISASGARTY,15
ARRWNGVETY,15
AISPFGTATY,15
AISEWGYRTY,15
AISPGGLRTY,15
AISPRGNFTY,15
AILPYGYYTY,15
AISDYGAYTY,15
AICYSGGSTY,15
AIGPFGSFTY,15
AITPFGRYTY,15
AISPFGARTY,15
AISPFGVRTY,15
AISPSGKLTY,15
AIRSFGYRTY,15
AISPFGGKTY,15
AITPYGYRTY,15
AISPYGWNTY,15
AISPSGKKTY,15
AIQYYGGSTY,15
AISPYGAHTY,15
AIAPSGDKTY,15
AIIYLGGSTY,15
AITPFGGSTY,15
AISPFGWRTY,15
AIAPYGDWTY,15
AIDYKGGSTY,15
AISPWGDFTY,15
AIRSNGVETY,15
AIGPLGDITY,15
AISPSGDATY,15
AISPSGIKTY,15
AIGPYGGTTY,15
AVRWNGVETY,15
AISPFGQWTY,15
AIVPYGGYTY,15
AIGPFGGHTY,15
AIRPDGYSTY,15
AITPFGSETY,15
AIAPFGRYTY,15
AIKIDGKTTY,15
AISPYGDITY,15
AIFPYGRYTY,15
AISSTGGWTY,15
AISPFGKVTY,15
AISFYGGSTY,14
AIRAFGGGTY,14
AISPFGGPTY,14
AISPFGATTY,14
AILPFGSITY,14
AIDPFGENTY,14
AISSYGRRTY,14
AISPFGQSTY,14
AISEAGDHTY,14
AISPIGSLTY,14
AISPRGDTTY,14
AITPYGHYTY,14
AIDPFGERTY,14
AIDSFGGWTY,14
AISPYGSDTY,14
AIRYSGLHTY,14
AIAPSGSITY,14
AIAPGGKKTY,14
AISPRGQDTY,14
AISPRGDVTY,14
AISPDGYLTY,14
AISPYGYGTY,14
AISPSGFNTY,14
AIAPFGLKTY,14
AISPWGQYTY,14
AIYPDGHKTY,14
AIAPFGNNTY,14
AIAPFGDTTY,14
AIQYRGNYTY,14
AISPWGRHTY,14
AISDYGYRTY,14
AISPYGEFTY,14
AIEPFGGKTY,14
AINHRGDYTY,14
AISPFGVTTY,14
AIGPYGGYTY,14
AIIPFGDYTY,14
AILPYGANTY,14
AISDNGSYTY,14
AIFPNGKGTY,14
AISPDGQYTY,14
AIRWNCDYTY,14
AISPLGHYTY,14
AISPFGEQTY,14
AIAPFGLNTY,14
AIGLDGEYTY,14
AISPYGAETY,14
AIAPFGLHTY,14
AIGPYGSLTY,14
AIDPFGGPTY,13
AISSFGDTTY,13
AISPHGGYTY,13
AISPYGSITY,13
AISPFGGQTY,13
AIAPFGNHTY,13
AIKPYGSYTY,13
AISPFGSDTY,13
AITPFGYSTY,13
AINQYGRYTY,13
AISPLGYRTY,13
AISPDGNTTY,13
AIRWNGVPTY,13
AICWDGEYTY,13
AITPFGTYTY,13
AITPFGKSTY,13
AIGCDGEYTY,13
AIGPFGGLTY,13
AIAPFGGWTY,13
AINPYGGATY,13
AIRPFGANTY,13
AISEYGDFTY,13
AISPYGATTY,13
AITPFGYRTY,13
AIVFMGGSTY,13
AISEYGSFTY,13
AIRPFGDFTY,13
AIGPFGLGTY,13
AIAPWGSYTY,13
AISDYGFYTY,13
AIGYNGQLTY,13
AIRPFGSETY,13
AIGPSGNDTY,13
AIGPWGDYTY,13
AISPNGYITY,13
AILPYGESTY,13
AISEYGSTTY,13
AIAPFGHHTY,13
AISPLGQQTY,13
AIGPFGIETY,13
AISPRGEGTY,13
AITPFGYQTY,13
AISPDGLYTY,13
AILPYGRTTY,13
AIAPFGFRTY,13
AIDYWGGSTY,13
AISPTGRYTY,13
AIAPFGHWTY,13
TIGWDGGYTY,13
AIDPFGYYTY,13
AISPLGSQTY,13
AIAPFGWSTY,13
AISSYGSYTY,13
AIYYKGGSTY,13
AISPFGGGTY,13
AISPFGAQTY,13
AIGEFGYYTY,13
AITPFGEWTY,13
AIRPYGYYTY,13
AISPSGHDTY,13
AIIPYGNYTY,13
AINQYGRTTY,13
AILPYGDLTY,13
AILPYGKRTY,12
AICYNGGSTY,12
AISPIGGRTY,12
AIAPFGGDTY,12
AISPTGNRTY,12
AINWNGERTY,12
AISPGGYSTY,12
AISPGGNVTY,12
AIDEYGVSTY,12
AIGYKGGSTY,12
AISPFGITTY,12
AINTYGNYTY,12
AINYFGGSTY,12
AISPFGKFTY,12
AIRPDGYYTY,12
AISPTGKYTY,12
AIGPLGAITY,12
AIRWNGGATY,12
AISPFGHKTY,12
AISPYGHDTY,12
AITPFGSQTY,12
AIKPFGLGTY,12
AIGPFGLSTY,12
AIAPLGGYTY,12
AIGPYGDVTY,12
AISARGEWTY,12
AIDWDGGYTY,12
AISPFGDITY,12
AISPGGDITY,12
AISPDGNATY,12
AISPNGHITY,12
AIDPYGSETY,12
AIQEYGRYTY,12
AISPLGGGTY,12
AIYPYGGITY,12
AIRYAGYSTY,12
AIGPHGNNTY,12
AIYPYGGGTY,12
AIVFYGGSTY,12
AIRWNGDETH,12
AISPNGKFTY,12
AIGPFGYNTY,12
AIYPYGTYTY,12
AISASGGRTY,12
AIMYTGGSTY,12
AITPGGLGTY,12
AISPYGFDTY,12
AIFPYGNGTY,12
AIRYVGGYTY,12
AIGPFGRTTY,12
AIGFMGGSTY,12
AIYPYGDRTY,12
AITPSGKRTY,12
AITPSGKYTY,12
AISYRGGKTY,12
AISPSGNNTY,12
AIGPFGTRTY,12
AISPLGLSTY,12
AITPFGQFTY,12
AIRWNGVEAY,12
AIGPYGSSTY,12
AISPSGTRTY,12
AIRPFGGRTY,12
AIASRGDYTY,12
AISEAGYHTY,12
AIIFMGGSTY,12
AINPYGSNTY,12
AIVPFGDWTY,12
AISPFGFGTY,11
AISPYGGNTY,11
AIKPYGNYTY,11
AIAPFGIDTY,11
AISPRGEYTY,11
AIGPNGYYTY,11
AIRWRGGGTY,11
AISPGGKRTY,11
AITPYGAYTY,11
AINPYGQITY,11
AILPFGWETY,11
AIRPFGDSTY,11
AIRWNSDYTY,11
AISERGNYTY,11
AISPSGKRTY,11
AITPFGYKTY,11
AISPFGVETY,11
AISSRGDFTY,11
AITPFGGATY,11
AINHRGDSTY,11
AITPFGFKTY,11
AISPSGNFTY,11
AISPYGTQTY,11
AIQYSGGSTY,11
AISPRGDETY,11
AIGPFGAYTY,11
AIGPFGYYTY,11
AITPYGGDTY,11
AILWNGSATY,11
AIAPFGGSTY,11
AIAPWGNYTY,11
AILPDGSYTY,11
AIKPFGFSTY,11
AIRMRGGSTY,11
AIRPYGDYTY,11
AISPLGGHTY,11
AISPEGKYTY,11
AISPFGHRTY,11
AIEFRGGYTY,11
AIRWYGVSTY,11
AISPYGLKTY,11
AISPSGGSTY,11
AIGPFGFNTY,11
AITPFGSFTY,11
VIRWNGDETY,11
AISPSGHYTY,11
AILPYGHYTY,11
AIAPRGGFTY,11
AISPGGLDTY,11
AIHPYGGRTY,11
AISPFGIKTY,11
AIAPFGNTTY,11
AIMYSGGSTY,11
PIRWNGVETY,11
AIDFMGGSTY,11
AITEYGRYTY,11
AIRMAGGSTY,11
AIGPVGSYTY,11
AIGWDGCYTY,11
AIKYYGGSTY,11
AISPGGTYTY,11
AIRTFGYSTY,11
AIIPTGGRTY,11
AISPFGKITY,11
AIAPFGRFTY,11
AISGYGSYTY,11
AITPFGNSTY,11
AISPYGRLTY,11
AIGWDGGYSY,11
AISPDGYFTY,11
AISPRGDFTY,11
AITPDGYGTY,11
AITPFGFNTY,11
AISPGGAYTY,11
AIRPFGHSTY,11
AISSFGDNTY,11
AISDYGGYTY,10
AIVPFGKYTY,10
AIGPSGYNTY,10
AIRPFGFSTY,10
AIAPFGSATY,10
AISPTGYTTY,10
AINPTGYNTY,10
AISDYGYNTY,10
AIRPYGTYTY,10
AISSYGNYTY,10
AISPFGKDTY,10
AISPGGHWTY,10
AIADNGYRTY,10
AILPYGSITY,10
AILPPGGDTY,10
AISPGGQSTY,10
AIAYFGGSTY,10
AISPYGTNTY,10
AISPFGTETY,10
AISPNGFRTY,10
AIPYKGGSTY,10
AINPYGDRTY,10
AIYPLGEGTY,10
AIGPFGKRTY,10
AITPYGNFTY,10
AISPFGSETY,10
AIRMEGGSTY,10
AIRFSGYSTY,10
AIYPYGSATY,10
AITPFGSLTY,10
AISSYGQYTY,10
AIMYAGGSTY,10
AIGPFGDITY,10
AINTYGKYTY,10
AISPIGSRTY,10
AISPYGFSTY,10
AISPYGNTTY,10
AIRSFGGGTY,10
AIVYSGGSTY,10
AISSYGGYTY,10
AINDNGLKTY,10
AIGPEGNNTY,10
AIGPVGDKTY,10
AIRPWGNQTY,10
AILPYGSWTY,10
AIRYAGSFTY,10
AIRWNGLYTY,10
AIGPFGKHTY,10
AIAPFGTRTY,10
AITPFGSWTY,10
AIRPIGSSTY,10
AITPEGNYTY,10
AIGEYGRYTY,10
AISPQGNYTY,10
AISSYGNSTY,10
AIGPYGESTY,10
AITPNGSYTY,10
AISPYGHSTY,10
AIKPFGGDTY,10
AIRWNAVETY,10
AISPFGQITY,10
AITPFGESTY,10
AIDPFGSYTY,10
AISPSGRYTY,10
AIGPFGFETY,10
AIAPFGDSTY,10
AISNRGGITY,10
AILFMGGSTY,10
AIPWNGVETY,10
AITPFGHLTY,10
AIIFYGGSTY,10
AISPWGYSTY,10
AIIYTGGSTY,10
AIRYAGRYTY,9
AISTSGGRTY,9
AIAPFGTYTY,9
AIAPDGYFTY,9
AIHPYGGDTY,9
AIRPFGRSTY,9
AIKPNGAYTY,9
AISPYGRPTY,9
AMGWDGEYTY,9
AINPFGRSTY,9
AILPNGSATY,9
AISPYGSTTY,9
AIGPFGNVTY,9
AISPYGIGTY,9
AIAPFGSDTY,9
AIQWNGGLTY,9
AISPVGYRTY,9
AIVPFGGRTY,9
AILPYGKYTY,9
AIRMWGGYTY,9
AITPFGENTY,9
AIKPFGQYTY,9
AINPRGDFTY,9
AISPWGAYTY,9
AILPYGQYTY,9
AIAPFGHVTY,9
AISPGGHFTY,9
AIAPNGYLTY,9
AISPDGRKTY,9
AIGCDGGYTY,9
AITPFGAQTY,9
AIGPNGYDTY,9
AILYLGGSTY,9
AILPYGYRTY,9
AISWRGARTY,9
AIAPFGTSTY,9
AIRLDGFATY,9
AISPNGHWTY,9
AIAPSGHETY,9
AIRWNSDETY,9
AISPYGRFTY,9
AISPYGWPTY,9
AISPNGGWTY,9
AIAPFGSQTY,9
AISANGSYTY,9
AISPQGDNTY,9
AIIYAGGSTY,9
AISPHGSDTY,9
AIRPWGDQTY,9
AIAPRGARTY,9
AIDPFGTNTY,9
AIHPYGYYTY,9
AIAPEGNSTY,9
AISPLGRGTY,9
AIAFYGGSTY,9
AIRWNGCSTY,9
AISPNGFSTY,9
AIAPNGSRTY,9
AISPSGTSTY,9
AIRPNGYSTY,9
AITWNGYYTY,9
AISPYGSVTY,9
AINPYGGRTY,9
AISPIGGWTY,9
AILPYGDGTY,9
TIRWNGSATY,9
AISPYGDHTY,9
AIAPFGDQTY,9
AITPSGDRTY,9
AIVPRGGATY,9
AILPYGIATY,9
AIGPTGHGTY,9
AISPFGWETY,9
AITPYGQNTY,9
AIHPYGNYTY,9
AINYGGGYTY,9
AITFMGGSTY,9
AISPLGHATY,9
AIRMPGGSTY,9
AITPFGDRTY,9
AISPSGYGTY,9
AISPWGGNTY,9
AIVPRGDYTY,9
AISPFGVATY,9
AIGPFGFSTY,9
AISPYGAVTY,9
AISPYGRRTY,9
AISPYGGTTY,9
AIGPDGKFTY,9
AIRPFGKSTY,9
AITYNGGSTY,9
AISPGGDRTY,9
AIGPNGSLTY,9
AIFYVGGSTY,9
AIRWNGEETY,9
AISPYGVDTY,9
AISKSGGGTY,9
AIDWNGKYTY,9
AIEFMGGSTY,9
AIRWYGDETY,9
AIAPFGITTY,9
AINPTGYSTY,9
AIAPFGSTTY,9
AIAPFGNVTY,9
AISPLGDITY,9
AITPFGYNTY,9
AIAPYGQYTY,9
AISPLGYQTY,9
AIDDYGNYTY,9
AISPTGSNTY,9
AINDYGSYTY,9
AIAMRGGSTY,9
AIRPFGFNTY,9
AISEYGSLTY,9
AISEYGSRTY,9
AISPNGNWTY,9
AISPYGRTTY,9
AIGSYGNYTY,9
AITPFGYHTY,8
AIPYYGGSTY,8
AIFPYGEWTY,8
AIDSYGGYTY,8
AISPGGLGTY,8
AIGPGGWSTY,8
AIRWSGNHTY,8
AISEYGYFTY,8
AIHPYGYLTY,8
AILPYGGWTY,8
AIKPYGNFTY,8
AIAPLGWSTY,8
AINYAGDSTY,8
AIEFRGNITY,8
AIMYMGGSTH,8
AISPGGSYTY,8
AISYRGDVTY,8
AITPYGDFTY,8
AITPFGGGTY,8
AILPRGSRTY,8
AISTNGGVTY,8
AINYTGGSTY,8
AIRPAGYYTY,8
AIGPFGRFTY,8
AILPYGGFTY,8
AIRPDGYWTY,8
AITPFGDDTY,8
AISPYGQLTY,8
AISPFGIDTY,8
AISPWGEATY,8
AILPYGWNTY,8
AISPLGWRTY,8
AISWRGWHTY,8
AITPFGSNTY,8
AIDPYGRATY,8
AIYPYGKYTY,8
AIRWAGSSTY,8
AISPIGSYTY,8
AIRNKGNYTY,8
AIIPIGGRTY,8
AISEYGDVTY,8
AISPWGFGTY,8
AISPEGGATY,8
AIHWDGNTTY,8
AIAPNGWRTY,8
AIAPYGGTTY,8
AISTSGGVTY,8
AISDYGDGTY,8
AIHYKGGSTY,8
AINDYGSNTY,8
AITPFGNETY,8
AINWGGARTY,8
AIGPYGYSTY,8
AIYPYGEYTY,8
AIGPFGYQTY,8
AIGPQGGYTY,8
AISYRGDYTY,8
AIRMCGGSTY,8
AIGLRGNDTY,8
AIGWDGKYTY,8
AIGPGGGLTY,8
AIKLNGYYTY,8
AICMSGGSTY,8
AISDFGGYTY,8
AITPYGYNTY,8
AIRWRGYGTY,8
AITPFGLSTY,8
AIGPFGLTTY,8
AIRPIGGETY,8
AILFYGGSTY,8
AILPYGRKTY,8
AIGDYGSNTY,8
AIRPFGSSTY,8
AITPIGSTTY,8
AISTSGARTY,8
AISPYGLGTY,8
AISPYGKDTY,8
AIAPFGHFTY,8
AIVPSGNRTY,8
AIKLFGKYTY,8
AISPLGWQTY,8
AIGPGGSSTY,8
AIRPYGSWTY,8
AISPYGVQTY,8
AIHPYGDLTY,8
AIRWNGSVTY,8
AITPFGNWTY,8
AIMFWGGSTY,8
AIGPWGGYTY,8
TIKWNGYYTY,8
AIRNSGFYTY,8
AISPSGNDTY,8
AIGPFGISTY,8
AIVPFGNYTY,8
AIRMQGGSTY,8
AITPDGEYTY,8
AIAPFGHYTY,8
AITPLGKATY,8
AISDYGRSTY,8
AISPHGNYTY,8
AIGPLGGITY,8
AISPAGNVTY,8
AMRWNGDYTY,8
AIGPFGYHTY,8
AILYNGGSTY,8
AITPFGDFTY,8
AITPFGDSTY,8
AIEYKGGSTY,8
AISPAGNDTY,8
AIKPNGTDTY,8
AIIPFGGTTY,8
AILPYGFKTY,8
AIRFSGLSTY,8
AISPIGRLTY,8
AIQPFGKETY,8
AISDYGDTTY,8
AIADNGYETY,8
AIAPYGGITY,8
AILMRGGSTY,8
AIGWYGGYTY,8
AINTSGGVTY,8
AISSFGRDTY,8
AISDYGLGTY,8
AISPAGAHTY,8
AITPFGLDTY,8
AIVPRGGETY,8
AIKPYGGLTY,8
AILPYGDRTY,8
AISPIGKETY,8
AIAPFGKQTY,8
AISEFGRFTY,8
AISTSGGNTY,8
AISPYGYLTY,8
AIAPFGLDTY,7
AIRCNGSFTY,7
AINPYGDWTY,7
AIRPLGGWTY,7
AIFPYGDFTY,7
AIKPFGKLTY,7
AIRPFGDYTY,7
AIRWDGVSTY,7
AIGWDGGYTH,7
AICFMGGSTY,7
AIGYAGGSTY,7
AISPAGEGTY,7
AISPNGYFTY,7
AISPRGNYTY,7
AIAPRGYRTY,7
AISPVGSDTY,7
AISEYGVYTY,7
AIKWNCYYTY,7
AISPRGKQTY,7
AISPSGRLTY,7
AISDYGQRTY,7
AISPYGVTTY,7
AISPYGRKTY,7
AIGPYGRYTY,7
AITPFGQYTY,7
AISGAGGKTY,7
AIHYYGGSTY,7
AITPRGGQTY,7
AISPSGYRTY,7
AISPIGKGTY,7
AISPGGRYTY,7
AISTNGFRTY,7
AISHRGDRTY,7
AISPYGWETY,7
AIMFMGGSTY,7
AINPEGQNTY,7
AIGPLGNNTY,7
AISWRGNYTY,7
AISPKGYATY,7
AINPYGSRTY,7
AISPNGSGTY,7
AIRWSGVSTY,7
AIRWNGSTTY,7
AISPRGARTY,7
AIDPYGKNTY,7
AISPGGRQTY,7
AISEYGTLTY,7
AIGYSGGSTY,7
AISPIGSKTY,7
AIYPFGKYTY,7
AIYPYGSRTY,7
AIDAYGHYTY,7
AIDSFGGYTY,7
AIKPFGGHTY,7
AISNNGESTY,7
AIDPFGDYTY,7
AISPLGYATY,7
AITPFGHYTY,7
AISSTGGGTY,7
AITPFGQSTY,7
AIGLDGGYTY,7
AITPYGTYTY,7
AISYDGKTTY,7
AIVPRGDRTY,7
AISPFGEATY,7
AIAPFGIKTY,7
AIAPYGSHTY,7
AITPFGKITY,7
AITPFGSTTY,7
AITEYGDYTY,7
AITPFGQQTY,7
AISPSGGATY,7
AISGFGDYTY,7
AIEYSGGSTY,7
AISSYGSTTY,7
AIKPFGGYTY,7
AIMIWGGSTY,7
AIRGNGVETY,7
AITPTGGYTY,7
AIGPFGDFTY,7
AIHPYGYKTY,7
AIKPYGEYTY,7
AISPFGVGTY,7
AISPIGYRTY,7
AIRPFGHFTY,7
AILPYGEYTY,7
AIQWNGGSTY,7
AILPYGLNTY,7
AILPYGTTTY,7
AIRLNGSATY,7
AIGPWGASTY,7
AIQWNGSATY,7
AIRWTGVETY,7
AITPFGVETY,7
AILPNGYGTY,7
AITPSGDFTY,7
AILPYGYKTY,7
AINMLGGSTY,7
AISPWGSTTY,7
AIDPYGWYTY,7
AIRWIGVETY,7
AIRMKGGSTY,7
AISPGGYKTY,7
AINPYGGDTY,7
AIRPFGDVTY,7
AIGPLGGWTY,7
AIGPFGDKTY,7
AIAPFGKETY,7
AISPFGKTTY,7
AICWDGGYTY,7
AIAPYGSITY,7
AISFMGGSTY,7
AIAPFGKFTY,7
AILPYGSRTY,7
AISPFGHNTY,7
AISPFGEDTY,7
AIGPFGFQTY,7
AIGPFGHSTY,7
AIDPFGVNTY,7
AISPSGNRTY,7
AIGPTGLNTY,7
SIRWNGVSTY,7
AISPVGNSTY,7
AIQTYGKYTY,7
AISPVGRGTY,7
AIEPFGYNTY,7
AIVYLGGSTY,6
AIPYNGGSTY,6
AISPIGYGTY,6
AIGPYGDATY,6
AISNRGNRTY,6
AISSFGDSTY,6
AISEFGSYTY,6
AISPYGRSTY,6
AIRPAGYLTY,6
AISPVGGYTY,6
AISPFGHTTY,6
AIYPRGLGTY,6
AISPIGTVTY,6
AIDVYGNRTY,6
AIAPFGARTY,6
AIDPYGDFTY,6
AISPSGDRTY,6
AINSYGNYTY,6
AIGPFGHWTY,6
AISARGDWTY,6
AIAPYGSFTY,6
AILYFGGSTY,6
AIHPYGQDTY,6
AISSLGGYTY,6
AIGPFGHNTY,6
AIHPYGSDTY,6
AIKPNGRYTY,6
AISPRGYETY,6
AIQAYGNYTY,6
AICYYGGSTY,6
AIRLNGGSTY,6
AISPYGKKTY,6
AISPQGNNTY,6
VIRWNGDYTY,6
AIAPTGLQTY,6
AIFPYGDITY,6
AISPIGYKTY,6
AIAPKGYRTY,6
AIKLYGTRTY,6
AIGPFGEETY,6
AIRPLGRDTY,6
AISPFGHETY,6
AIWYLGGSTY,6
AIKIDGKVTY,6
AIGSYGVRTY,6
AINYSGGSTY,6
AIAPNGKYTY,6
AINPYGSFTY,6
AIGPFGLPTY,6
AIRPFGFRTY,6
AISYWGGSTY,6
AISPWGKYTY,6
AIRPYGGYTY,6
AIYPYGGFTY,6
AINPYGAYTY,6
AISPSGYNTY,6
AISGIGGKTY,6
AIAPFGINTY,6
AIEYVGGSTY,6
AISPYGQSTY,6
AINPYGDGTY,6
AIQPFGQYTY,6
AIDDYGEYTY,6
AIQWNGDYTY,6
AISGKGLATY,6
AIGPNGKATY,6
AISPAGQRTY,6
AISDYGTYTY,6
AITPLGSSTY,6
AIGPFGNNTY,6
AIKAFGSSTY,6
AINPGGYYTY,6
AIDWRGNYTY,6
AIDWGGRYTY,6
AIDVYGRYTY,6
AIGASGKYTY,6
AINFRGGYTY,6
AISEYGRTTY,6
AIRPFGEYTY,6
AIVPFGGLTY,6
AIGPSGYYTY,6
AIDVYGLYTY,6
AIGWGGEYTY,6
AIDVYGYYTY,6
AISPNGYKTY,6
AIEPYGSNTY,6
AISPLGTRTY,6
AIHPWGGRTY,6
AITPFGLTTY,6
AIGPFGKYTY,6
AISPGGSITY,6
AISPFGHDTY,6
AIDPFGGNTY,6
AIGTHGKGTY,6
AISMSGGSTY,6
AIRWNGGYTY,6
AIDWNGKTTY,6
AISPLGRKTY,6
AISPNGLGTY,6
AISPFGHGTY,6
AITPYGKVTY,6
AIAPYGHFTY,6
AITPYGQYTY,6
AIYPLGHGTY,6
AIAPFGRLTY,6
AIVPYGAYTY,6
AIFPYGSFTY,6
AISETGDYTY,6
AIRCNGLDTY,6
AITPGGFKTY,6
AITPTGSYTY,6
AISAPGYTTY,6
AIRWNGRYAY,6
AISPYGISTY,6
AITPYGNGTY,6
AIQPYGSKTY,6
AIAPYGAETY,6
AIRPFGQWTY,6
AIRWYGDYTY,6
AIKPFGDRTY,6
AIRWNGYATY,6
AINPYGNLTY,6
AISPYGHITY,6
AIAPIGYGTY,6
AIGPFGYSTY,6
AISPLGFNTY,6
AIGPYGGATY,6
AISPLGEYTY,6
AITPGGGVTY,6
AIRPFGKWTY,6
AMGWDGGYTY,6
AIQPYGSRTY,6
AISPLGRDTY,6
AISSYGEYTY,6
AISPSGYATY,6
AITPSGSGTY,6
AISEYGARTY,6
AISPWGSLTY,6
AIRPWGNDTY,6
AITFYGGSTY,6
AIRWNGNETY,6
AIAPLGETTY,6
AISPFGTLTY,6
AIYPYGIRTY,6
AIGRFGGYTY,6
AIDTFGGYTY,6
AITPFGTRTY,6
AIKPYGYYTY,6
AISPFGALTY,6
AIGPRGDGTY,6
AISYFGGSTY,6
AISPGGQGTY,6
AIGEYGLYTY,6
AIHPYGSWTY,6
AIHPYGDYTY,6
AITPFGYATY,6
AITPFGKYTY,6
AISEYGKFTY,6
AIAPYGYRTY,6
AIGPYGTYTY,6
AISPYGRHTY,6
AIKTSGSRTY,6
AIAPLGDYTY,6
AIGPYGKYTY,6
AIHPYGSLTY,6
AIWPYGDYTY,6
AIAPLGHSTY,6
AIQPFGDRTY,6
AIHPFGYGTY,6
AIAPNGNRTY,6
AIAPFGRETY,6
AIQPYGGYTY,6
AIQWNGLDTY,6
AIEPYGSYTY,6
AIGPFGSKTY,6
AISPNGSSTY,6
AINDAGYYTY,6
AIGSFGDYTY,6
AIPYWGGSTY,6
AIRWNGSATH,6
AIRPYGSYTY,6
AIAPFGWDTY,6
AIMMSGGSTY,6
AISARGNWTY,6
AIAPTGYYTY,6
AITPFGQRTY,6
AIGWDSEYTY,5
AILPWGSYTY,5
AILPYGGRTY,5
AISPYGYATY,5
AITDYGYYTY,5
AIYPYGSNTY,5
AIRPFGQETY,5
AIHPRGAYTY,5
AICYFGGSTY,5
AIGPTGYLTY,5
AILPRGGYTY,5
AIRWNCGSTY,5
AIYFMGGSTY,5
AISPGGAFTY,5
AIKPYGDYTY,5
AITPFGHRTY,5
AIGPFGKLTY,5
AIVPRGGRTY,5
AISPQGVQTY,5
AIKPYGDWTY,5
AIRPFGYSTY,5
AISPGGYQTY,5
AIAPFGKRTY,5
AIKTFGGYTY,5
AISPHGYKTY,5
AIFPFGNYTY,5
AIYPYGGDTY,5
AIGPFGWRTY,5
AIKYLGGSTY,5
AISGFGGNTY,5
AINPFGDTTY,5
AISPFGETTY,5
AIHGYGGRTY,5
AIYPYGEWTY,5
AISPLGTITY,5
AISGTGGRTY,5
AIGPRGARTY,5
AIEVNGGNTY,5
AIGWDCGYTY,5
AIAPYGLSTY,5
AIGPYGERTY,5
AIGPSGQWTY,5
AIVYYGGSTY,5
AILPYGRFTY,5
AIYPYGQYTY,5
AIRPWGYDTY,5
AIRPYGLRTY,5
AIKPYGRYTY,5
AIRPFGWGTY,5
AIRWNGVSIY,5
AISPIGQGTY,5
AIIPFGGSTY,5
AISPVGLGTY,5
AIDPYGQYTY,5
AIIPSGGHTY,5
AIVPYGEYTY,5
AIKMRGGSTY,5
AISPNGSRTY,5
AISPRGTYTY,5
AINPYGRDTY,5
AIAPNGRYTY,5
AIAYNGGSTY,5
AILPPGGQTY,5
AIRPFGSDTY,5
AIYPYGIDTY,5
AIRWNGVEPY,5
AILWNGGSTY,5
AISPSGHQTY,5
AIAPFGTTTY,5
AITPFGFRTY,5
AIGSFGDITY,5
AIKPFGYNTY,5
AITPYGSITY,5
AIVYAGGSTY,5
RYDGTVWKPI,5
AISPRGSGTY,5
AITPSGWSTY,5
AISPLGLGTY,5
AIKPFGSYTY,5
AISPWGGTTY,5
AINENGNHTY,5
AIRWNCSFTY,5
AIADYGNYTY,5
AISPRGYRTY,5
AIGFYGGSTY,5
AITPNGRYTY,5
AISDYGIDTY,5
AISPGGSSTY,5
AITPFGDATY,5
AINPYGYRTY,5
AISEYGSNTY,5
AIAPFGVRTY,5
AIAPFGGGTY,5
AISPIGAYTY,5
AISPHGSYTY,5
AINTYGRYTY,5
AISPIGLGTY,5
AINHRGDFTY,5
AITPFGYETY,5
AISPAGLRTY,5
AIRWDGDETY,5
AIRRNGDETY,5
SIKWNGYYTY,5
AISEFGSRTY,5
AITPYGIRTY,5
AIRFAGYETY,5
AIIMSGGSTY,5
AIGPFGSTTY,5
AITPKGRNTY,5
AISPLGKLTY,5
AISPGGYRTY,5
AIVPFGNRTY,5
AISHSGARTY,5
AISGYGRYTY,5
AITPLGYRTY,5
AISNYGRYTY,5
AIRPFGGYTY,5
AIGPGGGGTY,5
AIRWNGDYIY,5
AISPRGYNTY,5
AIAPKGYQTY,5
AIKCNGYYTY,5
AITPFGDKTY,5
AISDYGNGTY,5
AIAPNGSFTY,5
AISEFGEFTY,5
AISPYGRVTY,5
AIRYFGGRTY,5
AISPIGRRTY,5
AINYSGFQTY,5
AIRWKGVSTY,5
AIGPFGDVTY,5
AISSTGGSTY,5
AIRLNGSFTY,5
AISPYGYDTY,5
AIQPFGAGTY,5
AINPFGSATY,5
AITPYGDITY,5
AISPWGEYTY,5
AIRPNGKITY,5
AIGTYGKYTY,5
AIAPNGSLTY,5
AINPSGIKTY,5
AISDYGYLTY,5
AIQPFGNRTY,5
AIAPWGGTTY,5
AIYPYGSLTY,5
AITPYGRRTY,5
AISPGGFSTY,5
AISSRGGYTY,5
AIAPTGDYTY,5
AISPYGQNTY,5
AIYPFGYGTY,5
AISPLGYTTY,5
AINPFGRYTY,5
AIMYLGGSTY,5
AIPPYGLWTY,5
AIVPRGGLTY,5
AIRPFGYQTY,5
AITPNGYYTY,5
AIRSFGDGTY,5
AISGGGRETY,5
AIYPYGGWTY,5
AIAPSGLSTY,5
AITPYGDSTY,5
AINWNGRYTY,5
AILPYGDATY,5
AISPRGGLTY,5
AITPKGRYTY,5
AISPRGSYTY,5
AISPAGLDTY,5
AINSFGGRTY,5
AITPFGGVTY,5
AIGPRGYRTY,5
AITPEGYFTY,5
AIDPYGIYTY,5
AIYPYGDFTY,5
AITPYGNWTY,5
AIAPYGEFTY,5
AISPVGSITY,5
AIQPYGGLTY,5
AIEFRGDQTY,5
AITPQGSLTY,5
AISPLGRNTY,5
AIDPFGVYTY,5
AISEYGYNTY,5
AIAPFGQFTY,5
AIVWDGEYTY,5
AISPRGTSTY,5
AINPYGGLTY,5
AIRPQGAYTY,5
AISPFGRKTY,5
AISPGGNKTY,5
AISPIGKQTY,5
AISPFGNHTY,5
AISPYGQRTY,5
AISPWGSKTY,5
AITPFGARTY,5
AISPLGFSTY,5
AISPIGRNTY,5
AISPFGTRTY,5
AIDPYGNNTY,5
AIRWNGVVTY,5
AIRPRGGNTY,5
AITPYGRGTY,5
AIDYVGGSTY,5
AIRWNGDEIY,5
AISPYGWTTY,5
AIAPLGISTY,5
AISPWGDGTY,5
AILPYGRLTY,5
AISPYGDPTY,5
AINEYGIYTY,5
AINWRGNYTY,5
AISDYGDDTY,5
AITPFGSGTY,5
AIEEYGRYTY,4
AIRPFGTYTY,4
AIRPYGSFTY,4
AINDFGYRTY,4
AINYSGSQTY,4
AIGPYGKHTY,4
AISPLGYETY,4
AIRPFGKYTY,4
AISPAGSWTY,4
AIIPFGYKTY,4
AIRLFGASTY,4
AISPFGFHTY,4
AIAPFGIATY,4
AITPTGRYTY,4
AIAPWGFRTY,4
AILPFGYRTY,4
AIYPYGKGTY,4
AIGPFGYKTY,4
AIGPLGINTY,4
AINMSGGSTY,4
AIRWIGSSTY,4
AISPWGTYTY,4
AISPAGSYTY,4
AITPFGEHTY,4
AIAPFGWKTY,4
AISGAGIKTY,4
AIQSYGNYTY,4
AITPFGLGTY,4
AIRWYGVDTY,4
AIGPWGNSTY,4
AINPYGQSTY,4
AISPSGGNTY,4
AIGPYGWTTY,4
AITPQGGLTY,4
AIRPRGGSTY,4
AIADYGRYTY,4
AISPAGWSTY,4
AISEYGTGTY,4
AIRWNGGSTH,4
AIGRDGEYTY,4
AIHYVGGSTY,4
AIRWNVVSTY,4
AIVPFGSYTY,4
AIKPYGEFTY,4
AITDGGNYTY,4
AIAPFGQQTY,4
AISPNGRNTY,4
AISNYGDYTY,4
AIGPWGYNTY,4
AIGPFGLATY,4
AIGPFGRQTY,4
AIDPFGSNTY,4
VIRWNGSATY,4
ALRWNGVETY,4
AILYTGGSTY,4
AIRPFGNNTY,4
AIFPYGARTY,4
AITPFGEKTY,4
AIVPYGTETY,4
AIAPFGGFTY,4
AIKWGGVRTY,4
AISPIGYSTY,4
AINDYGDWTY,4
AIADYGYYTY,4
AITPYGNHTY,4
AITPFGSITY,4
AISPYGNDTY,4
AISPWGQRTY,4
EIRWNGVSTY,4
AIHTYGFRTY,4
AISPIGSNTY,4
AITDYGDNTY,4
AISDYGQYTY,4
AIGWDGNYTY,4
AIGEYGNYTY,4
AIRPIGRETY,4
AIAPIGYSTY,4
AIAPWGQYTY,4
AIRYSGLTTY,4
AIQYSGQYTY,4
AINPYGLYTY,4
AISPNGSTTY,4
AIRPYGSHTY,4
AIRCNGGSTY,4
AIDTYGRYTY,4
AITPFGFSTY,4
AIRRNGDYTY,4
AIAPWGRTTY,4
AINPFGDYTY,4
AIAPYGLYTY,4
AIVPFGGYTY,4
AIRPYGYNTY,4
AISPFGVQTY,4
AIYPLGYGTY,4
AISPVGLKTY,4
EIRWNGDETY,4
AILYCGGSTY,4
AISHGGGYTY,4
AIKPFGYTTY,4
AIAPTGYATY,4
AISPFGHITY,4
AISNRGEWTY,4
AIVPFGARTY,4
AIDPYGQVTY,4
AINPDGQNTY,4
AISPWGRTTY,4
AIVMSGGSTY,4
AISPSGWSTY,4
AIEPYGDSTY,4
AISPYGRITY,4
AIDPYGRKTY,4
TIRWNGLDTY,4
AINPGGWGTY,4
AISERGAYTY,4
AIGPFGQNTY,4
AIKPHGSDTY,4
AISSFGRRTY,4
AIYPYGDNTY,4
AISPSGGGTY,4
AIEYAGGSTY,4
AIVPYGYYTY,4
AIRPRGGDTY,4
AILFWGGSTY,4
AIGDNGYYTY,4
AITDGGYYTY,4
AISNLGGYTY,4
AIRRNGVSTY,4
AISYRGHYTY,4
AIKWNGYYTH,4
AITPSGAFTY,4
AINSYGSYTY,4
AIVPFGDYTY,4
AISEYGDRTY,4
AIIPWGGSTY,4
AIVPKGGHTY,4
AIYPLGDGTY,4
AIRPTGLYTY,4
AISPFGTTTY,4
AIMYCGGSTY,4
AIVPRGGGTY,4
AIGPLGYKTY,4
AILPYGYHTY,4
AIVPYGSYTY,4
AISPFGHFTY,4
AISEFGSWTY,4
AISPLGGTTY,4
AIYPYGNNTY,4
AILPYGDFTY,4
AIKYSGGSTY,4
AIRSSGYETY,4
AITPRGNYTY,4
AIADYGQYTY,4
AITPFGFTTY,4
AIGPFGNHTY,4
AIYPYGFGTY,4
AISGRGDYTY,4
AISPFGHHTY,4
AINPYGVNTY,4
AISPLGKSTY,4
AISEYGSITY,4
AIAPFGWRTY,4
AIAEYGYYTY,4
AINPFGHKTY,4
AIDPYGELTY,4
AIRWNGDYTH,4
AIKPLGYYTY,4
AISPLGKHTY,4
AISPIGYDTY,4
AISGHGLATY,4
AIGPFGRYTY,4
AIPPYGLDTY,4
AILPYGSSTY,4
AIDEYGYYTY,4
AISPRGRTTY,4
AILPSGGETY,4
AINEYGYRTY,4
AISPAGYHTY,4
AIRPSGDWTY,4
AISEYGYKTY,4
AISPIGEATY,4
AISNSGGATY,4
AITPFGVSTY,4
AISDYGIYTY,4
AISPNGDETY,4
AMRWNGSATY,4
AIAPFGWNTY,4
AITPLGNYTY,4
AIGTYGDYTY,4
AILPYGSNTY,4
AISYRGSKTY,4
AIAPDGYNTY,4
AIAPLGYSTY,4
AIVPFGSNTY,4
AIRWNCSATY,4
AILWNGSFTY,4
AIRPNGNGTY,4
AIKPPGSYTY,4
AITPFGSATY,4
AINPFGDFTY,4
AILPIGSQTY,4
AILYSGGSTY,4
AIDTYGLYTY,4
AISDTGSYTY,4
AITPFGLHTY,4
AITPFGHSTY,4
AIYPNGSYTY,4
AITPFGAGTY,4
AINNGGGLTY,4
AISPYGKVTY,4
AILPYGAKTY,4
AIKWYGYYTY,4
AIRWYGGSTY,4
AIQNSGGHTY,4
AIRWNDDYTY,4
AIRWYGSATY,4
AIRWNGVSTN,4
AIEPFGSRTY,4
AIAPFGLQTY,4
AIGPSGRTTY,4
AIDPFGYRTY,4
AISPYGKTTY,4
AISPYGSNTY,4
AIAPYGNRTY,4
AISPYGLNTY,4
AIAPKGLSTY,4
AIRWNGSETY,4
AIGYYGGSTY,4
AITPDGYKTY,4
AITPVGKGTY,4
AISKSGGYTY,4
AISDIGKQTY,4
AIAPRGDYTY,4
AIQPFGHSTY,4
AISEYGDWTY,4
AISPYGAFTY,4
AINENGSYTY,4
AIRWNCLDTY,4
AIGPFGIHTY,4
VIRWNGGSTY,4
AITPYGGSTY,4
AISPNGSWTY,4
AIKPFGLTTY,4
AIGPEGFNTY,4
TIRWNGDYTY,4
AIQPFGKDTY,4
AINMQGGSTY,4
AIVPYGTRTY,4
AIDPFGKYTY,4
AIDPFGTYTY,4
AIEPYGEYTY,4
AIRWNGASTY,4
AISPQGFSTY,4
AINPFGEDTY,3
AISPFGKGTY,3
AIAPWGDNTY,3
AIAKNGSYTY,3
AISDYGYVTY,3
AISPIGLSTY,3
AIMMAGGSTY,3
AITDYGQYTY,3
AILPYGISTY,3
AIAPRGRYTY,3
AIRPYGKITY,3
AITDYGQRTY,3
AIAPFGQGTY,3
AITPFGRLTY,3
AILPYGNLTY,3
AITPRGEGTY,3
AITPFGSRTY,3
AIAPFGNGTY,3
AISPLGWHTY,3
AIYPIGRSTY,3
AIRLNGNLTY,3
AINNGGGYTY,3
AITPFGIDTY,3
AINTYGSYTY,3
AIGGYGGYTY,3
AIKIAGGDTY,3
AIYPFGNGTY,3
AIVPSGGYTY,3
AISKSGGATY,3
AIGEYGQYTY,3
AIGPLGSITY,3
AIELRGGLTY,3
AIIPGGDRTY,3
AIRWNGRATY,3
AIRWNASATY,3
AINPYGDTTY,3
AISPWGNSTY,3
AIGWDGDYTY,3
AISYMGGYTY,3
AIQNSGGNTY,3
AIGSDGEYTY,3
AIRLNGLDTY,3
AIIPGGGRTY,3
ATRWNGVSTY,3
AIQFRGNETY,3
AITPFGASTY,3
AMSPYGYYTY,3
AISPIGKFTY,3
AIDPYGYRTY,3
AILYGGGSTY,3
AISPFGQVTY,3
AITPFGIETY,3
TIGWDGEYTY,3
AIAPFGETTY,3
AIGPFGLDTY,3
AISPGGNSTY,3
AILPFGDYTY,3
AISPLGNHTY,3
AINENGEHTY,3
AISNYGNYTY,3
AIKPYGKYTY,3
AIWPYGNYTY,3
AISPIGHNTY,3
AISDYGGNTY,3
AISPVGNLTY,3
AIHPLGWGTY,3
AITPVGGRTY,3
AIKWNGVETY,3
AIPFMGGSTY,3
AIYPLGIGTY,3
AIAPLGLNTY,3
AITDYGDYTY,3
AIDYAGGSTY,3
AIRPYGNYTY,3
AIAPYGRRTY,3
AIAPFGWETY,3
AITPFGKRTY,3
AISPRGDGTY,3
AIVPRGDWTY,3
AIHPYGSFTY,3
AINEYGGRTY,3
AIGLRGNETY,3
AILPYGLDTY,3
AIVPRGGVTY,3
AIGDYGTKTY,3
AISPWGLETY,3
AITPRGDHTY,3
AISPYGGDTY,3
AIRWNGESTY,3
AIRPNGSYTY,3
AIGWDGEYTH,3
AINPFGNWTY,3
AIAPFGDHTY,3
AIAFMGGSTY,3
AITPAGRSTY,3
AISPWGYDTY,3
AIADFGYRTY,3
AISPFGAGTY,3
AIKTFGGSTY,3
AIAEYGNTTY,3
AISPWGRYTY,3
AILPYGKTTY,3
AIYPYGNGTY,3
AITPFGADTY,3
AINPYGYATY,3
AISPRGQQTY,3
AIQGYGGSTY,3
AISPSGGRTY,3
AIRPNGYFTY,3
AIFPYGKFTY,3
AIQPYGNYTY,3
AIGPYGHTTY,3
AILPYGNWTY,3
AINPFGHWTY,3
AISPWGVSTY,3
AISPIGDFTY,3
AITPYGYATY,3
AIAPFGWHTY,3
AIGDYGQYTY,3
AIQPGGGRTY,3
AISPKGYHTY,3
AISPRGSWTY,3
AISWRGELTY,3
AIKPYGQYTY,3
AINTSGGNTY,3
AIRPYGDETY,3
AISEYGTFTY,3
AINPYGRPTY,3
AITPSGIETY,3
AIIPFGYNTY,3
AIQRRGGYTY,3
AITPGGYYTY,3
AIAPFGLGTY,3
AIRPGGQNTY,3
AISPYGKSTY,3
TISPYGSYTY,3
AISPNGYATY,3
AIGPFGNSTY,3
AISPFGTGTY,3
AISPHGSWTY,3
AIGAPGIGTY,3
AIGWDDGYTY,3
ALRWNGDYTY,3
AIGRFGGVTY,3
AILPSGGWTY,3
AITPFGTSTY,3
AIAPIGKETY,3
AISPFGVSTY,3
AITPVGKSTY,3
AIHPYGAYTY,3
SINWNGKYTY,3
AIGYNGGSTY,3
AINPYGHLTY,3
AINPYGSDTY,3
AITPYGGFTY,3
AIAMWGGRTY,3
AINPFGGNTY,3
AITDYGYNTY,3
AIGEFGDYTY,3
AIGWDGEYAY,3
AITPFGETTY,3
AINPYGSWTY,3
AIGPSGLNTY,3
AIKPYGTFTY,3
AIRSFGFRTY,3
AINPYGYDTY,3
AISPVGFDTY,3
AIAPTGYSTY,3
AISPLGKTTY,3
AISPFGTKTY,3
AIGDYGDYTY,3
AITPRGGYTY,3
AISPKGYSTY,3
AISPIGRYTY,3
AIDYFGGSTY,3
AISPIGKYTY,3
AILPFGVQTY,3
AITPRGRNTY,3
AILPYGKQTY,3
AIADYGSYTY,3
AITPLGSRTY,3
AITPFGKFTY,3
AIRPFGLSTY,3
AIKPFGSNTY,3
AINPFGRHTY,3
AIRWNGPDTY,3
AIGPWGKYTY,3
AINEYGKYTY,3
AILPYGIRTY,3
AITPWGISTY,3
AIKDYGSRTY,3
AILPYGNTTY,3
AISPKGHYTY,3
AISPIGSGTY,3
AIRPIGGNTY,3
AIRMLGGSTY,3
AIKPFGNHTY,3
AISPFGHATY,3
AISPYGEDTY,3
AIGKAGHYTY,3
AISPFGWGTY,3
AISQDGIRTY,3
AITPTGYNTY,3
AIDPWGLLTY,3
AINYRGEYTY,3
AISPLGSLTY,3
AIRSFGGWTY,3
AISNRGGRTY,3
AIRSFGNSTY,3
AISPYGIKTY,3
AIRPYGEWTY,3
AISKSGNYTY,3
AIDPFGAYTY,3
AIRWNGVSTD,3
AIFPYGRRTY,3
AIGPYGEATY,3
AIQWNGSFTY,3
SIRWNGDYTY,3
AIRLNGSSTY,3
AIHPDGDYTY,3
AITPFGNNTY,3
AITPFGRITY,3
AIRWNGMDTY,3
AINPWGYNTY,3
AIAPWGDRTY,3
AIGEYGSYTY,3
AIQPFGYRTY,3
AIRPYGIRTY,3
TIRWNGGSTY,3
AIRSNGDETY,3
AIYPYGKNTY,3
AIRWHGVSTY,3
AISPAGSGTY,3
AIIPYGRYTY,3
AINDYGTHTY,3
AIRLFGKYTY,3
AITEYGHNTY,3
AITPFGKLTY,3
AITPFGYGTY,3
AIAPFGLETY,3
AIAPLGQYTY,3
AIAPFGVQTY,3
AIIYFGGSTY,3
AIPPYGRYTY,3
AIRPNGYRTY,3
AISNYGAYTY,3
AISEFGRHTY,3
AIEPFGWRTY,3
AIAPNGRRTY,3
AIDIYGSYTY,3
AISPLGKQTY,3
AISGGGRSTY,3
AIRWSCNQTY,3
AIGPFGTETY,3
AILPDGSATY,3
AIAPFGRHTY,3
AIVYVGDSTY,3
AIGPLGNETY,3
AIHGYGSYTY,3
AISPTGLYTY,3
AITPLGGLTY,3
AIKGYGYYTY,3
AITPSGSRTY,3
AIYPLGFGTY,3
AISPFGYLTY,3
AISPFGMSTY,3
AIYPFGGGTY,3
AISPFGQQTY,3
AIRPFGPETY,3
AIGDYGYKTY,3
AIKPFGQGTY,3
AIGPYGNNTY,3
AIRLMGGSTY,3
AIFPYGLRTY,3
AIKWNDYYTY,3
AISSFGRYTY,3
AIVPWGGHTY,3
AISNYGGYTY,3
AITPFGLATY,3
AIVWDGGYTY,3
AISEYGHYTY,3
AISKYGKTTY,3
AISPRGYATY,3
AIGSFGDVTY,3
AILPDGHYTY,3
AIDWNGFYTY,3
AISPGGRKTY,3
AIRPFGAHTY,3
AIGWDGAYTY,3
AIYPYGGRTY,3
AIRWNGSFTS,3
AIVPYGKSTY,3
AIGEYGDYTY,3
AISDFGLYTY,3
AILPFGKYTY,3
AINPFGYKTY,3
AITPYGGHTY,3
AISYRGGTTY,3
AISPNGVYTY,3
AIKPSGRSTY,3
AIAPYGNSTY,3
AIQNSGFNTY,3
AIRWNGLDTH,3
AIGWGGGYTY,3
AIVYFGGSTY,3
AIRWSDNQTY,3
AITPFGIKTY,3
AIGPLGGYTY,3
AIKTYGDVTY,3
AISPVGFSTY,3
AIAPYGLQTY,3
AIKPYGRKTY,3
AITPFGHNTY,3
AIRWNGVSNY,3
AISPYGDYTH,3
AIAPFGVTTY,3
AIFPYGYTTY,3
AITPYGGITY,3
AIGPFGTYTY,3
AIYPLGGGTY,3
AINSFGRRTY,2
AIHPYGKYTY,2
AISPLGKYTY,2
AILPYGRRTY,2
AISPIGYNTY,2
AICFYGGSTY,2
AISHRGGWTY,2
AILPYGNFTY,2
AIKPNGVDTY,2
AIKTLGGQTY,2
AINDYGFYTY,2
AISPAGYGTY,2
AIGWNGGYTY,2
AITPFGRNTY,2
AIGPYGHYTY,2
AINPYGHYTY,2
AISPFGTWTY,2
AINPRGGQTY,2
AIRRYGVSTY,2
AINPFGSDTY,2
AIVMWGGSTH,2
AIEPFGFDTY,2
AIAPNGYKTY,2
AIRWHGVENY,2
AIIPYGWNTY,2
AISPIGKRTY,2
AISPRGATTY,2
AISPIGSHTY,2
AITYWGGSTY,2
AISPFGLCTY,2
AIYPYGGTTY,2
AIAYTGGSTY,2
AITPIGWKTY,2
VIGWDGEYTY,2
AIRPIGRYTY,2
AIGPFGQYTY,2
AITPYGQSTY,2
AIMYWGGSTY,2
AINPYGIATY,2
AIRTYGDYTY,2
TIIMWGGSTY,2
AITPLGYHTY,2
AIAPYGTYTY,2
AIRWYGVATY,2
AIVPLGGRTY,2
AIAMWGCSTY,2
AIFPFGNGTY,2
AIGPFGRITY,2
GIAPFGLHTY,2
AIRPFGGSTY,2
AIKIFGFKTY,2
AIHPYGQYTY,2
AIQPFGSGTY,2
EISPRGDVTY,2
TITEYGYATY,2
AIRPKGYSTY,2
AITPVGSYTY,2
AISPAGLNTY,2
AIRWNGEYTY,2
AISPYGLHTY,2
AIAYCGGSTY,2
AIRLGGTNTY,2
AIVPYGKYTY,2
AITPFGFDTY,2
AIARWGYETY,2
AISDYGYWTY,2
AIRPFGSWTY,2
AIPFYGGSTY,2
AITPIGYSTY,2
AIRPNGVETY,2
AISHNGTSTY,2
AIAPFGGITY,2
AIAPFGHLTY,2
AISPRGGETY,2
AIGWDGGYTN,2
AINPYGGSTY,2
AIHPYGSRTY,2
AIRWNGNATY,2
AIRRNGSATY,2
AISPIGFGTY,2
AISPFARHTY,2
AIRPFGKFTY,2
AIDLYGNHTY,2
AIRPNGFYTY,2
TIRWNGRYTY,2
AIVPYGQYTY,2
AITPTGGNTY,2
EIRWNGDYTY,2
AISPRGADTY,2
AIRPNGYTTY,2
AIKYTGGSTY,2
AIAPPGLYTY,2
AIRPTGGRTY,2
AIGPIGYSTY,2
AISYRGNLTY,2
AISPAGRSTY,2
AIEPGGGRTY,2
AITPVGYRTY,2
AIGPFGRNTY,2
AISQWGGYTY,2
AIRWNGDSTY,2
AIDDYGSYTY,2
AIRWNGDCTY,2
AIRPFGSFTY,2
AISPIGRVTY,2
AIAPLGFQTY,2
AISPGGLGTF,2
AINPDGSGTY,2
AISPGGRQTH,2
AIRPYGVETY,2
AISPAGRDTY,2
AISSTGGPTY,2
AIRWNGNSTY,2
AITDIGYYTY,2
AIRPFGLTTY,2
AITPSGQFTY,2
AITPLGSYTY,2
AIRWNDGSTY,2
AINDYGSHTY,2
AIVPFGNLTY,2
AIRWNSSATY,2
AINPLGGRTY,2
AILPYGSTTY,2
AIEPYGSGTY,2
AITPGGGATY,2
AIKPYGNRTY,2
AISPFGADTY,2
SISPYGYYTY,2
AIQFMGGSTY,2
AIRSFGGRTY,2
AISPCGYRTY,2
AITPFGQNTY,2
AIGFYGGYTY,2
AIVPPGGYTY,2
AILPPGHQTY,2
AIRPFCLGTY,2
AINPRGGWTY,2
AISENGRYTY,2
AIRIYGSRTY,2
AINPFGNNTY,2
AIQNSGNYTY,2
AIRPYGQLTY,2
AISPLGSHTY,2
AILPDGRQTY,2
AIKIGGGYTY,2
AISQFGYSTY,2
AIVPTGGRTY,2
AIRWNGSSTH,2
AIGWDGGYIY,2
AIRLGGTYTY,2
AIRWHGSATY,2
AISPVGNDTY,2
AIAPAGYYTY,2
AISPLGNTTY,2
AIQMSGGSTY,2
VIRWSGNQTY,2
AIDPFGWNTY,2
AISPRGQETY,2
AISPFGTVTY,2
AIGPFGYRTY,2
AIGPLGSSTY,2
AINMWGDSTY,2
AIGNIGRKTY,2
AIHDYGSYTY,2
AIVPRGEYTY,2
AIRWKGSATY,2
AITDYGLNTY,2
AIYPYGSKTY,2
AILPFGDSTY,2
AITPYGTITY,2
AIRLNCVETY,2
VIGWDGGYTY,2
AINGYGDYTY,2
AITPWGLQTY,2
AIRWAGTETY,2
AIWYMGGSTY,2
AIGPSGSSTY,2
AIQPFGVDTY,2
AIGPKGDTTY,2
AISYRGADTY,2
AINDFGYYTY,2
AIQGYGHYTY,2
AILPFGLETY,2
AISPNGWRTY,2
AIRMWGSSTY,2
AISPYGYTTY,2
AIGWDGEYTF,2
AITPYGRSTY,2
AIHPYGARTY,2
AIVPYGGNTY,2
AIRLFGRHTY,2
AIKPFGSKTY,2
AISTRGNWTY,2
AISPFGEHTY,2
SIGWDGEYTY,2
AIKWNGIYTY,2
TISPYGDYTY,2
AIQPFGRGTY,2
AIFPYGYKTY,2
AIFYKGGYTY,2
AISPFGAITY,2
AISYRGNSTY,2
AIAPWGYHTY,2
AIRWNGDENY,2
AIYPYGSWTY,2
AIAPRGGWTY,2
AISNYGTYTY,2
AIAPFGSKTY,2
AIRWGGTGTY,2
AISQFGQNTY,2
AIGPFGTHTY,2
AIAPEGLSTY,2
AISPSGAFTY,2
AITEYGYATH,2
AISPNGGGTY,2
AIRPSGDRTY,2
AISQYGRYTY,2
AISSFGRNTY,2
AISPTGAYTY,2
AISEYGSWTY,2
AISQYGYYTY,2
AIEISGGRTY,2
AIYPIGFGTY,2
AIRPFGLDTY,2
AVRWNGDETY,2
AISDYGERTY,2
AIQPFGGDTY,2
AISGAGYKTY,2
AILPFGYSTY,2
AISPFGYHPY,2
AIHTYGDYTY,2
AISTFGSYTY,2
AIVPVGGHTY,2
AINPYGGWTY,2
AIRWAGKYTY,2
AISPDGNYTY,2
AITEYGHDTY,2
AIVPFGSWTY,2
AITPFGQWTY,2
AIYPYGRYTY,2
AITMRGGSTY,2
AIGGYGRYTY,2
AIYPYGDITY,2
AIKPYGVDTY,2
AIAPFGNITY,2
AIAPEGYFTY,2
AISSFGEYTY,2
AIAPLGTYTY,2
AIAPFGYATY,2
AIAPSGAKTY,2
AISPYCKYTY,2
AISPRGRYTY,2
AIRWSGDETY,2
AIKSFGGETY,2
TIRWNGSFTY,2
AITRFGGYTY,2
AISDYGQLTY,2
AIRCNGNYTY,2
AISPLGSSTY,2
AIYPYGSFTY,2
AIGPFGDLTY,2
AIAPFGKITY,2
AITEYGYVTY,2
AIWPFGLGTY,2
AITYFGGSTY,2
AIRLSGNFTY,2
AIGWDVEYTY,2
AIAPFGRATY,2
AIFPFGKFTY,2
AIRPDGEWTY,2
AIESRGGYTY,2
AITPLGKSTY,2
AIIPFGGWTY,2
AINCSGSRTY,2
AIRNGGSWTY,2
AIKPYGGYTY,2
AISPYGGFTY,2
AIKWNGYYAY,2
AIKLYGWRTY,2
AITPYSTITY,2
AICYLGGSTY,2
AKRWNGVETY,2
AIQPFGERTY,2
AIRWNGDETS,2
AISRSGKFTY,2
AIRPQGKRTY,2
AISQYGKYTY,2
AIRWDGYVTY,2
AIRCNGFYTY,2
AIRNGGGWTY,2
AITPYGRFTY,2
AIRWDGDYTY,2
AISQGGGRTY,2
AILPYGVKTY,2
AIHTYGKYTY,2
AIPPYGYYTY,2
AICPFGDHTY,2
AIRPWGSLTY,2
AIAPSGGSTY,2
AIKPSGESTY,2
AIRPSGKYTY,2
AIAPFGWGTY,2
AIDFRGGYTY,2
AISDYGNWTY,2
AIGPLGLSTY,2
AIKPYGYKTY,2
AITPSGLYTY,2
AIRWHGDETY,2
AISPNGRFTY,2
AIGPFGNCTY,2
AIGPNGYRTY,2
AITPFGTKTY,2
AIFMWGGSTY,2
AIAPFGSLTY,2
AITPFGWSTY,2
AINPFGVYTY,2
AILWNGLDTY,2
AIYPFGLRTY,2
AIRPNGIYTY,2
AIAPWGGYTY,2
AIRPWGLSTY,2
AIPYSGGSTY,2
AISPRGGFTY,2
AIAPIGKKTY,2
AIGWDGEYPY,2
AINPFGQNTY,2
AIEYRGGYTY,2
AIQGTGDYTY,2
AIRWSGLDTY,2
AILPYGNRTY,2
AIVYGGGSTY,2
AIYPYGLNTY,2
AIVPYGGPTY,2
AIGPFGNLTY,2
AISPYCNYTY,2
AIHPYGRRTY,2
AIRFMGGSTY,2
AIRWSGNPTY,2
AIGPVGSQTY,2
AIRPKGDRTY,2
AISPAGENTY,2
AIFPFGKGTY,2
AIKPYGTYTY,2
AISPWGSGTY,2
AIGWDGGHTY,2
AITPFGINTY,2
AITPFGAKTY,2
AISPLGFTTY,2
AIVPFGGDTY,2
EIGWDGGYTY,2
AIRPWGYKTY,2
AIRVYGSGTY,2
AIRPNGDRTY,2
AINPAGQNTY,2
AITEYCYATY,2
AIKWSGSRTY,2
AILPFGSFTY,2
AIPWNGVSTY,2
AIKDYGNRTY,2
AIRWNSGSTY,2
AIRWNGSATN,2
AIDAFGNYTY,2
AIEPYGSSTY,2
AIRPHGGSTY,2
AIAPRGTRTY,2
AIINSGHYTY,2
AISARGDLTY,2
AIRGNGDETY,2
AIRWSGNQTH,2
AIAPFGKNTY,2
AIRWNGIETY,2
AITPFGGRTY,2
AIGRFGGFTY,2
AIRWNGVLTY,2
AISNSGYNTY,2
AIRWNGDVTY,2
AIQWNGIYTY,2
AISPWGDNTY,2
AITPFGSKTY,2
AIGPYGDRTY,2
AISPVGNYTY,2
AIRPFGSYTY,2
AIRIWGGSTY,2
AIAPRGRETY,2
AIRWNGDETC,2
AITPRGGNTY,2
AITEYGYETY,2
AIRWNGSAAY,2
AILPVGWGTY,2
AIRPRGGFTY,2
AIKPFGKHTY,2
AIPYTGGSTY,2
AIAPYGKLTY,2
AIAPFGMSTY,2
AIAPFGNDTY,2
AINPAGQWTY,2
AISPNGTHTY,2
AIIPFGRNTY,2
AIAPFGDGTY,2
AIGPFGSVTY,2
AISGIGSKTY,2
AISPDGDYTY,2
AIRPYGLSTY,2
AITPYGGATY,2
AIYPYGIKTY,2
AISPWGYKTY,2
AIHPWGCRTY,2
AIFPYGSNTY,2
AIVPWGSHTY,2
AIKVYGRYTY,2
AIHGYGFRTY,2
AIDPYGCYTY,2
AISPLVGSTY,2
SIEYMGGSTY,2
AISPLGYKTY,2
AIFPYGSPTY,2
AIDPYGMYTY,2
AISPQGEQTY,2
AITPIGRATY,2
AIRPFGNSTY,2
AIHPYGWKTY,2
TINWNGKSTY,2
AIRPFGKNTY,2
AIKSFGNSTY,2
AISPLGINTY,2
AIGWDGGDTY,2
AIKAWGQYTY,2
AIGPSGRSTY,2
AISPFGQTTF,2
AISPLGRSTY,2
AIVYCGGSTY,2
AITPFGLNTY,2
AIHPLGSGTY,2
AILPFGLRTY,2
AIRWDGYETY,1
AISDYGYSTY,1
AITPIGFSTY,1
AINYYGGSTH,1
AIAPNGNGTY,1
AISWNGLVTY,1
AISPFGEGTY,1
AIIPGGGTTY,1
AIRPYGAATY,1
AIGPKGDYTY,1
AIRWNDSATY,1
AKAPYGYYTY,1
AINPFGRRTY,1
AIIPFGCTTY,1
AIALFGSSTY,1
AIYPYGYGTY,1
AISPIGHGTY,1
AISYKGDLTY,1
AITPYCAYTY,1
AIGPFGNLTF,1
AIGWAGEYTY,1
AIKPFGKFTY,1
AIRMNGGYTY,1
AISPDGNKTY,1
AIQPFGLYTY,1
AIRWSSNQTY,1
AISAYGQYTY,1
AISPSGTHTY,1
AILPFGHQTY,1
AISMWGDSTY,1
AISPFGVDTY,1
AIGPRGGGTY,1
AIRWNGCSTH,1
AIGQYGSYTY,1
AIKPFGGRTY,1
AMAPNGYRTY,1
AISPFCRYTY,1
AIRWYGVQTY,1
AISTYGYYTY,1
AISPYCGYTY,1
AIYQYGDYTY,1
AINPFGYRTY,1
VIGPFGDYTY,1
AISTYGDWTY,1
TIRWNGVETH,1
RERMIGGSTY,1
AIMYKGGYTY,1
AISDYGGSTY,1
AINPYGDDTY,1
AIRWNDDETY,1
AIRWNGGSTC,1
AIRARGEYTY,1
AINDYGQSTY,1
AIIYKGGSTH,1
AIRNSGYYTY,1
TISPFGSFTY,1
SIRWNGDETD,1
AIAMLGGSTY,1
AIAMWGRSTY,1
AISPYGYCTY,1
AMSPNGNYTY,1
AISPCGAYTY,1
TITPFGESTY,1
AIYPYGGSTY,1
AISPYGVYTY,1
AIDVYGQHTY,1
AISPHGSSTY,1
AISTYGTYTY,1
AIRWVGDNTY,1
AISPWGYNTY,1
AINPFGGDTY,1
AISRIGFGTY,1
AISPFCRITY,1
AISDPGYYTY,1
AIRSFGSFTY,1
AISPICKYTY,1
AISPYCQYTY,1
AISPSGSGTY,1
AISQYGTWTY,1
AISPIGSWTY,1
AMRWNVVETY,1
AINSFGDRTY,1
VISPFGYGTY,1
AISEYDDRTY,1
AIQYIGGSTY,1
AISPSGEETY,1
AIKPYGSHTY,1
ARRWNGVSTY,1
AISSYCSTTY,1
TISPTGYTTY,1
AIAPNGYSTY,1
AIGPFGKTTY,1
AISDYGKSTY,1
AIEPFGYITY,1
AISPNGDWTY,1
AIFPYGTYTY,1
AIGWDGGYAY,1
AILPYCYYTY,1
TINWNGKYTY,1
AIGPLGYGTY,1
AIAFWGGSTY,1
AIRLYGYKTY,1
AIRWFGVDTY,1
AISMWGGKTY,1
AIADYGRLTY,1
AITQFGHKTY,1
TISPFGGDTY,1
SILYMGGSTY,1
AIRPWGYRTY,1
AINPYGRYTH,1
AIRWNDSSTY,1
AIKPYGVKTY,1
AITPFGNPTY,1
AISSFGRGTY,1
AIVPNGKYTY,1
AIAPKGYSTY,1
AIKPYGYLTY,1
AISECGWGTY,1
AIGPYGATTY,1
AIAPLGRYTY,1
AISPGGGHTY,1
AITPGGGYTY,1
AIVPFGRYTY,1
AIGPRGACTY,1
AILPPCGDTY,1
AISPYVKYTY,1
AITPFGRSTY,1
AINPFGSYTY,1
AIRCNGIYTY,1
AISNSGHYTY,1
AISLWGFSTY,1
AISPHGRSTY,1
AIAWNGVETY,1
AINPYGLRTY,1
AIAPFGGETY,1
AISPFVYTTY,1
AISPPGYYTY,1
AISPDGYTTY,1
AITPYGCYTY,1
AISPFGCYTY,1
AIKPYGYSTY,1
AIGPYGIHTY,1
AIKPFGYRTY,1
AIVPFGYSTY,1
AIAPSGSKTY,1
VISPFGSNTY,1
VILPYGNRTY,1
TINPYGSYTY,1
AINPYGYSTY,1
RDSVVGGSTY,1
SIQWNGVETY,1
AIQYNGGSTY,1
AISMCGGSTY,1
AMSPFGGWTY,1
AISPYGLSTY,1
AISQGGYLTY,1
AIAPFGRITY,1
AISDYGLATY,1
AIKPNGSHTY,1
AIAPRGDHTY,1
AIRPRGQGTY,1
AIGPYGSRTY,1
AIYYAGTETY,1
AIGARGDFTY,1
AILPYGSATY,1
AINMRGGSTY,1
AIHPYGKETY,1
AITPYGSSTY,1
AITPVGRYTY,1
AITPWGHYTY,1
AINPFGGHTY,1
AINPFGSLTY,1
AIGPFGGNTY,1
AIAPAGAWTY,1
AISPFGLLTY,1
AIRTYGEYTY,1
AIQWNGVETH,1
ATQWNGVETY,1
AIDSYGYYTY,1
AISPLSNYTY,1
AIAYGGGSTY,1
AITPYGLRTY,1
AILMNGGSTY,1
AIRYAGYYAY,1
AIGPYGLSTY,1
AIRPLGFDTY,1
AIRWYGLDTY,1
AISPCGRYTY,1
AISDPGGYTY,1
AIQWSGNQTY,1
AIGPYGRYTH,1
AIAMWGVSTY,1
AISQDGSGTY,1
AIRPLGYYTY,1
AISPFGDSTN,1
AISPWGFSTY,1
RISPFGNYTY,1
ATGWDGEYTY,1
AIKAYGSRTY,1
AITTFGNFTY,1
AISLFGFNTY,1
AIHPFGGYTY,1
ALAPFGLSTY,1
AIGPFGYWTY,1
AIRWNGDETD,1
AITPYGSFTY,1
AILWNGVETH,1
AIRCAGDYTY,1
AILWDGYYTY,1
ARRWNGDYTY,1
AITEYGQWTY,1
AISPFGCKTY,1
PISPYGATTY,1
AISDYGRWTY,1
AILMWGCSTY,1
AIRPFGAITY,1
AIGPYGTYTH,1
AIGWDGEYTC,1
AINPGGNYTY,1
TINPYGRRTY,1
AISPGGLYTH,1
AISPFADYTY,1
AIRWNGEDTY,1
AISPRDDGTY,1
AIGQFGRSTY,1
AITPYGKYTH,1
AIRNIGNYTY,1
AISPLCNRTY,1
AILPNGSHTY,1
AIAPLGATTY,1
AISPFGKKTY,1
AITEYGRDTY,1
AITPQGYYTY,1
AIIYMGDSTY,1
AITPIGRITY,1
AIRWNCVSSY,1
AITYSSGSTY,1
AIAPWGGSTY,1
AIKPFGGFTY,1
AIAPAGYNTY,1
AITEYGDATY,1
AISTGGKYTY,1
AIALFGLSTY,1
AIRGNGVKTY,1
AISPYGSPTY,1
AIRGNGVSTY,1
VINPYGEYTY,1
RDKRFGELTY,1
AIEEFGSKTY,1
AIAPSGSYTY,1
AIVPRGTYTY,1
AIRIFGYRTY,1
AIRPSGRRTY,1
AMRWNGRYTY,1
AIKWIGYYTY,1
AIRSFGYDTY,1
VINWNGKSTY,1
AILSYGYYTY,1
AIDPWGGSTY,1
AISLYGNYTY,1
AITPFGHITY,1
AINNHGGLTY,1
AINPYGLKTY,1
AISPYGYFTY,1
VIRWNGSSTY,1
AITPYGLYTY,1
AIFPYGQYTY,1
AISPDCRYTY,1
AISPDGHETY,1
AIGYMGCSTY,1
AISPFCAYTY,1
RYIRMVKTPI,1
AIRPFGRYTY,1
AITPSGYDTY,1
AISPLGSTTY,1
AIGTGGGLTY,1
AISPLGSGTY,1
AINWNGDYTY,1
AISPAGNNTY,1
VIMYWGGSTY,1
TISPNGYNTY,1
TIRWNGMSTY,1
AIKPIGKETY,1
AIKPYGQWTY,1
AIKSFGGNTY,1
AINPGGSYTY,1
AISPYGCYTY,1
AIAPFGKTTY,1
VITPYGGSTY,1
AIQCMGGSTY,1
AICMLGGSTY,1
AISYMGGSTF,1
AIKPNGNQTY,1
AINWSGNRTY,1
AIGDYGRYTY,1
TISPYGHLTY,1
AIAPLGLSTY,1
AILPYGYNTY,1
AITTVGKSTY,1
AIGPYGGLTY,1
AISYRGSYTY,1
AISWDGEYTY,1
ARRLNGVETY,1
AIAPFGESTY,1
SIGPFGRSTY,1
AIAFYGESTY,1
AIIPYGYYTY,1
AIYPYGDKTY,1
AIRYNGVETY,1
AISLDGSGTY,1
AISPGGGATY,1
AINPFGQYTY,1
AIKRNGYYTY,1
AISPNGDHTY,1
AISPDGTDTY,1
AIAPYGGWTY,1
AISEYGERTY,1
AIRWHGDYTY,1
AIRWNGRYNY,1
AIKWHGYYTY,1
AITPNGNYTY,1
SIMMWGGSTY,1
AIRWHGDYNY,1
AIDTYGYPTY,1
AIGYHGGSTY,1
AISPWGGDTY,1
AIRWNGSNTY,1
AIRPDGSYTY,1
AITPYGLSTY,1
AIAYMGGSSY,1
AINPYGYHTY,1
AIRFVGYETY,1
AIRPSGWGTY,1
AIRWTGVSTY,1
AIQPYGRFTY,1
TISPYGYYTY,1
AIDYMGGSTF,1
AISQIGRLTY,1
AIRPNGKLTY,1
AIKPYGGVTY,1
AINRNGKSTY,1
AILTYGRYTY,1
AISPWGDFTN,1
VIVPSGNRTY,1
AINPFGRTTY,1
AISDYGSNTY,1
AIRCNCVETY,1
AIGEPGKFTY,1
AINPYGNNTY,1
AIVPLGGYTY,1
TISEFGGYTY,1
AISPYGEKIY,1
AIRPYGHYTY,1
AIDPYGWRTY,1
AITPFGIRTY,1
AIRYFGGHTY,1
AIGPYGKFTY,1
AILMLGGSTY,1
AITPFGHETY,1
AIDYAGGKTY,1
AIQPFGPRTY,1
AISERGNHTY,1
AISPFGFITY,1
AISPQGRETY,1
AISSRGYHTY,1
AXRWNGDETY,1
AIAPFGYTTD,1
AIRSFGNYTY,1
AIRPFGMETY,1
AIDMWGGYTY,1
AIAMCGGSTY,1
AISDYGSHTY,1
AIAPFGTLTY,1
AIRSRGQATY,1
AIGWNGEYTY,1
ATAFARHTYY,1
AVNWRGSRTY,1
AISPLGHHTY,1
AIQNSGQYTY,1
AIRCDGYATY,1
AIAPYGKFTY,1
AISPFGSYNY,1
AINPDGKVTY,1
AIKPHGSSTY,1
AISEYGYVTY,1
AISQYGEYTY,1
AIGSYGDYTY,1
AISPLGLKTY,1
AISPDGRQTY,1
AIRMSGCSTY,1
AIVYVGCSTY,1
AISQGGDHTY,1
AISPRGDRPY,1
AITMWGCSTY,1
AIHPYGYATY,1
AIRWNSFYTY,1
AISPFGGYSY,1
AISEYGYATN,1
SIGWDGGYTY,1
AISPWGAHTY,1
TIRPFGYRTY,1
AIDTYGGYTY,1
AITPFGESSY,1
AISEYGHSTY,1
AIMYMGGSAY,1
AIRPGGYYTY,1
AIKYAGGSTY,1
AINPDGKTTY,1
ATDPYGDFTY,1
AISPGGWHTY,1
AIRLNGLETY,1
TISPLGHATY,1
AISQFGNNTY,1
AIRANGEYTY,1
AIRWNGDQTY,1
AIRYGGGSTY,1
AIAPYGLTTY,1
AINPYCFKTY,1
AISPYGSRSY,1
AISPYGYYTD,1
AIALFGNLTY,1
AIRPLGGYTY,1
AIIPFGRYTY,1
VINPYGDYTY,1
AIKFYGGSTY,1
AIRWNSSFTY,1
AIQPSGGYTY,1
AIGPYGRHTY,1
AISPGGGCTY,1
AIEPFGFNTY,1
AINPYGLDTY,1
AITPFGGNTY,1
AISSYGNRTY,1
ARRWNGVATY,1
AMVYMGGSTY,1
AIQHRGDSTY,1
VIRWNGSFTY,1
AISEYGHFTY,1
AIFPLGSGTY,1
AIQLWGGSTY,1
AIKWNGYYIY,1
AIYPYGSGTY,1
AIKWKGYYTY,1
AINVWGGSTY,1
AIVPVGDYTY,1
AIQWNGMETY,1
AISPLGRRTY,1
AIHDYGNYTY,1
AIKPFGGWTY,1
AIRPGGYNTY,1
AIRWNGGSAY,1
AISPLGVYTY,1
AILPFGYGTY,1
AIGLFGLHTY,1
AIAPFGYSSY,1
AIVPRGQRTY,1
AINYNGYRTH,1
AIFPYGHYTY,1
VINPFGGYTY,1
AIAPTGNYTY,1
AISPYGRYIY,1
AIAPWGGNTY,1
AIRCNCVSTY,1
AISFYGGFTY,1
AIRWNGVSAY,1
AINPFGEKTY,1
AIRPDGYLTY,1
AISWEGSYTY,1
AITPYGDRTY,1
AIAIWGGSTY,1
AIAPGGRYTY,1
AIAPFGFKTY,1
AISPYGCRTY,1
AISPWGWRTY,1
AIKLFGKATY,1
ATSPYGHYTY,1
AIKPYGSFTY,1
AISTYGNVTY,1
AIGWDREYTY,1
AIQPCGSKTY,1
AIGPFCLATY,1
AINSYGNLTY,1
AIVPFGEYTY,1
AIVPFGDWIY,1
AIAPSGEYTY,1
TIRWNGHSTY,1
AIQPFGNYTY,1
AIRWADWNTY,1
TISSRGDFTY,1
AIKPFGISTY,1
AISPGGHFSY,1
AISPFGGRAY,1
AIRWNGDYNY,1
AILRYGVGTY,1
AIGYNGYRTY,1
AIAPFGQWTY,1
AIKAYGEATY,1
AILPRGGWTY,1
AISPYGTHTY,1
AIGPFGRHTY,1
AIDPFGTNSY,1
AISRFGRYTY,1
AISPYGQETY,1
AISDYCELTY,1
AIAPFGSRTY,1
TIDVYGNRTY,1
AIMYMGGYTY,1
AIRPYGYDTY,1
AIRWFGLETY,1
AIAPRGDRTY,1
AIKIDGYRTY,1
AILPYSDYTY,1
AIRGNGVDTY,1
RLSPFGLQTY,1
AIRWNDSFTY,1
AIMMRGDYTY,1
PIRWNGVSTY,1
AIRWYGFATY,1
AIETFGGSTY,1
AIQWNDSNTY,1
TIKIDGKTTY,1
TISPSGSRTY,1
AINENGELTY,1
RINDNGLKTY,1
AISPYGWKTY,1
AIRLNGDATY,1
AIADYGGYTY,1
AIGGFGARTY,1
AISMWSGSTY,1
AITPLGRLTY,1
AILPFGSYTY,1
AIKDYGARTY,1
AISYYGELTY,1
AINPFGSYTH,1
AIRWNGDPTY,1
AIRWNGVSPY,1
AIWPRGDGTY,1
AITPFGHHTY,1
AISPLGNNTY,1
EIAPFGYHTY,1
RDTAYGDLTY,1
AIDPYCYYTY,1
AISPWGNHTY,1
AITYMGGSTD,1
AISPWGHRTY,1
ALSPVGRDTY,1
AIVMWGCSTY,1
TISPYGYRTY,1
AISPFGEYTS,1
AIKWNGLHTY,1
AIAYAGCSTY,1
AIFPLGKGTY,1
AIMMLGGSTY,1
AIGPRGQYTY,1
AISPRGKLTY,1
AMSDYGDWTY,1
AIVPFGYRTY,1
AIRRNGSSTY,1
AIEPFGYLTY,1
VIAPFGTYTY,1
TISPWGGHTY,1
AIESFGYRTY,1
VIRWDGYYTY,1
AITPIGTSTY,1
AIRPSGGYTY,1
RYDGTVMKPI,1
AIRWDGLDTY,1
AIQWSGAYTY,1
AIIPYGGYTY,1
EIRWNGSSTY,1
AIGPGGEVTY,1
AIEYAGGSTH,1
AIRWNGDETN,1
AIKWNGVSTY,1
AISPYCSYTY,1
AIRLNGRYTY,1
VISPYGDYTY,1
AIRPYGESTY,1
AIGPFGGKTY,1
AIADYGRSTY,1
AIGQFGGNTY,1
AISPRGKNTY,1
AISTFGGLTY,1
AINCNGKSTY,1
AISPLGYNTY,1
AIMKWGGSTY,1
AISPYGERAY,1
TIRWNGSSTY,1
AIQLRGDFTY,1
AIKSFGRRTY,1
AIRWNGNYTH,1
AISPVGYSTY,1
AILPYGGLTY,1
AIGPNCETTY,1
GILPYGYYTY,1
AIRPLGDKTY,1
AISPFGQNTH,1
ALSPFGDKTY,1
AIRPLGYHTY,1
AISPYGTETY,1
TIVPYGTETY,1
AIIMWGGSTH,1
AIKWNGYDTY,1
AILWIGVETY,1
AINYTGYSTY,1
AIRAGGGFTY,1
AIYPFGFGTY,1
SISPWGDFTY,1
AITPYGRETY,1
AIAPYGRHTY,1
AIGPAGNDTY,1
AISPNGVWTY,1
AIRPSGLSTY,1
AISDIGKGTY,1
AINWSGSRSY,1
AISPNGAHTY,1
AINPFGTSTY,1
AIAMWGGYTY,1
AITPFCYKTY,1
AINWSGSGTY,1
AISPDGLTTY,1
AIRWNRVETY,1
AISPYGPYTY,1
AITPVGYSTY,1
AIGPYGSNTY,1
AIDPHGNYTY,1
AISPIGGVTY,1
AIKPYGNWTY,1
AISPLGQYTY,1
AISGNGSKTY,1
AISPFGVLTY,1
AIATYGDYTY,1
AMSPNGFYTY,1
AIYPYGRTTY,1
AISPEGYYTY,1
AIIPDGKTTY,1
AISPYVDYTY,1
AIQPFGNKTY,1
AIFYYGGYTY,1
AISPYGKLTY,1
AITPRGAYTY,1
AITPRGNLTY,1
AINPFGSNTY,1
VISPFGNQTY,1
AIKPYGVRTY,1
AISDYGTGTY,1
AINPDGSYTY,1
TISPNGRYTY,1
AIFPYGNYTY,1
AISTSGHYTY,1
AIRSYGVATY,1
AIAPFGHNTY,1
AITPEGLYTY,1
TINWNGGSTY,1
AISPYGSYTH,1
AIHPYGDYIY,1
AIFPYGYNTY,1
AIRWNCVESY,1
AISGFGDNTY,1
AILPRGGSTY,1
AIRWSGSATY,1
AIIPTGGLTY,1
AISPFGYRTN,1
AILCNGVETY,1
AIDQYGKYTY,1
AIGPFGHATY,1
AIKPAGYRTY,1
AICPFGRSTY,1
AIRPLGKYTY,1
AINPAGYRTY,1
AIYPYGDWTY,1
AISYVGCSTY,1
AIKWNCRYTY,1
AIRWNGSFTH,1
AIPWNGMSTY,1
AIKPFGAETY,1
AIRWNGGSTN,1
AITPFGFETY,1
AITPRGGRTY,1
VISPYGEITY,1
AIVMCGGSTY,1
AIGSDGGYTY,1
AISPYGIDTY,1
AIGQFGSRTY,1
AIYPYGYKTY,1
AISLFGQSTY,1
AIGPLGGSTY,1
AIAPWGSYAY,1
SIRWNGVKTY,1
AIRWSGNLTY,1
AIRMWGCSTY,1
AIDFIGGSTY,1
AIIPFGKSTY,1
AISEYGEYAY,1
AISPRGIETY,1
AIVPDGKYTY,1
RDEPFGYLTY,1
SINWNGGSTY,1
AISPGGGSTY,1
AISIPGYGTY,1
AISKYGYGTY,1
AIRPWGDYTY,1
AISPFGQYTH,1
AIGDFGHYTY,1
AIRWYGSFTY,1
AINWSGCRTY,1
AINPYGQYTY,1
AIRPHGRRTY,1
AIAPFGFCTY,1
AITPQGFGTY,1
AIDCDGEYTY,1
AIKTFGGNTY,1
AIGPVGSRTY,1
AIADYGAYTY,1
AIRWNGMKTY,1
AIRRYGLETY,1
AILYMGRSTY,1
AIREYGEYTY,1
AISEYGYCTY,1
AIRINGSYTY,1
AIQWNGSSTY,1
AIRWNGGSIY,1
AISPWGIHTY,1
AISPFSASTY,1
AITPRGQFTY,1
AIYYKVGSTY,1
SINYNGYRTY,1
AISPGGRRTY,1
AIYPYGNFTY,1
AIGPFGMHTY,1
AISPFGMKTY,1
AISEYGDSTY,1
AIQEYGDYTY,1
TISPYGGYTY,1
AQIMYGHYTY,1
ATRMWGGSTY,1
AIRCNGSYTY,1
TIRWNGFYTY,1
AISQYGAYTY,1
AISPGGSHTY,1
AISPGSLYTY,1
AIGWDGEHTY,1
AIRWNGSATC,1
AIVPRGGSTY,1
AIADYGHYTY,1
AIGSFGRSTY,1
AIRLSGNQTY,1
AIRTYGSYTY,1
AIGSFGNGTY,1
AISPFDGYTY,1
AIGEYGYGTY,1
AISEYGSKTY,1
AIGMWGGFTY,1
AISPFDNLTY,1
SITPYGYYTY,1
AISQNGRYTY,1
AISPFVSYTY,1
AIAPYGHQTY,1
AITEFGYATY,1
TIFPDGRTTY,1
AIRWCGNQTY,1
AIGPFGGWTY,1
AIRWYGLETY,1
AIKPDGKYTY,1
AISPSGTFTY,1
AIRWAGDYTH,1
AIRCNGYATY,1
AIVYKGCSTY,1
AILPNGGYTY,1
AIRWSGNKTY,1
AISPFGHYAY,1
AILPYGRATY,1
AIDPYGRRTY,1
AIKPYGDSTY,1
AISDTSSYTY,1
AISQFGGVTY,1
AIHLFGYGTY,1
AIGMWGRSTY,1
AIIMWGDSTY,1
AISPYGGYTF,1
AIYPFGHKTY,1
AIQPFGKRTY,1
AISPQGWRTY,1
AIRWDGFATD,1
AIMYCSGSTY,1
AITPYGFTTY,1
AIVPGGGYTY,1
AISPWGGSTY,1
AIRWNGKYTY,1
AIGWDGVYTY,1
AISPIGWRTY,1
AIRNRGDYTY,1
AIRLNGNYTY,1
AISWDGSHTY,1
AISPSGHHTY,1
AIRWNGDYTN,1
AIKWNGYNTY,1
AIAPFGKWTY,1
AINPYGGNTY,1
AIAQYGEYTY,1
TIFYMGGSTY,1
AISQWGSHTY,1
AISYQGGSTY,1
AIGWDGGYNY,1
SISPFGYQTY,1
AINPRGGHTY,1
AISPGGTFTY,1
AMDPYGSKTY,1
AISPPGNFTY,1
AIHDYGTYTY,1
AITPFGTHTY,1
AILPFGLSTY,1
AIRWNGCYTY,1
AISPWGNLTY,1
ARRWNGVDTY,1
AICYAGGSTY,1
AIRQFGLETY,1
AIRWYGEYTY,1
AISLGGGYTY,1
AISDKGKKTY,1
AITPYCYYTY,1
AILWNGSSTY,1
AIVPFGGKTY,1
AIAMWGGSTH,1
SIIMWGGSTY,1
AITDYGLSTY,1
AIGPYGEKTY,1
AILPYGSLTY,1
AISKFGNFTY,1
AISYRGNETY,1
AIRWNGDYAY,1
AIRWNSSYTY,1
EIRWNGHYTY,1
AIHPRGNKTY,1
AXGWDGEYTY,1
AIGPHGYYTY,1
AIKPFGSRTY,1
SILWNGVETY,1
AITPFGHGTY,1
AIKPYGRRTY,1
AIAYYGCSTY,1
AISQFGGYTY,1
AISPLGYGTY,1
AISYDCKYTY,1
AINWSGRRTY,1
ARRWHGVETY,1
AISDYGEITY,1
AIVPFGGHTY,1
AIEYYGVSTY,1
TISEYGDWTY,1
AISPDGFATY,1
AIKWDGSYTY,1
VISPFGWKTY,1
AISTRGSYTY,1
AIRLNGIYTY,1
AIAPYGHYTY,1
AMDPYGLYTY,1
AIRPNGYYTY,1
SIRWKGVETY,1
AIYPFGNYTY,1
AMGPFGSKTY,1
AISDYGGATY,1
AIDPFGRSTY,1
AISPFCIGTY,1
AIKPFGHTTY,1
AIRLFGAETY,1
AIMMWGGSIY,1
AILYAGDFTY,1
AISPFGYCTY,1
AISRRGKFTY,1
AIRWNGDKTY,1
AINWSGSRAY,1
AISPFCHYTY,1
AITPDGKYTY,1
AILPFGQYTY,1
AITPFGNHTY,1
ATSPYGYRTY,1
AIKVYGDRTY,1
AIRPSGGDTY,1
TISEYGYATY,1
AIAPFGDCTY,1
AIRPYGHHTY,1
AISPYGNYIY,1
AIKPFGYKTY,1
AISSFGSLTY,1
AIAPFGIHTY,1
AISNLGGYTF,1
AMRWNGLDTY,1
AIQNSGWSTY,1
TISPYGNLTY,1
AIGWNGVSTY,1
AISPCGDLTY,1
AISNRGGSTY,1
AISEAGYRTY,1
AISPSGCLTY,1
AIGPHGSSTY,1
AIAPWGRLTY,1
AIIYMGGSTH,1
AINFKGGSTY,1
AIRWNADYTY,1
VISPFGINTY,1
AIQWNGNYTY,1
AINYWGGSTY,1
AIRWNVDETY,1
SISYNGGSTY,1
RISPYGYYTY,1
AISPHGSKTY,1
AIVPFGIRTY,1
AIRLAGDYTY,1
AIRPYDYNTY,1
EIGWDGEYTY,1
AISEYGWGTH,1
AIYPYGYHTY,1
AIKSYGNLTY,1
AILWNGRYTY,1
AISLGGSWTY,1
AITPKGFKTY,1
AISPRGQHTY,1
AMRCNGVETY,1
AIRPGGAYTY,1
AIKLWGGSTY,1
AIRWNSLDTY,1
AIRYKGGLTY,1
AITQGGRSTY,1
PISPRGHFTY,1
AIDPFGGNTH,1
AISPGGGFTY,1
AIIYCGGSTY,1
AIGPFGDWAY,1
AIQCNGSFTY,1
AISSYDRYTY,1
AIRMWGGSTF,1
SISPSGSYTY,1
AIYPYGLPTY,1
AINDYGTRTY,1
AISSFGQITY,1
AIMLWGGSTY,1
AISPYGNLSY,1
AISLYGYYTY,1
AISEYCYYTY,1
VINYNGYRTY,1
AIRWDGGYTY,1
AIAPFGIYTY,1
AIAPNGYYTY,1
AIGPWGYDTY,1
AISEYGYSTH,1
AISLYGSKTY,1
AMRWNDVETY,1
AIRPYGVSTY,1
AICPKGYATY,1
AISPFGTHTY,1
AIAMWDGSTY,1
AIRCAGDNTY,1
AIRSYGDYTY,1
AINNVGGYTY,1
AIKWNGFYTY,1
AIRWNCIYTY,1
AIRPYGNFTY,1
AISPFGVNTY,1
AIKPWGNQTY,1
AISEYGYETY,1
TISPNGDYTY,1
RISPFGGTTY,1
EISPYGDYTY,1
AIQWNGRYTY,1
AIIMCGGSTY,1
AISPFCGRTY,1
SIRWNSDYTY,1
RVSPYGQYTY,1
AIIYMGGWTY,1
AIAYAGGSTH,1
AISPLGDYTY,1
AIAMAGGSTY,1
RDTLKGGSTY,1
RITPFGSHTY,1
AIDASGKYTY,1
AIRLGGGNTY,1
AITPFGQFTH,1
AIAPYGDGTY,1
AIGPFCSYTY,1
AIRPFGDLTY,1
AIEMRGCSTY,1
AITYFGGYTY,1
AMAPFGSSTY,1
AITYSGGSTY,1
AIGWAGGYTY,1
AIDPYGEHTY,1
AIGGDGEYTY,1
AIRPAGRYTY,1
AISLGGQGTY,1
TISWDGSYTY,1
AIRWNGRYTH,1
AILPYGRNTY,1
AISPEGNYTY,1
AISGYGYYTY,1
AIGFWGGSTY,1
TISPFGGYTY,1
AISWYGNYTY,1
AIAPFGFSTY,1
AIKWNGYHTY,1
AIRWDGFAAY,1
AIGPWGQYTY,1
AIAWDGGYTY,1
AISPYGVHTY,1
RISPYGSRTY,1
AMAPFGSHTY,1
AISEYGYDTY,1
AISDYCLGTY,1
AIEPFGSHTY,1
TIRCNGVETY,1
TINMWGGSTY,1
AICPSGRSTY,1
AIGPFGFDTY,1
AISPFCLDTY,1
AISEYGGWTY,1
AIGPYGAYTY,1
AITPFGVQTY,1
AIKPWGGSTY,1
TIGPFGNYTY,1
AIRWNGVQIY,1
AISQIGRYTY,1
AIVPYGYSTY,1
AISPYCEYTY,1
AITPFGNLTY,1
AINPYGYPTY,1
AIYPLGSGTY,1
ALTWTGYYTY,1
AIRWTGVEPS,1
AIRWTGVETD,1
AISEYGWCTY,1
ALRWNGVEPY,1
AMSPLGSITY,1
AILWNCVETY,1
AISPYGHYTD,1
AIGWDGGYTD,1
AINPYGKKTY,1
AIGPFGTRSY,1
AIRWIGVSTY,1
AIVMWGSSTY,1
AIVPNGYLTY,1
AISWRGYRTY,1
AIRPYGYHTY,1
AIQWSGVETY,1
AIMMRGGYTY,1
AIQPYGLRTY,1
RVNYMGGSTY,1
AIGPYGGSTY,1
AISPKGSFTY,1
RVTYVGGSTY,1
AIAPVGDKTY,1
AIDPYGNPTY,1
AISPAGEDTY,1
PITEYGYATY,1
TIRWAGDYTY,1
AIRPRGYETY,1
AITPYGSRTY,1
AIIYNGCSTY,1
AIRWNGSRTY,1
AIAPFGEWTY,1
AIRPYGEETY,1
AIRWNGVSTC,1
AIGVRGDLTY,1
AMKWNGDYTY,1
AIAPFGKKTY,1
AIGPRGDTTY,1
AXRWNGVETY,1
TINWSGSRTY,1
AIKPYGSWTY,1
VISPGGRYTY,1
AIGNVGNITY,1
AIVPRGGYTY,1
AINWSGSSTY,1
AISPVGARTY,1
AISPGGLKTY,1
AIRWKGDETY,1
AIAPYGSRTY,1
AISPEGYFTY,1
AIDPFGDQTY,1
AISPRCDYTY,1
AIDAYGKNTY,1
AISPRGCGTY,1
AIQYTGGSTY,1
AIAPYGATTY,1
AISTNCFRTY,1
AIRWTGVEPY,1
AIDEYCRYTY,1
AIAENGRYTY,1
AICYCGGSTY,1
AIRRNGDATY,1
AIRPSGNLTY,1
AISPFGNISY,1
AIAPLGHYTY,1
AISPFCYQTY,1
AISPCGKYTY,1
ATNWNGKSTY,1
ARRWNGDETY,1
AIKPYGFNTY,1
AINWSGGRTY,1
AISPLGDVTY,1
AIRWNGVYTY,1
AITPSGHETY,1
AITTFGQWTY,1
AISQFGSYTY,1
AIAPYCEYTY,1
AIGDYGYNTY,1
AIRPYGIHTY,1
AIMYNGVSTY,1
AINPLGYYTY,1
AISPPGSRTY,1
AIVPDGNYTY,1
AIKSFGYRTY,1
AISPNCQYTY,1
AISPFGRTTH,1
AIRPRGCDTY,1
AIGSFGDFTY,1
AIRWNGSFTF,1
ALQYMGGSTY,1
AIRWSGIATY,1
AIGPDGEYTY,1
AIAPCGKKTY,1
AMSPFGGNTY,1
AISPLGCYTY,1
AIMPWGGYTY,1
AIQCNGVETY,1
AIGCFGGFTY,1
AIRWTGVEPD,1
AIRWNRDETY,1
SILWNGDETY,1
AITPYGSKTY,1
AIPPYGSNTY,1
AIDVYGDYTY,1
AIVPYGRHTY,1
AIRWNGVESH,1
AIFQYGDYTY,1
AISTSGYSTY,1
AIEQYGRYTY,1
AISDYGHYTY,1
AIKARGEWTY,1
AIKWNGYYTD,1
AINPNGYRTY,1
AISNYGSYTY,1
AILSYGRTTY,1
AIYPYGKFTY,1
AIRWNGNQTY,1
VISPTGYYTY,1
AIKWNGYRTY,1
AIDEYGRYAY,1
AIAPFCLRTY,1
AIAQFGDSTY,1
AINPFCDRTY,1
AIDPYGPYTY,1
AIVPWGTHTY,1
AIGWDGSYTY,1
TILWNGVETY,1
AINPYGYKTY,1
AINSRGDFTY,1
AIGPNGEWTY,1
AISPFGHLTY,1
AIIPYGDYTY,1
AILAYGNYTY,1
AMRWNGSYTY,1
AIRPSGKSTY,1
AISPFGNNIY,1
SISPFGGRTY,1
