Count_CDR2,count
AIRWNGVETY,1149534
AIRWNGVSTY,32706
AIRWNGGSTY,24733
AIGWDGEYTY,21731
AIRWNGDETY,21571
AIRWNGDYTY,12292
AITEYGYATY,11028
AIRWNGSATY,10680
AIGWDGGYTY,9634
AIKWNGYYTY,6931
AIRWNGLDTY,5550
AISPYGEYTY,4428
AIRWNGSSTY,3621
AIRWNGSFTY,3604
AISEYGYATY,2854
AIRWNGFYTY,2596
AISEYGYGTY,2176
AISPYGYYTY,2081
AISPYGDYTY,1600
AIRWNGHYTY,1180
AINWSGSRTY,1146
AISPYGNYTY,1076
AIAPFGEYTY,1070
AIRWNGNYTY,1046
AINWNGKYTY,1044
AIRWSGNQTY,1026
AISPFGYSTY,1011
AIRCNGVETY,945
AIAPFGLSTY,891
AISPYGGYTY,868
AIRWDGYATY,809
AINWNGKSTY,787
AISPYGSYTY,768
AIAPYGEYTY,742
AISPYGRYTY,694
AILWNGVETY,617
AISPWGNYTY,609
AIAPFGGYTY,591
AIRWDGFATY,585
AIRWNCVETY,576
AISPFGGYTY,566
AIRPFGLETY,558
AISPYGKYTY,553
AIRMWGGSTY,533
AIRWNGSYTY,513
AIQWNGVETY,505
AIRWNGVESY,483
AIRLNGVETY,469
AISPFGDYTY,456
AIAPFGQNTY,448
TIRWNGVETY,441
AISPFGDHTY,428
AISPFGDSTY,421
AISPFGNYTY,393
AIRWNGVETH,364
AISPFGYRTY,363
AISEYGYSTY,333
AISEYGWGTY,327
AIDPYGLYTY,321
AISPFGSYTY,319
AIRWNGIYTY,317
AIAMWGGSTY,317
AIRWNGRYTY,312
AISPYGQYTY,301
AIMMWGGSTY,294
AISPFGRYTY,294
AIAPFGISTY,292
AISPYGHYTY,281
AIAPFGSHTY,278
AIVMWGGSTY,267
AISWDGSYTY,257
AIRWAGDYTY,254
AIRWNGHSTY,252
AIEYYGGSTY,251
AIGPQGYYTY,250
AISPFGKYTY,248
AISDYGDWTY,241
AIAPFGYSTY,233
AISPLGYSTY,232
AIDPYGYYTY,231
AIGPYGSYTY,229
AISPFGASTY,228
AIRWNGMETY,224
AISPFGGWTY,214
AISDYGDYTY,213
AISPFGYNTY,211
AIAPFGYQTY,211
AISPYGDWTY,210
AISEYGYYTY,210
AIAYMGGSTY,210
AISPYGAYTY,207
AISEYGSYTY,204
AIGPFGNGTY,196
AISPYGSHTY,195
AITFWGGSTY,194
AISPFGYGTY,191
AIRWAGDNTY,188
AMRWNGVETY,188
AIRWDGYYTY,183
AISPFGHYTY,182
AIRWNGDATY,181
AISPFGEYTY,179
AIRWYGVETY,178
AISPYGYRTY,177
AISPLGGYTY,176
AIGPFGDYTY,175
VIRWNGVETY,174
AISPDGSGTY,173
AILYMGGSTY,172
AISWDGNYTY,171
AINWNGGSTY,170
AISPFGLSTY,170
AIVYMGGSTY,168
SIRWNGVETY,168
AISPFGFSTY,167
AIPYMGGSTY,165
AISPFGNSTY,160
AIAPWGSFTY,159
AIAPYGSYTY,156
AISPYGSRTY,155
AISMWGGSTY,153
AINYMGGSTY,153
AISDYGYYTY,151
AIIYMGGSTY,150
AISPFGYATY,150
AISPFGGRTY,147
AIRWHGVETY,146
AIRYMGGSTY,145
AIRWNSVETY,145
AISPFGYKTY,141
AISEYGDYTY,140
AISPYGEITY,140
AISPNGDYTY,138
AIAPFGQYTY,138
AIGPDGKYTY,138
AITMWGGSTY,136
AIAPFGKYTY,135
AILMWGGSTY,135
AIAPFGASTY,134
AIVYVGGSTY,134
AIAPFGSYTY,133
AIRWNDVETY,133
AISPFGSSTY,132
AIKMWGGSTY,129
AISPRGDYTY,128
AISPFGYHTY,127
AISYMGGSTY,127
AIRWDGVETY,127
AISPFGQYTY,126
AINYNGYRTY,126
AIKWNGLYTY,125
AIDDYGRYTY,124
AIKWNGRYTY,122
AILYVGGSTY,122
AISPYGTYTY,122
AICMWGGSTY,121
AISPYGDFTY,120
AISPWGGYTY,119
AIIMWGGSTY,118
AISPFGNRTY,117
AISPRGEATY,116
AISYYGGSTY,116
AISPFGQGTY,114
AISPEGSYTY,112
AISPFGISTY,112
AISPYGGLTY,111
AISSYGDYTY,110
AILPYGDYTY,110
AISPDGWTTY,109
AISEFGWNTY,108
AISPFGEWTY,108
AISPFGGNTY,107
AISPFGYTTY,106
AISPFGIGTY,105
AIKWNGDYTY,105
AISPNGEWTY,105
AISPYGYSTY,104
AIAPFGYHTY,103
AISPFGKSTY,103
AIMYMGGSTY,102
AISPDGYKTY,102
AICYMGGSTY,102
AISPYGNRTY,102
AISPGGDHTY,101
AIIYVGGSTY,101
AIRYAGYYTY,101
AISPFGNNTY,99
AISPLGYYTY,99
AISEYGEYTY,99
AISPFGNWTY,96
AIQMWGGSTY,96
AISPFGYQTY,96
AIDMWGGSTY,96
AISPDGSKTY,95
AISPFGGFTY,95
AISPDGYNTY,94
AIAYVGGSTY,94
AISPFGYETY,92
AIAPFGSSTY,92
AISPFGDWTY,92
AISPFGFNTY,91
AISPFGGTTY,90
AIGPFGDWTY,90
AISPFGSNTY,90
AINYYGGSTY,90
AIRYNGGSTY,89
AIRPFGGDTY,88
AIAPYGYYTY,88
AIAPYGRYTY,87
AIAPYGGYTY,86
AISPYGLRTY,86
AISYVGGSTY,85
AISPYGGRTY,84
AISPRGDWTY,84
AIAPFGYKTY,84
AITPYGDYTY,83
AISPFGLNTY,83
AISPNGYYTY,83
AIDPYGRYTY,83
AISEFGGYTY,82
AIQWNGSNTY,82
AISPFGENTY,82
AISPFGLRTY,82
AIDYMGGSTY,81
AITEYGYYTY,80
AIDPYGDVTY,80
AINPYGNATY,80
AIRWNGVDTY,79
AIAPFGRTTY,79
AIAPYGDYTY,78
AISPFGGDTY,78
AIAPFGKSTY,78
AISPFGLDTY,78
AIRWSGVETY,78
AISPAGNYTY,78
AIAYYGGSTY,77
AICYKGGSTY,77
AISPFGSRTY,76
AITPYGKYTY,76
AIRWNGAETY,76
AISPYGEWTY,76
AISPSGKSTY,75
AITPYGGYTY,75
AISPFGLKTY,74
AIAPFGLTTY,74
AIAPFGSWTY,74
AIRRNGVETY,74
AISPDGYSTY,74
AISSYGRYTY,73
AISPFGDQTY,73
AISPFGRSTY,73
AINPYGRRTY,73
AISPDGKVTY,73
AISPFGQNTY,73
AISPFGGLTY,72
AIDEYGRYTY,72
AISPYGLYTY,71
AISPYGSKTY,71
AITPYGYYTY,71
AISPFGDRTY,70
AISPWGGWTY,70
AIGPYGDYTY,70
AILPYGGYTY,69
AISDYGRYTY,69
AISPNGYSTY,68
AISPFGGSTY,68
AINSRGDRTY,68
AISPYGGGTY,67
AIDPYGGYTY,67
AITPDGNYTY,67
AIRWNVVETY,66
AISPLGNSTY,66
AISPNGDSTY,66
AISPGGLYTY,66
AIIMRGGSTY,66
AIKIDGKTTY,66
AIMYNGGSTY,65
AISANGLKTY,65
AIPMWGGSTY,64
AISPFGLETY,64
AISYKGGSTY,64
AISPFGSHTY,64
AISDNGQYTY,64
AISPNGYTTY,63
AISPWGGHTY,63
AISPFGSLTY,63
AIGPYGQYTY,62
AISSFGDGTY,62
AITYMGGSTY,62
AISYTGGSTY,62
AISPFGDLTY,62
AIGYMGGSTY,61
AISPNGKWTY,60
AITPYGEYTY,60
AIRWNGLETY,59
AISPGGGTTY,59
AITPYGRYTY,59
AISPWGYHTY,59
AIAPFGYRTY,59
AIQYMGGSTY,59
AISPFGEVTY,59
AISPYGDQTY,59
AISPYGERTY,58
AISPFGRTTY,58
AISDYGNYTY,58
AIAPWGGRTY,57
AISPGGGWTY,57
AISPFGGITY,57
AISPFGSQTY,57
AIRWNGVETC,57
AISPSGKNTY,56
AISPFGLTTY,56
AIRWKGVETY,56
AISPFGRRTY,56
AIGPYGSWTY,56
AIGMWGGSTY,55
AISPDGSYTY,55
AIRSFGGETY,55
AISPNGKRTY,55
AISPYGGWTY,54
AICYVGGSTY,54
AISPSGGQTY,53
AIIYSGGSTY,53
AIDPYGKYTY,52
AISPRGNWTY,52
AIRWNGVEIY,52
AIGPFGHYTY,52
AISPLGDWTY,52
AISPYGGSTY,52
AIGPFGRSTY,52
AISEYGEWTY,52
AITPYGSYTY,51
AIDPYGNYTY,51
AIGPFGDSTY,51
AISPNGFYTY,51
AIRWNGVSSY,51
AISPFGHSTY,51
AIVMRGGSTY,51
AISEYGFYTY,50
AINMWGGSTY,50
AISDNGLKTY,50
AIAPLGHSTY,50
AISPNGLDTY,50
AISPRGDLTY,49
AISPNGTNTY,49
AITPFGNFTY,49
AISPFGQKTY,49
AISPFGNITY,49
AIAPFGHKTY,49
AIYYMGGSTY,49
AIRYTGGSTY,49
AISPFGLGTY,49
AISPYGDSTY,49
AITPYGNYTY,48
AISPYGDRTY,48
AIRYVGGSTY,48
AIRPFGYRTY,48
AISPNGRYTY,48
AISPFGDNTY,48
AISPDGKTTY,48
AIMYVGGSTY,47
AISPDGYYTY,47
AISPRGQYTY,47
AINPYGSYTY,47
AISYSGGSTY,47
AISEYGDLTY,47
AISEYGAYTY,47
AISPNGYRTY,47
AISSYGNSTY,47
AISPYGEKTY,47
AISPFGRFTY,46
AISPYGFNTY,46
AILPSGGYTY,46
AINPFGGYTY,46
AISYDGSYTY,46
AIKWNGHYTY,46
EIRWNGVETY,45
AISPFGFTTY,44
AISPFGEITY,44
AISEYGLYTY,44
AIGPYGNYTY,44
AINPYGGYTY,44
AISPRGDRTY,44
AIAPYGEWTY,44
AISWRGYHTY,44
AISPGGQYTY,44
AIRWNGVETN,44
AISPFGNQTY,44
AIMMRGGSTY,44
AISPLGGSTY,43
AISPYGEETY,43
AISDYGSYTY,43
AISPFGGATY,43
AIDYYGGSTY,43
AIAPFGGRTY,43
AIAPFGLRTY,43
AISPFGRNTY,42
AISPYGDKTY,42
AIAPFGYNTY,42
AIAPFGGQTY,42
AIAPFGRRTY,42
AIRYKGGSTY,41
AINYVGGSTY,41
AISPFGRGTY,41
AIRWNGVATY,41
AISDYGYNTY,41
AIGPFGSGTY,41
AIRPFGYHTY,41
AISEWGYRTY,41
AITYKGGSTY,40
AISPDGYWTY,40
AISPNGKHTY,40
AIAPFGNRTY,40
AISPYGKFTY,40
AIDPYGSYTY,40
AISPYGEHTY,40
AIAPFGGTTY,40
AISPRGNETY,40
AIGPPGEYTY,39
AIRWNGLSTY,39
AIRWNGVKTY,39
AISPLGSYTY,39
AITPFGDQTY,39
AISPGGYLTY,39
AIRWGGSYTY,39
AITPGGRSTY,39
AIGPYGYTTY,39
AISPFGAYTY,39
AIIYKGGSTY,39
AIGPYGYYTY,39
AISPYGYHTY,38
AISPFGNTTY,38
AISPFGDVTY,38
AISPLGDQTY,38
AISPFGYDTY,38
AIDVYGQNTY,38
AISPFGHVTY,38
AITPFGSYTY,38
AISPYGSSTY,38
AISDYGTRTY,38
AIRWAGEYTY,38
AISPYGSFTY,38
AILYKGGSTY,38
AISPFGNATY,38
AILPYGSYTY,38
AISPFGRVTY,38
AISPFGGHTY,38
AISPFGRITY,38
AIAPYGKYTY,38
AISPFGSWTY,38
AIFPDGRTTY,37
AISEAGYHTY,37
AISDYGLTTY,37
AIRLWGGSTY,37
AISEYGGKTY,37
AIGPDGDYTY,37
AIAPYGGRTY,36
AITPFGLETY,36
AITPFGGYTY,36
AIGEFGYYTY,36
AIRWNGVETD,36
AISPTGSYTY,36
AITYYGGSTY,36
AISPSGSRTY,36
AISPFGRATY,36
AISPDGRYTY,36
AIKWNGSYTY,36
AISPYGNSTY,35
AISPDGNLTY,35
AISPAGDHTY,35
AIRWNGVETS,35
AIFYMGGSTY,35
AISPSGYYTY,35
AISEYGKYTY,35
AISPFGSTTY,35
AISPWGDLTY,35
AISPFGNLTY,35
AIGPFGRGTY,35
AISPFGINTY,34
AISPFGERTY,34
AISPYGNLTY,34
AIGPYGLYTY,34
AIAPFGNSTY,34
AISPYGNVTY,34
AIDPFGNYTY,34
AIAYAGGSTY,34
AIRWSGAYTY,34
AIIYNGGSTY,34
AIHYMGGSTY,34
AISPFGYYTY,34
AIFPYGSYTY,34
AISPNGQYTY,34
AITEYGNYTY,34
AIAPYGGITY,33
AISPFGNDTY,33
AIQYVGGSTY,33
AIGYVGGSTY,33
AIGPFGNYTY,33
AIGPFGSQTY,33
AIAPFGWSTY,33
AISPYGSETY,33
AISPRGGGTY,33
AISTYGDYTY,33
AISEYGNYTY,33
AISPFGDKTY,33
AISPNGGYTY,32
AISEYGGYTY,32
AISPYGKITY,32
AISPLGYATY,32
AISPDGSRTY,32
AIVPYGRRTY,32
AIYPYGNYTY,32
AINPYGTYTY,32
AISPYGSLTY,32
AISPNGSYTY,32
AIAPGGYYTY,32
AIYPYGDYTY,31
AISPFGKLTY,31
AISPFGQRTY,31
AISPIGGKTY,31
AIRPFGYDTY,31
AISPFGSFTY,31
AISPWGYETY,31
AISPWGSHTY,31
AIGPFGSLTY,31
AISPNGYETY,31
AIEYMGGSTY,31
AISPFGQETY,31
AIAPFGNYTY,31
AISPFGLQTY,31
AISPFGHWTY,31
AISSYGHYTY,31
AISPSGNLTY,30
AILPNGSQTY,30
AIGPFGGYTY,30
AIKYMGGSTY,30
AISPNGLSTY,30
AIRYNGIYTY,30
AIGPYGITTY,30
AIFPYGAYTY,30
AISPFGRETY,30
AIAPFGIRTY,30
AISPYGTKTY,30
AIDPYGFYTY,29
AIAPFGNLTY,29
AITPFGAYTY,29
AIIYYGGSTY,29
AISPYGSWTY,29
AIKTFGGYTY,29
AIFPYGGYTY,29
AIDPYGTYTY,29
AIFPYGQLTY,29
AIRMHGGSTY,29
AISEYGIYTY,29
AISPFGEFTY,29
AISPGGSWTY,29
AIGPFGSSTY,29
AIAPFGHQTY,29
AITYVGGSTY,29
AISYNGGSTY,29
AISPDGAVTY,29
AINWRGSYTY,29
AIHPDGYYTY,29
AIRWDGEYTY,29
AISPWGYATY,29
AIRPWGYQTY,29
AISDYGLGTY,29
AINSFGNSTY,29
AISENGYYTY,28
AISPFGRQTY,28
AISPFGDATY,28
AISPLGRYTY,28
AIDSYGNYTY,28
AISPGGGYTY,28
AISPDGQATY,28
AISPLGNKTY,28
AIMYYGGSTY,28
AIGPLGYSTY,28
AISPFGWNTY,28
AIMYKGGSTY,28
AISPFGANTY,28
AISPFGRHTY,28
AISDYGEYTY,28
AISPFGELTY,28
AIAPYGDWTY,28
AINPYGDYTY,28
AIDDYGRSTY,28
AISPYGNFTY,28
AINHRGDSTY,28
AITPFGEFTY,27
AISWRGDRTY,27
AISPFGIRTY,27
AIAPFGRQTY,27
AIAYKGGSTY,27
AIYPYGGYTY,27
AIRWNGYYTY,27
AISPFGLATY,27
AISPYGGQTY,27
AISPYGHLTY,27
AISPYGKRTY,27
AISPFGLHTY,27
AIKYVGGSTY,27
AISPYGGETY,27
AISPFGSKTY,27
AISPSGSLTY,27
AISPDGNNTY,27
AIRSFGGHTY,27
AILPYGTYTY,27
AISPYGGATY,27
AIGPFGSYTY,27
AISPWGLGTY,27
AISHNGGSTY,27
AITEYGYVTY,27
AISPLGDSTY,26
AIGARGDLTY,26
AISEYGGRTY,26
AISPNGNYTY,26
AISPAGDYTY,26
AIRPFGNYTY,26
AIAPFGRNTY,26
AIVPTGNRTY,26
AILPYGDITY,26
AISPFGRLTY,26
AINFMGGSTY,26
AISPLGGWTY,26
AISPFGEKTY,26
AISANGLSTY,26
AIGPFGWSTY,26
AISPDGWYTY,26
AILPYGRYTY,26
AISDYGELTY,26
AINPYGRYTY,25
AISTSGGRTY,25
AISPRGGYTY,25
AISPYGQWTY,25
AITPFGKSTY,25
AISPFGWRTY,25
AISPRGHFTY,25
AISPNGHYTY,25
AISFYGGSTY,25
AIRPWGGSTY,25
AISPYGLTTY,25
AINPYGNYTY,25
AITPFGEYTY,25
AISPFGKRTY,25
AISPYGDNTY,25
AIQGYGGITY,25
AISPIGNWTY,25
AISPFGFKTY,25
AIAPNGNSTY,25
AIEPYGRYTY,25
AISPFGGETY,25
AIRYAGDFTY,25
AIAPFGYTTY,25
AISPSGDHTY,25
AISPWGYGTY,25
AILYYGGSTY,25
AIAPFGFRTY,25
AIAPFGDYTY,25
AISPDGHYTY,25
AITPFGDYTY,24
AISPWGSTTY,24
AISEYGTYTY,24
AISPFGKHTY,24
AISPSGYLTY,24
AISEYGRYTY,24
AISPYGNTTY,24
AISPFGKETY,24
AISPYGFTTY,24
AIMPWGGSTY,24
AIDPYGDRTY,24
AIAPFGDRTY,24
AIRPFGWSTY,24
AISPGGGVTY,24
AISWRGKHTY,24
AISYDGKYTY,24
AIRYAGWSTY,24
AISPWGFRTY,24
AISPFGQTTY,24
AIAPFGHWTY,24
AISPFGFDTY,24
AINPYGDFTY,24
AIGFMGGSTY,24
AISPDGYFTY,24
AIDEYGDFTY,24
AISDYGLYTY,24
AIAPFGYDTY,24
AIDVYGKYTY,23
AISPFGFRTY,23
AIVYKGGSTY,23
AIRWNGVENY,23
AIGPFGGSTY,23
AIYYYGGSTY,23
AIRPFGYETY,23
AIGWYGEYTY,23
AISPFGGVTY,23
AISPLGYQTY,23
AISYDGYSTY,23
AISPFGDGTY,23
AISPSGTYTY,23
AISPFGTSTY,23
AITPFGYTTY,23
AISPTGYYTY,23
AIGPFGGTTY,23
AISPFGVHTY,23
AIADYGNYTY,23
AINPYGKYTY,23
AISDNGHITY,23
AISEYGSTTY,23
AIRWAGYSTY,23
AISPGGKYTY,22
AIEFRGGNTY,22
AIDPYGEWTY,22
AISPYGDLTY,22
AISPWGFKTY,22
AISPFGNETY,22
AISPYGTRTY,22
AIAPFGRSTY,22
AISPNGKSTY,22
AIFPDGRQTY,22
AISPYGEFTY,22
AISPNGQWTY,22
AIRAYGNYTY,22
AINYKGGSTY,22
AISPNGYNTY,22
AISPNGEYTY,22
AIFYYGGSTY,22
AIGPYGRYTY,22
AIFPYGDYTY,22
AISPFGNGTY,22
AIDPYGNSTY,22
AIGWDDEYTY,22
AISGTGNRTY,22
AIAPFGRYTY,22
AIAPFGRKTY,22
AIAPYGNYTY,22
AIRYYGGSTY,22
AITPFGDLTY,22
AISPYGHRTY,22
AIGPFGGGTY,22
AISPFGKATY,21
AITPFGEITY,21
AIETFGGRTY,21
AISEYGRFTY,21
AISPDGRETY,21
AIDPFGGYTY,21
AIRTFGGDTY,21
AISDFGNYTY,21
AIGPWGDYTY,21
AIDLYGNYTY,21
AIRCNGGSTY,21
AIRMNGGSTY,21
AIPYVGGSTY,21
AISPYGGITY,21
AISPSGSYTY,21
AISDYGEWTY,21
AIGPFGNTTY,21
AILPYGSFTY,21
AIAPSGYKTY,21
AIHPYGEYTY,21
AITPWGSYTY,21
AISPFGGQTY,21
AISPNGKYTY,21
AISPYGNNTY,20
AINPFGDRTY,20
AISPSGGYTY,20
AISPKGDGTY,20
AIRWNGGETY,20
AIIPFGGYTY,20
AISPFGHQTY,20
AIKYKGGSTY,20
AISANGTTTY,20
AISPFGNFTY,20
AIRWNGVETF,20
AISPFGQATY,20
AIGPFGHTTY,20
AISPYGNKTY,20
AISPFGESTY,20
AIGPTGHGTY,20
AISPYGHHTY,20
AISPYGVRTY,20
AISPFGATTY,20
AIRWRGGGTY,20
AIYPYGSYTY,20
AISPFGSATY,20
AISPFGSITY,20
AIYPNGGGTY,19
AISPGGQSTY,19
AISHRGDRTY,19
AIQYYGGSTY,19
AIEMRGGSTY,19
AISPIGQWTY,19
AISPSGKKTY,19
AIDPYGAYTY,19
AISPNGQGTY,19
AIAPFGRGTY,19
AIAPFGDFTY,19
AITPFGNRTY,19
AIAPIGSRTY,19
AIRYAGDYTY,19
AISPYGQSTY,19
AIRWKGSGTY,19
AISDYGFYTY,19
AITPFGERTY,19
AIGLRGNDTY,19
AIAPFGHGTY,19
AIAPFGGKTY,19
AINWNGGYTY,19
AIAPNGIHTY,19
AICMRGGSTY,19
AISPGGGKTY,19
AISPYGIRTY,19
AINSYGDYTY,19
AISPLGNWTY,19
AIGDFGSYTY,19
AIGPFGLGTY,19
AISPFGKDTY,19
AISPYGTWTY,19
AIGPFGERTY,19
AISEYGQYTY,19
AIAPDGYFTY,19
AINPFGGRTY,19
AISPLGNRTY,19
AISSFGDNTY,19
AIRAFGGRTY,19
AISPGGEVTY,19
AILPYGEFTY,18
AISPFGKNTY,18
AISPDGKFTY,18
AINPYGYYTY,18
AISPYGYKTY,18
AISPSGFDTY,18
AISNRGDWTY,18
AISPFGIQTY,18
AISPSGFNTY,18
AIAPGGKKTY,18
AIGPNGSYTY,18
AIAPNGYRTY,18
AIRCNGVSTY,18
AISPYGGKTY,18
AIDPFGEYTY,18
AISPIGEVTY,18
AISPLGHYTY,18
AITPFGNYTY,18
AICYTGGSTY,18
AISGYGDYTY,18
AIAPLGYYTY,18
AIQWNGDETY,18
AIRYSGGSTY,18
AISPYGNHTY,18
AIYPYGEWTY,18
AISPYGQFTY,18
AIVYNGGSTY,17
AIGSFGGNTY,17
AITPIGYGTY,17
AIYPYGEYTY,17
AISPLGFSTY,17
AIQWNGVSTY,17
AINPYGSKTY,17
AISERGNYTY,17
AISMRGGSTY,17
AIDEYGDYTY,17
AISSYGYRTY,17
AIDPYGSKTY,17
AIRLNGGSTY,17
AIGPFGSRTY,17
AITPYGHSTY,17
SIRWNGDETY,17
AISPFGRDTY,17
AITPFGYKTY,17
AIIYLGGSTY,17
AISPAGAHTY,17
AIHPYGYYTY,17
AISYRGDWTY,17
AIASRGDYTY,17
AIPYKGGSTY,17
AIRPFGYSTY,17
AISPWGDYTY,17
AIGPFGEWTY,17
AISPFGSVTY,17
AITPFGYDTY,17
AITPFGSSTY,17
AIQYKGGSTY,17
AIRPIGSYTY,17
AISPYGNWTY,17
AIGPFGTRTY,17
AIRPDGYETY,17
AITPFGYSTY,17
AIFYKGGSTY,17
AISPDGQYTY,17
AITPFGQFTY,17
AISPWGAYTY,17
AISPYGWRTY,17
AIAPDGDYTY,17
AISPFGTQTY,17
AINWRGQYTY,16
AIRLNGVSTY,16
AINPYGRITY,16
AISPNGTTTY,16
AILWNGVSTY,16
AIRWNGDYSY,16
AIAPWGRRTY,16
AISPRGQLTY,16
AISPWGGFTY,16
AIAPSGDKTY,16
AIGPVGDKTY,16
AITPFGRETY,16
AIGPYGRTTY,16
AISPFGGGTY,16
AIDYKGGSTY,16
AITPYGGLTY,16
AITPNGDYTY,16
AIVPYGRYTY,16
AIAPFGDSTY,16
AIGPFGDRTY,16
AISPLGDATY,16
AISEAGDHTY,16
AIRPFGYNTY,16
AILPYGKRTY,16
AISPWGGKTY,16
AIADNGYRTY,16
AINWNGSYTY,16
AISPYGTFTY,16
AINPYGLYTY,16
AIIPYGSYTY,16
AISPFGFQTY,16
AITPFGFNTY,16
AIGPSGNDTY,16
AISPSGSITY,16
AIKPDGSYTY,16
AINHRGDYTY,16
AISPYGRFTY,16
AISPVGYDTY,15
AIRPFGSETY,15
AIYPYGGGTY,15
AIYPDGHKTY,15
AIDPYGDYTY,15
AILWNGGSTY,15
AIRFSGWSTY,15
AILPYGYYTY,15
AISSYGSYTY,15
AIGPFGYETY,15
AIQWNGSLTY,15
AISPGGLRTY,15
AISPRGDTTY,15
AIGPYGLRTY,15
AIGPFGYTTY,15
AIDWNGKYTY,15
AIRPFGDSTY,15
AIAPFGLQTY,15
AIYPYGNRTY,15
AISPEGARTY,15
AIYPYGGQTY,15
AISPFGFETY,15
AIRSFGGGTY,15
AISPLGNYTY,15
AILPYGNYTY,15
AIVPYGNYTY,15
AITPFGRYTY,15
AITPFGSETY,15
AIAPWGYRTY,15
AISNNGYRTY,15
AISPYGYNTY,15
AISPNGLYTY,15
AISPNGESTY,15
AIGWDCEYTY,15
AIHPYGSYTY,15
AISSFGDTTY,15
AISPRGGWTY,15
AIRSFGRETY,15
AISPYGSITY,15
AIRPLGGTTY,15
AIGPYGGNTY,15
AISPYGRRTY,15
AIEPYGYYTY,15
AISPYGAETY,15
AIRWNGVGTY,15
AIVPFGGRTY,15
AITPFGYRTY,15
AIGPFGEQTY,15
AIYPYGYYTY,15
AIAPFGLNTY,15
AIRPFGWDTY,15
AIAPWGSYTY,15
AITDYGYYTY,14
AITPFGSLTY,14
AIYPYGDRTY,14
AISPRGNITY,14
AIRAFGGGTY,14
AISPSGRYTY,14
AIDPYGQYTY,14
AISPFGWKTY,14
ATRWNGVETY,14
AITPLGLKTY,14
AISPQGGQTY,14
AISYLGGSTY,14
AIAPNGSRTY,14
AIGPNGETTY,14
AIAPFGQSTY,14
AIAPFGLGTY,14
AILPYGAYTY,14
AISANGSYTY,14
AIKPNGAYTY,14
AIDDYGNYTY,14
AIRWNGGATY,14
AISPWGTGTY,14
AISPRGYETY,14
AILPNGGGTY,14
AISPNGNWTY,14
AIGPFGNITY,14
AISNSGGATY,14
AIGPFGEVTY,14
AIVPYGGYTY,14
AISPVGYRTY,14
AINWNGERTY,14
AISPGGTYTY,14
AIDSFGGWTY,14
AISPLGWQTY,14
AIGPFGSTTY,14
AIDYAGTETY,14
AIAPFGSNTY,14
AISPYGDHTY,14
AITPFGFKTY,14
AISPYGYGTY,14
AISPYGDVTY,14
AISPYGFDTY,14
AISPFGAQTY,14
AISPIGSRTY,14
AIAPFGQFTY,14
AILFMGGSTY,14
AISPRGDVTY,14
AINSFGGRTY,14
AISPFGNKTY,14
AIRFAGTETY,14
AIRPFGDVTY,14
AIRWNCVSTY,14
AIRWNGVQTY,14
AIGPYGDVTY,14
AISPLGTYTY,14
AIYYVGGSTY,14
AIRWNGCSTY,14
AIAMRGGSTY,14
AINPYGSNTY,14
AIRPDGYSTY,14
AISPFGWSTY,14
AIAPIGYGTY,13
AISPFGHKTY,13
AISPNGAYTY,13
AITPLGDNTY,13
AIMYMGGSTH,13
AISPLVGSTY,13
AISPTGLNTY,13
AISPIGYKTY,13
AIDPFGYYTY,13
AILPYGYRTY,13
AISPYGESTY,13
AIDTYGNYTY,13
AISPWGYRTY,13
AIHYKGGSTY,13
AISPFGTNTY,13
AISYDGKTTY,13
AINPYGDSTY,13
AISPRGDETY,13
AITPYGHYTY,13
AIDPYGDFTY,13
AITPFGESTY,13
AIGPFGRKTY,13
AINTYGKYTY,13
AITPDGEYTY,13
AINENGSHTY,13
AISPSGSTTY,13
AIAPFGTYTY,13
AIRCNGDETY,13
AISPNGTRTY,13
AISGYGSYTY,13
AILPYGSKTY,13
AISPYGSVTY,13
AIRLSGNWTY,13
AIAPFGKETY,13
AIGYKGGSTY,13
AISPSGDATY,13
AIHPFGYGTY,13
AISPFGSDTY,13
AISPGGSRTY,13
AIRPYGEYTY,13
AISPSGNYTY,13
AIAPFGYETY,13
AISPLGQQTY,13
AISPYGWNTY,13
AIRWNGDDTY,13
AISPGGTGTY,13
AISPNGNITY,13
AITPGGEYTY,13
AIIFMGGSTY,13
AIQMRGGSTY,13
AISPYGARTY,13
AIAPLGISTY,13
AISPAGNTTY,13
AISPSGLSTY,13
AIAPYGAYTY,13
AISPSGKRTY,13
AISPYGDITY,13
AIGPFGLSTY,13
AIKPYGNYTY,13
AITYNGGSTY,13
AIQPYGLRTY,13
AIIPYGNYTY,13
AISDFGEKTY,13
AISPDGLYTY,12
AILPYGSWTY,12
AIRMCGGSTY,12
AIGPLGGITY,12
AISPRGEGTY,12
AIGEYGRYTY,12
AISPTGRYTY,12
AISPAGYRTY,12
AIAPFGRFTY,12
AISPDGNATY,12
AINWGGARTY,12
AILPYGKYTY,12
AISPYGRKTY,12
AISPTGKYTY,12
AISSYGEYTY,12
AIAPWGNYTY,12
AIGPFGRTTY,12
AISARGEWTY,12
AIQWNGGLTY,12
AIYYKGGSTY,12
AISPRGNRTY,12
AIQPFGDRTY,12
AISPVGGRTY,12
AIGPFGLTTY,12
AIGPGGGGTY,12
AIGPFGEYTY,12
AIRPFGLGTY,12
AIVYTGGSTY,12
AISPFGFGTY,12
AIKPYGSYTY,12
AISPNGGSTY,12
AICYNGGSTY,12
AISDNGNYTY,12
AIRMRGGSTY,12
AIQPYGSRTY,12
AIRSFGYRTY,12
AISPYGATTY,12
AIDPYGWYTY,12
AISPNGYGTY,12
AITYTGGSTY,12
AILFYGGSTY,12
AITPFGGGTY,12
AIAPNGSFTY,12
AITPYGAYTY,12
AITPFGGSTY,12
AIAPRGARTY,12
AITPYGRGTY,12
AISPFGNVTY,12
AIRPWGNQTY,12
AITPFGQYTY,12
AIRMEGGSTY,12
AISPFGQSTY,12
AITPYGDITY,12
AISPFGTYTY,12
AISPGGYSTY,12
AIIYTGGSTY,12
AIDWRGNFTY,12
AIRTFGSTTY,12
AIAPFGNHTY,12
AIAPRGGYTY,12
AIRHSGWGTY,12
AISPLGYRTY,12
AISSYGGYTY,12
AITPFGNETY,12
AITPFGKYTY,12
AIEFRGGYTY,11
AIDYRGGYTY,11
AIRWNGVSTH,11
AISPNGYDTY,11
AISPSGGRTY,11
AIFPYGSNTY,11
AIAPFGGWTY,11
AISPSGHYTY,11
AIEFRGGQTY,11
AINQYGRYTY,11
AISPGGYQTY,11
AISPFGIETY,11
AISPHGGYTY,11
AISPSGHDTY,11
AIGWDGEYTH,11
AIGPNGSLTY,11
AIAPFGWHTY,11
AIAPFGDTTY,11
AISPIGYGTY,11
AISTSGGVTY,11
AISDNGNITY,11
AIYPYGSRTY,11
AISEYGRTTY,11
AIAPWGRSTY,11
AISPYGSDTY,11
AILPYGFKTY,11
AISPWGEATY,11
AISPYGTTTY,11
AITPFGSHTY,11
AIRPFGANTY,11
AILPYGDWTY,11
AIRPFGHSTY,11
AITPFGISTY,11
AISPFGKFTY,11
AIAPRGNRTY,11
AISPGGAYTY,11
AIDFMGGSTY,11
AIRPYGKYTY,11
AIGPFGAYTY,11
AIKPYGNFTY,11
AIRPYGSYTY,11
AIGPNGYYTY,11
AIRYAGSYTY,11
AIGPTGLNTY,11
AISNNGSSTY,11
AINDNGLKTY,11
AISPGGHWTY,11
AIRCNGDYTY,11
AIVPYGDYTY,11
AIRPFGHYTY,11
AISDYGYRTY,11
AISPHGSDTY,11
AITPFGSQTY,11
AIHPYGSDTY,11
AIAPYGGTTY,11
AIGPVGSYTY,11
AIYPYGGYTH,11
AIMYSGGSTY,11
AISPHGSYTY,11
AIQPFGSNTY,11
AISDYGKYTY,11
AITPYGGDTY,11
AIVPFGDWTY,11
AIKYYGGSTY,11
AIGPFGSFTY,11
AIADFGYRTY,11
AISDNGSYTY,11
AINTYGNYTY,11
TIGWDGEYTY,11
AIAPFGTRTY,11
AILPYGRKTY,11
AITPFGYQTY,11
AIGWDGDYTY,11
AIYPYGKYTY,11
AIRMMGGSTY,11
AISPYGGTTY,11
AIRYLGGSTY,11
AINWRGYRTY,11
AIRSNGVETY,11
AISPTGYNTY,11
AINDYGDWTY,11
AIHPFGSGTY,11
AISPRGQDTY,11
AIRWNGYETY,11
AIGPEGNNTY,10
AILPYGKKTY,10
AISASGGRTY,10
AISDYGDGTY,10
AISPYGQTTY,10
AISSYGNYTY,10
AIDPYGKNTY,10
AIDWNGKTTY,10
AISPFGNHTY,10
AITPFGEHTY,10
AISPFGVTTY,10
AISHSGARTY,10
AIRPFGSRTY,10
AIYPFGGGTY,10
AINPYGSFTY,10
AISPYGQLTY,10
AISPNGHITY,10
ARRWNGVETY,10
AICFMGGSTY,10
AISEYGDFTY,10
AIDDYGEYTY,10
AIDPFGKNTY,10
AIDPFGGPTY,10
AILPYGSRTY,10
AIAPYGLSTY,10
AIGPYGHTTY,10
AIDPFGDYTY,10
AIQWNGGSTY,10
AISPGGLETY,10
AISPGGNVTY,10
AIVPYGAYTY,10
AIEYSGGSTY,10
AILPYGGNTY,10
AIGPFGEETY,10
AITDGGYYTY,10
AIGEYGDYTY,10
AIQWNGDYTY,10
AIRWNAVETY,10
AINDYGSNTY,10
AILYNGGSTY,10
AISPGGDRTY,10
AITPTGGYTY,10
AIDDYGGRTY,10
AIAPNGWRTY,10
AISPYGWPTY,10
AINPFGNYTY,10
AIRMSGGSTY,10
AIAPFGNNTY,10
AIRMKGGSTY,10
AIDYWGGSTY,10
AIRMGGGSTY,10
AIRPNGYSTY,10
AINPRGGQTY,10
AISPNGSWTY,10
AISPGGLGTY,10
AISSFGDVTY,10
AIRCNGSATY,10
AISPYGNITY,10
AIIMSGGSTY,10
AISPSGFSTY,10
AITPDGYGTY,10
AILPYGESTY,10
AINHRGDFTY,10
AISPDGYLTY,10
AIVPKGGHTY,10
AIAPFGSATY,10
AIFPYGDITY,10
AISEFGRHTY,10
AINPFGEDTY,10
AIGCDGEYTY,10
AIAPLGDYTY,10
AISTSGARTY,10
AISPGGFSTY,10
AIKMRGGSTY,10
AISNLGGYTY,10
AIKIDGKVTY,10
AIVPYGHYTY,10
AIRPYGDYTY,10
AIGPFGYNTY,10
AISPNGGWTY,10
AIDPYGRATY,10
AIAPFGHVTY,10
AISPSGTWTY,10
AISPRGEYTY,9
AIRPFGDFTY,9
AITPVGYRTY,9
AITPFGDATY,9
AIAPYGSITY,9
AILPRGGWTY,9
AITPLGYRTY,9
AITPGGLGTY,9
AILPRGSRTY,9
AIGPYGGTTY,9
AISPTGHQTY,9
AILPYGNLTY,9
AILPFGSITY,9
AISPFGQWTY,9
AITPFGARTY,9
AIGPYGKYTY,9
AISPGGKRTY,9
AISPYGRVTY,9
AIAPFGRLTY,9
AISPFGHRTY,9
AINEYGDYTY,9
AINMSGGSTY,9
AIRPDGYYTY,9
AIGPYGLSTY,9
AIRMIGGSTY,9
AIHYYGGSTY,9
AISPWGSKTY,9
AITPYGQETY,9
AIRMAGGSTY,9
AIAPFGYGTY,9
AIHPYGGDTY,9
AISPNGYATY,9
AITPFGENTY,9
AIGASGKYTY,9
AISPFGGPTY,9
AIDQYGRYTY,9
AITPFGEWTY,9
AISPYGHDTY,9
AISPWGFGTY,9
AIAPFGLKTY,9
AISPDGNTTY,9
AISPDGRKTY,9
AITPFGYNTY,9
AISDYGIYTY,9
AISPTGSNTY,9
AIGYNGQLTY,9
AIRWNGSVTY,9
AIKPNGTDTY,9
AIDWDGEYTY,9
AIKPFGDRTY,9
AISGKGLATY,9
AIGPWGYNTY,9
AIGWDGEYIY,9
AISPWGGNTY,9
AITEYGSYTY,9
AIRYVGGYTY,9
AISARGDWTY,9
AISPFGVGTY,9
AINPYGEYTY,9
AITPFGSFTY,9
AIAPFGLHTY,9
AISPIGSKTY,9
AIIFYGGSTY,9
AISPVGRGTY,9
TITEYGYATY,9
AILPYGYKTY,9
AITPFGFRTY,9
AISDYGYITY,9
AISSRGGYTY,9
AISPNGLGTY,9
AIRWNSVSTY,9
AIAPFGNVTY,9
AISPWGYNTY,9
AILPDGSYTY,9
AITPTGSYTY,9
AISSFGRDTY,9
AISSTGGWTY,9
AIDPYGIYTY,9
AIMYAGGSTY,9
AISPYGRHTY,9
AISNYGRYTY,9
AISPIGKETY,9
AIAPFGDQTY,9
AIDYVGGSTY,9
AITPSGKYTY,9
AIRFAGYETY,9
AISPSGTRTY,9
AITPFGNHTY,9
AIQPYGWRTY,9
AIEYVGGSTY,9
AINPYGDRTY,9
AISPFGTDTY,9
AISPNGGGTY,9
AISPLGKHTY,9
AISPFGEDTY,9
AISPNGYKTY,9
AISGIGSKTY,9
AICYYGGSTY,9
AISPYGTQTY,9
AISPFGETTY,9
AIDPYGYRTY,9
AIGPFGGLTY,9
AITPNGYYTY,9
AIRPYGRYTY,9
AIGPFGGRTY,9
AISANGYTTY,9
AIGPFGFQTY,9
AISSYGQYTY,9
AIGPGGWSTY,9
AIYPYGSLTY,8
AISEYGKFTY,8
AITFYGGSTY,8
AISPRGHWTY,8
AIRPFGSSTY,8
AISPRGGLTY,8
AISPRGNYTY,8
AIKLFGKYTY,8
AISPVGLGTY,8
AITPFGSATY,8
AINYNGGSTY,8
AIQTYGKYTY,8
AISPDGRWTY,8
AIVPFGNYTY,8
AIGYYGGSTY,8
AITPFGSKTY,8
AIGPYGESTY,8
AIRFSGLSTY,8
AISPYGKTTY,8
AIAPYGAETY,8
AITPLGYKTY,8
AISPRGDFTY,8
AIDSFGKYTY,8
AIKPGGNQTY,8
AIGPNGKATY,8
AISPFGEATY,8
AITPFGDKTY,8
AISEYGSFTY,8
AIVFYGGSTY,8
AIAPFGHYTY,8
AIRPYGGYTY,8
AIAPKGYRTY,8
AISPYGTITY,8
AIYPRGLGTY,8
AISYRGGKTY,8
AMGWDGEYTY,8
AIRCNGLDTY,8
AIAPNGYKTY,8
AIAPFGLDTY,8
AISYRGDVTY,8
AITEYGHFTY,8
AISEYGYNTY,8
AIDWRGNYTY,8
AIGPFGDFTY,8
AISPFGEQTY,8
AIGPFGNVTY,8
AISPYGISTY,8
AILPYGSITY,8
AISPRGRYTY,8
AISDYGGYTY,8
AITPSGDFTY,8
AISPNGVYTY,8
AIMFWGGSTY,8
AIDPYGELTY,8
AINQYGRTTY,8
AIGPFGKHTY,8
AICFYGGSTY,8
AISPFGSETY,8
AITPFGSWTY,8
AISPTGNRTY,8
AISSYGSTTY,8
AIHPYGGYTY,8
AIGPFGNFTY,8
AILPYGGFTY,8
AIAPTGDYTY,8
AISPFGKVTY,8
AIHPYGNYTY,8
AIRPIGSSTY,8
AITPFGNWTY,8
AIPYKGFSTY,8
AISPYGVQTY,8
AILPFGDYTY,8
AISPFGIKTY,8
AIEYKGGSTY,8
AISDYGEITY,8
AINYTGGSTY,8
AIRPWGYKTY,8
AIAPFGITTY,8
AINPFGRYTY,8
AISDYGQYTY,8
AINYGGGYTY,8
AISPFGQITY,8
AIVYYGGSTY,8
AISPWGDFTY,8
AISPNGFRTY,8
AISPQGNYTY,8
AIGPFGSKTY,8
AIVPFGSNTY,8
AILWNGDETY,8
VIRWNGVSTY,8
AILPNGYGTY,8
AIRLNGDETY,8
AITPNGSYTY,8
AIGWNGVETY,8
AIGPTGYLTY,8
AITPFGLDTY,8
TIRWNGGSTY,8
AISPGGLDTY,8
AIRWAGWNTY,8
AIAPYGSHTY,8
AIGPRGARTY,8
AIAPTGNYTY,8
AISPFGGKTY,8
AITPFGSTTY,8
AISPFGTATY,8
AISARGNWTY,8
AISEYGEVTY,8
AITPYGNHTY,8
AVRWNGVETY,8
AISPFGDITY,8
AIKPFGGDTY,8
AIGSYGVRTY,8
AIRWNGVPTY,8
AITPYGNFTY,8
AIRFSGAYTY,8
AITPEGLYTY,8
AISPFGWETY,8
AISPFGKITY,8
AISPLGSITY,8
AIDPFGENTY,8
AISPVGNSTY,8
AITPGGGVTY,8
AISPGGNSTY,8
AIRLNGSATY,8
AIAPYGQYTY,8
AISPYGTNTY,8
AIDPYGSETY,8
AITPKGRYTY,8
AISPNGYLTY,8
AIGPVGGYTY,8
AIGPFGSHTY,8
AISPIGYRTY,8
AIRYAGGSTY,8
AISPLGRDTY,8
AIGPFGYHTY,8
AIDVYGYRTY,8
AISPKGYATY,8
AIRWTGVETY,8
AILPYGRTTY,8
AIGPGGSSTY,8
AIGPFGYQTY,8
AMRWNGVSTY,8
AIRWNGVEPY,8
AIKPFGGHTY,8
AISPSGGSTY,8
AISPGGYDTY,8
AITEYCYATY,8
AIAFYGGSTY,8
AISPLGSQTY,8
AIGLDGEYTY,8
PIRWNGVETY,8
AISPHGNYTY,8
AINPYGGDTY,7
AITPFGYETY,7
AINPDGQNTY,7
AIRPDGEWTY,7
AISPYGRLTY,7
AISPEGKYTY,7
AISPYGHSTY,7
AISPWGQYTY,7
AISPGGHFTY,7
AILPYGSATY,7
AISPYGKDTY,7
AIFPYGDFTY,7
AICWDGEYTY,7
AIEYAGGSTY,7
AISSRGDFTY,7
AILPYGGWTY,7
AINEYGGRTY,7
AIQPFGQYTY,7
AIRYSGLTTY,7
AISYMGGYTY,7
AISEYGVYTY,7
AITPGGYYTY,7
AISPFGRKTY,7
AISPFGKTTY,7
AIGTHGKGTY,7
AISPSGAFTY,7
AIAPFGSDTY,7
AISPYGVTTY,7
AIGPYGGYTY,7
AISPWGRTTY,7
AIRILGLGTY,7
AIGPQGGYTY,7
AISPSGYATY,7
AIRPSGDWTY,7
AITPVGGRTY,7
AIGNIGRKTY,7
AILPYGYNTY,7
AIEPFGGKTY,7
AITPFGTITY,7
AIRWNCGSTY,7
AISPLGWRTY,7
AISPAGSGTY,7
AIMIWGGSTY,7
AIRPFGGYTY,7
AIRWNGIATY,7
AIHPYGDYTY,7
AITPFGHKTY,7
AIDPFGYRTY,7
AISNNGESTY,7
AISPQGVQTY,7
AIDPFGERTY,7
AISPFGHFTY,7
AISGHGLATY,7
AIRWNGMSTY,7
AIGCDGGYTY,7
AISWRGWHTY,7
AIGPFGRFTY,7
AIMYTGGSTY,7
AIAPKGYQTY,7
AICYFGGSTY,7
TIRWNGVSTY,7
AIRWNGSTTY,7
AITPFGQSTY,7
AILWNGSATY,7
AICYSGGSTY,7
AIMMSGGSTY,7
AISEYGSRTY,7
AISPYGYTTY,7
AIGPFGDVTY,7
AISPYGDPTY,7
AIRFSGYSTY,7
AIRWAGSSTY,7
AIRWNGEETY,7
AIGPFGKRTY,7
AISPRGTSTY,7
AISSFGRRTY,7
AISPIGGRTY,7
AITPSGSGTY,7
AIRPWGYDTY,7
AINPYGRDTY,7
AISWRGARTY,7
AIGPYGSLTY,7
AIAPRGDYTY,7
AIHPYGYKTY,7
AISNRGEWTY,7
AIRWRGYGTY,7
AISPSGIKTY,7
AIRWNRVETY,7
AITPFGNSTY,7
AITPYGDFTY,7
AITPYGDSTY,7
AIYPLGGGTY,7
AISPGGRYTY,7
AISSYGRRTY,7
AILPYGDFTY,7
AISPWGRHTY,7
AIEYRGGYTY,7
AINPTGYSTY,7
AIDPYGQVTY,7
AIAYGGGSTY,7
AISPGGDITY,7
AISPLGKSTY,7
AIFPYGRYTY,7
AIAPFGHHTY,7
AISPLGLKTY,7
AISPFGTKTY,7
AIRPYGYNTY,7
AITPLGKSTY,7
AIFPNGKGTY,7
AITPYGYRTY,7
AISPQGNNTY,7
AINYSGGSTY,7
AIMFYGGSTY,7
AITPSGDRTY,7
AISPGGRQTY,7
AISPIGYSTY,7
AIDWDGGYTY,7
AISPLGRSTY,7
AIMFMGGSTY,7
AIGYSGGSTY,7
AISPYGWETY,7
AIGPFGFETY,7
AILPYGLNTY,7
AIGYNGGSTY,7
AISPLGYTTY,7
TIGWDGGYTY,7
AISPFGTLTY,7
AIAPFGARTY,7
AIPYYGGSTY,7
AISDYGNGTY,7
AISPWGDGTY,7
AIVYGGGSTY,7
AINTSGGVTY,7
AITPFGLHTY,7
AISDYGRSTY,7
AISPAGNVTY,7
AIGPFGKLTY,7
AISYRGNLTY,7
AIAPSGSITY,7
AIPWNGVETY,7
AISPNGSSTY,7
AITPFGAGTY,7
AISPYGAHTY,7
AITPFGGATY,7
AISPAGEGTY,7
AIAPFGKRTY,7
AISEYGSLTY,7
AIVPFGGYTY,7
AISPEGGWTY,7
AILPFGYGTY,6
AITWNGYYTY,6
AINYFGGSTY,6
AIQPFGKETY,6
AIRWNGGSTH,6
AIGPFGHSTY,6
AIRWNGSETY,6
AIAPFGETTY,6
TIKWNGYYTY,6
AIADYGYYTY,6
AISGAGGKTY,6
AILPYGRFTY,6
AISPGGRKTY,6
AISPYGKVTY,6
AISYKGDLTY,6
AITPFGIGTY,6
AISPSGTSTY,6
AIAYFGGSTY,6
AISKSGGATY,6
AISPYGYATY,6
AIFPYGEWTY,6
AITPYGQYTY,6
AISHNGTSTY,6
AITPYGKVTY,6
AITPFGQQTY,6
AIQYSGGSTY,6
AIRNSGFYTY,6
AIAPWGRTTY,6
AISPWGQRTY,6
AIAPRGGFTY,6
AISPYGEDTY,6
AISPVGSDTY,6
AISPYGHFTY,6
AISPFGITTY,6
AITPSGIETY,6
AIGPLGNNTY,6
AISPFGSGTY,6
AISPWGGSTY,6
AIVFMGGSTY,6
AISPYGHITY,6
AISSTGGGTY,6
AIKPYGDWTY,6
AITPFGHLTY,6
AIDSFGGYTY,6
AIVYLGGSTY,6
AISPSGGATY,6
AITPYGGSTY,6
AISPFGARTY,6
AIAPNGKYTY,6
AISPNGYITY,6
AILWNGDYTY,6
AITPFGTYTY,6
AISPSGNNTY,6
AIGPLGGRTY,6
AIGTYGKYTY,6
AIDDYGSYTY,6
AIMMAGGSTY,6
AIAPSGHETY,6
AISKSGGGTY,6
AIRPFGFSTY,6
AIWYLGGSTY,6
AIRPYGLSTY,6
AITPQGGLTY,6
AIRWNCDETY,6
AISPWGNSTY,6
AIGPYGNNTY,6
AISPYGWTTY,6
AITPVGKSTY,6
AISPFGHTTY,6
AITPEGNYTY,6
AIAPYGSFTY,6
AIPFMGGSTY,6
AITPYGGHTY,6
AIAPFGNDTY,6
AISPLGHATY,6
AIEFRGNITY,6
AISPIGAYTY,6
AISPSGGNTY,6
AISEYGYHTY,6
AISPKGHYTY,6
AIHPYGGRTY,6
AIDVYGNRTY,6
AIGPFGNNTY,6
AIRPYGSWTY,6
AIRSFGTRTY,6
AINFRGGYTY,6
AISPSGRLTY,6
AIAPFGSKTY,6
AITPFGSITY,6
AIVPRGGATY,6
AIHWDGNTTY,6
AIGPFGNHTY,6
AISNYGDYTY,6
AINPYGSWTY,6
AIMYWGGSTY,6
AIAPYGLQTY,6
AIRYAGYSTY,6
AIAPNGNRTY,6
AIGSYGDYTY,6
AISPAGNDTY,6
AINPYGDGTY,6
AISPFGTRTY,6
AISPYGKLTY,6
AIAPNGRRTY,6
AIKCNGYYTY,6
AISPVGLKTY,6
AISGFGDYTY,6
AIKPYGGLTY,6
AIDAYGYYTY,6
AINYSGFQTY,6
AISPRGDGTY,6
AIQPGGGRTY,6
AITPFGEKTY,6
AIGPFGGNTY,6
AIVPFGDYTY,6
AICMSGGSTY,6
AIAPFGGDTY,6
AILPYGDLTY,6
AISPNGSGTY,6
AMRWNGGSTY,6
AIAPYGHFTY,6
AIYPYGGDTY,6
AITPTGRYTY,6
AISPSGYRTY,6
AIQYRGNYTY,6
AITPFGYHTY,6
AISPLGWHTY,6
AISGNGSKTY,6
AILPFGWETY,6
AIRPFGEYTY,6
AISNSGYNTY,6
AISGIGGKTY,6
AISPIGTVTY,6
AISPYGRPTY,6
AIAPTGYYTY,6
AIVPFGGLTY,6
AITPYGNGTY,6
AIGPGGGLTY,6
AMRWNGDETY,6
AIGPFGYSTY,6
AISPGGSITY,6
AIGPYGEATY,6
AILPYGQYTY,6
AISPSGWSTY,6
AISEYGRRTY,6
AIAPLGETTY,6
AIRPFGFNTY,6
AISENGRYTY,6
AIGPFGHNTY,6
AISPRGSYTY,6
AINPYGQYTY,6
AIRNKGNYTY,5
AIAPFGSQTY,5
AIHPYGSRTY,5
AIVPFGGDTY,5
AITPFGFSTY,5
AIQPYGNYTY,5
AILPPGGQTY,5
AIAPRGYRTY,5
AISDIGKQTY,5
AIKPNGRYTY,5
AIAPFGWDTY,5
AITPFGDDTY,5
AISEYGHYTY,5
AISPIGSYTY,5
AIVWDGEYTY,5
AILYTGGSTY,5
AIDVYGLYTY,5
AITPRGGRTY,5
AIDAYGHYTY,5
AINPFGNRTY,5
AISPFGHGTY,5
AIGDYGSNTY,5
AIQPYGGYTY,5
AISPWGEYTY,5
AIYPYGIRTY,5
AISPYGFSTY,5
AIYPLGEGTY,5
AIRWNSGSTY,5
AIAPEGLSTY,5
AITPDGYKTY,5
AIGKAGHYTY,5
AISPYGVDTY,5
AIAPFGKQTY,5
AINPGGYYTY,5
AIDWNGFYTY,5
AIRPWGLSTY,5
AIGPFGRYTY,5
AIPYWGGSTY,5
AIGPFGDLTY,5
AIFPFGNYTY,5
AIRPHGGSTY,5
AIGPLGAITY,5
AISEYGARTY,5
AIRWNGLYTY,5
AIVPYGQYTY,5
AIAPYGEFTY,5
AIAPFGGSTY,5
AISTNGGVTY,5
AIEFRGDQTY,5
AISPSGDRTY,5
AIQSYGNYTY,5
AIAPYGNSTY,5
AIRMPGGSTY,5
AILFWGGSTY,5
AIAPRGTRTY,5
AISPNGFSTY,5
AISPFGHETY,5
AITPFGGNTY,5
AIRLNGDYTY,5
AIQYSGQYTY,5
AIRTYGDYTY,5
AISPYGGNTY,5
AILPYGHYTY,5
AISDYGYLTY,5
AIPPYGRYTY,5
AISPSGYNTY,5
AIAPSGGSTY,5
AIYPYGLNTY,5
AISPWGRYTY,5
AISPIGYNTY,5
AIRWNGDSTY,5
AISEFGSYTY,5
AIHPYGYLTY,5
AISFMGGSTY,5
AISSFGDSTY,5
AISERGAYTY,5
AIIPFGDYTY,5
AIGPFGGHTY,5
AINPYGLKTY,5
AISPQGQYTY,5
AIGLRGNETY,5
AINPFGRSTY,5
AISPIGRYTY,5
AIHDYGSYTY,5
AIFPYGTYTY,5
AIAPNGYLTY,5
AIRYAGSFTY,5
AIKPYGEYTY,5
AISSTGGSTY,5
AIKAYGSRTY,5
AIAFMGGSTY,5
AIRPAGYYTY,5
AITPFGWSTY,5
AIFPYGNGTY,5
AIAPFGVRTY,5
AIAPEGNSTY,5
AIVPFGKYTY,5
AIHPLGWGTY,5
AIAPFGWRTY,5
AIAPFGWETY,5
AISPGGYRTY,5
AIAPFGFKTY,5
AIRMWGGYTY,5
AISASGARTY,5
AIFYVGGSTY,5
AIRGNGVETY,5
AIYPFGYGTY,5
AIRCNGSFTY,5
AISYWGGSTY,5
AIAPLGLSTY,5
AIKTSGSRTY,5
AIGPFGGFTY,5
AINPYGGATY,5
AISPRGTYTY,5
AIDPFGGNTY,5
AIKPFGLGTY,5
AISPIGQGTY,5
AIQGYGGSTY,5
AINPSGIKTY,5
AIRWYGSATY,5
AIRWHGDETY,5
AISSFGEYTY,5
AIKIFGFKTY,5
AISPHGSWTY,5
AIAPWGQYTY,5
AIAPFGGFTY,5
AINYRGEYTY,5
AINDYGTHTY,5
AISEYGDVTY,5
AISPYGLKTY,5
AIRWYGDETY,5
AISPFGHNTY,5
AIAPLGGYTY,5
AIGRDGEYTY,5
AIRPWGDQTY,5
AIAEYGNTTY,5
AISPVGNYTY,5
AINSYGNYTY,5
AINENGEHTY,5
AIRMLGGSTY,5
AISPLGLGTY,5
AIDTYGRYTY,5
AISPIGWRTY,5
AIKLYGTRTY,5
AIPYNGGSTY,5
AIGWDGEYAY,5
AISPRGGFTY,5
AITPSGKRTY,5
AITPLGYYTY,5
AIYFMGGSTY,5
AITPYGYATY,5
AISPFGTETY,5
AIRPNGSYTY,5
AIGPYGDATY,5
AISPIGKFTY,5
AIEISGGRTY,5
AIVMWGGSTH,5
AITDYGQRTY,5
AIRHRGGQTY,5
AISPYGGFTY,5
AIWPYGNYTY,5
AINPYGGLTY,5
AINPFGDYTY,5
AISPTGYTTY,5
AIVPRGGGTY,5
AISETGDYTY,5
AISPYGIGTY,5
AISPYGSTTY,5
AINPGGWGTY,5
AILPFGLRTY,5
AISPFGFHTY,5
AIIPWGGSTY,5
AIGRFGGYTY,5
AIRPFGAHTY,5
AIAPLGHYTY,5
AILPDGRQTY,5
AISPYGGDTY,5
AIGPNGYDTY,5
AISGNGYTTY,5
AITPFGSGTY,5
AIHTYGKYTY,5
AIIPFGYNTY,5
AITPFGAKTY,5
AIDPFGTNTY,5
AISPSGNDTY,5
AIQPFGSGTY,5
AIAPNGRYTY,5
AIRNGGSWTY,5
AISKSGNYTY,5
AITPYGRFTY,5
AIYPYGTYTY,5
AINPYGGRTY,5
AISPIGGWTY,5
AISPLGKLTY,5
AIRINGSYTY,5
AISDYGDDTY,5
AITPLGSYTY,5
AIGPFGNLTY,5
AIAPWGGTTY,5
AICWDGGYTY,5
AISDYGQLTY,5
AIAPDGYNTY,5
AIGPYGTYTY,5
AINPYGQITY,5
AITPFGHRTY,5
AIPFYGGSTY,5
AILPYGIATY,5
AISYRGSYTY,5
AITPVGKGTY,5
AIDPYGRKTY,5
AIVPRGGVTY,5
AIAPIGKETY,5
AIRWNDVSTY,5
AISPQGEQTY,5
AIWPYGDYTY,5
AISQYGEYTY,5
AITPFGNNTY,5
AINPFGQYTY,5
AISPAGLDTY,4
AISPFGVQTY,4
AISPNGRNTY,4
AISPVGARTY,4
AIRPYGTNTY,4
AITPFGTKTY,4
AIAPYGYRTY,4
AISPWGIHTY,4
AIAPFGSTTY,4
AITPYGNWTY,4
AINSFGDRTY,4
AIKPFGYHTY,4
AIEPYGEYTY,4
AINPFGHKTY,4
AISPRGNFTY,4
AINDYGWRTY,4
AISPGGLKTY,4
AISPHGSKTY,4
AIYPYGGITY,4
AIGPKGDTTY,4
AISPRGKLTY,4
AIMYLGGSTY,4
AINPFGYKTY,4
AILPNGSATY,4
AIGPVGSQTY,4
AISDFGGYTY,4
AISPFGAGTY,4
AIRWKGSATY,4
AISDYGGNTY,4
AIRPYGTETY,4
AIRWNGLDTH,4
AINDYGSYTY,4
AIGPFGDITY,4
AIYPYGRYTY,4
AIAPWGFRTY,4
AISPLGGHTY,4
AISNRGNRTY,4
AIQPFGHSTY,4
AITPYGQSTY,4
AITPTGYNTY,4
AIGWDGCYTY,4
AIMLWGGSTY,4
AIAPSGSTTY,4
AIPPYGLDTY,4
AIRWNSDYTY,4
TIRWNGDYTY,4
AIGYAGGSTY,4
AILPFGVQTY,4
AITDYGDNTY,4
AISPFGVATY,4
AIQPFGRGTY,4
AILPRGGYTY,4
AIGPFGFSTY,4
AIVPYGSYTY,4
AIRPYGNWTY,4
AIHGYGFRTY,4
AIRSSGYETY,4
AIQNSGNYTY,4
AIAEYGYYTY,4
AISDYGYVTY,4
AIMYGGGSTY,4
AIYPLGFGTY,4
AITPFGAQTY,4
AILPYGDRTY,4
AISPFGALTY,4
AIRPYGYYTY,4
AIDPFGVNTY,4
AIAPYGGWTY,4
AIHPYGYRTY,4
AIAPFGIKTY,4
AISEYGNFTY,4
AIHPYGQDTY,4
AIRWNCDYTY,4
AISPLGGTTY,4
AIGPFGWRTY,4
AIQPSGGYTY,4
AILPWGSYTY,4
AIRLNGLDTY,4
AISQDGIRTY,4
AIFPYGHYTY,4
AISPFGKKTY,4
AISPYGIKTY,4
AILYAGGSTY,4
AIGPFGLATY,4
AIGPVGYSTY,4
AISPYGYLTY,4
AINPFGDTTY,4
AILPYGRRTY,4
AIYPYGDFTY,4
AITPFGTRTY,4
AISPYGYDTY,4
AIGPFGTHTY,4
AINMQGGSTY,4
AITEYGDYTY,4
AIRWDGYVTY,4
AIGWDGGYTH,4
AIRNIGNYTY,4
AINPYGSDTY,4
AIGPFGDKTY,4
AISGRGDYTY,4
AIRPFGRSTY,4
AIVPFGSYTY,4
AIGPSGYYTY,4
AISEYGYVTY,4
AIRWYGVDTY,4
AISPGGSSTY,4
AIKWDGSYTY,4
AISPIGFGTY,4
AISPFGIDTY,4
AINPYGNLTY,4
AIQNSGGHTY,4
AISPVGFSTY,4
AIGPWGGYTY,4
AIAPFGWGTY,4
AIGPFGHWTY,4
AITPFGGRTY,4
AISPFGQQTY,4
AISDYGKSTY,4
AIRPFGNNTY,4
AIGPSGRTTY,4
AISPLGLSTY,4
AIRSFGNYTY,4
AIQPFGKDTY,4
AILPPGGDTY,4
AISNRGGITY,4
AIGPFGIETY,4
AIYPYGIDTY,4
AISRSGKFTY,4
AISPLGTITY,4
AINPLGGRTY,4
AIRPFGGRTY,4
AIVYAGGSTY,4
AISEFGSRTY,4
AIEPFGYNTY,4
AISPNGSTTY,4
AIRWNGMDTY,4
AIGWDGGYSY,4
AINPYGDTTY,4
AIESRGGYTY,4
AISPLGSSTY,4
AISEYGTLTY,4
AISWRGELTY,4
AIDPYGNNTY,4
AIDSYGGYTY,4
AIIPYGRYTY,4
AIVPIGSYTY,4
AIRPYGTYTY,4
AINPYGGSTY,4
AIGPFGISTY,4
AIAPFGNTTY,4
AIGPRGDGTY,4
AISPLGRGTY,4
AISEYGSNTY,4
AISDYGIDTY,4
AISPLGYKTY,4
AIAPLGLNTY,4
AIGGFGARTY,4
AINMLGGSTY,4
AIVPRGGRTY,4
AIRWSGNHTY,4
AIHPYGKYTY,4
AISDYGDTTY,4
AINPYGNNTY,4
AISPVGNDTY,4
AITPYGGATY,4
AIKVYGNRTY,4
AITPSGRYTY,4
RYDGTVWKPI,4
AISPFGVRTY,4
AIDTFGGYTY,4
AITPIGTSTY,4
AIRPKGYSTY,4
AIRPIGGETY,4
AIDEYGVSTY,4
AINPYGAYTY,4
AISPYGRTTY,4
AILPYGRLTY,4
AIAPFGQWTY,4
AISPYGQRTY,4
AIVPWGGHTY,4
AIFPYGSFTY,4
AIGPLGDITY,4
AINYAGDSTY,4
AIYPYGYGTY,4
AIRFMGGSTY,4
AIKPFGQYTY,4
AITPGGGATY,4
AIAPFGIDTY,4
AISPFGHATY,4
AISPYGSNTY,4
AISEYGDRTY,4
AITPFGLGTY,4
AIIPFGYKTY,4
AIRPYGLRTY,4
AITPFGVSTY,4
AIRWNDGSTY,4
AISPIGRLTY,4
AIGPFGKYTY,4
AINTRGGQTY,4
AIIPGGGRTY,4
AIHGYGGRTY,4
AISEYGYKTY,4
AISEFGEFTY,4
AIRPFGLTTY,4
AIVPFGNNTY,4
AISPFGHITY,4
AINDAGYYTY,4
AINPYGYDTY,4
AIAPFGTSTY,4
AIYPYGGRTY,4
AIGWYGGYTY,4
AIGDNGYYTY,4
AIKPYGTYTY,4
AIIPFGGTTY,4
AIYPLGIGTY,4
AITPLGKATY,4
AIVPSGNRTY,4
AISPFGQVTY,4
AIIPFGRNTY,4
AITPNGRYTY,4
AITEFGYATY,4
AILPYGGRTY,4
AIRPFGKWTY,4
AIGEYGLYTY,4
AIGPFGGITY,4
AIAPFGHFTY,4
AISPIGEATY,4
AIRYFGGRTY,4
AISDTGSYTY,4
AITPFGHYTY,4
AIIPSGGHTY,4
AILMRGGSTY,4
AITPFGGVTY,4
AIIPTGGRTY,4
AISPYGKSTY,4
AIDWGGRYTY,4
AITPRGQFTY,4
AIRSFGDGTY,4
AISPFGVETY,4
AIKWNGVETY,4
AISPSGYGTY,4
AIQGYGHYTY,4
AIYPLGDGTY,4
AIRPIGRETY,4
AISPFGKGTY,4
AITPFGSNTY,4
AIRPFGWGTY,4
AIDYAGGSTY,4
AISPLGTRTY,4
AIRPWGNDTY,4
AILPYGNRTY,4
AINPAGYRTY,4
AIGPSGYNTY,4
AIDPFGTYTY,4
AISPTGLYTY,4
AISPYCEYTY,3
AIGDYGRATY,3
AISPTGAYTY,3
AISPYGAVTY,3
AIRNGGGWTY,3
AIKPDGKYTY,3
AICYLGGSTY,3
AIDPFGSNTY,3
AIRSFGYSTY,3
AIVPFGNLTY,3
AIIPGGDRTY,3
AIRWNDSATY,3
AIYPLGSGTY,3
AIVPFGSWTY,3
AIRPRGGDTY,3
AIHPYGWKTY,3
AIQEYGRYTY,3
AISPRGKYTY,3
AIADYGAYTY,3
AIRWHGVSTY,3
AINPFGRRTY,3
AISPYGLGTY,3
AIAPFGNGTY,3
AIRSNGGSTY,3
AINPYGSRTY,3
AITPRGAYTY,3
AISYRGADTY,3
AILPYGDGTY,3
AIAPFGRITY,3
AISPPGSRTY,3
AIHTYGFRTY,3
AIKPYGKYTY,3
AIRPFGTYTY,3
AIGPLGSSTY,3
AIAPYGNRTY,3
AITPFGLATY,3
AIEEYGRYTY,3
AISPRGGETY,3
AIKYTGGSTY,3
AIGWGGEYTY,3
AIKPYGRYTY,3
AITDYGDYTY,3
AISRIGFGTY,3
AIAPWGGNTY,3
AIAPYGKLTY,3
AISDIGKGTY,3
AIRTFGYSTY,3
AISPGGYKTY,3
AISTRGNWTY,3
AISAPGYTTY,3
AISKVGNDTY,3
AIAPFGWNTY,3
AIAPFGSLTY,3
AISYFGGSTY,3
AITPFGDRTY,3
AMSPNGSYTY,3
AIQPYGSKTY,3
AILPYGEYTY,3
AIEPGGGRTY,3
AITPKGRNTH,3
AISDYGAYTY,3
AIRWNGGSAY,3
AIGPFGLHTY,3
AITPFGETTY,3
AIRPFGSDTY,3
AILWNGSFTY,3
SIRWNGGSTY,3
AIKPFGKFTY,3
AIRPFGFRTY,3
AIKPHGSDTY,3
AIIPFGGSTY,3
AITPFGDFTY,3
AISPDGDYTY,3
AISEYGDWTY,3
AIKPFGYTTY,3
AINPFGYRTY,3
AIGPYGERTY,3
AIAYTGGSTY,3
AISHGGGYTY,3
AISPWGDKTY,3
AIAPFGDHTY,3
AIRCNGFYTY,3
AIAPWGRLTY,3
AISPYGSQTY,3
AIRWNGDYTH,3
VIRWNGLDTY,3
AISPFGTGTY,3
AISPRGQWTY,3
AIAPLGWSTY,3
AIYPYGQYTY,3
AITPFGYGTY,3
AIAPNGYYTY,3
AITPFGDSTY,3
AIAPYGHYTY,3
AISPLGDITY,3
AITPYGGITY,3
AISPVGYSTY,3
AISPYGFYTY,3
AIAPKGYSTY,3
AIRAGGGFTY,3
AILPYGTTTY,3
AIKPFGFSTY,3
AIGPWGNSTY,3
AITPYGYNTY,3
AISPLGKQTY,3
AISMSGGSTY,3
AIRWIGVETY,3
VIRWNGGSTY,3
AIQPFGNYTY,3
AIRWNGDETN,3
AIGWDGAYTY,3
AITPEGYFTY,3
AITPFGSRTY,3
AIAYCGGSTY,3
AISPNGYFTY,3
AIARWGYETY,3
AIQPYGSLTY,3
AIRPSGKYTY,3
AIKLWGGSTY,3
AIRCNGSSTY,3
AIRSFGFRTY,3
AITPFGGFTY,3
AISPGGSYTY,3
AIYPYGYKTY,3
AIRPYGEITY,3
AISPNGSRTY,3
AIRWNGDETH,3
AIQPFGAGTY,3
AIAPLGRYTY,3
AIEPFGYITY,3
AIYPYGNGTY,3
AIRWNVVSTY,3
AISPSGSSTY,3
AIGPLGSITY,3
AIRWNCFYTY,3
AISPIGLSTY,3
AIKPFGYNTY,3
AIGPFGIHTY,3
AIAPFGEWTY,3
AISPYGSPTY,3
AIGARGDFTY,3
AINPFGSATY,3
AISEYGTGTY,3
AIRWNDDYTY,3
AITPRGEGTY,3
AIYPYGDWTY,3
AIAPIGRYTY,3
AILPYGYHTY,3
AIKIAGGDTY,3
AIAPTGYSTY,3
AILPSGGWTY,3
AIAPFGKNTY,3
AIRPFGWKTY,3
AINPYGVNTY,3
AITPFGQNTY,3
AIGPDGKFTY,3
AISEYGYFTY,3
AISDYGQRTY,3
AISEYGYRTY,3
AIGPFGFHTY,3
AIAPWGDNTY,3
AIHPYGDLTY,3
AITEYGRDTY,3
AIYPNGSYTY,3
AIAPFGRATY,3
AITPYGQNTY,3
AINDYGSHTY,3
AIYPYGGWTY,3
AINPYGYKTY,3
AIESFGYRTY,3
AISPAGQRTY,3
AINTYGSYTY,3
AISPIGKYTY,3
AIFPYGQYTY,3
AIAPLGTYTY,3
AITPFGQRTY,3
AIHPYGFRTY,3
AITPLGSSTY,3
AISPYGRITY,3
AISPRGQQTY,3
AISYRGHYTY,3
AITPFGFETY,3
AIAPGGRYTY,3
AIGDYGTKTY,3
AISPYGLSTY,3
AIGGYGGYTY,3
EIRWNGVSTY,3
AIGWDGGYIY,3
AISDYGSHTY,3
AIAPFGNKTY,3
AILYCGGSTY,3
TISEYGYATY,3
AISPSGGGTY,3
SIRWNGVSTY,3
AIRPYGEWTY,3
AISPYGNDTY,3
AITPFGTSTY,3
AIVPFGNRTY,3
AIIYAGGSTY,3
AIDVYGYYTY,3
AIRPFGLDTY,3
AILPYGTLTY,3
AIGPLGYKTY,3
AIYPFGNYTY,3
AINPYGYATY,3
AIFPYGYTTY,3
AISPWGYSTY,3
AITPYGTYTY,3
AIRWNGVEAY,3
AIADYGGYTY,3
AIQWNGSSTY,3
AIDPFGSYTY,3
AIQYTGGSTY,3
AIGDYGDYTY,3
AIRPFGQETY,3
AISEYGSWTY,3
AINEYGYRTY,3
AISPLGYETY,3
SITEYGYATY,3
AIGPFGFNTY,3
AIKPYGQWTY,3
AIGWDCGYTY,3
AIGPLGGWTY,3
AIRPFGKSTY,3
ALRWNGVETY,3
AIVYSGGSTY,3
AINPYGDWTY,3
AITPYGIRTY,3
AISPRGRTTY,3
AILPYGSLTY,3
AIFPYGYNTY,3
AINPFGGNTY,3
AIGPFGLPTY,3
AIRANGEYTY,3
AIKIDGYRTY,3
AIKTYGDVTY,3
AIVPTGGRTY,3
AIVMSGGSTY,3
AIHPRGAYTY,3
AISNRGGRTY,3
AICYAGGSTY,3
AIQWNGLDTY,3
AIVPRGNWTY,3
AISPAGWSTY,3
AIRPTGGRTY,3
AIRPFGRGTY,3
AIHPFGGYTY,3
AIAFWGGSTY,3
AIVYFGGSTY,3
AISPSGNFTY,3
AISTSGYSTY,3
AIELRGGLTY,3
AIDPFGVYTY,3
AIHPWGGRTY,3
AISDYGTYTY,3
AISPAGRDTY,3
AINENGNHTY,3
AISPIGSGTY,3
AIQPFGNRTY,3
AIRPLGGWTY,3
AIRPKGDRTY,3
AIAPFGRHTY,3
AIGLDGGYTY,3
AISPLGGGTY,3
AITPWGHYTY,3
AITPFGINTY,3
AIQPFGYRTY,3
AITYLGGSTY,3
AISPSGHQTY,3
AISPLGRKTY,3
EIRWNGGSTY,3
AISGTGGRTY,3
AIRMQGGSTY,3
AISPFGHDTY,3
AISPVGGYTY,3
AINGYGDYTY,3
AISPNGKFTY,3
AIKLNGYYTY,3
AISPAGLRTY,3
AIGPSGRSTY,3
AIKPSGESTY,3
AINPRGGWTY,3
AIHPYGAYTY,3
AIGPYGYSTY,3
AIRLFGKYTY,3
AIRYSGLHTY,3
AIKTFGGNTY,3
AIGPFGTETY,3
AISGYGRYTY,3
AIAPLGYSTY,3
AITPFGLSTY,3
AIYPYGDNTY,3
AIGPSGLNTY,3
AIRWYGGSTY,3
AIRWSGVSTY,3
AIRPLGRDTY,3
AIEVNGGNTY,3
AISPRGYNTY,3
AIRPQGAYTY,3
AIAYNGGSTY,3
AISPRGARTY,3
AISPGGGFTY,3
AIAPFGFTTY,3
AIRWSGDETY,3
AIKPFGKLTY,3
AITAYGYATY,3
AIRWYGVSTY,3
AIQGTGDYTY,3
AIAPTGLQTY,3
AIRPDGYWTY,3
AIGPFGKSTY,3
AIHPYGSWTY,2
AIAPFGHLTY,2
AMSPYGYYTY,2
AIDAFGNYTY,2
AITPRGDHTY,2
AISDYGYSTY,2
AIRPNGNGTY,2
TISPWGNYTY,2
AISPYGEYTH,2
AIYPIGSSTY,2
AIGSDGEYTY,2
AIRWHGSATY,2
AIYPYGDITY,2
AIGPYGKHTY,2
AITPLGNYTY,2
AIRFRGGATY,2
AIQPYGGLTY,2
AISPFGTHTY,2
AIGFYGGYTY,2
AIKPYGSWTY,2
AIGPFGRITY,2
AIGAPGIGTY,2
AITPIGFSTY,2
TISPYGKYTY,2
AIKYLGGSTY,2
AIRWNSSFTY,2
AIQWNGYYTY,2
AIAPFGNITY,2
AIKPYGQYTY,2
AINWNVKSTY,2
AIGPLGINTY,2
AIADYGQYTY,2
AINPYGHLTY,2
AISPYGYFTY,2
AIEPFGSRTY,2
AIKWNGYYIY,2
AIQWNGSATY,2
AISPFGWGTY,2
AIWPFGLGTY,2
AISPAGLNTY,2
AIGPEGFNTY,2
AIAPYGTYTY,2
AIRPFGKNTY,2
AIHWRGNFTY,2
AISPYCNYTY,2
AISTSGGNTY,2
AISPGGGSTY,2
AIYPIGFGTY,2
AIGPRGSRTY,2
AISPIGSWTY,2
AINPFGEKTY,2
AISNSGHYTY,2
AITPRGGQTY,2
AIGPHGRYTY,2
AIRWHGGSTY,2
TIRWNGSATY,2
AITPFGRITY,2
AIRPLGFDTY,2
AIKFMGGSTY,2
AIRSFGGRTY,2
AIRWNSLDTY,2
AISLFGYKTY,2
AISQYGRTTY,2
AIRWYGLDTY,2
AINPYGYHTY,2
AISPYGEATY,2
AIFPYGARTY,2
AISPWGYYTY,2
AIYPYGDLTY,2
AIRYAGRYTY,2
AIGPFGRNTY,2
AISTNGQYTY,2
TISPYGSYTY,2
AIGYNGYRTY,2
AITPQGSLTY,2
AISPNGHWTY,2
AIYPYGSKTY,2
AINPFGSDTY,2
AISPLGINTY,2
AITEYGRYTY,2
AIVPRGDWTY,2
AITPTGRSTY,2
AIAPKGLSTY,2
AIGPAGNDTY,2
AIRWYGEETY,2
AIKYSGGSTY,2
AIRIWGGSTY,2
AIVPPGGYTY,2
AISPYGINTY,2
AITPGGFKTY,2
AIRPYGNYTY,2
AIEFMGGSTY,2
AIGPLGGYTY,2
AISWRGNYTY,2
AISSYGYETY,2
AITPYGDRTY,2
AISPIGRVTY,2
AIRWDGGSTY,2
TIRWNGSFTY,2
AITPFGQWTY,2
AILPFGYSTY,2
AIDPFGKYTY,2
AISPFGYVTY,2
AIRWNSDETY,2
AISPWGFSTY,2
AIPYFGGSTY,2
AIRWDGFVTY,2
AITPFGFTTY,2
AISPYGRSTY,2
AIKVYGDRTY,2
AINPFGDFTY,2
AIRWKGDETY,2
AISPWGTYTY,2
AIGWDSEYTY,2
AIRWNGSATH,2
AIRPWGDYTY,2
AIGTYGDYTY,2
AIQPYGGDTY,2
AIRWNGVYTY,2
AIDTFGNYTY,2
AIGPYGSSTY,2
AITPYGRETY,2
AIYPYGNNTY,2
AIAPFGLSTN,2
AIHPYGRYTY,2
AISPIGDYTY,2
AILPSGGETY,2
AIRLGGYYTY,2
AINPAGNYTY,2
AITEYGHNTY,2
AIRPGGRRTY,2
AIHPYGSFTY,2
AIHPLGSGTY,2
AIVPYGYYTY,2
AINPYGGWTY,2
AIGPFGNSTY,2
AISNYGNYTY,2
AITMLGGSTY,2
AISPHGSSTY,2
AINPFGNNTY,2
AIAPYGRRTY,2
AIGPFGTYTY,2
AIMYCGGSTY,2
AILPDGSATY,2
AITPFGHITY,2
AIGWGGGYTY,2
AINPFGNLTY,2
AIRWNCNYTY,2
AILPIGSQTY,2
AIRWNGVETA,2
AISSFGRYTY,2
SIKWNGYYTY,2
AITPLGRLTY,2
AIAPRGGWTY,2
AMGWDGGYTY,2
AIRMWGRSTY,2
AIGWNGEYTY,2
AIRPYGAFTY,2
AIHPRGNKTY,2
AIKPYGEFTY,2
AIEEFGSKTY,2
AISYRGDYTY,2
AINPRGDFTY,2
AINPFGWGTY,2
AIIPYGYYTY,2
AIDVYGRYTY,2
AIRPFGYQTY,2
AILPYGAKTY,2
AIDIYGSYTY,2
AIFPYGNYTY,2
AIKPYGYKTY,2
AIAPSGLSTY,2
AVGWDGGYTY,2
AISPAGYHTY,2
AILPYGSSTY,2
AIRSFGYDTY,2
AISPIGRRTY,2
AITPIGWKTY,2
AIGPHGNNTY,2
AISPLGSHTY,2
AISPIGSNTY,2
AIRPYGSHTY,2
AIGPYGAYTY,2
AIQAYGNYTY,2
AISPFGYHPY,2
AIPPYGLWTY,2
AIRPGGQNTY,2
AIRWNCSFTY,2
AIGPLGGSTY,2
TISEYGYGTY,2
AIQFRGNETY,2
AIYPYGSFTY,2
AISPYCYYTY,2
AISECGYGTY,2
AIADYGRYTY,2
AITPRGRNTY,2
AIGEYGSYTY,2
AIVPFGGKTY,2
AIQWNGFYTY,2
AIRRNGDYTY,2
AMRWNGSFTY,2
AIRLFGASTY,2
AIYPYGFGTY,2
AINQYGRRTY,2
AISPYGLNTY,2
AIGRFGGFTY,2
AIKPFGSYTY,2
AIRPYGSFTY,2
AISPRGQHTY,2
AISPWGKYTY,2
AIGPWGASTY,2
AIRPDGSYTY,2
AITFMGGSTY,2
AIRPSGGYTY,2
AIKPYGNWTY,2
AIGPFGSVTY,2
AIAPIGKKTY,2
AIAPNGWSTY,2
AISPWGSYTY,2
AIHDYGNYTY,2
AIRWKGGSTY,2
VISPYGEYTY,2
AIHPRGGYTY,2
AIRPRGGNTY,2
AITPGGQFTY,2
AIYPFGFGTY,2
AIFPFGNGTY,2
AINPYGWHTY,2
AITEYGHDTY,2
AIGPWGKYTY,2
AIDEYGYYTY,2
AILPFGYRTY,2
AISPSGNRTY,2
AISPLGSGTY,2
AIRPRGYETY,2
AIDPWGLLTY,2
AITPLGYSTY,2
AICYWGGSTY,2
AISPAGENTY,2
AIRWNCSATY,2
AINPNGYRTY,2
AISPIGYDTY,2
AIGPSGQWTY,2
AIGPLGLSTY,2
AIRPFGLSTY,2
AISDYGMTTY,2
AIRLNGSFTY,2
AIKWGGVRTY,2
AIKPFGQGTY,2
AIGEYGQYTY,2
AINPNGNITY,2
AISPFGVSTY,2
AISPDGTDTY,2
AIDDYGYYTY,2
AIGPYGWTTY,2
AILPYGWNTY,2
AILPYGNFTY,2
AITECGYATY,2
AITPFGKITY,2
AIADNGYETY,2
AIRWNGGTTY,2
AIKAYGEATY,2
AIGWDSGYTY,2
AIHPYGARTY,2
AISKYGYYTY,2
AIRWNGRATY,2
AINPYGYSTY,2
AIRVYGSGTY,2
AISDKGKKTY,2
TISPYGEYTY,2
AIRNSGYYTY,2
AIFPYGSRTY,2
AIKPYGYYTY,2
AIRPLGDKTY,2
AISPGGAFTY,2
AINPTGYNTY,2
AIAPAGYYTY,2
AIGPYGHYTY,2
AIRMWGGKTY,2
AISPFGTVTY,2
AISECGYATY,2
AISEFGSWTY,2
AIADYGHYTY,2
AIRRYGVETY,2
AITKYGYATY,2
AIIPYGGYTY,2
AITPQGFGTY,2
AIQFMGGSTY,2
AIDPYGSHTY,2
AMSEYGYGTY,2
AIYPYGSWTY,2
AISPWGDNTY,2
AITPRGGNTY,2
AISDPGYYTY,2
AIAPYGSWTY,2
AITPFGHHTY,2
AITPYGTITY,2
AITPRGGYTY,2
AIFPYGKFTY,2
AISDPGGYTY,2
AISTNGFRTY,2
AIKSFGGETY,2
AIVPYGGNTY,2
AIRWNGGFTY,2
AINPYGQSTY,2
AISPFGQTTF,2
TIAPFGEYTY,2
AIAPFGVTTY,2
AITPFGIETY,2
AIHTYGNYTY,2
AIRTFGSYTY,2
AIAPFGINTY,2
AIKTYGDYTY,2
AISPGGNKTY,2
AINPYGFKTY,2
AIGPRGYRTY,2
AISQGGGRTY,2
AIRLNGFYTY,2
VIRWNGSATY,2
AIRWNGVVTY,2
AIQPYGSYTY,2
AISPLGQYTY,2
AIQPSGGNTY,2
AIAPFGTLTY,2
AIAPFGQGTY,2
AIGDYGTNTY,2
AIRWNGSSTH,2
AIEPFGFNTY,2
AIAPVGYTTY,2
AILPYGNWTY,2
AITPFGVQTY,2
AILWNGLDTY,2
AIVPLGGYTY,2
AILPYGSNTY,2
AIKDYGSRTY,2
AILPYGANTY,2
AILPFGHQTY,2
AIRPYGRRTY,2
SISPYGNYTY,2
AIYPYGRRTY,2
AITPYGRRTY,2
AIVPFGARTY,2
AIRCNCVETY,2
AIGWDGGYAY,2
AITYWGGSTY,2
AINWRGTHTY,2
AIHPYGYATY,2
AIAPYGRHTY,2
AIGWDGKYTY,2
AIHPYGSLTY,2
AITEYGYAAY,2
AIRPNGKITY,2
AIAPRGDHTY,2
AIPPYGYYTY,2
AIRWDGDETY,2
AIAPFGIATY,2
AINPAGQNTY,2
AISTRGSYTY,2
AINDYGYYTY,2
AIRLFGKSTY,2
AISPYGQNTY,2
AIYPYGGFTY,2
AINPYGRQTY,2
AISPSGKLTY,2
AIEPYGSYTY,2
AIYPFGHKTY,2
AIADYGSYTY,2
TIRWNGDETY,2
AIKWNCYYTY,2
AITMRGGSTY,2
AIGPTGYGTY,2
AIQPYGHYTY,2
AISPYVQYTY,2
AIAPIGYSTY,2
AISPWGYDTY,2
AIYPLGYGTY,2
AIRYGGGSTY,2
AIVPRGEYTY,2
AISPWGGTTY,2
AIYPYGKNTY,2
AISPRGATTY,2
AIRWNGFETY,2
AIRPYGQLTY,2
AISGAGYKTY,2
AIYPYGRATY,2
AIRPFGAITY,2
AIKPYGNRTY,2
AIKSFGNSTY,2
AIGPYGEYTY,2
VIRWNGDETY,2
AMGPQGYYTY,2
AINPGGNYTY,2
AIRPIGRYTY,2
AIGPFGQNTY,2
AINPYGRKTY,2
SISPYGYYTY,2
AISPPGYYTY,2
AIAPWGYSTY,2
AISPYGKKTY,2
AINPFGRHTY,2
AIAPRGHHTY,2
AIVPRGGETY,2
AITESGYATY,2
AISAYGYATY,2
AISPGGGFTS,2
AIGPFGYYTY,2
AISPYGLQTY,2
AIKTFGGSTY,2
AITPFGIKTY,2
AIRWNGGLTY,2
AISPFGYTTH,1
AISQFGYSTY,1
AITPKGRNTY,1
AISLFGEYTY,1
AIDPYGYFTY,1
AITQFGHSTY,1
AIAPYGLTTY,1
AIRLFGAETY,1
AIRWSCNQTY,1
AIRLNGHYTY,1
AIAPWGGHTY,1
AISPQGFSTY,1
AISPFGFYTY,1
AIGPYGNVTY,1
AMSPYGDLTY,1
AIGWVGDYTY,1
AISLYGEYTY,1
VISPFGDSTY,1
AIVYMCGSTY,1
AIRPLGMKTY,1
AIRPNGYTTY,1
AIRWNGQYTY,1
AISPYGDYIY,1
SIAPYGEYTY,1
TIRSLRYETC,1
AMSPLGYYTY,1
AISPRGSWTY,1
AIRYYGGSSY,1
AIRWNGVESW,1
TISENGYYTY,1
AIGGYGKYTY,1
AMSPYGEYTY,1
AIPPYGSNTY,1
AISPAGYNTY,1
AISHNGCSTY,1
AIAPCGGTTY,1
AIAPFGIETY,1
AISAYGYGTY,1
AIALFGGKTY,1
AIKRFGYSTY,1
AINCNGGSTY,1
AISPCGEYTY,1
AIQRRGGYTY,1
AIFPYGSPTY,1
AIRIYGSRTY,1
AIRWNGEWTY,1
AISPYGYWTY,1
AIQPYGWCTY,1
AISPLGRNTY,1
AIKPYGYLTY,1
AIYPLGHGSY,1
AIRYVGYYTY,1
AIDYFGGSTY,1
RITYYGGSTY,1
AISQYGDWTY,1
ALSYYGGSTY,1
AIRPYGDETY,1
AIKLFGKRTY,1
TIRWNGHYTY,1
ALNWNGKSTY,1
AIDPYGHSTY,1
AIAPYGECTY,1
AINPYGLRTY,1
AIVPWGSHTY,1
AIGPLGNGTY,1
AISPIGKQTY,1
RDNRFWLLTY,1
AISWDCSYTY,1
AMGPFGHYTY,1
AIKYAGGSTY,1
AIVPGGGYTY,1
AISAYGYSTY,1
AISPIGKGTY,1
AITPFGRHTY,1
AIRQFGYRTY,1
AIYPYGSGTY,1
AISPIGLGTY,1
AIKISGGYTY,1
AIRWNVSATY,1
TISPYGYYTY,1
AISWRSQNTY,1
AINTSGGNTY,1
AISPNGCRTY,1
AIAPAGAWTY,1
AISPIGHGTY,1
AILPYGGLTY,1
AIRWDGYYTH,1
AIRCNDVETY,1
AIVPTCNRTY,1
AISPRGDYTH,1
AIYPYGSPTY,1
ALSPYGYYTY,1
AISWDGDYTY,1
AIKAYGSATY,1
AIRCNGLDTD,1
AISEYDYATY,1
EIRYMGGSTY,1
VIAPRGDYTY,1
AIHPYGHYTH,1
AISKSGGYTY,1
AIRRNGGETY,1
AIDPFGWNTY,1
AIRPYGIHTY,1
AITPIGYSTY,1
AIAPFGGITY,1
AIVPYGHYAY,1
AISPFGISSY,1
AIRWNGSATN,1
AIIPYGWNTY,1
AIAPFGRETY,1
AITPIGSTTY,1
AIKPHGSSTY,1
SISPYGEYTY,1
AIRWNGDETC,1
AICPYGEYTY,1
AITPSGQFTY,1
AIGSFGDITY,1
AICPAGDHTY,1
AILWNCVETY,1
AIYPYGKFTY,1
AISPWGWRTY,1
AISSNGDETY,1
AIEPFGYLTY,1
AIADYGRLTY,1
AIASFGQNTY,1
AITPSGAFTY,1
TISPNGLDTY,1
AIATYGRYTY,1
VIAYMGGSTY,1
AIQYKGGYTY,1
AIRPFGSWTY,1
AIRPGGLFTY,1
TISPYGHFTY,1
AIASHGDYTY,1
AIGPVGKATY,1
AIDPYGYTTY,1
AISEYGYATH,1
SIGPFGNHTY,1
AISPLGDWIY,1
AIRWASYYTY,1
AISDYGRGTY,1
AIAPYGSNTY,1
AIRPFGYKTY,1
SISPFGGRTY,1
AIVPQGVQTY,1
ATSEYGYATY,1
AISPYGKHTY,1
RYDRLVPHTY,1
SIRWNGNYTY,1
AISWDGSHTY,1
AIAPFGLETY,1
AISPYGGYTS,1
AISPGGLYTH,1
AIQMSGGSTY,1
AISDYGYYSY,1
AISPFGDTTY,1
AIGWDGRYTY,1
AISQFGLGTY,1
RIKPHGSDTY,1
AILPYGSHTY,1
AIKPFGSNTY,1
AISPGGEVTF,1
AIDPYGGSTY,1
AINTYGRYTY,1
AIKPFGHTTY,1
AISPFGTWTY,1
AISPFGRTTH,1
AIAPYGEYIY,1
AIQPFGPRTY,1
AIALFGQYTY,1
AISPYGEYTN,1
AISSTGGPTY,1
AIHYMGCSTY,1
AIYPYGFRTY,1
AISQYGHYTY,1
AIRWNGEYTY,1
AISPWGSLTY,1
AISLFGSYTY,1
AIDPFGGFTY,1
AIEPYGSNTY,1
PITYKGGSTY,1
AISCDGSYTY,1
AIRPNGDRTY,1
AIIYCGGSTY,1
AIKNYGLRTY,1
AITPFGKFTY,1
TISPFGNWTY,1
AISEYCYATY,1
AISPGSQGTY,1
SISPGGDITY,1
AISPYCDYTY,1
AISEFGYYTY,1
AISQAGNYTY,1
AISPDGSHTY,1
AIRSFGGWTY,1
PISTSGYRTY,1
AIAPQGYYTY,1
AIAMWGSSTY,1
AISIWGGSTY,1
RDKPVGRYTY,1
AIRWYGDATY,1
AITPFGRFTY,1
AINPFGGITY,1
AITPSGYRTY,1
AITQLGDNTY,1
AITPYGSFTY,1
AINYWGGSTY,1
AIRPLGGSTY,1
ATSPFGYATY,1
AIRMHGCSTY,1
AIRPYGSRTY,1
RYDRLGYHTY,1
AISPYGWRTH,1
AIQYGGGSTY,1
AICPDGRETY,1
AIRWYGSTTY,1
AISPFCYATY,1
AILPFGKYTY,1
AIHPYGDRTY,1
AISPKGYSTY,1
AIQNSGWSTY,1
AMRWNGLDTY,1
AISQYGYYTY,1
AIRFRGGNTY,1
ATAPFGEYTY,1
VISPLGYGTY,1
AISWDCNYTY,1
AISMWGGSTH,1
AINRSGSRTY,1
ALSPNGSTTY,1
AIRCGVVQPI,1
AIDPYGHYTY,1
AICMWGGWTY,1
AISPIGSLTY,1
TIRMWGGSTN,1
AITPRGNLTY,1
AITPFGYATY,1
AIAPCGEYTY,1
RDKHVGWFNL,1
AITLWGGSTY,1
AIKSFGRRTY,1
AIRWNGLDTN,1
AILWNGCSTY,1
AIRWNGSSTD,1
AISTFGGTTY,1
AISPSGCQTY,1
ASGWDGEYTY,1
AILPFGRNTY,1
AIRPLGYTTY,1
AISEYGERNY,1
AIRWNGVETE,1
AILPYGSDTY,1
AIKPIGKETY,1
AITYKGGSTF,1
AIKMWGRSTY,1
VIAPFGLSTY,1
AIYPYGRTTY,1
AIPWNGVDTY,1
AIRPNGYRTY,1
AISPFDIQTY,1
AIRPFGKFTY,1
AIVPYGTRTY,1
AIQPYGRFTY,1
AIRLNGSSTY,1
AIAPHGSRTY,1
AICLRGGSTY,1
AIKLMGGSTY,1
AITPFGADTY,1
PIRWHGVETY,1
AIRTYGHYTY,1
AIRWHGLDTY,1
AISPAGYGTY,1
AIIPFGNSTY,1
AISPLGYFTY,1
AITPLGYTTY,1
AIYPYCNYTY,1
AMRWNCVETY,1
AILPYGLRTY,1
AIRWNGVSTS,1
AIAPNGDHTY,1
AIHPYGHYTY,1
AIQWNGSFTY,1
AISQYGDYTY,1
AIKSFGYRTY,1
AISPAGSWTY,1
AITPFGHWTY,1
AISPYGNYAY,1
AIIPYGDYTY,1
AIDYMGGSTH,1
AITDYGYNTY,1
AIAPFGALTY,1
AITPFGLNTY,1
AISPLGFTTY,1
AINPFGSYTY,1
AISPYGGYAY,1
AIRWNGGPTY,1
AIRPRGGSTY,1
AIVPFGRQTY,1
AIGQFGDWTY,1
TISPFGLKTY,1
AIRRYGEETY,1
AIRPSGSYTY,1
AISPYGSRTH,1
AIRWNCLETY,1
AIRWNGDYIY,1
AMSPFGLETY,1
AISPVGSITY,1
AINYRGHYTY,1
AIVPFGSRTY,1
AIARYGQYTY,1
AITPWGLQTY,1
AINGFGQRTY,1
AITEYGCATY,1
AIRPYGKITY,1
AIVPYGKSTY,1
AISPYGAFTY,1
AISPIGFDTY,1
AISPVGASTY,1
AIRWNVDETY,1
AILPVGWGTY,1
AIRWNGGSSY,1
AIVYVGDSTY,1
AIAPFGQITY,1
AIAPAGYNTY,1
AIRWNDSFTY,1
TISPFGYTTY,1
TINPYGTYTY,1
AISPHGDYTY,1
AIEMHGGSTY,1
AIRWNGGKTY,1
AISPLGISTY,1
AILWNGFYTY,1
AISPVGERTY,1
AIHDYGTYTY,1
VIKWNGLYTY,1
AIGWGGEYIY,1
RDKRLCYLTY,1
AINPLGYYTY,1
AIRPFGSNTY,1
AITYMGGSTD,1
ATLPYGQYTY,1
AIRPFGHFTY,1
AISPYGDATY,1
AIRWNGFYAY,1
AINPGGSYTY,1
AIYPYGKGTY,1
AIEFRGGHTY,1
AIDPYGYYTH,1
AIQYNGIYTY,1
AIAQYGEWTY,1
AIMMWDGSTY,1
AIGPGGTYTY,1
SIGPFGDYTY,1
AISEYVSYTY,1
AISPFCWNTY,1
EIAPYGEYTY,1
AISYVGCSTY,1
TIAPYGEYTY,1
AISEYGYETY,1
AINWSGRRTY,1
AIRPSGRSTY,1
AITPDGNSTY,1
AIKPFGSKTY,1
AIRWHDVETY,1
AIGPPGLHTY,1
ATRWNGVKNY,1
ATRRNGVENY,1
AILWNGMETY,1
AIVPSGGYTY,1
AISEYGSITY,1
RDRPYGSLTY,1
AITSVGGSTY,1
AIFPDGHQTY,1
AIGPNGSTTY,1
AIQWNGIYTY,1
AIGNVGNITY,1
AMSPYGSYTY,1
AIAPWGGETY,1
AILHRGGQTY,1
AISDYGYWTY,1
AIIYMCGSTY,1
AIIEYGEYTY,1
AIRWYGGNTY,1
AISPFVDWTY,1
TISPWGGWTY,1
AISPRGYRTY,1
AIAPYGAFTY,1
TISPWGFRTY,1
AIIPGGGTTY,1
AIAPRGRYTY,1
AIRWSGNQTH,1
AIRPWGCSTY,1
AITPYGHITY,1
AIAPFGWKTY,1
TIRWNGSSTY,1
AIKPFGYSTY,1
SITFWGGSTY,1
AITTFGIKTY,1
ALNPYGRYTY,1
AIHTYGDYTY,1
EISPYGKYTY,1
AINPSGGQTY,1
AAISPLGTRT,1
AILPYGEWTY,1
AIRWNAFYTY,1
AIRLGGTNTY,1
SISPYGRFTY,1
AIGPYGEITY,1
AIRPGGGYTY,1
AITAYGSYTY,1
SIAPYGKLTY,1
AIFMWGGSTY,1
AIRWNDSSTY,1
AIRPYGIRTY,1
AISEYGRRTC,1
AITPYGRSTY,1
AINNGGGLTY,1
AISPFDRITY,1
AITFCGGSTY,1
AIGEYGYATY,1
AISPYCGYTY,1
AIRPFGSYTY,1
AISPFGLETH,1
AISEYCYSTY,1
AITPFGGQTY,1
AITTTGSYTY,1
AIRWNGSFTH,1
AIKPAGYRTY,1
AIRPGGYYTY,1
AIRCNGHYTY,1
AIFPFGKGTY,1
AITPFGIDTY,1
EIHPYGGDTY,1
AIAPFGFSTY,1
AIRWDGESTY,1
AISPSGGLTY,1
AISPFCNSTY,1
AISPRCQYTY,1
AISPSGNSTY,1
AIAPFGKITY,1
AIVPYGDGTY,1
AIRWDGFAIY,1
AISPDGEYTY,1
AIKPLGYYTY,1
AIAENGRYTY,1
AISSFGSYTY,1
ALKPYGYYTY,1
AITPIGRATY,1
AIRWNGVSTD,1
EISPYGEYTY,1
AITPYGYHTY,1
AIRPYGYLTY,1
AIRLSGNFTY,1
AIYPYGNITY,1
AISQYGGYTY,1
AIRMWGSSTY,1
AIKWDGYYTY,1
AISPFGLSTC,1
AIDTYGYPTY,1
AISPYGYYNY,1
TIAPYGKYTY,1
AIGPFGYKTY,1
AISPRGDQTY,1
AIRWNGSPTY,1
AIKIGGGYTY,1
AINPYGYFTY,1
VIRWSGNQTY,1
AMAPFGTSTY,1
AITPWGISTY,1
AIAPFCEYTY,1
AISLFGQSTY,1
AISEYGYYTH,1
AISGKGMATY,1
AIIPRGNWTY,1
AISPIGRNTY,1
AITQFGYRTY,1
VIRMQGGSTY,1
AIRWNGFYIY,1
AIRPFGDATY,1
AIVMWGGYTY,1
AINFMSGSTY,1
AIKWSGHYTY,1
AITPYGNRTY,1
AISPYCYKTY,1
AIGPFGYRTY,1
AIRLAGDNTY,1
AIGPYGSHTY,1
AIRMWGASTY,1
AISQFGGYTY,1
AISTNGFHTY,1
AISPFGEGTY,1
AIAPNGSYTY,1
AISYRGGTTY,1
SIGWDGGYTY,1
AIPYSGGSTY,1
AIKPWGGSTY,1
AIAPFGQQTY,1
TIRWNCVETY,1
AIQPFGNKTY,1
AIIMWGGTTY,1
AIRWNGRYNY,1
AIKPYGSRTY,1
AIRPYGAYTY,1
AISDYGYHTY,1
TISPFGDRTY,1
AITEYGYATH,1
AIAYMGCSTY,1
AISPHGSDSY,1
AIRWYGVKTY,1
AIRWNGVSIY,1
AITPYGWRTY,1
AIVYCGGSTY,1
TITPGGEYTY,1
AISPLGRFTY,1
AIAPFCYDTY,1
AIYPFGLRTY,1
AIRWNGDKTY,1
AISGYGDYTN,1
AITPYGYQTY,1
AISPIGDFTY,1
AISPNGNSTY,1
AIRWAGKYTY,1
AILSYGSYTY,1
AIGPKGDYTY,1
TINWSGSRTY,1
AISPYGCRTY,1
AIRWNGKTTY,1
AISEYGDSTY,1
AIYPLGHGTY,1
AISLFGFNTY,1
AIQWDGFATY,1
AIAPFGMSTY,1
AIRWNGIFTY,1
AIGPFGRHTY,1
AVSPYGDYTY,1
AICPFGDWTY,1
AIRWNGVSTN,1
AMSWRGYHTY,1
AIIYYGDYTY,1
AISPGGDYTY,1
AIVPNGSFTY,1
AINYSGSQTY,1
TISPRGDETY,1
AIAPFGVQTY,1
PIAPLGISTY,1
AIRRNGDETY,1
AIFPYGGHTY,1
AILYLGGSTY,1
AIKPGGNQTF,1
AITPFGITTY,1
AIKWNGYYTH,1
AIVPYGTETY,1
AIRWNGVLTY,1
AIRWNCVETN,1
AIGEYGNYTY,1
AIRWNGDHTY,1
EIRWNGDYTY,1
AIAQFGETTY,1
AIIPYGSRTY,1
AMSPWGGYTY,1
AILPFGSFTY,1
AMRWNGSATY,1
AIGWDGEYTF,1
RDMMRGGSTY,1
AIRWNGSASY,1
AIDPYGMYTY,1
AITQYGGFTY,1
AISQGGYRTY,1
AILPYGFRTY,1
TIRPFGLETY,1
AISPGGRRTY,1
AIQNSGQYTY,1
AISGYRSYTY,1
AIKPYGVRTY,1
AIGDFGHYTY,1
AIFPYGRRTY,1
AIGPVGGQTY,1
AISPGGQGTY,1
AISTDGYSTY,1
PIAPFGYTTY,1
AIRPAGDHTY,1
AILPYGGATY,1
AIYPFGGRTY,1
AIGPDGYYTY,1
AIARYGLDTY,1
AIEPFGFDTY,1
AISPYGSRIY,1
AISQYGTFTY,1
AIQWDGYATY,1
AICWYGVETY,1
AIRWNDDETY,1
AISPYCRYTY,1
VISPFGDHTY,1
VIRWNGVETD,1
AISLYGYYTY,1
AISPIGGRTH,1
AIVPYGARTY,1
AIGPFGTATY,1
TIQWNGVETY,1
TISPFGRFTY,1
AIRLSGNLTY,1
AIPYVGCSTY,1
AISDYGNWTY,1
TIRWNGIYTY,1
AIRWNGDETD,1
AISDFGLYTY,1
TISPFGDWTY,1
AIRRKGFATY,1
AIRWNGLESY,1
AISDYGGSTY,1
AISEYGSGTY,1
AIAPYGGATY,1
AIRMSDGSTY,1
AIYPFGNGTY,1
AIRPHGRRTY,1
AIKYIGGSTY,1
AISPIGKSTY,1
ALTPFGSSTY,1
AISPFGMSTY,1
AIVPRGGLTY,1
AIIPYGHITY,1
AIYPYGSATY,1
AIGPLGYGTY,1
AIKDFGYYTY,1
AINPNGLSTY,1
AIRSNGVDTY,1
AIHGYGSYTY,1
AISPNGRFTY,1
AISNYGGYTY,1
AIGSDGSYTY,1
AILPYGSYIY,1
AIRPYGESTY,1
AITFWGGATY,1
AISPYGGCTY,1
AIGEYGYGTY,1
AICYCGGSTY,1
AISMRGGQTY,1
AILLSGNWTY,1
AISPWGSGTY,1
AIRWNGKYTY,1
AIRWNGSFTD,1
AILPYGDATY,1
AIAMWDGSTY,1
AITEYSYATY,1
SIAPFGISTY,1
AIQMLGGSTY,1
VIRWNGSFTY,1
AIRCNGVQTY,1
AITPTGGNTY,1
AIAPRGDWTY,1
AIGFWGGSTY,1
AIIPYGRTTY,1
AISPQGDNTY,1
AIAPFGKFTY,1
AIGPFGNGTH,1
AIQWNRVETY,1
AIGRFGGVTY,1
AISPVGFDTY,1
AISPDGWATY,1
AIRWSGGSTY,1
AIRWNGGDTY,1
AIGPPGEFTY,1
TIRWNGVENY,1
AIRWYGFETY,1
AILQYGDYTY,1
AIRWNCSSTY,1
AISPQGWRTY,1
AIAPFGFNTY,1
AIHPYGRRTY,1
AIAPLGYTTY,1
AINPFGNWTY,1
AIRPNGFYTY,1
AISPSGSVTY,1
AIGQFGLTTY,1
AIAPFGVDTY,1
AISPSGSGTY,1
AIRTYGSYTY,1
AIARYGSWTY,1
AIYPFGKYTY,1
AINPFGYSTY,1
AIRMWGGSTH,1
ARRWNGGSTY,1
AIVPFGLSTY,1
SIAPYGKYTY,1
AIGPYGGSTY,1
AINENGSYTY,1
AISNWGKYTY,1
AIQPFGKRTY,1
AICMLGGSTY,1
AIDPFGSKTY,1
AIRCDGYATY,1
AISQFGLSTY,1
AISPFGSPTY,1
VIAPYGKYTY,1
AISPYGGHTY,1
AIDYYGGTTY,1
SIGPTGLNTY,1
AIQLWGGSTY,1
AIAPYGVITY,1
AISPCGYNTY,1
AISAYGCVTY,1
TIAPFGGRTY,1
AISPCGGTTY,1
AIGPFGQRTY,1
AISPFGDYTH,1
AITDIGYYTY,1
AISPQGYYTY,1
AISPFCYRTY,1
AIKPYGFNTY,1
AISPFCGNTY,1
AIKPYGRKTY,1
AITPYGLYTY,1
AINSFGNSTF,1
AISPNGVETY,1
AITPSGWSTY,1
AIRWSGDYTY,1
SISPYGSYTY,1
SIGPYGSYTY,1
TISPDGSRTY,1
AIRRNGSATY,1
AINDYGQSTY,1
AIDIYGSRTY,1
AIKDYGNRTY,1
AILPYGGSTY,1
AIKPYGVKTY,1
AISMCGGSTY,1
EIRWNGDETY,1
AIEMRGGTTY,1
AITPSGYDTY,1
AISLFGENTY,1
AISPDGVVTY,1
AIGWDGGDTY,1
AIRWNGGSIY,1
VISEYGYATY,1
AISQNGKHTY,1
AISPGGRQTH,1
AISQFGYKTY,1
AIRPFGRQTY,1
AILPYGRATY,1
AIRLNGVETH,1
AIGQYGQYTY,1
AISPDGSNTY,1
AISEYGYCTY,1
AISRWGDWTY,1
AIRWNGHETY,1
TIKWGGVRTY,1
AIGPNGYRTY,1
AITPFRSYTY,1
AIAPNGSLTY,1
AIQNSGFNTY,1
AIRWAGYYTY,1
AIKWNGDHTY,1
AICMWGGNTY,1
AISEYGYGTH,1
AILCNGVETY,1
AIKPNGVDTY,1
AIADYGRSTY,1
AISPYGMKTY,1
PIKPYGTFTY,1
AITFWGVSTY,1
AIGPLGNETY,1
AILPYGGYTH,1
AIRWNGDVTY,1
AITPFGHETY,1
EIGWDGGYTY,1
AITPVGSYTY,1
AMRWNGSSTY,1
AIRPFGKYTY,1
AISEFGRFTY,1
AIRPFGGSTY,1
AIAPIGHITY,1
AIGWDGNYTY,1
AIKAWGQYTY,1
AIAPFGTTTY,1
AITPFGRLTY,1
AIRCNGSYTY,1
AIRWNVSFTY,1
AITPFGLEPY,1
AIGWDGGNTY,1
AIRRNGEETY,1
TISPYGWNTY,1
AIGEPGKFTY,1
AITPSGLYTY,1
AIAPEGYYTY,1
AISSYGEITY,1
AIHPYGSWTF,1
TIAPYGGYTY,1
AIKASGYLTY,1
RDMMWGGSTY,1
AIEEYGSYTY,1
AIAPHGSYTY,1
AILPPGSQTY,1
AIAQFGQNTY,1
AISWDGNHTY,1
AITPRGWGTY,1
AIVPRGQLTY,1
AIGFYGGSTY,1
AISPLGRRTY,1
AISPFGSYTF,1
AIAPFVLSTY,1
AISSFGRNTY,1
AIRLDGYYTY,1
AINPRGGHTY,1
AIGPFGGVTY,1
AISQFGYATY,1
AIAPFGKWTY,1
AISPYGCYTY,1
SIVPYGRYTY,1
AINPYGSLTY,1
AIRLGGTYTY,1
AISTSVGVTY,1
AISPYGNSAY,1
VIGPFGDYTY,1
AISPYGQYTH,1
AINPFGHFTY,1
VISPFGSYTY,1
VIAPYGAYTY,1
AIIYVGCSTY,1
AITPFGLTTY,1
TISPDGRKTY,1
AICPYGYYTY,1
AIRWGGFATY,1
AIKWNGYHTY,1
AIIPIGGRTY,1
AIRPSGESTY,1
AINPFGWNTY,1
AIIPFGGWTY,1
AIRSNGDYTY,1
AIRPLGWKTY,1
AIEVRGGSTY,1
AINPYGKYTF,1
AIIEYGYSTY,1
AISPTGSHTY,1
AISPIGHNTY,1
AIAPYGKRTY,1
AINPIGSRTY,1
AISPRGYYTY,1
AIRMYGVSTY,1
AINSFGDRTD,1
AIVPRGDYTY,1
AIAPFGGGTY,1
AIRWSDNQTY,1
AITDYGLSTY,1
AILPYGIRTY,1
SISPYGSTTY,1
AISYRGNETY,1
TIGPYGSWTY,1
AIRWNGDEIY,1
AIRWSGLDTY,1
AITPFGASTY,1
AISTFGYSTY,1
AISPAGHQTY,1
AILYGGGSTY,1
AISPLGLNTY,1
AIAQFGYQTY,1
AISPFGDDTY,1
AIVPFGNFTY,1
AISPDDNNTY,1
AISPYGAKTY,1
AISPNGPYTY,1
AIQNSGGNTY,1
SIRWDGFATY,1
TISPYGDYTY,1
AIKVYGRYTY,1
AIRSFGSFTY,1
AISPNGDETY,1
AINDFGYYTY,1
EIRWNGNYTY,1
ALYYMGGSTY,1
AIAPFGSITY,1
AIRYVGDFTY,1
VISPYGKYTY,1
AIRPQGKYTY,1
AIRWNDLDTY,1
AISPDGAVTF,1
AIGWDGGHTY,1
TISPFGSYTY,1
AIAPFGLSTH,1
AIRARGEYTY,1
AISPRGIETY,1
AIVPRGGYTY,1
AISEYCSYTY,1
AISPYCAYTY,1
AISYSGDWTY,1
AITPFGHGTY,1
AISPIGGVTY,1
ALGPQGYYTY,1
AMLPYGAYTY,1
AIRWNGRYAY,1
AIGWNGGYTY,1
AIRWYGSSTY,1
AISPYGGRTH,1
AIRWYGDYTY,1
AIYPFGDGTY,1
AIPMRGGSTY,1
AIDTYGLYTY,1
AIRWYGVATY,1
AIKPFGWSTY,1
AINEYGIYTY,1
AIAQFGSWTY,1
AIGSFGDVTY,1
AILWDGYYTY,1
AISPSGHITY,1
AISPNSDYTY,1
AIIPFGHWTY,1
VISPFGGNTY,1
AIAPVGDKTY,1
AITPYGLSTY,1
AIGWDGSYTY,1
AIRMWVGSTY,1
AIGSYGNYTY,1
AISPFGYLTY,1
AINPFGLGTY,1
AIFPYCSYTY,1
AISEYGWGIY,1
PISPYGYSTY,1
AIAPYGKFTY,1
AIAPYGGCTY,1
TISPFGDYTY,1
AIRPNGVETY,1
AIAPFGQYTH,1
AMAPYGAYTY,1
AISPRGYATY,1
AISPGGTCTY,1
AISEYGHFTY,1
RISPYGGYTY,1
AIGPFGGDTY,1
AIGSFGDYTY,1
TIRWNGFYTY,1
AIKWNGYYAY,1
AIKWYGRYTY,1
AINPFGGHTY,1
AISQRGQYTY,1
AINPFGQTTY,1
AISDYGYYAY,1
AIRPFGDLTY,1
VISEYGWGTY,1
AIGPYGGATY,1
AIQPYGLSTY,1
AIKPPGSYTY,1
AITPIGYYTY,1
AISPFCNYTY,1
SISPWGDYTY,1
AIGGYGRYTY,1
AIGPYVNYTY,1
EIGWDGEYTY,1
AILWHGVETY,1
AINPYCLYTY,1
AIMYDGGSTY,1
AISPCGEGTY,1
AIKWSGSRTY,1
AILPYGKQTY,1
AIIPWGDSTY,1
ATSPYGHYTY,1
AIDPYGYKTY,1
AITFRGGSTY,1
AIEPFGWRTY,1
AIRWNGSFAY,1
AISPFGSSTF,1
AINPFGGSTY,1
AIKAWGQVTY,1
EISPFGGYTY,1
TISPNGVYTY,1
AISGGGRETY,1
AISDIGHGTY,1
AITPFGIQTY,1
AISPYCDRTY,1
AIRPFGDYTY,1
AISPFGCETY,1
AITPFGKRTY,1
TIGPGGSSTY,1
AIRFRGGGTY,1
AIVPWGSFTY,1
AIRWNGSYTN,1
AITMWGGFTY,1
AIRPKGYTTY,1
AISQDGYKTY,1
AIRPWGSLTY,1
ARLPYGSKTY,1
VISYRGDWTY,1
AIRYAGYRTY,1
AINNGGGYTY,1
AILQYGYRTY,1
AIMYMSGSTY,1
AISPSDLSTY,1
AISPWGYKTY,1
AISPYGKYNY,1
AISPNGFHTY,1
AIAQWGSYTY,1
AIKVYGVRTY,1
TINYNGYRTY,1
AILYMCGSTY,1
AIKGYGYYTY,1
AMRYAGSYTY,1
AISPRGELTY,1
AMRWNGHYTY,1
AIDPDGKYTY,1
PISPFGYRTY,1
AISPRGADTY,1
TIAPFGQYTY,1
AIRSYGVETY,1
AIAEYGYATY,1
AISPHGEATY,1
AIDMCGGSTY,1
AIKWNDYYTY,1
AIRPIGRGTY,1
AISPGGSHTY,1
AIEYVGSSTY,1
AIDPYGITTY,1
AINSYGSYTY,1
AICPHGYYTY,1
AITPYCGLTY,1
AIRWNGVSAY,1
AITEYGYAPY,1
AIRWNGSATC,1
AIRWNCLDTY,1
AISPYCSYTY,1
AIAPFGYKTS,1
PISGTGGRTY,1
AITNYGDYTY,1
AISPLGQATY,1
AIGQYGGNTY,1
AISPYGSGTY,1
AIKPYGSFTY,1
AISPRGEYAY,1
AIAPLGFQTY,1
AISGGGRSTY,1
AINNYGKYTY,1
AISRIGKYTY,1
AIKPYGNPTY,1
AIFPYGNCTY,1
AITPFGVETY,1
AIAPDGYYTY,1
TIGPQGYYTY,1
AIAPLGQYTY,1
SIVYKGGSTY,1
AIRPRGRFTY,1
AISPFGQLTY,1
AIAPLGATTY,1
AMRWNDVETY,1
AIRWNGNETY,1
AILWNDVETY,1
AISPYGNYTH,1
AITPIGYDTY,1
AIRWNGFDTY,1
AITDYGQYTY,1
AITPFCYKTY,1
AIVPWGGYTY,1
VIMMWGGSTY,1
AIAMAGGSTY,1
AMCYKGGSTY,1
AITRFGGYTY,1
ALEPAGNYPA,1
ALRWNGSATD,1
AIRPIGGNTY,1
AISQLGGYTY,1
GIRWNGVETY,1
AIRPLGKYTY,1
AISPYGKYAY,1
AIRPSGDRTY,1
SINPYGYHTY,1
AILQYGRYTY,1
SISPFGSYTY,1
PIRWNGSATY,1
AIADYGGSTY,1
AILYSGGSTY,1
AILSYGDYTY,1
AISDSGELTY,1
TIRWNGLDTY,1
AITPFGRTTY,1
AIKWNGYYTD,1
AIRWTGVETA,1
AIVMLGGSTY,1
ALRWTGVSPA,1
RVSPYGQYTY,1
AITEFGYYTY,1
AIKWNGVSTY,1
AITPYGGKTY,1
AIGPIGYSTY,1
AIKAFGSSTY,1
AIAPRGGSTY,1
AIRGNGVETD,1
AIRGNGGETD,1
AIRWNGVSPY,1
AISPNGWRTY,1
AIAPFGKTTY,1
AISPFGYPTY,1
ARRWNGVETA,1
ARRWNGVETD,1
AIRGTGGDTA,1
ALRGNGGEPD,1
AIGPYGDRTY,1
AIRPFGQWTY,1
AISPFCRVTY,1
AIIEYGYATY,1
AINWNSKYTY,1
AIRCNGVESY,1
SIRWNGSFTY,1
AISQYGRVTY,1
AINHRGGSTY,1
AINWNGRYTY,1
AINPYGRVTY,1
AICPKGDYTY,1
AISNNGFSTY,1
AIKPYGVDTY,1
AIVPYGTYTY,1
SIAPFGGYTY,1
AIYPYGGTTY,1
AIAPEGYFTY,1
AISPDGYNTF,1
AISPGGGWAY,1
AIRMKGGSNY,1
AISPYGVYTY,1
AIRWDGLDTY,1
AIAPFGKDTY,1
AKRWNGVETY,1
AISPFGADTY,1
AIKPFGGWTY,1
AILPFGSYTY,1
AIVPYGGPTY,1
AIRWNGFYTH,1
AISDIGKQSY,1
RISPYGYYTY,1
AICPTGHQTY,1
AISPFGLSTH,1
AISQGGDHTY,1
AISRRGRYTY,1
VIGWDGEYTY,1
AIVMWDGSTY,1
SINWNGGSTY,1
AITPIGYNTY,1
TISPSGKNTY,1
AISEAGYETY,1
AIRSNGDETY,1
AIYPYGNKTY,1
RDTVYGRYTY,1
TISDYGQLTY,1
AIKPFGNHTY,1
AISRRGKFTY,1
AISEAGYRTY,1
AIVPRGDRTY,1
AISPCGNYTY,1
AIEPYGGSTY,1
TILWNGVETY,1
EINWNGKYTY,1
AISPFGIQSY,1
AINMCGGSTY,1
AISPVGRDTY,1
AIAQFGLSTY,1
AMSPYGDYTY,1
AITDFGYYTY,1
AILPFGAYTY,1
AINPYGYRTY,1
AIVPNGDYTY,1
AIKWNSHYTY,1
AIVFVGGSTY,1
AINPFGGDTY,1
AIKWYGYYTY,1
ARSPYGGRTY,1
AIKPFGRSTY,1
RDMHVGWLTY,1
AISPVGNLTY,1
AIVMRGGYTY,1
AIRPMGGSTY,1
AILWNGHYTY,1
AISPYGDFIY,1
AIGSEGYYTY,1
AIKPSGRSTY,1
TINFMGGSTY,1
AICEYGYGTY,1
AIEPYGDSTY,1
AITYFGGSTY,1
AISPEGGATY,1
AIKPFGAETY,1
AISPLGNTTY,1
AINEYGDRTY,1
AIDLYGYYTY,1
AIDPYGRSTY,1
AISPKGYHTY,1
AIAQFGEYTY,1
TISPYGGRTY,1
AIRVYGSSTY,1
AITPFGIRTY,1
AISPAGNVSY,1
AIVPYGEYTY,1
AISSLGGYTY,1
AIAPFSYKTY,1
AIAPNCSLTY,1
AIVWDGGYTY,1
ARRWNGVDTY,1
AIDPWGLHTY,1
AIGPFVWSTY,1
AIREYGVDTY,1
AMSPFGQATY,1
AIKPYGKRTY,1
AISPRGSGTY,1
AISEYGSHTY,1
AIDPYVLYTY,1
AIRPLGYYTY,1
AITDYGLNTY,1
AINPYGHYTY,1
AISPWGLETY,1
AISGNGGKTY,1
AITKYGYYTY,1
AILPYCESTY,1
AISDFGYYTY,1
AINPYGHFTY,1
AIAYYDGSTY,1
AISDYGERTY,1
AISEFGDYTY,1
AINWSGIRTY,1
RISPYGNYTY,1
AISPLGYGTY,1
AISSYGRHTY,1
AIRWNGGYTY,1
AILYFGGSTY,1
AIGPGGEVTY,1
AIGPFGLTTF,1
