Count_CDR2,count
AITEYGYATY,523009
AISPYGEYTY,199099
AISEYGYATY,128384
AISEYGYGTY,101653
AIRWNGVETY,82385
AIAPFGEYTY,46876
AIAPYGEYTY,37585
AIAPFGLSTY,36899
AISPFGYSTY,31436
AISPYGYYTY,27849
AISPWGNYTY,26751
AIGWDGEYTY,22921
AIAPFGGYTY,22725
AIAPFGQNTY,18601
AISEYGYSTY,14778
AISEYGWGTY,14002
AIGPQGYYTY,13986
AIRWNGDETY,12790
AIAPFGISTY,12679
AIRWNGSATY,12619
AIEYYGGSTY,11112
AISDYGDWTY,11011
AIGWDGGYTY,10387
AIRWNGDYTY,10251
AISPFGDSTY,9913
AIAPFGSHTY,9762
AIAPFGYSTY,9280
AISPFGGYTY,8663
AISEYGYYTY,8564
AISPLGYSTY,8264
AIAPFGYQTY,8229
AISPFGASTY,7816
AITFWGGSTY,7757
AISPFGDYTY,7500
AIAPFGQYTY,7237
AIAPWGSFTY,7172
AISDYGDYTY,7145
AIRWNGVSTY,6919
AIKWNGYYTY,6449
AISPYGSHTY,6397
AISPFGFSTY,6071
AISPYGDYTY,5911
AIPYMGGSTY,5417
AITEYGYYTY,5334
AIVMWGGSTY,5332
AIAPFGYHTY,5251
AISDYGYYTY,5103
AISPFGYGTY,4730
AIAPFGASTY,4649
AISEFGWNTY,4377
AIAPFGKYTY,4363
AISPFGYATY,4179
AIAMWGGSTY,4020
AISPFGQGTY,3930
AISPFGYNTY,3923
AIAPYGSYTY,3778
AIAPFGSYTY,3751
AISPFGKSTY,3692
AISPYGKYTY,3608
AIRWNGSFTY,3527
AISPGGDHTY,3423
AISPFGNYTY,3380
AISPYGGYTY,3307
AISPFGENTY,2886
AIAPFGKSTY,2838
AIKIDGKTTY,2829
AISPFGIGTY,2817
AIAPFGLTTY,2800
AISPYGDWTY,2654
AIAPFGSWTY,2632
AISPFGNNTY,2581
AITPYGEYTY,2576
AIAPFGRTTY,2535
AIDPYGYYTY,2517
AISPYGSYTY,2516
AIDPYGGYTY,2348
AINSRGDRTY,2266
AISPFGISTY,2257
AIAPLGHSTY,2096
AIAPFGYNTY,2089
AISEYGFYTY,2086
AIAPYGGYTY,2049
AIAYYGGSTY,1982
AISEYGSYTY,1954
AIAYVGGSTY,1952
AISEFGGYTY,1909
AISPRGEATY,1901
AISSYGNSTY,1893
AISPFGEYTY,1819
AIIMRGGSTY,1752
AISEAGYHTY,1748
AIAYMGGSTY,1647
AIKTFGGYTY,1644
AISPFGYQTY,1615
AIGEFGYYTY,1606
AISDYGYNTY,1529
AISPYGNYTY,1511
AISEWGYRTY,1506
AINWSGSRTY,1458
AIAPFGGQTY,1458
AIAPYGGITY,1409
AIAPFGWSTY,1408
AIRYNGGSTY,1407
AISEYGDYTY,1398
AIRWDGYYTY,1368
AISPFGSYTY,1355
AISPWGGYTY,1352
AISPFGRNTY,1318
AISPFGFNTY,1312
AINWNGKYTY,1309
AINHRGDSTY,1253
AIVMRGGSTY,1245
AITMWGGSTY,1241
AISPFGSHTY,1238
AIAPFGRNTY,1232
AISSFGDGTY,1206
AIDMWGGSTY,1189
AISSYGDYTY,1158
AISDYGLGTY,1143
AISPLGGSTY,1138
AIRWDGYATY,1131
AISPYGGGTY,1125
AIRPFGYHTY,1114
AISPLGYATY,1091
AISHRGDRTY,1071
AISPFGGFTY,1059
AISPLGYYTY,1048
AIYPYGEYTY,1041
AITEYGYVTY,1022
AISPFGGWTY,991
AINWNGKSTY,984
AISPYGYSTY,979
AINPYGGYTY,958
AIRPFGLETY,957
AIIMWGGSTY,948
AISPFGSSTY,939
AISPWGYATY,929
AISPYGRYTY,927
AISPWGGWTY,913
AIRMWGGSTY,888
AIADYGNYTY,862
AISPYGHYTY,846
AISPFGHSTY,829
AISEYGEWTY,812
AIAPLGISTY,811
AISPWGSTTY,805
AIRWDGFATY,789
AISTSGGRTY,787
AISPYGLRTY,784
AISPFGGSTY,775
AISPFGLSTY,773
AISPDGWTTY,773
AIGLRGNDTY,762
AIRWNGLDTY,756
AIRWNGRYTY,754
AIGPFGWSTY,754
AISPYGIRTY,750
AISPLGYQTY,715
AIRWAGDYTY,709
AISPFGKYTY,690
AISPLGNSTY,684
AITDYGYYTY,680
AISSYGRYTY,676
AIAPYGKYTY,670
AIRWNGSYTY,669
AISPFGYHTY,655
AIVYMGGSTY,652
AIAPYGEWTY,652
AISDYGYRTY,635
AIRWNGSSTY,625
AISPDGYFTY,625
AIAPFGGTTY,623
AIPMWGGSTY,605
AIRWSGNQTY,605
AISSYGSYTY,588
AIAPFGGRTY,573
AISPYGLYTY,569
AISPIGYGTY,554
AISPFGYRTY,537
AIAPIGYGTY,536
AISPFGYTTY,534
AIAPYGRYTY,520
AISPLVGSTY,514
AISPWGLGTY,511
AITPFGEYTY,509
AISSYGYRTY,502
AICYMGGSTY,501
AISYSGGSTY,493
AINYNGYRTY,491
AISEYGSTTY,483
AISEYGTYTY,478
AIAPFGQFTY,473
AISPFGLNTY,468
AINHRGDYTY,465
AIAPFGHWTY,465
AISSYGGYTY,464
AISPFGDNTY,463
AIMMWGGSTY,462
AINSFGNSTY,460
AISYMGGSTY,454
AISDYGEWTY,451
AIAPFGYTTY,451
AISPFGQYTY,450
AISPYGAYTY,447
AITEYCYATY,445
AIAPFGHGTY,441
AIADFGYRTY,435
AISPFGYETY,432
AIRPFGYNTY,428
AISPRGGGTY,427
AIAPFGDSTY,425
AIPYKGFSTY,421
AIDPYGLYTY,413
AIAPFGLQTY,410
AISPFGRYTY,405
AISPLGWQTY,405
AIAPLGHYTY,401
AIAPYGYYTY,397
AISPFGHYTY,395
AISPYGQYTY,391
AIKIDGKVTY,383
AITEYGHFTY,375
AIRWNGNYTY,375
AISPFGSNTY,375
AISPFGGLTY,375
AIADYGYYTY,368
AISWDGSYTY,367
TITEYGYATY,355
AIEPYGYYTY,351
AINYMGGSTY,348
AISPFGRSTY,347
AISPFGLQTY,346
AISPWGYETY,345
AIVYVGGSTY,345
AISPYGEETY,343
AIGPLGYSTY,342
AITPFGYTTY,335
AISPLGDSTY,332
AINENGSHTY,332
AISPYGYNTY,331
AIQPYGWRTY,331
AITEYGNYTY,330
AIAPFGHKTY,328
AISWRGDRTY,327
AISPVGLGTY,325
AISYKGGSTY,321
AISEYGGYTY,319
AIRPFGGDTY,315
AISPRGHFTY,313
AIQYYGGSTY,308
AIGPFGRSTY,305
AIAPDGYFTY,296
AISPFGEWTY,296
AIAPYGDWTY,293
AIAPFGNLTY,288
AISPFGNSTY,284
AITPLGKSTY,282
AISPFGDHTY,282
AIDPYGFYTY,282
AISPFGLGTY,281
AISMWGGSTY,277
AISPFGIRTY,275
AIRPYGYNTY,272
AIGPFGNGTY,269
AIKPNGAYTY,265
AISNRGGITY,265
AIRPFGWSTY,264
AIPYVGGSTY,262
AIAPYGDYTY,262
AISPYGDSTY,262
AINPFGGYTY,260
AIAYAGGSTY,258
AIDDYGRSTY,257
AINSFGGRTY,255
AISEYGYVTY,254
AIIPYGNYTY,254
AISPYGKFTY,254
AISPFGYDTY,252
AIRWNGGSTY,249
AIIYSGGSTY,247
AIQMWGGSTY,245
AISPYGDFTY,241
AITYMGGSTY,241
AINWNGGSTY,240
AISPYGLTTY,239
AIGPYGSYTY,238
AISPFGSTTY,236
AIRYNGIYTY,234
AITPGGRSTY,231
AITYKGGSTY,231
AIRPFGHSTY,230
AISPYGQSTY,230
AISPYGYRTY,228
AISPFGEITY,227
AISSRGGYTY,225
AIRYMGGSTY,225
AISGIGGKTY,224
AINMWGGSTY,224
AISPFGDWTY,224
AILYMGGSTY,223
AISPRGDWTY,221
AIGPFGGTTY,221
AISWDGNYTY,221
AISPGGHFTY,221
AITPFGKSTY,220
AIQPYGLRTY,220
AIASRGDYTY,218
AITPFGESTY,218
AIKMWGGSTY,217
AIGPFGDYTY,215
AISPGGSSTY,212
AISPFGLTTY,211
AISPFGGNTY,210
AISPFGGRTY,209
AISEYGEYTY,209
AISPFGHVTY,207
AINYYGGSTY,205
AIYPYGLNTY,203
AISPRGDYTY,198
AISPYGTFTY,198
AISPYGSRTY,198
AIRWNGFYTY,197
AISEYGRFTY,196
AISPDGSGTY,195
AIIYMGGSTY,194
AISPYGEWTY,194
AISASGGRTY,194
AISPFGNWTY,193
AISPFGYKTY,193
AISPFGGTTY,187
AIYPFGGGTY,186
AISPNGYSTY,186
AIAPFGSSTY,185
AISYRGNSTY,185
AITEYGYATH,185
AIAPYGEFTY,184
AIVMWGGSTH,183
AILMWGGSTY,183
AISPFGGATY,180
AISPYGYHTY,179
AIGPYGYYTY,178
AISPIGGKTY,177
AITKYGYATY,176
AICMWGGSTY,176
AIRPDGYSTY,171
AIAPIGSRTY,171
AIDPYGRYTY,169
AIMYMGGSTY,168
AIGPFGDWTY,167
AIGPYGYTTY,164
AIRWAGDNTY,163
AIFPYGQLTY,163
AILYVGGSTY,163
AISPYGEITY,163
AINPYGSKTY,161
AIGSYGVRTY,160
AITPYGYYTY,160
AILPYGYRTY,159
AISPYGTYTY,159
AINPRGGQTY,158
AIAPFGNYTY,158
AISPNGDYTY,157
AINYKGGSTY,157
AIIYVGGSTY,156
AISPFGTSTY,156
AIAYKGGSTY,154
AISPFGLKTY,154
AISPDGYKTY,153
AIRSFGFRTY,153
AIAPFGYKTY,152
AITPYGGYTY,152
AISYYGGSTY,151
AISPFGRGTY,150
AIRWNGHSTY,150
AIAPKGYRTY,149
AIAPRGGFTY,149
AISSYGNYTY,148
AISTSGARTY,147
AISPNGYTTY,147
AISPAGDHTY,146
AISPFGLDTY,146
SISPFGGRTY,145
AISPFGSRTY,145
AINPYGNATY,144
AIKWNGLYTY,144
AISPFGRFTY,143
AITPFGNSTY,142
AISPVGARTY,142
AIKPDGSYTY,142
AIGMWGGSTY,141
AITPYGDSTY,141
AIAPSGGSTY,140
AITDGGYYTY,137
AIAPWGSYTY,137
AINPYGYYTY,136
AISPFGSGTY,136
AIGPYGWTTY,135
AIAPFGLGTY,135
AISPYGGRTY,135
AISSTGGGTY,134
AIAPWGGRTY,133
AIRPFGYRTY,132
AITPYGKYTY,130
AISNSGGATY,130
AISPFGWETY,130
AISPYGNRTY,129
AIKWNGDYTY,128
AISPDGSKTY,128
AISPYGGLTY,127
AIVPTGNRTY,127
AIDEYGDFTY,126
AISPDGYSTY,126
AISPNGEWTY,125
AISPRGNETY,125
AISPFGQSTY,125
AITPYGDYTY,124
AISPYGGFTY,124
AISPFGNRTY,123
AISPFGGDTY,123
AIGYMGGSTY,123
AIGPPGEYTY,122
AIVYNGGSTY,121
AIAPFGYRTY,119
AIADYGGYTY,119
AITEFGYATY,118
AISPFGVSTY,117
AISPFGSLTY,115
AIGDYGSNTY,115
AIDFMGGSTY,115
AIAPFGWHTY,115
AIHYMGGSTY,114
AISDYGRYTY,113
AIPYWGGSTY,113
AITPFGYSTY,113
AISQYGEYTY,113
AISPDGYNTY,112
AIAPFGETTY,111
AITPFGSSTY,111
AIRWNGDATY,111
AITPFGQSTY,110
AISEYCYATY,110
AISPFGNITY,110
AIAEYGNTTY,110
AIAPFGNSTY,109
AIRWNGIYTY,109
SISPYGYYTY,109
AISPFGDRTY,108
AISPYGGWTY,108
AISPDGYWTY,107
AITPYGRYTY,107
AISDYGSYTY,107
AIGYSGGSTY,107
AISPFGEVTY,107
AITPFGLHTY,107
AIDDYGRYTY,107
AISPRGGWTY,106
AIAPYGQYTY,106
AISPYGSKTY,106
AINPYGDSTY,105
AISPRGDRTY,105
AIAPNGNSTY,105
AISPYCEYTY,105
AISPYGHSTY,104
AILPYGGYTY,104
AISERGNYTY,103
AISGIGSKTY,103
TISPYGEYTY,103
AIRYTGGSTY,103
AISYVGGSTY,103
AITAYGYATY,102
AIEISGGRTY,102
AISPFGQNTY,102
AIAPFGGWTY,102
AISNNGYRTY,102
AISPDGKVTY,102
AISEYGNYTY,101
AIAPFGIRTY,101
AISNSGYNTY,100
AINYNGGSTY,100
AISPFGLHTY,100
AISPFGRATY,100
AISPFGLRTY,99
AISPFGDQTY,99
AINDYGTHTY,99
AISPFGKATY,99
AIGPFGDSTY,98
AIAPNGIHTY,98
AISPFGRRTY,98
AISPFGKNTY,98
AIDPYGDVTY,97
AISPDGSYTY,96
AITPYGSYTY,96
AISPFGEFTY,96
AISPFGIQTY,96
AITPSGSGTY,95
AIRPFGNNTY,95
AITPYGNYTY,95
AILPYGDYTY,95
AISPRGSGTY,94
AIQWNGSNTY,94
AISPEGSYTY,94
AIMMRGGSTY,94
AISPYGEKTY,94
AIKWNGRYTY,94
AISDKGKKTY,93
AISPYGQWTY,93
AITPQGGLTY,92
AIGPFGSYTY,92
AIKPYGNYTY,92
AINYVGGSTY,92
AIVYTGGSTY,91
VITEYGYATY,91
AIYPYGDYTY,91
AIRPFGNYTY,91
AISPDGNLTY,90
AIHDYGNYTY,89
AISPGGLYTY,88
AISDYGYSTY,88
AIRPFGWDTY,88
AINPYGLYTY,87
AISPLGHYTY,87
AISPFGDATY,87
AINPYGRRTY,86
AISDYGNYTY,86
AISPGGFSTY,86
AIGPYGDYTY,86
AIGPFGGSTY,86
AINPYGKYTY,86
AISPYGDKTY,85
AIKPYGSYTY,85
AISDFGNYTY,84
AIIYKGGSTY,84
AIAPFGLRTY,84
AISPAGNYTY,84
AISPNGYYTY,83
AISPLGGYTY,83
AISPWGGHTY,83
AIEMRGGSTY,82
AIRYAGYYTY,82
AISPFGFDTY,82
AIYPYGEWTY,81
AISPFGRHTY,81
AISPFGLETY,81
AISPWGYHTY,81
AIRAYGNYTY,81
AIGPDGKYTY,80
AIDYMGGSTY,80
AIYPYGYYTY,80
AIHPFGSGTY,80
AITECGYATY,79
AISQYGYYTY,79
AITPFGYDTY,79
AIRYKGGSTY,79
AINPYGSYTY,79
AITPKGRNTH,78
AIYPLGGGTY,78
AISPFGQKTY,78
AITEYGYETY,78
AIRPYGEYTY,77
AISPFGSWTY,77
AITPDGNYTY,77
AIQYMGGSTY,77
AIRWNGHYTY,76
AISPNGKWTY,76
AISDYGLTTY,76
AISPYGDRTY,76
AISPFGGHTY,76
AISPFGRTTY,75
AIMYVGGSTY,75
AIRCNGVETY,75
AISPYGSSTY,75
AIGPRGARTY,75
AITPFGEHTY,75
AISPFGSITY,75
AIFYKGGSTY,75
AISPFGLATY,74
AIDEYGRYTY,74
TISEYGYATY,74
AISSYGHYTY,74
AISDNGLKTY,74
AITPFGLSTY,74
AISEYGYCTY,73
AINPFGDRTY,73
AIAPFGRRTY,73
AISPFGFTTY,73
AISDYGEYTY,73
AILPYGSKTY,73
AISPLGRNTY,72
AISPFGNDTY,72
AISPNGFYTY,72
AISPRGNWTY,72
AIYYMGGSTY,72
AIEYMGGSTY,72
AIGPYGNYTY,71
AIRPFGYDTY,71
AIGPYGSWTY,71
AICYKGGSTY,71
AITDYGYNTY,71
AISEYCYGTY,71
AITPFGDSTY,71
AISPYGYGTY,71
AILPYGSYTY,70
AISPFGDLTY,70
AIAPNGWSTY,70
AITYVGGSTY,70
AISANGLKTY,70
AISPFGANTY,70
AISPWGDLTY,70
AISPSGSRTY,69
AIRPFGYQTY,69
AISPSGGQTY,69
AISPFGSFTY,69
AISPGGGWTY,69
AITEYGYSTY,69
AIMPWGGSTY,69
AIMYNGGSTY,69
AIGLRGNETY,69
AISYDGSYTY,68
AIYPYGGGTY,68
AIRPWGYKTY,68
AILPSGGYTY,67
AIAPRGDWTY,67
AISPYGKRTY,66
AIGPFGGYTY,66
AISEYGKYTY,66
AIDVYGQNTY,66
AIAPFGRLTY,65
AIFYMGGSTY,65
AIRSFGGHTY,65
AIGPFGHTTY,65
AITPFGYNTY,65
AISPFGAYTY,65
AISPTGSYTY,65
AIGPFGHYTY,64
AISSFGDTTY,64
AINPSGIKTY,64
AISEYGAYTY,64
AIGPFGLTTY,64
AIDPYGAYTY,64
AIAPYGAETY,63
AISPFGDKTY,63
AITPFGSYTY,63
AIRSFGTRTY,63
AISPLGRYTY,63
AITYYGGSTY,63
AIDVYGYYTY,63
AISTYGEYTY,63
AISPYGFNTY,63
AISPSGKSTY,63
AIVYKGGSTY,63
AISEYGYDTY,62
AISPSGNLTY,62
AISPYGNSTY,62
AIKPYGQYTY,62
AISPFGQRTY,62
AIRPFGYSTY,62
AIDPYGTYTY,62
AISDNGHITY,62
AISPFGFRTY,62
AISPNGGYTY,62
AISPNGLDTY,61
AINPYGRYTY,61
AISPFGSQTY,61
AISPFGNKTY,61
AILPYGYKTY,61
AIAPFGDFTY,61
AIRPYGTETY,60
AIDPYGSKTY,60
AISPNGRYTY,60
AIRPRGGNTY,60
AISPYGESTY,60
AIRYVGGSTY,60
AISPWGGKTY,60
AIRPFGANTY,60
AISPYGWPTY,59
AISPFGNATY,59
AIGEYGRYTY,59
AISPNGYNTY,59
AISPFGNQTY,59
AIGPFGLSTY,59
AISYLGGSTY,59
AIGPYGQYTY,58
AIAMRGGSTY,58
AIRPFGAHTY,58
AISPFGNTTY,58
AIGDNGYYTY,58
AILYYGGSTY,58
AISPGGGTTY,58
AISPSGKNTY,57
AISPLGSYTY,57
AIYYKGGSTY,57
AISPFGFKTY,57
TISEYGYGTY,57
AISPWGNSTY,57
AIAPFGDYTY,57
AISYTGGSTY,57
AISPYGGSTY,57
AISPYGDQTY,57
AIFPDGRQTY,57
AINPTGYSTY,57
AISPDGKTTY,57
AINPAGYRTY,56
AILYKGGSTY,56
AISPVGYRTY,56
AISPFGSKTY,56
AISDYGELTY,56
AISPNGKRTY,56
AIGPFGRGTY,56
AISPNGTNTY,56
AISDYGRGTY,55
AIAPFGNGTY,55
AISYRGNLTY,55
AISPDGAVTY,55
AIGPDGDYTY,55
AIRPNGYSTY,55
AIRPWGGSTY,55
AINPYGSWTY,55
AIRPFGLSTY,54
AIGPIGYSTY,54
AISPYGEHTY,54
AIFPYGAYTY,54
AIAPTGYYTY,54
AINPYGGRTY,54
AIKYMGGSTY,54
AIRPWGYQTY,54
AIFYYGGSTY,54
AIDPYGEWTY,54
AISPFGKETY,53
AIRSFGGETY,53
AISPYGERTY,53
AISPYGNLTY,53
AIAPFGRGTY,53
AISPFGKHTY,53
SITEYGYATY,52
AIIEYGYATY,52
AISPSGKRTY,52
AIVPYGRRTY,52
AISTSGGVTY,52
AIDVYGYRTY,52
AIDPYGDRTY,52
AISPRGDLTY,52
AISPNGLSTY,52
AIRWNCVETY,52
AISPWGIHTY,51
AIFPDGRTTY,51
AISPWGFGTY,51
AISPNGYRTY,51
AIGYVGGSTY,51
AIDPYGKYTY,51
AISEYGRYTY,51
AISPFGYYTY,51
AIDPYGNYTY,51
AIEPYGRYTY,50
AISPDGYYTY,50
AIGPFGSSTY,50
AITPFGGYTY,50
AISTYGDYTY,50
AIHPDGYYTY,50
AINPYGDYTY,50
AISPFGDVTY,50
AISPNGSYTY,50
AISMRGGSTY,49
AIIYYGGSTY,49
AIAPFGRSTY,49
AIGPFGSGTY,49
AIFPYGDITY,49
AISPYGTRTY,49
AISPLGDQTY,49
AIGPYGHTTY,49
AISPDGQATY,48
AIYPYGNYTY,48
AIAPSGYKTY,48
AISPLGNKTY,48
AISEYGSHTY,48
AISENGYYTY,48
AIDYYGGSTY,48
AIRYAGDFTY,48
AISYDGYSTY,47
SIRWNGVETY,47
AIRMNGGSTY,47
AIFPYGRYTY,47
AIQGYGGITY,47
AISPYGGETY,47
AISEYGGKTY,47
AIRLWGGSTY,47
AISPSGKKTY,47
AILPYGRYTY,47
AISPYGSFTY,47
AILWNGVETY,46
AINDYGWRTY,46
AIAPFGWRTY,46
AISPFGNLTY,46
AIDPFGNYTY,46
AISPYGTWTY,46
AIDPFGGYTY,46
AIRPFGDSTY,46
AISPFGRQTY,46
AISPNGDSTY,46
AIAPFGQSTY,46
AIQYVGGSTY,46
AINPFGRRTY,46
AISPYGSWTY,46
AINDYGDWTY,45
AIVPRGGGTY,45
AITPFGSITY,45
AIAPWGNYTY,45
AMSPYGEYTY,45
AIAPNGSRTY,45
AISDNGQYTY,45
AISPFGKRTY,45
AIAPRGARTY,45
AIGPFGSLTY,45
AISPGGSWTY,45
AISEYGDLTY,45
AISPNGFSTY,45
AIGTHGKGTY,45
AISPFGRDTY,45
AIRYYGGSTY,45
AISPLGDWTY,44
AIAPFGDQTY,44
AIRSFGRETY,44
AIEFRGGNTY,44
AISPYGEYTH,44
AISPRGQYTY,44
AINPFGGRTY,44
AIAPFGHQTY,44
AIAPFGNVTY,44
AITPFGNFTY,44
AIGPYGLSTY,44
AILPYGYYTY,43
AIKPGGNQTY,43
AIAPYGGRTY,43
AITPFGRYTY,43
AIKPFGDRTY,43
AIDSYGNYTY,43
AIRWAGEYTY,43
AISPDGSRTY,43
AISPFGRVTY,43
AITPFGNRTY,43
AIAPFGMSTY,43
AINPFGRSTY,43
AIRLNGVETY,43
AIAPFGNRTY,43
AIDPYGSYTY,43
AIRPFGEYTY,43
AISEYGYGTH,43
AISPFGSATY,42
AIGPYGEYTY,42
AIRMRGGSTY,42
AISPYGSLTY,42
AIKYVGGSTY,42
AISPYGGQTY,42
AISPDGRYTY,42
AISPSGLSTY,42
AIRAGGGFTY,42
AIAPYGNYTY,42
AIRPIGRYTY,42
AIAPNGYRTY,42
AISPRGGYTY,42
AIAPEGNSTY,42
AISPFGWNTY,42
AIQMRGGSTY,42
AIRPFGRSTY,42
AISPSGFDTY,41
AIAEYGYATY,41
AISEYGIYTY,41
AISPFGINTY,41
AISEYGYATH,41
AIGPFGLGTY,41
AISPFGGGTY,41
AIRPFGHYTY,41
AISWRGYHTY,41
AISPYGFTTY,41
AIAPYGLQTY,41
AISPFGQETY,41
AIGPFGRTTY,41
AITEYGYATN,41
AIPPYGRYTY,40
AICYVGGSTY,40
AISEFGRFTY,40
AISPFGKLTY,40
AISPLGTYTY,40
AINHRGDFTY,40
AITPLGDNTY,40
AISPGGGVTY,40
AIAEYGYYTY,40
AISPKGDGTY,40
AIRPIGSYTY,40
AITPIGTSTY,40
AIHWDGNTTY,40
AIGPFGGGTY,39
AISPFGTNTY,39
AISNRGDWTY,39
AISPNGEYTY,39
AIETFGGRTY,39
AIYPYGSYTY,39
AIGPFGGHTY,39
AIKPYGYYTY,39
AISYNGGSTY,39
AITPFGEFTY,39
AISPWGDYTY,39
AISHNGGSTY,38
AIRPDGYETY,38
AISPFGWSTY,38
AISPNGKHTY,38
AISEYGLYTY,38
AISPSGSYTY,38
AIVPYGNYTY,38
AISPFGGQTY,38
AIRPYGESTY,38
AISPYGNVTY,38
AISPYGTKTY,38
AISPYGYKTY,38
AIRPFGFSTY,38
AIRWNGVESY,38
AIVPYGEYTY,38
AISPFGDGTY,38
AISPYGGKTY,38
AISPFGIDTY,38
AISPFGRITY,37
AIMYYGGSTY,37
AISPLGGWTY,37
AISSYGRRTY,37
AIAPFGDRTY,37
AIRPYGYYTY,37
AITPWGSYTY,37
AIRYSGGSTY,37
AISPFGNFTY,37
AINPYGEYTY,37
AITPFGNYTY,37
AISPNGNYTY,37
AIKPFGGTTY,37
AIFPYGGYTY,37
AIYYYGGSTY,37
AIIPFGGYTY,37
AINPFGNYTY,37
AITPFGWSTY,37
AIRMHGGSTY,37
AISPLGNRTY,36
AIAPFGYGTY,36
AISPDGWYTY,36
AIAPFGKNTY,36
AIAPFGYDTY,36
AINPYGNYTY,36
AITPTGYNTY,36
AISPFGWKTY,36
AIFPYGDYTY,36
AIFPYGSFTY,36
AIAPFGLNTY,36
AIFPYGQYTY,36
AIFPYGSYTY,36
AINWNGGYTY,36
AIGPFGNYTY,35
AISPSGGYTY,35
AITPFGEWTY,35
AIGARGDLTY,35
AIKPFGYNTY,35
AIIYNGGSTY,35
AISPFGQQTY,35
AITPKGRNTY,35
AISPWGFRTY,35
AISPFGESTY,35
AISPFGFETY,35
AIDWNGKYTY,35
AITPFGLETY,35
AISPYGGITY,35
AIIPRGNWTY,34
AISPNGYLTY,34
AISEYGKFTY,34
AIRPYGDYTY,34
AIRPYGRYTY,34
AITPYGDITY,34
AIAPRGNRTY,34
AIGPFGYNTY,34
AIRPWGNQTY,34
AIVPFGEYTY,34
AISPFGSVTY,34
AIVPFGGYTY,34
AITPFGDYTY,34
AISPFGQTTY,34
AISPYGKITY,34
AISPFGNETY,34
AISPGGNVTY,34
AITPFGYKTY,34
AISPYGSETY,34
AISPYGDLTY,33
AISPYGVRTY,33
AISNYGNYTY,33
AISPRGYETY,33
AISPGGYLTY,33
AINTRGGQTY,33
AISPSGTWTY,33
AIRFSGAYTY,33
TIRWNGVETY,33
AISPFGNGTY,33
AISPGGEVTY,33
AISPSGYLTY,33
AISPNGKYTY,33
AIGPFGSRTY,33
AIQWNGVETY,33
AISPRGNRTY,33
AISPSGSLTY,33
AITPFGISTY,33
AISPYGFSTY,32
AIGPNGETTY,32
AIKWNGSYTY,32
AITEYGYTTY,32
AISPYGEYAY,32
AIGYNGGSTY,32
AISEYGGRTY,32
AIKWNGHYTY,32
AISPAGYGTY,32
AIAPIGYSTY,32
AITPFGSWTY,32
AISPYGHRTY,32
AISPFGNVTY,32
AIRSFGYRTY,32
AITPYGWRTY,31
AILPYGDWTY,31
AISPRGQDTY,31
AIHPYGNYTY,31
AIGFMGGSTY,31
AIQPFGDRTY,31
AITPFGAGTY,31
AINWRGTHTY,31
AISPGGKYTY,31
AIGPDGKFTY,31
AIVPFGLSTY,31
AISPFGEKTY,31
AIAPFGARTY,31
VISPYGEYTY,31
AIDPYGNSTY,31
AIGPYGRYTY,31
AITPSGIETY,31
AIGPYGESTY,31
AIHPYGEYTY,31
AITPNGDYTY,30
AIGPFGSHTY,30
AISPNGHYTY,30
AITPTGRYTY,30
AISANGTTTY,30
AISPYGNHTY,30
AISEYGSRTY,30
AISPSGFSTY,30
AIGPFGNITY,30
AIGPLGGITY,30
AISPGGLETY,30
AILPYGTYTY,30
AICFYGGSTY,30
AILPNGSQTY,30
AIAPIGRYTY,30
AIHPYGSDTY,30
AIRPYGTYTY,30
AISPSGYYTY,30
AISPIGSYTY,30
AISPNGQYTY,30
AITPFGDQTY,30
AIRMGGGSTY,30
AISPLGNYTY,29
AIQPFGSNTY,29
AIAPFGRKTY,29
AISPWGFKTY,29
AIEFRGGQTY,29
AIQPYGSRTY,29
AISPFGELTY,29
AIRTFGGDTY,29
AISGYGSYTY,29
AIVPFGNYTY,29
AINPYGTYTY,29
AISYRGDWTY,29
AISPYGNFTY,29
AITPLGYYTY,29
AIGPFGSTTY,29
AISGTGNRTY,29
AIADYGQYTY,29
AINYTGGSTY,29
AINWNGSYTY,29
AIRYAGSYTY,29
AISDYGTRTY,29
AISPFGERTY,29
AITPRGNLTY,28
AITPFGLGTY,28
AILPYGRFTY,28
AISPGGAYTY,28
AISPYGHLTY,28
AIQYRGNYTY,28
AIAQFGEYTY,28
AITEYDYATY,28
AIAPFGSNTY,28
AIHPYGSYTY,28
AIPYYGGSTY,28
AIAPGGKKTY,28
AIGPFGSQTY,28
AISPRGQLTY,28
AIAPYGLSTY,28
AISDYGLYTY,28
AITEYGYAAY,28
AIDTYGNYTY,28
AIAPFGYETY,28
AISDYGFYTY,28
AISPYGNKTY,28
AITPYGHSTY,28
AIEFRGGYTY,28
AISPYGNWTY,28
AIGPFGYTTY,28
AIAPFGFRTY,28
AIQPFGQYTY,28
AIGPYGLYTY,28
AISPNGQGTY,28
AIHYKGGSTY,28
AITPFGHSTY,27
AISPSGTYTY,27
AISPYGHHTY,27
AISPNGTTTY,27
AISPYVQYTY,27
AIDPFGENTY,27
AIVPYGRYTY,27
AIKMRGGSTY,27
AISPYGWNTY,27
AISPYGQFTY,27
AITPFGGSTY,27
AISPYGEYIY,27
AIPYKGGSTY,27
AIRWRGGGTY,27
AIRWNGVETH,27
AITPGGEYTY,27
AISPAGYRTY,27
AISPIGEVTY,27
AINPYGSNTY,27
AIKPYGNFTY,27
AIARWGYETY,27
AIREYGYATY,27
AISPNGQWTY,27
AISPSGIKTY,27
AIRPNGFYTY,27
AINPYGDFTY,26
AISPWGSHTY,26
AISPSGRYTY,26
AIRPFGYETY,26
AIAPYGAYTY,26
AIDYRGGYTY,26
AIMYKGGSTY,26
AIGPFGYQTY,26
AISFYGGSTY,26
AIHPYGYYTY,26
AISPNGKSTY,26
AIGPFGEVTY,26
AIGPVGSYTY,26
AIRAFGGRTY,26
AIGWDDEYTY,26
AISPFGRLTY,26
AIRPYGLSTY,26
AINTYGKYTY,26
AIDDYGNYTY,26
AIYPNGGGTY,26
AITPGGLGTY,26
EITEYGYATY,26
AIAPNGRYTY,26
AIYPYGDRTY,26
AITPFGERTY,26
AIGPYGITTY,26
AISDFGEKTY,26
AIGPFGSFTY,26
AIAPFGRYTY,26
AISPIGNWTY,26
AISDYGKYTY,26
AIRWGGSYTY,26
AITPFGTYTY,25
AISAYGYATY,25
AISPYGATTY,25
AILPYGHYTY,25
AIKPFGGHTY,25
AIRSFGGGTY,25
AISPGGGYTY,25
AILPYGAYTY,25
AITPFGHKTY,25
AIRYAGWSTY,25
AIMFMGGSTY,25
AIDLYGNYTY,25
AISPFGGITY,25
AISPFGGVTY,25
AISPGGGKTY,25
AITPFGYQTY,25
AIGPSGNDTY,25
AISECGYATY,25
AISPSGFNTY,25
AIGSFGGNTY,25
AISPWGTYTY,25
AIRPFGFNTY,25
AISPTGYYTY,25
AINYSGGSTY,25
AIAPFCLSTY,25
AIGPLGNNTY,25
AISPTGSNTY,25
AITPFGFKTY,25
AISPSGDATY,25
AISPFGWRTY,25
AIGYKGGSTY,25
AISPNGYETY,25
AIGEYGYATY,25
AIRPFGGYTY,25
AIKPYGGLTY,25
AIGPFGDKTY,25
AIRPFGLGTY,25
AIIPYGSYTY,25
AIGWDGEYIY,24
AIAPWGRRTY,24
AISPYGEFTY,24
AISPYGARTY,24
AISPFGHQTY,24
AIKPYGYKTY,24
AITPYGGLTY,24
AISPYGSDTY,24
AITFMGGSTY,24
AITPFGSETY,24
AIGPFGDRTY,24
AIGPFGEWTY,24
AISYDGKYTY,24
AIAPWGDNTY,24
AISPNGAYTY,24
AITPFGAYTY,24
AITEYVYATY,24
AIRMSGGSTY,24
AITYTGGSTY,24
AISEYGYFTY,24
AISANGLSTY,24
AILPYGSWTY,24
AITPFGSHTY,24
AIGWYGEYTY,24
AIGPYGKYTY,24
AISPFGTQTY,24
AISPCGEYTY,24
AISSFGDSTY,23
AIRWSGAYTY,23
AISPFGGETY,23
AISEYGSFTY,23
AITPFGYRTY,23
AIAQYGEYTY,23
AIGPFGRKTY,23
AINQYGRYTY,23
AIRMKGGSTY,23
AIYPYGIRTY,23
SISPYGEYTY,23
AIRPYGIRTY,23
AIRWNVVETY,23
AISEYGRRTY,23
AISPFCYSTY,23
AISPSGNYTY,23
AITEYGDATY,23
AIAPRGGYTY,23
AIQYKGGSTY,23
AINWRGSYTY,23
AIAPYCEYTY,23
TISPFGYSTY,23
AISPGGQYTY,23
AIGPNGSYTY,23
AIGPVGYSTY,23
AIDQYGRYTY,23
AIRPWGYDTY,23
AICMRGGSTY,23
AITPYGGDTY,23
AILPYGEFTY,23
AIAPFCEYTY,23
AIAPWGFRTY,23
AIAPFGLHTY,23
AIGDYGYYTY,23
AILPYGEWTY,23
AITPLGYKTY,23
AISEYGYHTY,22
AISPNGYDTY,22
AITEYGCATY,22
AIVPFGDYTY,22
AILPYGDITY,22
AIRYLGGSTY,22
AINPYGRITY,22
AISEYGYETY,22
AITPFGFSTY,22
AIIPTGGRTY,22
AIYYVGGSTY,22
AIRPRGGSTY,22
AISPSGDHTY,22
AISPWGYDTY,22
AIRPYGKYTY,22
AIVFMGGSTY,22
AILPYGKYTY,22
AITPVGKSTY,22
AILPYGNYTY,22
AIRWAGYSTY,22
AISPLGFSTY,22
AMSEYGYGTY,22
AIRPYGGYTY,22
AISPFGSDTY,22
AIKSFGNSTY,22
AIGPFGYETY,22
AIADNGYRTY,22
AIRMEGGSTY,22
AISPYGNNTY,22
AISPDGRETY,22
AIGDFGSYTY,22
AIAPWGRSTY,22
AISPWGGFTY,22
AIAPWGYRTY,21
AISPTGYTTY,21
AISPRGDVTY,21
AISEYGQYTY,21
AIKPYGQWTY,21
AISPLGTITY,21
AIAPFGLKTY,21
AISWRGWHTY,21
AIGPNGKATY,21
AIKPFGGDTY,21
AIAPLGDYTY,21
AITEYGYGTY,21
AISPGGSYTY,21
AIGYYGGSTY,21
AIYPYGSATY,21
AIGPYGSLTY,21
AISPNGWRTY,21
AISPQGGQTY,21
AISPWGYRTY,21
AIGPFGYHTY,21
AISPFGVHTY,21
AIGPFGFETY,21
AIGPFGERTY,21
AIGPYGGTTY,21
AITEYGSYTY,21
AIGEYGLYTY,21
AMSEYGYATY,21
AISPTGRYTY,21
AISPIGQWTY,21
AIYPYGYGTY,21
AITPIGSSTY,21
AILYNGGSTY,21
AITPFGDLTY,21
AISPLGYRTY,21
AIRPYGYGTY,21
AIREYGYGTY,21
AISPFGIKTY,21
AISQFGYSTY,20
AISPSGGATY,20
AIRPYGSYTY,20
AILPDGSYTY,20
AIMYMGGSTH,20
AISPSGYGTY,20
AIIPYGEYTY,20
AISPFGKDTY,20
AISPNGFRTY,20
AISPFGAQTY,20
AISNYGGYTY,20
AITPFGRETY,20
AITPSGKRTY,20
AIKPIGKETY,20
AITPYGNHTY,20
AISPYGSITY,20
AISPIGSRTY,20
AMTEYGYATY,20
AIAQFGQNTY,20
VIRWNGVETY,20
AISPDGRKTY,20
AISPFGQATY,20
AIDWRGNFTY,20
AIDVYGKYTY,20
AIGAPGIGTY,20
AINWGGARTY,20
AISPSGWSTY,20
VISEYGYATY,20
AISRIGFGTY,20
AIAPFGHNTY,20
AISDYGRSTY,20
AIRPFGWGTY,20
AISPYGYATY,20
AISPYGRFTY,20
AIAPFGGKTY,20
AILPYGQYTY,20
AISKYGYATY,20
AIDSFGKYTY,19
AIGPFGEYTY,19
AILFMGGSTY,19
TIAPYGEYTY,19
AISPFGRETY,19
AIRPYGSWTY,19
AIRWKGSGTY,19
AIGPWGDYTY,19
AIGPFGAYTY,19
AIRPFGGRTY,19
AIYPYGGYTY,19
AITPFGQYTY,19
AISWRGKHTY,19
AISPGGTGTY,19
AIGPYGEATY,19
AISPFGVETY,19
AITPFGYATY,19
AILPYGSFTY,19
AIQMSGGSTY,19
AINPFGRYTY,19
AIPPYGLWTY,19
AIYPYGRYTY,19
AISPYGTITY,19
AISPLGRGTY,19
AIAPSGDKTY,19
AIRPFGSRTY,19
AIGPYGLRTY,19
AINPYGGATY,19
AIRWYGVETY,19
AIDWDGEYTY,19
AIAPFGHYTY,19
AIGPYGGNTY,19
AIAPRGYRTY,19
AISANGYTTY,19
AISPEGARTY,19
AIVYYGGSTY,19
AISPSGRLTY,19
AISPYGRTTY,19
AIGPVGGYTY,19
AISPYGDITY,19
AISPIGKQTY,18
AIRHSGWGTY,18
AIAPFGQWTY,18
AITPFGEITY,18
AISPYGHFTY,18
AISPDGKFTY,18
AIRFAGTETY,18
AISPDGRWTY,18
AIAPLGWSTY,18
AISPYGRHTY,18
AITEDGYATY,18
AITPNGSYTY,18
AISANGSYTY,18
AIGLDGEYTY,18
AIIMSGGSTY,18
AISPIGYSTY,18
AISPFGTDTY,18
AIAPFGRFTY,18
AISPYGNITY,18
AICYSGGSTY,18
AIYPYGKYTY,18
AISPYGTTTY,18
AIVPFGQNTY,18
AILPYGIATY,18
AITPYGRRTY,18
AIRPFGQETY,18
AIAPGGYYTY,18
AITPFGFRTY,18
AISPFGITTY,18
AISPFGKTTY,18
AISPYGGATY,18
AISPNGGSTY,18
AIGPFGNNTY,18
AISPFGDITY,18
AISGYGDYTY,18
AIVPRGQRTY,18
AICYTGGSTY,18
AIAPFGNNTY,18
AIGGFGARTY,18
AIAPFGITTY,18
AISPIGKFTY,18
AISPLGDATY,18
AIGPFGNHTY,18
AISPYGGNTY,18
AISQWGNYTY,18
AITEYGYATC,18
AIQPFGKETY,17
AISPRGYNTY,17
AILPYGGFTY,17
AIAPFGSATY,17
AIYPYGGYTH,17
AISPGGSRTY,17
AIYPYGNRTY,17
AIDYWGGSTY,17
AISTRGNWTY,17
AIYPYGGQTY,17
AIRILGLGTY,17
AISPGGLRTY,17
AISPWGSKTY,17
AITEYGRYTY,17
AISPTGLNTY,17
AIRYAGGSTY,17
AISPWGGNTY,17
AIGPYGDVTY,17
AITPFGKYTY,17
AITDYGYATY,17
AISDNGSYTY,17
AIAPFGNTTY,17
AINWRGYRTY,17
AISPYGIGTY,17
AIRWNGGATY,17
AITPYGHYTY,17
AISPIGYRTY,17
AIGPWGGYTY,17
AIRWNGYYTY,17
AIEPGGGRTY,17
AISPFGALTY,17
AISPSGSTTY,17
AISPVGYDTY,17
AISPLGNWTY,17
AIAPYGSITY,17
AINFMGGSTY,17
AISPNGLYTY,17
AINPGGSYTY,17
AISPEGGWTY,17
AILPYGDLTY,17
AISPFGFQTY,17
AISPIGRYTY,17
AIIYLGGSTY,17
ATSPYGEYTY,16
AIRMQGGSTY,16
AISPFGKVTY,16
AISPFGKGTY,16
AINPFGDYTY,16
AIRLSGNWTY,16
AIRPFGGSTY,16
AIYPYGSRTY,16
AIGPFGEQTY,16
AIRMIGGSTY,16
AIGPFGNTTY,16
AISDNGNYTY,16
AIGPFGDFTY,16
AILPYGKKTY,16
AISPYGGTTY,16
AITPFGNWTY,16
AILPYGKRTY,16
AISPIGYKTY,16
AIGPLGDITY,16
AISPNGHITY,16
AINYRGEYTY,16
AITPFGHLTY,16
AIAPSGSITY,16
AISPDGLYTY,16
AIDPYGDYTY,16
AISTNGFRTY,16
TISPYGYYTY,16
AIVPTGGRTY,16
AIRPIGSSTY,16
AISPSGGSTY,16
AINDYGSYTY,16
AIDYAGTETY,16
TIAPFGEYTY,16
AITPFGFNTY,16
AISPTGHQTY,16
AIDWDGGYTY,16
AITPFGNHTY,16
TISPWGNYTY,16
AIDPFGGPTY,16
AIEYSGGSTY,16
AISPLGQQTY,16
AISPFGATTY,16
AIKPNGRYTY,16
AIRSFGGRTY,16
AIIYTGGSTY,16
AISPYGDHTY,16
AIAPFGVSTY,16
AIRHRGGQTY,16
AISDYGYHTY,16
AINYFGGSTY,16
AIAPFGIKTY,16
AISPFGVGTY,16
AIGPGGSSTY,16
AISPYGSVTY,16
AITPFGGGTY,16
AITPVGGRTY,15
AISPFGTETY,15
AITPFGSTTY,15
AIKPFGYHTY,15
AISPFGARTY,15
AISPTGYNTY,15
AIGPFGHSTY,15
AISSFGDVTY,15
AIVPYGHYTY,15
AIEFMGGSTY,15
AIEYKGGSTY,15
AIHPYGHYTH,15
AITPFGSFTY,15
AITEYSYATY,15
AIQEYGRYTY,15
AIRYAGDYTY,15
AIGPEGNNTY,15
AIGPYGRTTY,15
AISTNGGVTY,15
AIAPFGDTTY,15
AISPIGEATY,15
AISPNGHWTY,15
AISPFGGPTY,15
AIAPYGYRTY,15
AISKYGYGTY,15
AICYNGGSTY,15
AISPLGRDTY,15
AIYPIGSSTY,15
AISPNGLGTY,15
AISPIGLGTY,15
AIAPYGGTTY,15
AIRPFGSETY,15
AISPYGWRTY,15
AILPPGGQTY,15
AISSRGDFTY,15
AISYRGGKTY,15
AISPNGNITY,15
AIAPLGYYTY,15
AIGEYGYGTY,15
AIGPFGGRTY,15
AIKYKGGSTY,15
AIIPYGRYTY,15
AINWRGQYTY,15
AISPRGEGTY,15
AIAPYGQNTY,15
AISPYGTQTY,15
AIEYRGGYTY,15
AISPYGRLTY,15
AISPSGTRTY,15
AISPFGQITY,15
AIQPYGSYTY,15
AISPVGGRTY,15
AIAPNGKYTY,15
AISPAGDYTY,15
AITPFGIGTY,15
AILPYGNRTY,15
AINPYGSFTY,15
AISPFGVRTY,15
AISSYGEYTY,15
AIYPYGDNTY,15
AIAPFGCYTY,15
AIYPDGHKTY,15
AITPYGQYTY,15
AIDPYGYRTY,14
AIMIWGGSTY,14
AINSYGDYTY,14
AIVPYGGYTY,14
AISPFGTVTY,14
AITPYGQETY,14
AITPIGYSTY,14
AIGPYGGYTY,14
AISDYGTYTY,14
AIRMMGGSTY,14
AISPVGGYTY,14
AIMYTGGSTY,14
AITPFGSQTY,14
AISPYGQTTY,14
AITPFGQFTY,14
AIAPFGHLTY,14
AIRCNGDYTY,14
AIQYGGGSTY,14
AISSYGQYTY,14
AISNNGSSTY,14
AISPGGDRTY,14
AMRWNGVETY,14
AIQWNGSLTY,14
AIEEYGRYTY,14
AISPRGNFTY,14
AIAPFGWKTY,14
AIFYVGGSTY,14
AISPDGQYTY,14
AIRPFGLTTY,14
AISPRGNITY,14
AISPLGYKTY,14
AISNYGRYTY,14
AISPLGWHTY,14
AIDYAGGSTY,14
AIAPFGRQTY,14
AIRFSGWSTY,14
AISPFGNHTY,14
AINPYGLKTY,14
AITPFGSLTY,14
AISPAGEGTY,14
AISPLGRTTY,14
AISPFDERTY,14
AIYPLGHGTY,14
AITPYGNGTY,14
AIPPYGSNTY,14
AISPIGKYTY,14
AISYRGHYTY,14
AIEEYGSYTY,14
AIDPYGDFTY,14
AISPFGVTTY,14
AITEYGYANY,14
AITPFGGATY,14
AIRPAGYYTY,13
AINDFGYYTY,13
AITPYGYNTY,13
AISPYGKDTY,13
AIIPWGGSTY,13
AINDYGSNTY,13
AIHPFGYGTY,13
AISECGYGTY,13
AITYNGGSTY,13
AIAQFGLSTY,13
AIEPFGGKTY,13
AISPFGTYTY,13
AIEYVGGSTY,13
AISPLGYTTY,13
AILPRGSRTY,13
AIKPFGFSTY,13
AISEYGTFTY,13
AIQPYGGYTY,13
AISPRGDTTY,13
AIAPFGGSTY,13
AISPIGKETY,13
AISDNGNITY,13
AINEYGYRTY,13
AISPYGLKTY,13
AIDYVGGSTY,13
AIAPCGEYTY,13
AISPIGLSTY,13
AIRFSGYSTY,13
AITPFGHRTY,13
AIAPFGGDTY,13
VIAPFGEYTY,13
AISPGGYSTY,13
AIMYLGGSTY,13
AISAYGYGTY,13
AILPYGNLTY,13
AISPYGISTY,13
AIGPHGNNTY,13
AITPDGYGTY,13
AIYPYGSNTY,13
AISPDGYLTY,13
AINPYGQYTY,13
AITPFGSRTY,13
AISNLGGHTY,13
AISPWGQYTY,13
AINPFGYSTY,13
AISPHGEYTY,13
AISPAGAHTY,13
AISPGGYQTY,13
AIGPFGTRTY,13
AISWRGARTY,13
AISPLGLSTY,13
AIVPFGARTY,13
AIVPRGNWTY,13
AIKPYGRYTY,13
AIHPYGGDTY,13
AISDYGDDTY,13
AIRTFGSTTY,13
AISPSGNNTY,13
AIGPNGSLTY,13
TISEYGYSTY,13
AIIPFGGTTY,13
AISPHGSYTY,13
AIGPFGDVTY,13
AITPFGAQTY,13
AITEYGYAIY,13
AILPYGLNTY,13
AIEPYGSYTY,13
AIVPFGKYTY,13
AISPYGDNTY,13
AISPYGNTTY,13
AIAPFCGYTY,13
AIYPIGRSTY,13
AISPGGLGTY,13
AISPYGAETY,13
AIAPFGRITY,13
AIVPFGGRTY,13
AIGPTGLNTY,13
AILPNGGGTY,13
AIGPFGKHTY,13
AISPYGVQTY,13
AISPRGHWTY,12
AIRAFGGGTY,12
AIGPFGLATY,12
AILPYGRKTY,12
AISEYGSLTY,12
AISPFGHWTY,12
AISYDGKTTY,12
AISPFGEATY,12
AIRWNCSATY,12
AIRIWGGSTY,12
AIDPYGQYTY,12
AIGPGGGGTY,12
AISGYGRYTY,12
AITPLGYRTY,12
AIGCDGEYTY,12
AITPFGIRTY,12
AISPYGHDTY,12
AISNYGDYTY,12
AISPWGYGTY,12
AITEFGYYTY,12
AISPSGKLTY,12
AICFMGGSTY,12
AIKPYGFTTY,12
AISPRGEYTY,12
AINWNGERTY,12
AIFPYGNYTY,12
AISSFGRRTY,12
AIAPFGEYIY,12
AISLYGEYTY,12
AITPGGGATY,12
AIAPDGDYTY,12
AISPRGDETY,12
AIAPNGWRTY,12
AITPFGQNTY,12
AINTYGSYTY,12
AINPYGYSTY,12
AISPFGEQTY,12
AIEPYGSNTY,12
AITPDGDKTY,12
AISPYGDVTY,12
AISPFGHDTY,12
AISNLGGYTY,12
AINPYGGLTY,12
AIGPYGYSTY,12
AISPYDEYTY,12
AISDYGIDTY,12
AISPNGSWTY,12
AIRPDGYYTY,12
AITYWGGSTY,12
AIDAYGHYTY,12
AIDPFGTNTY,12
AIAPWGQYTY,12
AISPNGESTY,12
AISPCGNYTY,12
AISSTGGWTY,12
AITLWGGSTY,12
AIAPFGKRTY,12
AICPYGEYTY,12
AINTYGRYTY,12
AISEYGARTY,12
AISPWGDGTY,12
AITPFGVSTY,12
AITPYGNWTY,12
AISEYGDVTY,12
AIGPTGHGTY,12
AISARGEWTY,12
AISPVGYSTY,12
AISPAGNTTY,12
AIAPFGLPTY,12
AIDPFGEYTY,12
AISPYGAHTY,12
AIKYYGGSTY,12
AIRPFGDFTY,12
AINEYGDYTY,12
AMGWDGEYTY,12
AIAPFGHVTY,12
AIHPYGYKTY,12
AISPFGTATY,12
AISPSGSITY,12
AIAPSGSKTY,12
AISPGGHWTY,12
AISPYGKSTY,12
AISPYCYYTY,12
AILPYGESTY,12
AISPNGTRTY,12
AIFPYGEWTY,12
AISEYGDWTY,11
AISPFGIETY,11
AITEYGYATS,11
VISEYGYGTY,11
AISEYGDFTY,11
AISPYGYYTH,11
AISDFGGYTY,11
AISSFGRDTY,11
AITPFGENTY,11
AIDPFGYRTY,11
AIDYKGGSTY,11
AITEHGYATY,11
AISPTGKYTY,11
AIYPFGYGTY,11
AIAPHGEYTY,11
AISPSGTSTY,11
AISPGGDITY,11
AISPGGSITY,11
AIHPWGGRTY,11
AILPPGGDTY,11
AISPTGNRTY,11
AITPYGYRTY,11
AIRPTGGRTY,11
AITPFGHYTY,11
AIDPYGRATY,11
AISKSGGYTY,11
AISPDGNTTY,11
AIAPYGYSTY,11
AISPLGGGTY,11
AIAQFGGYTY,11
AIDWNGKTTY,11
AISPRGNYTY,11
AISPYGRRTY,11
AIDPYGWYTY,11
AILPYGGNTY,11
AISPQGNYTY,11
AISDYGGYTY,11
AITPWGISTY,11
AIVPYGAYTY,11
AIGPFGNLTY,11
AIAPFGSTTY,11
AIAPYGEYTH,11
AISDTGSYTY,11
AINPYGDTTY,11
AIDPYGQVTY,11
AIRMAGGSTY,11
AIGPFGNVTY,11
AIYPYGDFTY,11
AIVYLGGSTY,11
AIDPYGELTY,11
AIGPLGAITY,11
AIRWDGEYTY,11
AIEPYGEYTY,11
AIMFYGGSTY,11
AIRWNGYETY,11
AIGPKGDTTY,11
ATTEYGYATY,11
AINPYGFKTY,11
AISPLGRKTY,11
AIDPYGNNTY,11
AISPLGSITY,11
AINPYGDRTY,11
AIFPNGKGTY,11
AISPFGRKTY,11
AISPDGNNTY,11
AINTYGNYTY,11
AIMMSGGSTY,11
AIDSFGGWTY,11
AISSFGDNTY,11
AIVPFGGLTY,11
AIRWNGMETY,11
AIAPFGTRTY,11
AILPFGYRTY,11
AISPIGGRTY,11
AISEFGSYTY,11
AIRHNGIYTY,11
AISPFGHNTY,11
AILPYGRATY,11
AIWPYGDYTY,11
AINPYGYKTY,11
AIAFMGGSTY,11
AIDPFGDYTY,11
AITPFGLDTY,11
AILPYGGWTY,11
AISPWGYSTY,11
AISPRGDGTY,11
AIAPFGTSTY,11
AIHPYGGYTY,11
AIRYSGLTTY,11
AIAPFGEYTH,11
AISTFGYSTY,11
AISPYGKVTY,11
AIAQFGSHTY,11
AIVPPGGYTY,11
AISEYGCGTY,11
AIDPFGKNTY,11
AIGWDCEYTY,11
AIAPFGTYTY,11
AILFYGGSTY,11
AITPFGYHTY,10
AIQTYGKYTY,10
AISEYCWGTY,10
AIRPDGYWTY,10
AINYSGSYTY,10
AIIEYGYGTY,10
AIKPFGQGTY,10
AIRPFGDVTY,10
AIAPFGGGTY,10
AIGRFGGYTY,10
AIAPFGRHTY,10
AISPRGDFTY,10
AIGWDGGYSY,10
AINENGEHTY,10
AISPYGYTTY,10
AILPYGRTTY,10
AINPYGRDTY,10
AIQGYGGSTY,10
AISPAGRSTY,10
AILPYGWNTY,10
AICWDGEYTY,10
AIKLYGTRTY,10
AIRPFGDYTY,10
AIRMPGGSTY,10
AISPIGSGTY,10
AIGPFGFSTY,10
AISPGGQSTY,10
AITPFGDRTY,10
AINPYGSRTY,10
AITFYGGSTY,10
AISPFGETTY,10
AIAPAGYNTY,10
AIRMLGGSTY,10
AIAPFGHHTY,10
AISEYGRTTY,10
AISDYGDCTY,10
AINQYGRTTY,10
AINPFGNRTY,10
AISPAGNDTY,10
AIGASGKYTY,10
AIEPFGSRTY,10
AINPYGYDTY,10
AIGYNGQLTY,10
AILPYGTTTY,10
AIGNIGRKTY,10
AISPNGYGTY,10
AIRYVGGYTY,10
AIAPSGLSTY,10
AITEYGYFTY,10
AINPRGDFTY,10
AIRPYGLRTY,10
AISPYGEDTY,10
AIKPHGSSTY,10
AISPWGEATY,10
AILPYGFKTY,10
AISPSGYATY,10
TIAPFGLSTY,10
AITPSGLYTY,10
AISPLGKLTY,10
AISPSGAFTY,10
AISPSGHYTY,10
AIKPNGTDTY,10
AMAPFGEYTY,10
AISDYGAYTY,10
AIVPFGDWTY,10
AINYGGGYTY,10
AIAPLGLNTY,10
AISETGDYTY,10
AISPWGTGTY,10
AITPIGYGTY,10
AIGPFGGLTY,10
AIDPYGKNTY,10
AIGPFGSKTY,10
AIGPFGNFTY,10
AIGPFGISTY,10
AIDPFGYYTY,10
AISPYGRVTY,10
AISPNGKFTY,10
AITEYGYATD,10
VIAPYGEYTY,10
AIAPFGQGTY,10
AINMLGGSTY,10
AMAPYGEYTY,10
AIDEYGYYTY,10
AISPYGRKTY,10
AISEFGSWTY,10
AITPFGSNTY,10
AITPYGTYTY,10
AIRPLGGTTY,10
AIRLNGSATY,10
AIRYAGYSTY,10
AIHPYGYRTY,10
AIVPKGGHTY,10
AIRPYGSHTY,10
AIDDYGEYTY,10
AITPEGNYTY,10
AISPHGSKTY,10
AITPDGEYTY,10
AIEYYGCSTY,10
AIKLFGKYTY,10
AITPLGNYTY,10
AIAPIGKETY,10
AISQDGIRTY,10
AIAPRGTRTY,10
AIYPYGGWTY,10
AITPTGGNTY,10
AIVPFGISTY,10
AITEYGDYTY,10
AIRWNGSVTY,10
AIDPQGYYTY,10
AIVPYGDYTY,10
AITPFGKFTY,10
AISPNGDETY,10
AISPWCNYTY,10
AIAPLGSFTY,10
AISPWGRHTY,10
AISPYGSNTY,10
AITPSGYDTY,10
AIPEYGYATY,10
AIAPLGETTY,9
AITPFGETTY,9
AIEPFGWRTY,9
AISPAGNVTY,9
AISEYGYATN,9
AIAPKGYQTY,9
AIRWNDVETY,9
AISPVGLKTY,9
AIRPNGYFTY,9
AITPLGLKTY,9
AIAPFGKETY,9
AISPWGKYTY,9
AIAQFGISTY,9
AIAPYGISTY,9
AIAPTGDYTY,9
AILPYGYNTY,9
AISPWGFSTY,9
AINPYGQITY,9
AIYPYGTYTY,9
AINPDGQNTY,9
TISPFGKYTY,9
AITPSGDFTY,9
AILFWGGSTY,9
AISPIGAYTY,9
AITPYGYATY,9
AIRPFGKYTY,9
AIRPFGLDTY,9
AIIPFGYNTY,9
AIAPWGGNTY,9
AISPSGHDTY,9
AIAPFGWDTY,9
AITPRGGYTY,9
AIQPFGHSTY,9
AIAPFGHRTY,9
AISPGGYDTY,9
AINPYGQSTY,9
AIFPYGNGTY,9
AIGPFGHWTY,9
AIKPYGRRTY,9
AISPSGHQTY,9
AMAPFGSHTY,9
AITPKGRYTY,9
AIGPFGGITY,9
AILPYGANTY,9
AIKTSGSRTY,9
AIGPRGDGTY,9
AISPRGGLTY,9
AINTSGGVTY,9
AIQGYGHYTY,9
AINPYGDGTY,9
AILPYGSRTY,9
AIGPVGDKTY,9
AIGPLGLSTY,9
AISPIGHGTY,9
AINEYGYATY,9
AISNNGESTY,9
AIVPFGSYTY,9
AIFPYGYNTY,9
AIAPFGGFTY,9
AICYYGGSTY,9
AIGPNGYYTY,9
AIFPYGDFTY,9
AISPYGHITY,9
AIHGYGGRTY,9
AISPFGSETY,9
AIAPYGSHTY,9
AINEYGGRTY,9
AIVYAGGSTY,9
AIKPSGRSTY,9
AIAPFGWETY,9
AISPFGKFTY,9
AISPIGKGTY,9
AISPLGGHTY,9
AIKIDGKGTY,9
AIRPFGKWTY,9
AIRPNGYRTY,9
AISYRGDVTY,9
AIDDYGGRTY,9
AISPNGSRTY,9
AINDNGLKTY,9
AINPFGRHTY,9
AIRPNGYHTY,9
AISPFGHKTY,9
AIVPYGYYTY,9
AIKPYGEKTY,9
AISPLGRSTY,9
AICEYGYATY,9
AINMSGGSTY,9
AISRIGKYTY,9
AISPLGKSTY,9
TISEYGWGTY,9
AIQNSGNYTY,9
AICMSGGSTY,9
AIRSFGDGTY,9
AITPGGYYTY,9
AIRPWGDQTY,9
AIRWNGDYSY,9
AIVPFGNRTY,9
AISPFGYVTY,9
AISEYCYSTY,9
AIHPYGSLTY,9
AIVPRGGYTY,9
AIDTFGGYTY,9
AITDYGDNTY,9
AITPIGSTTY,9
AIRCNGDETY,9
AISPFGQVTY,9
AIRNKGNYTY,9
AISPRGRTTY,9
AIVPFGSWTY,9
AIGPHGYYTY,8
AISPQGVQTY,8
AISPIGTVTY,8
AICEYGYGTY,8
AISEFGCNTY,8
AISYYGDYTY,8
AIRWAGWNTY,8
AISPFGHETY,8
AIGPFGYSTY,8
AISPWGRTTY,8
AILYCGGSTY,8
TISPYGDYTY,8
AIGSYGDYTY,8
AISGAGGKTY,8
AIRWNGDDTY,8
AIRPFGSSTY,8
AISPFGHFTY,8
TISDYGDYTY,8
AIYPYGSLTY,8
AILPVGWGTY,8
AISPNGSGTY,8
AIRPYGAYTY,8
AISDYGDGTY,8
AITPYGGSTY,8
AISPYGYDTY,8
AIGDYGYKTY,8
AISPLGSSTY,8
AISGNGSKTY,8
AIRWSGVETY,8
AISNRGEWTY,8
AITPRGRNTY,8
AIYPYGKGTY,8
AIRPWGNDTY,8
AILPWGSYTY,8
AILMRGGSTY,8
AIRPGGRRTY,8
AILPRGGYTY,8
AISPNGNWTY,8
AINPFGSYTY,8
AIQSYGNYTY,8
AILWNGDYTY,8
AISPHGNYTY,8
AITPFGAKTY,8
AIVPWGSFTY,8
AIRWSGNHTY,8
AISPSGYRTY,8
AISPYGRPTY,8
AIAPFGLSTH,8
AIEFRGNITY,8
AITPYGYDTY,8
AIRPLGGWTY,8
AISPRGSYTY,8
SISEYGYATY,8
AIYPLGFGTY,8
AITPGGQFTY,8
AIIFMGGSTY,8
AISDYGYITY,8
AISYFGGSTY,8
AISIPGYGTY,8
AITPVGYRTY,8
AIDTYGYPTY,8
AISPSGDRTY,8
AICYFGGSTY,8
AINFRGGYTY,8
AIQFMGGSTY,8
AISERGAYTY,8
AISGGGRSTY,8
AISDYGDLTY,8
AIRSFGNYTY,8
AIIPFGDYTY,8
AISPYGVDTY,8
AIDVYGRYTY,8
AIQWNGGLTY,8
AISPSGGRTY,8
AISPNGSTTY,8
AIFPFGKGTY,8
AINPYGAYTY,8
AITDFGYYTY,8
AINNGGGYTY,8
AIRPGGYYTY,8
AIGWDCGYTY,8
AIAPFGSQTY,8
AISPLGWRTY,8
AICYLGGSTY,8
SIAPFGEYTY,8
AITPFGQRTY,8
AINPRGGWTY,8
AIKVYGDRTY,8
AISPYGFDTY,8
AIRWNGVSSY,8
AIVYCGGSTY,8
AISPEGGATY,8
AISASGARTY,8
AINSYGNYTY,8
AISYYGDWTY,8
AIGWYGGYTY,8
AISPKGYATY,8
AIIPFGRFTY,8
AISHGGGYTY,8
AINPYGNLTY,8
AISPSGNRTY,8
AIRWNGSETY,8
AIQPYGSKTY,8
AIGPYGERTY,8
AISPGGRQTY,8
AIRWNSVETY,8
AINPAGQWTY,8
AISEYGEVTY,8
AISPWGAYTY,8
AIRWNGVDTY,8
AIAPFGIDTY,8
AIGPQCYYTY,8
AIDWRGNYTY,8
AISPNGYKTY,8
AINPLGYSTY,8
AIAPFGSDTY,8
AIADYGRYTY,8
AISPFCDSTY,7
AIQYSGGSTY,7
AIGPFGKLTY,7
AITPYGDFTY,7
AISDYGYWTY,7
AIRWAGSSTY,7
AIGPYGDATY,7
AIVMLGGSTY,7
AIAPFGWGTY,7
AITPFGGNTY,7
TISDYGDWTY,7
AIGPFGTYTY,7
AISPPGSRTY,7
AIRPQGAYTY,7
AIAPSGAKTY,7
AISPYGEYNY,7
AITPLGKATY,7
AIAFYGGSTY,7
AIQPFGNKTY,7
AIMYSGGSTY,7
AISPFGYSTH,7
AISPSGNDTY,7
AIGPNGYDTY,7
AIVPFGYSTY,7
AIAPNGNRTY,7
AIAPFGVTTY,7
AIVPYGSYTY,7
AISPDGNATY,7
AIAPEGYFTY,7
AITPFGQWTY,7
AISEYGVYTY,7
AIEPYGDSTY,7
AILPYGRLTY,7
AIGPSGYNTY,7
AIQPGGGRTY,7
AIYPYGGDTY,7
AIRYSGLHTY,7
AITPNGYYTY,7
AISPFGADTY,7
AIAPFGYATY,7
AIDPFGGNTY,7
TIGPQGYYTY,7
AISYRGGTTY,7
AIMMAGGSTY,7
AISPYGDPTY,7
AISPFGFHTY,7
AISEYGDGTY,7
AIAYFGGSTY,7
AIAPWGGTTY,7
AISPWGDFTY,7
AIAPFGNHTY,7
AISEYGYTTY,7
AINPFGEDTY,7
AIAPFGGHTY,7
AIAPLGLSTY,7
AIRMCGGSTY,7
AIGPGGGLTY,7
AISPLGYETY,7
AITPNGRYTY,7
AISEYGLGTY,7
AIAPFCQNTY,7
AISDYGKSTY,7
AISYRGSKTY,7
AIAPWGGETY,7
AITPFGNNTY,7
AIYPYGNNTY,7
AIRCNGVSTY,7
AISGFGDYTY,7
AISNRGNRTY,7
AIADYGRSTY,7
AISDYGYLTY,7
AISPNGYATY,7
AIAPFGKQTY,7
AIGPGGWSTY,7
AIGPFGFQTY,7
AISPYGLSTY,7
AIRSFGYSTY,7
AISPFGKITY,7
AISPFGTRTY,7
AIGPFGRQTY,7
AITPFGDATY,7
AITPYGAYTY,7
AIGPFGFNTY,7
AIASYGEYTY,7
AIVPLGGYTY,7
AISPIGRNTY,7
AIVPFGYQTY,7
AMAPFGLSTY,7
AIYPYGIKTY,7
AISPLGTRTY,7
AISDYGNWTY,7
AIPPYGLDTY,7
AIIPFGYKTY,7
AITPFGHNTY,7
AITPFGARTY,7
AISPFGFGTY,7
AISPYGTNTY,7
AIDPYGSETY,7
AISTYGYYTY,7
AISPFGKKTY,7
AIGWGGEYTY,7
AIYPYGGITY,7
AISPRGRYTY,7
AINPFGYRTY,7
AISPVGFSTY,7
AIGWDGDYTY,7
AISEYGYGIY,7
AISAPGYTTY,7
AIDEYGDYTY,7
AISGHGLATY,7
AIEFRGDQTY,7
AIGDYGRYTY,7
AISSYGSTTY,7
AISPFGTWTY,7
AIAPFGVRTY,7
AIAPFGWNTY,7
AIAPDGYNTY,7
AIAPYGNSTY,7
AIQPYGGDTY,7
TITFWGGSTY,7
AISTFGGYTY,7
TISPFGASTY,7
AIATFGEYTY,7
AILPYGSNTY,7
AIRTFGYSTY,7
AISWDGCYTY,7
AILPFGVQTY,7
AINPFGHKTY,7
AIRMWGGYTY,7
AISPHGSDTY,7
AISEAGDHTY,7
AIRWDGVETY,7
AIRWNCDETY,7
AITEYGHATY,7
AISPQGDNTY,7
AIEYAGGSTY,7
SISEYGYGTY,7
AITPRGDHTY,7
AISARGNWTY,7
AISPDGHYTY,7
AITPFGNETY,7
AISDYCDWTY,7
AILPNGGYTY,7
AILPYGYHTY,7
AISPLGKHTY,6
AISPYGSTTY,6
AISPLGLGTY,6
AIYPFGLRTY,6
AIMYAGGSTY,6
AISEFGSRTY,6
AILPYGSSTY,6
AISKYGKTTY,6
AINPTGYNTY,6
AISPLGQYTY,6
AIVPYGTRTY,6
AIFPFGNYTY,6
AISPLGKQTY,6
AISPNGGWTY,6
AIDTYGRYTY,6
AILPYGRRTY,6
AITPIGYNTY,6
AIGPSGRTTY,6
AISPFCYGTY,6
AIAPFGSLTY,6
AIRWHGVETY,6
AIAPYGHFTY,6
AIGEYGDYTY,6
AIAPFCSHTY,6
AIVPFGSHTY,6
AIDVYGLYTY,6
AIAPFGPSTY,6
AISEYGCATY,6
AMGPQGYYTY,6
AIGPFGIETY,6
AIKWDGSYTY,6
AITPFGEKTY,6
TIGWDGEYTY,6
AIAPKGLSTY,6
AIAPWGGYTY,6
AISPGGYKTY,6
AITEYGYYTH,6
AIKPYGDWTY,6
AISGNGYTTY,6
AIGPFGDLTY,6
AITPYGDRTY,6
AITPSGDRTY,6
AITPYGGFTY,6
AIVYFGGSTY,6
AIAPFCQYTY,6
AITPRGGQTY,6
AIKAYGSRTY,6
AIGQQGYYTY,6
AITPLGSYTY,6
AIAPNGYKTY,6
AITPTGGYTY,6
AIHPYGWKTY,6
AITPFGLNTY,6
AIGPFGYRTY,6
AISPYGKLTY,6
AISPWGNHTY,6
AISPFGTKTY,6
AIRPRGGWTY,6
AIDPFGVYTY,6
AITPSGKYTY,6
AIIPSGGHTY,6
AIAPCGSFTY,6
AINPYGDWTY,6
AISPFCNNTY,6
AITPFGTITY,6
AIRFRGGNTY,6
AIDSYGGYTY,6
AISQFGASTY,6
AIRRNGVETY,6
AIAPFGDGTY,6
AISEYGNFTY,6
AISDYGQYTY,6
AIKPFGLGTY,6
AIVFYGGSTY,6
AIGSFGDQTY,6
AINEYGYGTY,6
AIRPLGYHTY,6
AIGPYGKHTY,6
AISDYGDTTY,6
AIYPYGSGTY,6
AITEYGRDTY,6
AIKPYGFNTY,6
AISENGRYTY,6
AIGPYGTYTY,6
AISNRGGRTY,6
AISPIGQGTY,6
AIQPFGNRTY,6
AISPWGNYTH,6
AITPYGRGTY,6
AIYPLGIGTY,6
AIVMWGCSTY,6
AIHTYGKYTY,6
AIRLNGVSTY,6
AISARGDWTY,6
AISPFGTGTY,6
AITPLGRLTY,6
AISECGWGTY,6
AISDYGQRTY,6
AISPFGQTTF,6
TIAPFGSHTY,6
AIAPFCISTY,6
AITWNGYYTY,6
AIQPYGYSTY,6
AIYPYGQYTY,6
AISPFGEDTY,6
AIAPEGLSTY,6
AITPSGSRTY,6
AITPIGYYTY,6
AISPAGLRTY,6
AILWNGDETY,6
EISPYGEYTY,6
AISPWGRYTY,6
AISEYGYKTY,6
AIKPYGTFTY,6
AITPLGSSTY,6
AINPFGYKTY,6
AISPGGRYTY,6
AIAPYGYQTY,6
AISNNGFSTY,6
AIMYCGGSTY,6
AISKSGGGTY,6
AISPRGQHTY,6
AITPGGGVTY,6
AIRWNGDETH,6
AILPSGGETY,6
AIAPFGTTTY,6
AIAPYGEYIY,6
AITPYGIRTY,6
AIFPYGHYTY,6
AIGPFGRFTY,6
AIKPYGHHTY,6
AISEYGSITY,6
AISEDGYGTY,6
AITPYGTITY,6
AISPLGNTTY,6
AITPYGRETY,6
AISPFGHGTY,6
AIFPYGSNTY,6
AIGPLGSSTY,6
AIYPFGDGTY,6
AISPWGYNTY,6
AISEYGWDTY,6
AISPYVEYTY,6
AISPYGQLTY,6
AISPFGTLTY,6
VIAPFGLSTY,6
AITPSGWSTY,6
AIRWNGIATY,6
AISPYGPYTY,6
AIAQFGYSTY,6
AIHPYGFRTY,6
AISPGGKRTY,6
AISDYGNGTY,6
AIVPSGNRTY,6
AISEYGYAIY,6
AIQWNGDETY,6
AIAPYGKLTY,6
TIRWNGDETY,6
AISPGGTYTY,6
AINGFGQRTY,6
AIAPNGYYTY,6
AIHYYGGSTY,6
AILPYGDFTY,6
AINPFGNNTY,6
AISPVGNSTY,6
AIVPFGQYTY,5
AISPSGGNTY,5
AIAPYGNRTY,5
AIQWNGSATY,5
AIVPYGKSTY,5
AIAPFGRETY,5
AITPRGEGTY,5
AISPLGSHTY,5
AISTSGGNTY,5
TISEYGYYTY,5
AIDPFGSNTY,5
AILPYGKTTY,5
AISPYGQNTY,5
AICPQGYYTY,5
AIFPLGSGTY,5
AISEYGSWTY,5
AISPIGRRTY,5
AITPFGSGTY,5
AITDIGYYTY,5
AITESGYATY,5
AIVPRGGETY,5
AISPYGLNTY,5
AISPWGLETY,5
AITPDGYKTY,5
AIAPFGEWTY,5
AIEPFGEYTY,5
AIAPFCYSTY,5
AIELRGGLTY,5
AIHWRGNFTY,5
AIAPRGDHTY,5
AIRPNGSYTY,5
AISPRGQQTY,5
AISGGGRETY,5
AISPFGCSTY,5
AISPIGSKTY,5
AISPWGEYTY,5
AISPLGSQTY,5
AIDSFGGYTY,5
VIRWNGDYTY,5
AIGPFGSVTY,5
AIGPSGYYTY,5
AIGPSGSSTY,5
AINPFGNWTY,5
AILPYGEYTY,5
AIGPYGSSTY,5
AITDGGNYTY,5
AIIYAGGSTY,5
AINPAGQNTY,5
AILPYGSITY,5
AITPIGWKTY,5
AISQFGYGTY,5
AISEYGHYTY,5
SIAPFGLSTY,5
AIGPRGSRTY,5
AIKPYGSRTY,5
AISPFGHITY,5
ARTEYGYATY,5
AISPFGTTTY,5
AIGSEGYYTY,5
AISQLGYSTY,5
AIHPYGSWTY,5
AISPYGLQTY,5
AIAPFGSKTY,5
AISPWGVSTY,5
AISPYGKKTY,5
AISPWSNYTY,5
AIMMRGGQTY,5
AIVYSGGSTY,5
AIRWNGSTTY,5
AIRPFGSFTY,5
AIDPFGVNTY,5
AIGDYGDYTY,5
AIWYLGGSTY,5
AILYTGGSTY,5
AITPTGSYTY,5
AIAPFGNKTY,5
AISPNGYFTY,5
AISPFCGYTY,5
AILPFGWETY,5
AIGPFGTETY,5
AIAPFGKTTY,5
AIESFGYRTY,5
AIVPFGGKTY,5
AIGPRGYYTY,5
AISPWGGTTY,5
AISPGGLDTY,5
AIQYSGQYTY,5
AIGPWGYNTY,5
AINPFGSDTY,5
AIAPNGSLTY,5
AIAPFGEYAY,5
AISEYGTLTY,5
AIKPYGDYTY,5
AIMYWGGSTY,5
AIGPFGYKTY,5
AIVPYGGNTY,5
TISPFGDYTY,5
AISPWGSLTY,5
AILPFGLRTY,5
AIAQFGQYTY,5
AISEYCYYTY,5
AIKAFGSSTY,5
AIEPFGQNTY,5
AICYAGGSTY,5
AIGPYGAYTY,5
AIAPFGYQTH,5
AIAPYGYHTY,5
AISSTGGSTY,5
AIRLGGTYTY,5
AISPIGWRTY,5
AISPGGWHTY,5
AITPYGRFTY,5
AIGTYGKYTY,5
AISPGGRKTY,5
AIQPFGKDTY,5
AILPDGRQTY,5
AISPWGQRTY,5
AISPYGVTTY,5
AIAPFGIATY,5
AISEYGYNTY,5
AIAPTGNYTY,5
AIDPFGKYTY,5
AITPFGDFTY,5
AIDVYGNRTY,5
AIKPYGNWTY,5
AILWNGVSTY,5
TIEYYGGSTY,5
VISPWGNYTY,5
AIDTFGNYTY,5
AINENGSYTY,5
AISEDGYATY,5
AIAPRGGWTY,5
AISPFGHTTY,5
AIQPFGPRTY,5
AIRNSGYYTY,5
AISEYGYGTN,5
AISEYVYATY,5
AIRPFGKSTY,5
AIGPLGGRTY,5
AIYPLGDGTY,5
AIKPFGQYTY,5
AIKPYGRKTY,5
AINPGGYYTY,5
AIKPYGSFTY,5
AITPFGYETY,5
AILPRGGWTY,5
AISEFGCYTY,5
AIRPFGQWTY,5
AILWNGSATY,5
AISPNGSSTY,5
AIAPNGRRTY,5
AILYSGGSTY,5
AITPRGNYTY,5
AISPGGDNTY,5
AINPYGCNTY,5
AIGPWGNYTY,5
AIDWNGFYTY,5
AIAQFGASTY,5
AIAPFGDHTY,5
AISPYSEYTY,5
AINPYGYRTY,5
AISGKGLATY,5
VISPYGYYTY,5
AIQNSGGHTY,5
AISPFGVATY,5
AICYMCGSTY,5
AIHPRGAYTY,5
AILPNGYGTY,5
AIQWNGDYTY,5
AIALFGEYTY,5
TIRWNGDYTY,5
AISPNGVYTY,5
AIGPRGYRTY,5
AISMSGGSTY,5
TISPLGYSTY,5
AIDEYGVSTY,5
AIRPFGKNTY,5
AISQFGDSTY,5
AINMQGGSTY,5
TIRWNGSATY,5
AISWRGQNTY,5
AILPYGAKTY,5
AISDYGIYTY,5
AIQPFGNYTY,5
AIAPFGINTY,5
AIRWRGYGTY,5
AIQPFGYRTY,5
AINYRGGYTY,5
AISEYGYATD,5
AIAPNGYLTY,5
AISPFGGKTY,5
AIRYAGSFTY,5
AMRWNGDETY,5
AIQPFGRGTY,5
AITPFGTSTY,5
AILPNGSATY,5
AIVPRGDWTY,5
AIQPYGSLTY,5
AIDPYGIYTY,5
AIAPYGSFTY,5
AIAPFGHFTY,5
AIRLFGKYTY,5
AIKCNGYYTY,5
AITPFGDDTY,5
AINYAGDSTY,5
AISTSGYSTY,5
AIGSFGDVTY,5
AILPYGSATY,5
AIDMLGGSTY,5
AISPVGSDTY,5
AIAPLGRYTY,5
AILPDGSATY,5
AIVPFGLTTY,5
AITPRGGRTY,5
AITPFGFTTY,5
AISPAGSYTY,5
AIKDYGSRTY,5
AIAPFGGYTH,5
AITPFGASTY,5
AIKPFGSYTY,4
AISPSGNFTY,4
AINPFGHWTY,4
AISQFGNYTY,4
AILPFGSITY,4
AIHTYGFRTY,4
AIREYGYSTY,4
AIYPFGHKTY,4
AIGLDGGYTY,4
AIYPYGSKTY,4
AIEPFGLSTY,4
AILPYGKQTY,4
TIAPFGQNTY,4
AINPYGSDTY,4
AIRFMGGSTY,4
AIRPIGGETY,4
AISPLGINTY,4
AIGARGDFTY,4
AIGPSGLNTY,4
AIRPWGLSTY,4
AISDYGRRTY,4
AISSTGGPTY,4
AISHRGNWTY,4
AIDPFGEHTY,4
AISPYGYLTY,4
AIDPYGWRTY,4
AILPYGGRTY,4
AIGDFGHYTY,4
AIGPFGQNTY,4
AISEYGWGTH,4
AIDPFGTYTY,4
AIDAFGNYTY,4
AISEYDYATY,4
AIRPFGKFTY,4
AIGPTGYLTY,4
AITPFGVETY,4
AIFPYGYTTY,4
AISPLGLKTY,4
AILPYGDRTY,4
AITPFGADTY,4
AISPRGADTY,4
AIAPLGFQTY,4
AIVPRGGRTY,4
AIIPYGYYTY,4
AISPRGATTY,4
AISPAGLDTY,4
AIAPVGYTTY,4
AITPQGSLTY,4
AILPYGGSTY,4
AISTRGSYTY,4
EISEYGYATY,4
SIGWDGEYTY,4
AIQWNGVSTY,4
AISPYGWETY,4
AISPFCFSTY,4
AISPYGGDTY,4
AIVPFGSNTY,4
AISQYGSHTY,4
AITPFGHETY,4
AISYRGADTY,4
AIKTFGGNTY,4
AIDWGGRYTY,4
AIAPFGKWTY,4
AIYPYGFGTY,4
EISEYGYGTY,4
AISPRGTYTY,4
AISPGGGFTY,4
AISPIGDFTY,4
AISRRGRYTY,4
AISQFGDYTY,4
AISPFCRNTY,4
AINEYGKYTY,4
AIRPKGYSTY,4
AIDEFGYYTY,4
AIRFRGGSTY,4
AIAYNGGSTY,4
AIPFMGGSTY,4
AIAPFGKFTY,4
AIGWDGCYTY,4
AIFPYGSPTY,4
AINPYGGDTY,4
AIAPYCSYTY,4
AILPFGYGTY,4
AIYPYGRTTY,4
TIAPWGSFTY,4
AISEYGDHTY,4
AIAPFGGYAY,4
AIKFMGGSTY,4
AIAPYGEYAY,4
AISPIGGWTY,4
AIASFGEYTY,4
AIKYSGGSTY,4
AISPFGYATH,4
AIKPFGYRTY,4
AIRPGGQNTY,4
AISPYGEYTD,4
AIVPWGGHTY,4
AISDFGLYTY,4
AIGEYGNYTY,4
AISDPGGYTY,4
AIHPYGQDTY,4
AIAPTGLQTY,4
AIFPYGRRTY,4
AIHPYGGRTY,4
AISDIGKQTY,4
AIRPFGHFTY,4
AIIYCGGSTY,4
AINPFGDTTY,4
AISPHGGYTY,4
AIYPYGDPTY,4
AISPFGQWTY,4
AIGPWGNSTY,4
AIRLNGDETY,4
AIVPYGYSTY,4
AISAYGYSTY,4
AIAKNGSYTY,4
AITPWGGYTY,4
AIVPRGGATY,4
AINPWGNYTY,4
AIPFYGGSTY,4
AIGPQGGYTY,4
AIMMWGGKTY,4
AIRWNGLSTY,4
AIAPYGTYTY,4
TISPYGKYTY,4
AMAPFGQNTY,4
AIVYGGGSTY,4
AISPEGYFTY,4
AIHPYGDYTY,4
AILYLGGSTY,4
AIHPYGARTY,4
AISPKGHYTY,4
AIKPFGDYTY,4
AITPRGQFTY,4
AIAMAGGSTY,4
AIKPYGTYTY,4
AISPYGECTY,4
AISAYGWGTY,4
AISPYGNDTY,4
AIRLDGFATY,4
AINEYGIYTY,4
AIYPYGGRTY,4
AICPYGYYTY,4
AIAPFGNDTY,4
AIGDYGYNTY,4
AIDPFGSYTY,4
AIRCNGSATY,4
AIAPFCYQTY,4
AIGWDGKYTY,4
AIYPYGRRTY,4
AIAPYGDCTY,4
AIAQWGSFTY,4
AIGDYGDWTY,4
AIHPYGDLTY,4
AICWDGGYTY,4
AITYLGGSTY,4
AISPPGYYTY,4
AIRPSGDWTY,4
AISPQGFSTY,4
AIRFAGYETY,4
AISEYGYYAY,4
AISEYSYATY,4
AISYYGGYTY,4
AIKLNGYYTY,4
AISKSGGATY,4
AISPIGSLTY,4
AIRWNGVETN,4
AIGPVGSQTY,4
AISPGGNSTY,4
AILPFGDYTY,4
AIAPFGALTY,4
AIVMWGRSTY,4
AIAPFGQHTY,4
AISYYGYYTY,4
AITPVGKGTY,4
AITPIGYDTY,4
AIYPYGQWTY,4
AISPLGDWIY,4
AIKPNGRNTY,4
AIGPWGKYTY,4
AISPLGEYTY,4
AIGWDGEYAY,4
AISPVGRGTY,4
AIRWNGVETC,4
AIAPFGQQTY,4
AISPWGDNTY,4
AITPYGRSTY,4
TIAPFGISTY,4
AISPYCDYTY,4
AIGWDGGYTH,4
AIKPYGDSTY,4
AIRPFGWKTY,4
AISPFGDYTH,4
AITFWGCSTY,4
AISPFCYQTY,4
AISEYGWCTY,4
AISEAGYNTY,4
AIGPFGNSTY,4
AIAPYGATTY,4
AIRPNGYGTY,4
AISEHGYATY,4
AISDYGMGTY,4
AMAPFGGYTY,4
AITPLGYSTY,4
AIKPNGVDTY,4
AIYPYGRATY,4
AISPGGLKTY,4
AIPYNGGSTY,4
AIIMCGGSTY,4
AIKISGGYTY,4
AITPFGSKTY,4
AIVPYGQYTY,4
AIKTYGDVTY,4
AISYWGGSTY,4
AIRPRGYETY,4
AISDYCDYTY,4
AIADNGYETY,4
AIGPSGRSTY,4
AISPEGKYTY,4
TISPFGDSTY,4
AITPYGQSTY,4
AITDYGQYTY,4
AICPLGYSTY,4
TISPFGFSTY,4
AISYMGGYTY,4
AIGPFGGFTY,4
AIYPFGQGTY,4
AIGSQGYYTY,4
AIGPFGGNTY,4
AIGPFGKYTY,4
AISPYGKTTY,4
AIVPWGSHTY,4
AIPYIGGSTY,4
AIAQFGYQTY,4
AITPFGLATH,4
AISTFGDSTY,4
AIAPFCYHTY,4
AISNYGTYTY,4
AIRWNGRYAY,4
AISPFGGYTH,4
AISKSGNYTY,4
AIVPGGGYTY,4
AISPYREYTY,4
AIRWNGSATH,4
AINPYGIATY,4
AISLFGSNTY,4
AISPIGSWTY,4
AISEYGWGIY,4
AIHPYGKYTY,4
AIRLNGDYTY,4
AIRPYGSFTY,4
AINPFGDFTY,4
AISPFGQDTY,4
AIRWNCDYTY,4
AIRWNGAETY,4
AINDFGYRTY,4
AIRMWGGKTY,4
AIAPLGGYTY,4
AIASFGKYTY,4
AISPGGHYTY,4
AISPVGFDTY,4
AISPLGGTTY,4
AIGYNGYRTY,4
AIQLRGDFTY,4
AIQPFGAGTY,4
AIAPYGRTTY,4
AISPFCDYTY,4
AIRPFGRGTY,4
AISDYGDWTH,4
AIAPGGRYTY,4
AIAPFGLLTY,4
AISEYGYAAY,4
AISPLGDITY,4
AIKAWGQVTY,4
AIGPYGNNTY,3
AINDYGYYTY,3
AIEPFGYLTY,3
AITPLGKYTY,3
AILPYGRNTY,3
AIGPNGYRTY,3
AISRVGSDTY,3
AITEYGYAPY,3
AIGPFGTHTY,3
AISSFGRYTY,3
AITPYGGATY,3
AINPYGNNTY,3
AISPYGCYTY,3
AIADYGHYTY,3
AIAPFGLSIY,3
AIAPFGLDTY,3
AISEFGRHTY,3
AITEYRYATY,3
AISPFGCYTY,3
AISPFGHRTY,3
AISSWGNYTY,3
AIAPLGNSTY,3
AILPPGHQTY,3
AIRYAGRYTY,3
AIRWNGVENY,3
AIVPRGDYTY,3
AIQPYGNYTY,3
AIAYCGGSTY,3
AIRWDGYATH,3
AIWPYGNYTY,3
AISHRGDHTY,3
AISWRGELTY,3
AMAPFGASTY,3
AIYPNGSYTY,3
AIAPFCSYTY,3
AIAPFGSRTY,3
AILPFGYHTY,3
AIRPDGEWTY,3
AISEYGDRTY,3
AIVPQGVQTY,3
AIAPYCGYTY,3
AISPFGVQTY,3
AIQAYGNYTY,3
AIDPYGYYTH,3
AISIFGRNTY,3
AISDYGTGTY,3
AISPFSYSTY,3
AINIDGKTTY,3
AISSFGEYTY,3
AIRLFGRHTY,3
AIRSFGGWTY,3
AIYPYGNGTY,3
VISPFGGYTY,3
AIGCDGGYTY,3
AISEYGYATC,3
AIAQFGLTTY,3
AISPWGNYNY,3
AINWSGSHTY,3
AIVMWGGWTY,3
AIRPRGGDTY,3
AIIPFGRITY,3
AISPLGFNTY,3
AIAPFVLSTY,3
AINPFGGNTY,3
AISPTGLYTY,3
AISQFGYATY,3
AIRPLGWKTY,3
AIAPFGAPTY,3
AISPGGGSTY,3
AISNSGHYTY,3
AIIFYGGSTY,3
AIKPYGKRTY,3
AITPLGSRTY,3
AIGPLGYGTY,3
AIAPLGYSTY,3
AISPAGENTY,3
AISQFGYNTY,3
AIRWNDSFTY,3
TISPYGHYTY,3
AITPFGGVTY,3
AIYFMGGSTY,3
AIWPFGLGTY,3
AISPFCYATY,3
SISPLGYSTY,3
AIGFWGGSTY,3
AISPIGFGTY,3
AITPYGLYTY,3
AILPSGGWTY,3
AIAPWGYHTY,3
AISPAGQRTY,3
AIKLFGKRTY,3
AIFPYGKFTY,3
AISPVGNDTY,3
AIGPFGRYTY,3
AIQNSGQYTY,3
TISPFGISTY,3
AISPRGGSTY,3
AIGRDGEYTY,3
AMGWDGGYTY,3
AIRANGEYTY,3
AIRPSGYYTY,3
AISLFGDSTY,3
AISEFGYYTY,3
AISPRGYRTY,3
AINSYGNLTY,3
AISEYGYGTC,3
AINDYGSHTY,3
AISPYGLGTY,3
AIRPLGYTTY,3
AISPYGAFTY,3
SIGPYGYYTY,3
AISPFCEYTY,3
AIRWNDVSTY,3
AIGEPGKFTY,3
VIAPFGASTY,3
AIATFGQNTY,3
AIVPFGRTTY,3
AITPWGSFTY,3
SIAPFGISTY,3
AIREYGYYTY,3
AIRSFGNSTY,3
AIATYGEYTY,3
AISPYGDYIY,3
AIVMWCGSTY,3
AIAPFGEYTC,3
AIAYGGGSTY,3
AITEYGYYAY,3
VIAPFGGYTY,3
AITPFGRRTY,3
AINPFGYNTY,3
AISPFCASTY,3
AISTFGENTY,3
AIIPYGDYTY,3
AIAPFGQITY,3
AIKPWGNQTY,3
AISPYGWHTY,3
AISPYGIKTY,3
AIRLGGYYTY,3
TISPFGENTY,3
AISPYCSHTY,3
AIWYMGGSTY,3
AIFPYGSRTY,3
AINPFGWGTY,3
AIRWNGRFTY,3
AITPFGIETY,3
AIRPFGFRTY,3
AISPHGSWTY,3
AIAPLGQYTY,3
AIRWDGSATY,3
AISKVGNDTY,3
AISPHGDYTY,3
AITPHGYRTY,3
AINNGGGLTY,3
AINPLGGRTY,3
AISSFGKYTY,3
AIALFGASTY,3
AIRFSGLSTY,3
AITPFGHITY,3
AIGPFGKRTY,3
AISPYGEYSY,3
AINYSGFQTY,3
AINPFGSATY,3
AIVMCGGSTY,3
AIRPYGAFTY,3
AIGPHGRYTY,3
SIRWNGDETY,3
AIIPYGGYTY,3
AISPTGAYTY,3
AIGEYGWGTY,3
AISPRGQATY,3
AIRPHGGSTY,3
AISQYGDYTY,3
AISPQGEQTY,3
AIRWNGEYTY,3
AINGYGDYTY,3
AIKYTGGSTY,3
AIQPFGSGTY,3
AITPEGYFTY,3
AISPFGLLTY,3
AIRPYGYDTY,3
AISPYGWTTY,3
AIRPDGSYTY,3
VISPFGYSTY,3
AINTSGGNTY,3
AISEYGYGTD,3
AIKIDGKRTY,3
AIRLGGTNTY,3
AIAYYCGSTY,3
AISPRGEVTY,3
AISLFGEYTY,3
AISPIGHNTY,3
TIAPFGKYTY,3
AIAPFGYSTH,3
AIGWDGNYTY,3
AISQGGGRTY,3
AIHPYGHYTY,3
ARSPYGEYTY,3
AISPKGFRTY,3
AIQPFGKRTY,3
AIDIYGSYTY,3
AIKIDCKTTY,3
AIKPYGKYTY,3
AIYPYGNITY,3
AITPYGQNTY,3
AIGWDGGYIY,3
AIGEFGDYTY,3
AISPCGYYTY,3
AIRPSGKYTY,3
AITDYGLSTY,3
AINPYGYHTY,3
AIRPIGRETY,3
AIRPWGSLTY,3
AILPYGSYIY,3
AIGPVGKATY,3
AIYPLGYGTY,3
AISPGGNYTY,3
AIYPYGDWTY,3
AIRWNDSATY,3
AIQPSGGNTY,3
AISFMGGSTY,3
AIAPWGDRTY,3
AIGPQGYYTH,3
AIIEYGYSTY,3
AISPRGKYTY,3
AIALFGQNTY,3
AIRPKGDRTY,3
AINNHGGLTY,3
AIKPYGSWTY,3
EIAPFGSHTY,3
AISNFGRYTY,3
AINPFGDSTY,3
AIFPYGYKTY,3
AISPYGYYAY,3
AIAPSGKYTY,3
AIRWHGDYTY,3
AISNYGDWTY,3
AIKWYGYYTY,3
AIAPLGYQTY,3
AIGPFGRNTY,3
AIRPGGGYTY,3
AISEHGYGTY,3
AIEPYGSSTY,3
AITPFGLTTY,3
AITPFGNCTY,3
AIAPLGYHTY,3
AITPFGLATY,3
AIAPYGKSTY,3
TIAPFGGYTY,3
AIGPLGSITY,3
AIAPFAWETY,3
AMSEYGYSTY,3
AITPSGYYTY,3
AITQYGYATY,3
AIRPFGMETY,3
AIKPHGSDTY,3
AIGWNGEYTY,3
AIAPFCYNTY,3
AIKIAGGDTY,3
AIDTYGLYTY,3
AIKVYGNRTY,3
AISPQGWRTY,3
AISPFCSYTY,3
AIIPFGGSTY,3
AITPFGTKTY,3
AIAPNGSFTY,3
AISTFGDYTY,3
AIYPYGKNTY,3
AISEYGYSTH,3
AIGPLGINTY,3
AIVPFGGDTY,3
AITPFGRSTY,3
AISEFCWNTY,3
VISEYGWGTY,3
AIGPLGNETY,3
AINENGNHTY,3
AITENGYATY,3
AISPWGSGTY,3
TIVMRGGSTY,3
AIAPTGYSTY,3
AMSPYGYYTY,3
AINPFGASTY,3
AIRPLGRDTY,3
AISPQGNNTY,3
AITPFGDKTY,3
AITRFGGYTY,3
AISDYGDWAY,3
AISEWGYSTY,3
AIDPFGWNTY,3
AIAPWCSFTY,3
AILPFGYNTY,3
AIAPFGISTF,3
AITPLGGLTY,3
AIATFGKSTY,3
AICEYGYYTY,3
AIFPYGTYTY,3
AISPNGYITY,3
AINPYGHYTY,3
AIKIFGFKTY,3
AIKPYGVRTY,3
TINPYGRYTY,3
AIAPFGKKTY,3
TISSYGRYTY,3
AISTFGSHTY,3
AINPEGQNTY,3
AISPGGYRTY,3
AIRPYGDETY,3
AISPSGYNTY,3
AISGAGIKTY,3
AIGYAGGSTY,3
AMAPWGSFTY,3
AISEYGYRTY,3
VIAPFGQNTY,3
AIKTFGGSTY,3
AIAPFGAKTY,3
AISPIGRLTY,3
AIQNSGWSTY,3
AIKPFGSNTY,3
AIYPYGSFTY,3
AIRPNGNGTY,3
AISEYGSNTY,3
AIVMHGGSTY,3
AISPYGNYTH,3
AIVPWGTHTY,3
AIRWNCVSTY,3
AISPFGFSTH,3
VISPFGDSTY,3
VISPYGDYTY,3
AISPFCYNTY,3
AINSYGSYTY,3
AINPAGNYTY,3
AIRWNCSFTY,3
AILPFGKYTY,3
AIFYYGRYTY,3
AIIPWGNYTY,3
TIAPFGRTTY,3
AISPLGKTTY,3
AISPFGQCTY,3
AISQFGGYTY,3
PISPYGEYTY,3
AIGGYGKYTY,3
AIGWDSEYTY,3
AIKAWGQYTY,3
AIRFVGYETY,3
AIKPFGGWTY,3
AIRPNGDRTY,3
AISKYGYYTY,3
AIRPWGNYTY,3
AIIPIGGRTY,3
AIDAYGYYTY,3
AIAPYGRRTY,3
AITPYGGITY,3
AISPRGARTY,3
TIRWNGVSTY,3
AISLFGFNTY,3
AIKLFGKATY,3
AISPFDYSTY,3
AISPFCKSTY,3
AISKYGWGTY,3
AIAPYGYNTY,3
AIRWNGDYTH,3
AIALFGGYTY,3
AIIPYGSRTY,3
AICEYGYSTY,3
AILPYGFRTY,3
AISEFGEFTY,3
AINPYGWHTY,3
AIRLIGYSTY,3
AISPRGGETY,3
AISTWGNYTY,3
AIRWNGVEIY,3
AIRDYGDWTY,3
AIAPCGGYTY,3
SISPWGNYTY,3
AISHSGARTY,3
AIGWDGEYTH,3
AITPYGSITY,3
AISPFGQGTH,3
AIRPMGGSTY,3
AISQFGFNTY,3
AISHNGTSTY,3
AMRWNGVSTY,3
AIAPFGNITY,3
AISDYCYYTY,3
TIAPFGYQTY,3
AIDPYGRKTY,3
AVAPYGEYTY,3
AISPKGYSTY,3
AIAPSGHETY,3
AISPKGSFTY,3
AISQFGGFTY,3
AIGEYGYSTY,3
AIAPYGEHTY,3
AIRPNGKITY,3
AIQMWGGLTY,3
AIDYFGGSTY,3
AILYGGGSTY,3
AITPYGNFTY,3
AIAPFGQYTH,3
AIYPYGLPTY,3
AISPRGDHTY,3
AIIPFGGWTY,3
AILPYGSLTY,3
AISPCGYETY,3
AISGRGDYTY,3
AIKPFGKFTY,3
AIGRFGGVTY,3
AMRWNGSATY,3
AIWPRGDGTY,3
AITPFGFDTY,3
AITEYGHDTY,3
AILPFGHQTY,3
AIAPYGNITY,3
AIRWNASATY,3
AISPAGWSTY,3
AIHDYGTYTY,2
AISPCGLRTY,2
AISPFGDFTY,2
AIPYMGGSTH,2
AINFRSGYTY,2
VIKWNGYYTY,2
VIRWNGSFTY,2
AIGEFGHYTY,2
AISLFGYSTY,2
AITPVGRYTY,2
AISPYGRSTY,2
AIYPYGNKTY,2
AITYFGGSTY,2
AIGPFGDITY,2
AISDFGYYTY,2
VISEYGYYTY,2
AIGWDGGYTD,2
AISQYGGYTY,2
AIAYVCGSTY,2
AITEYGYDTY,2
AILMWDGSTY,2
AISEYGDATY,2
AISPSGTHTY,2
AIRPYGNYTY,2
AINSRGDHTY,2
AISYKGDLTY,2
ATSPFGYSTY,2
AISPGGQGTY,2
TISPYGSHTY,2
AISPLGKYTY,2
ATSPWGNYTY,2
AISEYGYGNY,2
AISTSGYRTY,2
AIRLNGNLTY,2
ATSPLGYSTY,2
TISPLGNSTY,2
AIYPFGKYTY,2
AISPYGAVTY,2
AISDYGSHTY,2
AISDYGYYTH,2
AISQYGYATY,2
AIRINGSYTY,2
AISPFGYLTY,2
AISPYGLRTD,2
AIVPRGGVTY,2
AISYRGSYTY,2
SISPFGRQTY,2
AISDYGDYTH,2
AIAPIGHITY,2
AIRWDGYVTY,2
AISPPGNYTY,2
TISPRGEATY,2
AIRWIGSSTY,2
AIDYWGGSTF,2
AIAPFCKYTY,2
AISPWGYYTY,2
AITPFGHHTY,2
TISPFGEYTY,2
AIGTQGYYTY,2
VISPLVGSTY,2
AISPYGWKTY,2
AISQRGEATY,2
AIRPYGQLTY,2
AINHRGYSTY,2
AISPYVYYTY,2
AIVLWGGSTY,2
AISPWGNLTY,2
AIAPFGKYTH,2
AIRWAGKYTY,2
AILYFGGSTY,2
AISPFGDYNY,2
AISQYGRTTY,2
AIAPFGEHTY,2
AITPWGLQTY,2
AIIMWCGSTY,2
AITPFGPETY,2
AIAPFGSWTH,2
SISPFGYSTY,2
AILPYGNTTY,2
AINPLGGSTY,2
TIAPFGRNTY,2
TIAPFGQYTY,2
AIGWDGGYAY,2
AMAPFGYSTY,2
AINSFGDGTY,2
AISPYGYYTN,2
TIRWNGSFTY,2
AIRPYGNWTY,2
AIQGTGDYTY,2
SIKWNGYYTY,2
TISPWGGYTY,2
AISPYCSYTY,2
AIEYCGGSTY,2
AIIPGGGRTY,2
AISPYGYWTY,2
AIRPFGSDTY,2
AISCDGNYTY,2
AIGPFGFHTY,2
AITEYGHNTY,2
AIEPFGISTY,2
AIATYGEWTY,2
AIAMWGRSTY,2
AIQPYGRFTY,2
AIVMSGGSTY,2
AIVPWGGYTY,2
AIAPSGSTTY,2
AIKCVGGSTY,2
AIEYYGGSAY,2
AIAPFGQNIY,2
AIYPYGSWTY,2
TISPYGSYTY,2
AITPYCEYTY,2
AIAPFGLNTF,2
AIGPQGYYAY,2
AISENGYATY,2
AIVPLGHSTY,2
SIAPYGRYTY,2
AIYPYGYKTY,2
AIAMWGDSTY,2
AISPFGYGTH,2
AISRSGKFTY,2
AIRPYGIHTY,2
AIGSYGNYTY,2
AMAPFGKSTY,2
AICPWGNYTY,2
AIGEYGYYTY,2
AIAQFGKYTY,2
AITEYGYATF,2
AIVPRGGLTY,2
AITEYGYPTY,2
ALAPFGLSTY,2
AIRPRGQGTY,2
AMDPYGYYTY,2
AISPRGGFTY,2
AIRMWCGSTY,2
AISPIGYDTY,2
AITPAGRSTY,2
AINPLGYQTY,2
AIGQFGSYTY,2
AITPIGFSTY,2
AISYYGYNTY,2
TISPYGIRTY,2
AIRPLGKYTY,2
AILYAGGSTY,2
AISWDGEYTY,2
AIGDYGYRTY,2
AINPFGISTY,2
AIGPFGWRTY,2
AISEYGWGTN,2
AIRPGGLFTY,2
AIQWNGSYTY,2
AISPWGNYIY,2
AISPAGSGTY,2
AMSPFGGYTY,2
AILPFGLETY,2
AIKVWGGSTY,2
AISDIGKGTY,2
AITPYGYSTY,2
AISPLGYSTD,2
AIIPYGSHTY,2
AIRLDGYATY,2
AISQYGDWTY,2
AILPYGNKTY,2
AIDPFGAYTY,2
AIGSFGGYTY,2
AISVYGYATY,2
SIAPFGGQTY,2
AIAPWGSFTD,2
EISDYGDWTY,2
AIAPFGDNTY,2
AIAPFCSWTY,2
AISPFGTHTY,2
AIDVYGDSTY,2
AISLYGYYTY,2
AIRPLGDKTY,2
AIGPYGHYTY,2
AMSPFGYGTY,2
AIRWNSRYTY,2
AILPYGIRTY,2
EISEYGWGTY,2
AISPYCIRTY,2
AISPFGDSTH,2
AITPLGYHTY,2
AIGPFGQGTY,2
AIRYGGGSTY,2
AIGDYGQYTY,2
AMRWNGDYTY,2
AIAPFCLTTY,2
VIAPFGISTY,2
AIDDYGSSTY,2
AISRRGKFTY,2
AIKGYGYYTY,2
AIAPFCASTY,2
AIRPSGRSTY,2
AITPFGKRTY,2
AINSFGRRTY,2
VIGWDGEYTY,2
AISPPGYSTY,2
AINEYGYSTY,2
AIAPYGLYTY,2
AIGWDDGYTY,2
AIRNSGFYTY,2
AISPFGAGTY,2
AITPLGYTTY,2
AIVPYGTETY,2
AIQPYGGLTY,2
AIGGYGRYTY,2
AIGPFGFRTY,2
AIRMWGCSTY,2
AINPGGWGTY,2
AISPVGSITY,2
AICPYGSHTY,2
AIRFRGGATY,2
AIKPFGKLTY,2
AISEDGDATY,2
AIPYVGGSTF,2
AIAPPGLYTY,2
AINPNGYRTY,2
AISPYGEYTN,2
AISPAGYNTY,2
AITPGGFKTY,2
AIVPQGYYTY,2
AISPCGGYTY,2
AISPFGASIY,2
AITEYGNATY,2
AISNYGAYTY,2
AISPFGDYTN,2
AIAPLGEYTY,2
SISPFGANTY,2
AINPYGYATY,2
VIAPFGYQTY,2
AISRYGGYTY,2
SISNRGGITY,2
AIRWKGSATY,2
TISPGGQYTY,2
AISPYGIYTY,2
AIEYYGGSTH,2
AIAPYGDKTY,2
AMSPYGSHTY,2
AIYPLGEGTY,2
AITPFGSATY,2
AISPRCEATY,2
AIAPWGRLTY,2
AIIMWGCSTY,2
AIAPLGTYTY,2
AINWRGNYTY,2
AISPFGAITY,2
AIKVYGRYTY,2
AIQLWGGSTY,2
AIVPRGDQTY,2
AISPFGLHSY,2
AIAPFGEYNY,2
ARSEYGYGTY,2
SISPFGNNTY,2
AIRWNGVEAY,2
AILPYGTHTY,2
AIAPLGLGTY,2
AIGGDGEYTY,2
TISPFGYNTY,2
AIKSFGYRTY,2
AISPGGKHTY,2
AIPPYGYYTY,2
AISPACYRTY,2
AISPFGYPTY,2
AISPYGYCTY,2
AIGWGGGYTY,2
AITDYGDWTY,2
ALTEYGYATY,2
AMAMWGGSTY,2
AIRPSGSYTY,2
AIRPSGKSTY,2
AIKPDGKYTY,2
AISPFGYAIY,2
AIKWKGYYTY,2
AIKIGGGYTY,2
AIPYMGRSTY,2
AINPFGENTY,2
TISPFGYQTY,2
AISPPGNLTY,2
AISPWGHRTY,2
AIRWNGMSTY,2
AIAPYGERTY,2
AISPLGYGTY,2
AIEYYGDSTY,2
AISPFGYHPY,2
VISPFGENTY,2
AIGPLGGSTY,2
AISPFCIGTY,2
TISPFGNYTY,2
AINPGGDHTY,2
AITTYGEYTY,2
AINDAGYYTY,2
AITDYGQRTY,2
RVSDFGYGTY,2
TIAPFGYSTY,2
AITEYGYASY,2
AISYSGDWTY,2
AICDYGDWTY,2
TIIMWGGSTY,2
AIATFGYSTY,2
AIAPFVEYTY,2
AIAPFGQNTN,2
AISPSGSGTY,2
AISSYGNSTH,2
TISPFGSSTY,2
AITYSGGSTY,2
AISPNGGGTY,2
AIGPFGHYTH,2
AIAPYGGSTY,2
AISPHGYYTY,2
AIIPFGRNTY,2
TIDPYGGYTY,2
AISEYGHFTY,2
AIAQLGHSTY,2
AIEPFGYNTY,2
AIAPFGSHTH,2
AISPLGYLTY,2
AIAPYGGYTH,2
AISTYGSHTY,2
AIAPFGLETY,2
AISPFGGYIY,2
AIGRFGISTY,2
AIAPFSGYTY,2
AIDPYCGYTY,2
AIYPYGYHTY,2
AMSEWGYRTY,2
AIAPWGRTTY,2
AISLRGDRTY,2
AISPWGNDTY,2
AIAPYGEYNY,2
AISAYGDWTY,2
AIDLYGGYTY,2
AISPLGRRTY,2
AIRPFGGKTY,2
AIIMRCGSTY,2
TIKIDGKTTY,2
AIAPFGASAY,2
AIVPFGNNTY,2
AIALFGSHTY,2
AIAMWGSSTY,2
AIAPYVEYTY,2
AIRNIGNYTY,2
AITPYGFSTY,2
AIRSFGSFTY,2
AISPWGSYTY,2
AITPFGKITY,2
AIAPFGYYTY,2
AMAPFGLTTY,2
AISPVGNYTY,2
AISQFGIGTY,2
AIKTLGGQTY,2
VIAPFGYSTY,2
AIRLFGASTY,2
AIAYMGCSTY,2
AISPYGLCTY,2
AISLYGSYTY,2
AISEYGYPTY,2
AILWNGLDTY,2
ATAPYGEYTY,2
AISEFGLNTY,2
AIKFYGGSTY,2
AISMWGDSTY,2
AIGTYGDYTY,2
AIRPSGGYTY,2
AIYPYGSPTY,2
AIAENGRYTY,2
AISPFCLNTY,2
AISPYGYETY,2
AISPCGGWTY,2
AIAMLGGSTY,2
AIRLAGDYTY,2
AIAQYGSYTY,2
AILPYGNFTY,2
AISPFGYQTN,2
AIAPFCKSTY,2
AIDDYGSYTY,2
AIRLYGYKTY,2
AISPIGKSTY,2
AIKPFGGYTY,2
AITMCGGSTY,2
AISQFGLSTY,2
AISPIGYNTY,2
AIAPFCNLTY,2
AINPFGFSTY,2
AIRWNGVETF,2
EIAPFGEYTY,2
AIRLMGGSTY,2
VISEYGYSTY,2
AIPYTGGSTY,2
AIAMWGGSTH,2
AIRPAGYLTY,2
PITEYGYATY,2
AISPWGGSTY,2
SISPFGASTY,2
AITPYGEYTH,2
AIKWNGYYSY,2
AIKPFGLTTY,2
TIGWDGGYTY,2
AITDYGGYTY,2
AIAPYGHGTY,2
AIQPRGGGTY,2
AISPFGEGTY,2
AISPYGDYTD,2
AISEYGSYNY,2
AISEYGYANY,2
AISPFCNYTY,2
AIRVYGSSTY,2
AIYPYGIDTY,2
AISPIGKRTY,2
AIALFGQYTY,2
AISPYGLHTY,2
AISPFGLQTH,2
AITFLGGSTY,2
AIAPWGGSTY,2
AIGPLGYKTY,2
AISPYCRYTY,2
AIKWNGYYTH,2
AIDQYGGYTY,2
AVSPYGYYTY,2
AINDYGQSTY,2
AISPGGNKTY,2
AIHPYGAYTY,2
AISTSGGHTY,2
SISPYGNYTY,2
AISPYGSHTH,2
AISGAGYKTY,2
AIRWNGLETY,2
AINSRGDCTY,2
AISPLGHATY,2
AIRPFGAITY,2
AIYPFGNYTY,2
AITEYAYATY,2
AIGPLGNGTY,2
AIRPKGYTTY,2
AISPYGQRTY,2
AITFWCGSTY,2
AIYPLGSGTY,2
ARAYYGGSTY,2
AISPCGDHTY,2
AIRIYGSRTY,2
AIRPYGTNTY,2
AMSPFGYSTY,2
AIIMWGGYTY,2
AIDMCGGSTY,2
AIRWYGSATY,2
AIQPFGVDTY,2
AIKPYGEYTY,2
AIAPVGKYTY,2
AIKWNGYRTY,2
AISPAGYHTY,2
AIAPLGQNTY,2
AISEDGYSTY,2
AIGPWGASTY,2
AIRWNSDETY,2
AIAPIGGYTY,2
AIGPDGYYTY,2
AIGWDGEHTY,2
AISPLGSGTY,2
AISPYGEYTC,2
AIADYGSYTY,2
RYGPLGFDTY,2
AIKPFGADTY,2
AIDPYCYYTY,2
AINHSGDSTY,2
AILPYGISTY,2
AIGWDGEYPY,2
AINYWGGSTY,2
AISEYGYYTH,2
AITPYGKVTY,2
AIKPYGNRTY,2
TIAPFGKSTY,2
AIGPFGRHTY,2
AIIPFGFSTY,2
ARRWNGVETY,2
AIAPYGECTY,2
AISPFCQGTY,2
AISPLGDYTY,2
AICPYGSYTY,2
ARRWNGDETY,2
ALSPYGYSTY,2
AMSDYGDWTY,2
AITFWGGSTH,2
AIGPEGFNTY,2
AITPFGWHTY,2
AINWNGRYTY,2
AIGPFGLHTY,2
AISGYGYATY,2
AIRWNGVETS,2
AIHPYGYLTY,2
AIGPKGYYTY,2
AIGSFGDITY,2
AIGEYGQYTY,2
AISPYGFYTY,2
AISDYGEITY,2
SISPDGYYTY,2
AMSPFGLSTY,2
TINSRGDRTY,2
AIAPFGQNTH,2
AISDCGYYTY,2
AIAPFGSYTH,2
AICEFGYYTY,2
AMSPGGDHTY,2
VIAPFGYHTY,2
AISPNGRFTY,2
AIRPDGFYTY,2
AIRWNGYATY,2
TITEYGYYTY,2
AITPFGRATY,2
VIAPFGSHTY,2
AMAPYGSYTY,2
AIRYNCGSTY,2
AILMWGGWTY,2
AISPSGGHTY,2
AIAFWGGSTY,2
AIKPWGGSTY,2
AISPFGNNIY,2
AITPFGGRTY,2
AIRWNGDEIY,2
AIGFYGGSTY,2
VISPYGKYTY,2
AISDPGYYTY,2
AIAPAGYYTY,2
TIAPFGYHTY,2
AISEYGYLTY,2
AIKDYGNRTY,2
TISPFGNNTY,2
AINPFGGHTY,2
AISPFGVDTY,2
AISPYGGHTY,2
AIRPLGYYTY,2
AICPHGSSTY,2
AISSFGDDTY,2
AISQGGDHTY,2
AIKIDGKTTH,2
AITPFGQQTY,2
AMSPWGNYTY,2
AIAPFGEYTD,2
AITIWGGSTY,2
AINDYGFYTY,2
SIAPFGYSTY,2
AISPYVDYTY,2
AITPSGQFTY,2
AISPRGGRTY,2
AISPLGYSTH,2
AISPRGTSTY,2
AIVPFGGHTY,2
AILPFGSYTY,2
AIHGYGSYTY,2
AIAPFGGYNY,2
TISSYGDYTY,2
AMVMWGGSTY,2
AMSEYGFYTY,2
AIRCSGNQTY,2
AIFPFGNGTY,2
AIHPLGWGTY,2
AIQPYGMRTY,2
AISEYGYSAY,2
AINSFCNSTY,2
AIALWGSFTY,2
AIKYLGGSTY,2
AIRWTGVETY,2
VIRWNGSATY,2
AIPSMGGSTY,2
AINPYGRPTY,2
AIAPFGGITY,2
AIYPLGSSTY,2
AIRWYGGNTY,2
AISDYGYGTY,2
AIRLGGGNTY,2
AIRPFGTYTY,2
AILPDGHYTY,2
AIAPFGSCTY,2
AIAPCGLSTY,2
AIADYGRLTY,2
AMSDYGYYTY,2
AISPYGRQTY,2
AIVPRGDRTY,2
AIKPYGEFTY,2
AIRTYGDYTY,2
AISTFGYQTY,2
AIKMCGGSTY,2
AISPYGDGTY,2
AISPYGSHTN,2
AIDPYGCYTY,2
AIAPYGGQTY,2
SISPYGDYTY,2
AIRWNGNATY,2
AISEYGTGTY,2
AIRWGGTGTY,2
AIRTYGHYTY,2
AIAPYSEYTY,2
AIVMWGSSTY,2
SISPYGGYTY,2
AIAPFGYQNY,2
AIGPQGCYTY,2
AIYPYGGFTY,2
AINWSCSRTY,2
AIAPYGTITY,2
AILWDGYYTY,2
AISWDGSHTY,2
AISTFGQYTY,2
AITEYCYYTY,2
VISDYGYYTY,2
AIAQFGSYTY,2
RDKPVCGLTY,2
AIAPYGLTTY,2
AIAPFGCNTY,2
AIHPYGRYTY,2
AISPFGHATY,2
AIADFGYRTD,2
AISPRGSWTY,2
AITPFGECTY,2
AISGTGGRTY,2
TISEFGWNTY,2
AIGPFGLDTY,2
AISSYGYSTY,2
AISPFGYSAY,2
AITPYRRYTY,2
AIEYYCGSTY,2
AIRPLGFDTY,2
AIRPIGRGTY,2
AISPLGFTTY,2
AINPYGHLTY,2
AILWNGSFTY,2
AISTYGSYTY,2
AIRAFGGTTY,2
AIAPFGGNTY,2
AISECGYRTY,2
TISPWGYATY,2
SISDYGDWTY,2
AISDYGDYTC,1
AIGPFGEETY,1
TIVMWGGSTY,1
AINSFGGRTH,1
RISPFGFDTY,1
AIGPFGASTY,1
AIRCNGNYTY,1
AIAPSGGYTY,1
SIVMWGGSTY,1
AMGPYGQYTY,1
AISRFGENTY,1
EIRWDGYYTY,1
AIVPFGHGTY,1
AIPWNGDYTY,1
AIAPFSQNTY,1
AINPYGRKTY,1
AITPYGCLTY,1
VINSFGNSTY,1
AIVPDGYFTY,1
AINQRGGQTY,1
SIGPQGYYTY,1
AISSFGRNTY,1
AITMWGGWTY,1
AISEYCRFTY,1
AITFWGGPTY,1
EIGEFGYYTY,1
AIKIFGRITY,1
VIGPYGYTTY,1
AIRWAGYYTY,1
AITDYGSYTY,1
AINSYGGSTY,1
AIAPYGGWTY,1
AISPFAIHTY,1
AISQFGQGTY,1
AIRQFGGDTY,1
AIAPFGLSNY,1
AISPYGRITY,1
AIAPTGNRTY,1
AIDQYGYYTY,1
AINPYGHFTY,1
AINYNSYRTY,1
AIEYYGSSTY,1
AMSPYGNYTY,1
AIDPFGDVTY,1
AIIMRGDSTY,1
AIKPFGYKTY,1
AISNYGSYTY,1
AIAPWGRFTY,1
AISSYGKYTY,1
AIVMRSGSTY,1
RDKPVWWLYL,1
AIAPIGYRTY,1
AISQFGIRTY,1
AIKPFGGSTY,1
AITPFGHGTY,1
AISPSGEKTY,1
EITPFGSETY,1
AVSPFGYSTY,1
ATSPFGRQTY,1
AISPGGFPTY,1
VIAPFGYNTY,1
AIAPFGRTSY,1
AIHPDGDFTY,1
AIDYACGSTY,1
EISPYGYYTY,1
AISPYGQWTH,1
AISEYGHGTY,1
AIVPFGHWTY,1
VISPDGWTTY,1
AILPFGNYTY,1
RVVYMGGSTY,1
SIAYKGGSTY,1
AIDPFGRSTY,1
AISPDGKRTY,1
AISNHGGITY,1
AISTLVGSTY,1
AIRWDGDETY,1
AIRWNGDYIY,1
AIAPFCYTTY,1
AIEYYSGSTY,1
AISEYDDRTY,1
AIQEYGDYTY,1
AIAPFGSHIY,1
AINYNDYRTY,1
AISPFCGFTY,1
AIVMWGGPTY,1
AISPFGSYTF,1
AIAYYGGSTH,1
AIAQFGHKTY,1
AISPYSYYTY,1
AIRNRGDYTY,1
TISPFGGDTY,1
AISPYRHYTY,1
AIATFGGYTY,1
AIAYVGCSTY,1
AIAPWGSVTY,1
AISPFGVFTY,1
AIAPFGQFTH,1
ARSHRDDRTY,1
AISEYGCYTY,1
AILPCGQYTY,1
AIYPYGAYTY,1
AIKWNGYYAY,1
AISAYGDYTY,1
AISPFGIFTY,1
AIAPFVISTY,1
AICPNGQGTY,1
AIADYGAYTY,1
AISPYGIRTH,1
VISSYGYRTY,1
TMGPQGYYTY,1
AITPFGTTTY,1
AIYPYGGHTY,1
AISPDGTDTY,1
AISPYGYYIY,1
AITEYGFATY,1
AISPNGWSTY,1
AISTSGVRTY,1
AILPYGTFTY,1
AIRWNGESTY,1
TISEYGDYTY,1
AIAPRGHRTY,1
AIVMSGGSTH,1
AISPLSGSTY,1
AIAPFDLSTY,1
AIASFGYHTY,1
PISPWGYKTY,1
AIAPFDGYTY,1
AISPLGCSTY,1
AISPGGAFTY,1
AIHPYCHYTH,1
AITPFGFETY,1
AISPHGHWTY,1
AIGPFCWSTY,1
AINWSGSLTY,1
AISPYGDWTC,1
AISPDGWATY,1
AIRPLGYATY,1
AIGTRGYRTY,1
AIASFGHWTY,1
AINLNGKYTY,1
TIGPFGRHTY,1
AISPYGCGTY,1
AIAPFGILTY,1
AISLDGSYTY,1
AMPYMGGSTY,1
AMSDYGYNTY,1
AIKQYGDYTY,1
AITYKGGSTF,1
AIMMWGGITY,1
AIAPYGSWTY,1
AIINSGHYTY,1
AIGWDGVYTY,1
AIQYSGGKTY,1
TISWRGDRTY,1
AISQFGFSTY,1
AIATLGGSTY,1
AIAPVGWSTY,1
SISPFGYQTY,1
AIAIWGGSTY,1
AINPYGRQTY,1
AISDYGLYTH,1
AIYPYGSDTY,1
AIAPFGMTTY,1
AISPWGNKTY,1
AIAPLGSWTY,1
AIAPFGWLTY,1
AISEFGWDTY,1
AITTGGRSTY,1
TIYPYGEYTY,1
AIRWNAVETY,1
AIAPNGIHTF,1
TISPFGGYTY,1
AISPLGYSAY,1
AISFWGGSTY,1
AISEAGYHTH,1
AIAPVGDKTY,1
AIAPWGSLTY,1
AISPFGYQTC,1
ARSPFGEVTY,1
AISPYGCLTY,1
VISPYGLYTY,1
AISPWRNYTY,1
AITEAGYHTY,1
AIGRDGGYTY,1
AIRWNGVATY,1
AIRYRGNYTY,1
AIGPFGTSTY,1
AIRPYGEDTY,1
AISSFGGFTY,1
AIAPDGYGTY,1
AIRPSGWGTY,1
AISDYGGKTY,1
AVGPQGYYTY,1
AIVWDGEYTY,1
AISSYGNPTY,1
AISPDGHFTY,1
AIVPFGKQTY,1
AIGPFGLPTY,1
AIAPFGYITY,1
AIATFGSYTY,1
AIKSNGYDTY,1
AIHPFGSCTY,1
AINPYGLRTY,1
AIGHYGGSTY,1
AITTYGRYTY,1
AIAQYGGYTY,1
ATSPYGYHTY,1
AISPFGCKTY,1
TISPLGYQTY,1
AISPKGYHTY,1
AIGPFGKSTY,1
ALGWDGEYTY,1
AISSLGGYTY,1
TIGPLGYSTY,1
AINVYGYATY,1
AIDPYGKFTY,1
AISPIGYCTY,1
AIDPYGYYIY,1
AIVPKGYRTY,1
AIDVYCYYTY,1
AISTFGIGTY,1
AISQFGDHTY,1
EIRYAGDFTY,1
AISQFGSYTY,1
AIRWYGYYTY,1
AISPVGAHTY,1
AINPRGEATY,1
AIAPFGYQAY,1
AISPYGTFTH,1
SISPYGFSTY,1
AISSYGNYTH,1
AIAQFGGQTY,1
AIQHRGDSTY,1
AITEYGWGTY,1
AITYYGYYTY,1
AINGFGYRTY,1
AITPYGHYPY,1
AIRPYGDITY,1
AIPMWGRSTY,1
AIDPYCYKTY,1
AINPFGYGTY,1
AINENGSHTH,1
AITPEGLYTY,1
AISPYGDWAY,1
AIGWDSGYTY,1
AINPYGKKTY,1
AISPLCHYTY,1
AIIMWGDSTY,1
AITTYGYNTY,1
ATTFWGGSTY,1
AITPIGLSTY,1
AIYPYGISTY,1
AISPTGSHTY,1
AINPFGEWTY,1
TISPSGSTTY,1
AIYMWGGSTY,1
AIAPPGNYTY,1
AIPYKGFSAY,1
AIYPFGNGTY,1
EISPFGYSTY,1
AIAPSGQNTY,1
AIPMWGSSTY,1
AIAPFGFKTY,1
AIALFGWHTY,1
PITPFGYKTY,1
RIKMWGGSTY,1
VIAPYGDWTY,1
AIIEYGWGTY,1
EIAPLGHSTY,1
AICPPGEYTY,1
AIADFCYRTY,1
AIAPFGGYTD,1
AISPCGEETY,1
AIAPCGESTY,1
AIIEYGDATY,1
AISQYGYCTY,1
AIAHYGYYTY,1
AISPGDYLTY,1
ALSPGGGWTY,1
AILPYCEWTY,1
VISPFGYHTY,1
ALSPFGWSTY,1
AITPFGGITY,1
AIAPFGQKTY,1
AINQYGGYTY,1
EIRWNGVSTY,1
AIAPKGYSTY,1
AIIPFGNTTY,1
VITPWGSYTY,1
AIVPRGEYTY,1
AIIPFGNYTY,1
AIRHRGDRTY,1
AISEYGYGSY,1
AISPYGSPTY,1
AISPNCKYTY,1
AISTFGYNTY,1
AISPYGVYTY,1
RISPYGYRTY,1
SISPFGYTTY,1
TISPDGYFTY,1
SISDYGDYTY,1
AIDMWGGKTY,1
AIGLRGNDTH,1
AISPFGYCTY,1
AIGPSGQWTY,1
AICWYGEYTY,1
AIGDYGYYAY,1
AINTFGGYTY,1
SISPWGGWTY,1
AIRPFGCETY,1
AIAPVGGYTY,1
AIAPFGSFTY,1
AITMWGGSTH,1
AILPFGWNTY,1
AISTSGGSTY,1
AICPFGYGTY,1
AIGLHGNETY,1
AIYTFGGGTY,1
AIKMDGKTTY,1
AIIPYGWNTY,1
AIAPFGSPTY,1
VITPGGRSTY,1
AISDYGDRTY,1
AISPIGYVTY,1
AIREYGWGTY,1
AINSSGDRTY,1
AISTFGSYTY,1
AMAPYGGITY,1
ARRWNGVSTY,1
AISPFGCNTY,1
AISPLVGSTH,1
AINYSGSQTY,1
AITPFGRNTY,1
AIVSMGGSTY,1
AIQPFGERTY,1
AIAPLGYNTY,1
AIRLFGSSTY,1
AIYPYGELTY,1
AIVPYRRYTY,1
AISPFGYNTH,1
AISPFCKYTY,1
AISPGSEVTY,1
TISPYGQYTY,1
AMSDYGDYTY,1
AISTYGAYTY,1
AISPNGLSTH,1
AISQAGQYTY,1
TIYPYGYKTY,1
AIQSYGLRTY,1
EIGWDGGYTY,1
AIASWGSFTY,1
AINDVGYYTY,1
ARRWNGSATY,1
AISPFGYGTC,1
AIGEFGYYIY,1
AIHTYGDYTY,1
AIAPWGTFTY,1
AISPFGKSIY,1
AITCWGGSTY,1
AIEMCGGSTY,1
AIGDYGTKTY,1
AISDYGDWIY,1
EIAMWGGSTY,1
AINTYGNATY,1
AIYPYGDITY,1
AISWDCSYTY,1
AISHSGDRTY,1
AIGQLGNETY,1
AISQLGYQTY,1
AIIPRGGWTY,1
AISDYADYTY,1
AINHRGDSTH,1
RISPIGRNTY,1
TISPDGYSTY,1
AISPWGRRTY,1
AIVPWGDLTY,1
AMSPFGENTY,1
TISSYGSYTY,1
AIVPFGYHTY,1
TITEYGYVTY,1
AIEPYGGITY,1
AISYDCYSTY,1
AIIPFGNWTY,1
TINEYGKYTY,1
ARGPQGYYTY,1
AIPSLGGSTY,1
AISPLCYYTY,1
AISDYGGATY,1
AIIPGGGATY,1
VITAYGYATY,1
AITPYGSWTY,1
EISAYGYSTY,1
AISPSDYGTY,1
AIRCNGSFTY,1
AIAPQGYYTY,1
AISDYGHNTY,1
AIRWHGSFTY,1
AISQRGHFTY,1
AINPLGYATY,1
EIEPFGLSTY,1
AISYHGNSTY,1
AINPYGGRTH,1
AISPFSQGTY,1
AINENGYATY,1
AISPYGNQTY,1
AISLFGYKTY,1
AISDYGDHTY,1
TIAYVGGSTY,1
AISPIGISTY,1
AISQFGYQTY,1
AIRYNSGSTY,1
AKRWNGVETY,1
AISPHGEATY,1
AITPFGCNTY,1
AISPGGDHTH,1
AILLYGSFTY,1
AISPYGMRTY,1
AILYYGKYTY,1
AIRPNGYTTY,1
AILWNGRYTY,1
AISSFGDCTY,1
AISEYGTVTY,1
AISPGGGLTY,1
AMRYNGGSTY,1
AILPYGGLTY,1
AISPFCSSTY,1
AIDEYGRYTH,1
AINNRGDRTY,1
AIAPFGISIY,1
AISPLGGITY,1
AMAPFGDSTY,1
AIQPYGWHTY,1
TIYPYGLNTY,1
AITPYAEYTY,1
AIGQRGNDTY,1
AISNSGGITY,1
AISPYGENTY,1
AISEYGRGTY,1
AICPFGASTY,1
AIIEFGWNTY,1
AIRPAGRYTY,1
AISPLGGYIY,1
AINPFGDHTY,1
ATSTYGEYNY,1
AIASYGGSTY,1
AIDPFGLTTY,1
TISPFGLGTY,1
RDKPVWWLTY,1
AIALWGGSTY,1
AISEYGDYTH,1
AIAPFGHTTY,1
AITPFGGFTY,1
TISPYGNYTY,1
ATCMWGGSTY,1
TIAYMGGSTY,1
AIRPNGVETY,1
AIKWSGSRTY,1
AINPWGYNTY,1
AISEYGYGAY,1
AISPGGDYTY,1
AILPFGDSTY,1
AISQFGHSTY,1
TISPFGDNTY,1
EISEYGYSTY,1
AIAPFGISNY,1
AIGPHGSKTY,1
EIGWDGEYTY,1
AIRTSGGRTY,1
AIVWDGGYTY,1
AICYIGGSTY,1
AIVPYGWKTY,1
AIETYGEYTY,1
AIGEFGYYTH,1
AISEYGSGTY,1
AIEISGGHTY,1
SIAPYGEYTY,1
AISEYGGKTH,1
TISSYGNSTY,1
TINWNGKSTY,1
AINPFGLGTY,1
AISPWGGYTN,1
AIVPYGYRTY,1
AIRWHGDETY,1
AISDYGDYIY,1
AIGPLGGWTY,1
AIAPFGDYNY,1
AIAPYCRYTY,1
AIPYLGGSTY,1
AITPYGSQTY,1
AISTFGVRTY,1
AIRMAGGSTQ,1
AINWSGSCTY,1
AISPRGRGTY,1
AIAPGGSFTY,1
AIAAYGYYTY,1
AIGLRGDDTY,1
AIAPFGDDTY,1
AISPFGNPTY,1
AIRPLGYKTY,1
AIRWRGNQTY,1
ATSPFGDYTY,1
AINDNGYATY,1
AIRWNGDYTS,1
AITEYGEYTY,1
AIREYGYDTY,1
AIGWDGGYTN,1
AIRLNGGSTY,1
AIEPFGYQTY,1
AIAPFGQNSY,1
PIGWDGEYTY,1
AISPSGMSTY,1
AIATFGSHTY,1
AISECGYYTY,1
AINPFGQYTY,1
AISPDGYFTH,1
SISEWGYRTY,1
AIDPTGHGTY,1
AISEFGGHTY,1
AIIPFGNNTY,1
AIDPYCNSTY,1
AISWDGGYTY,1
AIPYMSGSTY,1
AIGQFGNGTY,1
AISPWGGRTY,1
SIAPYGAYTY,1
AIAPWGSFTH,1
AISEYGYSPY,1
AIAYVSGSTY,1
AQIMFGSSTY,1
AISPLGNNTY,1
AIALFGSSTY,1
AIAPSGQYTY,1
SISEYGYYTY,1
SISDYGEWTY,1
AILMWCGSTY,1
TISPYGAYTY,1
AIAPFGLSTN,1
AISPSGSVTY,1
AIGPYGNHTY,1
AIATFGQYTY,1
SISPYGAYTY,1
AISPFGQGTC,1
TIKTFGGYTY,1
AINPFGGWTY,1
AIRTGGGFTY,1
AISPYGHKTY,1
AIAHYGGSTY,1
AIAMCGGSTY,1
AISPGGKKTY,1
EITEYGYYTY,1
AIYPYCLNTY,1
AIAEYCNTTY,1
AIGDYGTNTY,1
AIVIWGGSTY,1
AVGWDGEYTY,1
AISGSGRSTY,1
RYCIKVGSTY,1
AISSFGNNTY,1
RIMMWGGSTY,1
AIAPFGHDTY,1
RITPYGKYTY,1
AIAPWGGHTY,1
AIIIRGGSTY,1
AIQWNGYYTY,1
AISPGGYHTY,1
AIAPFGGTTH,1
AIIPFGYSTY,1
AIRWDCYATY,1
TINPYGGYTY,1
AIAPWSSFTY,1
TIADYGNYTY,1
AINPFGYATY,1
AISPQGEQTH,1
VIAPYGSYTY,1
AMNPYGSKTY,1
AIIPTCGRTY,1
AIFPYCQLTY,1
AIKSFGRRTY,1
AILPSGGSTY,1
AISEYGHSTY,1
AINPYCDSTY,1
AIIPFGIGTY,1
AINQFGRSTY,1
AISPFGEIIY,1
AINLNGGSTY,1
AIYPYGKFTY,1
AIIPFGNLTY,1
AIRWTGYSTY,1
AVSPFGYETY,1
AISPGGNFTY,1
AISDYGYYTD,1
AIRPFGYKTY,1
AITPFGVTTY,1
AIIEYGYVTY,1
AMSPLGYSTY,1
AITPYRYYTY,1
ATSEYGYGTY,1
AIAPNGINTY,1
TISDYGRYTY,1
AISTCGARTY,1
AITPGSRSTY,1
AISEFCGYTY,1
AIAPFGWPTY,1
AISPGGSPTY,1
AISEASYHTY,1
AIPMLGGSTY,1
AIGPYGSDTY,1
AIGWDGNYIY,1
AIRPTGLYTY,1
AMSPFGQGTY,1
AIVMCGCSTY,1
TIAPLGISTY,1
AITPFGYTTH,1
AIGEFGYYAY,1
VISPGGDHTY,1
AISSYGDYAY,1
TIDVYGKYTY,1
SISYDGKTTY,1
AISLWGNYTY,1
AIAPFCHFTY,1
AISPIGRVTY,1
AIRWNGVKTY,1
AIKWSGYYTY,1
AIAMWGGSAY,1
AIGEFCYYTY,1
TIAPIGYGTY,1
AISPFCFKTY,1
AIAYVGASTY,1
AILPFGHKTY,1
AIGDFGGYTY,1
AIEPFGFNTY,1
AVSPFGGRTY,1
AIAQFGLGTY,1
AISPFGAPTY,1
AISTFGLSTY,1
AISPFGFTAY,1
TISPFGNDTY,1
VISPFGIGTY,1
AIAPFDDSTY,1
VIPYMGGSTY,1
AMRYNGIYTY,1
AINPGGNYTY,1
AILPYCQYTY,1
SILPYGSYTY,1
AIRPNGDYTY,1
AIRSTGGYTY,1
AIQSFGNRTY,1
AIAEFGYRTY,1
AISPFGENTH,1
AIRWNGSFTS,1
AIRWDGDYTY,1
ALAPFGKYTY,1
AIDVYCQNTY,1
AIAYYGGSTD,1
AIQYVSGSTY,1
AISPCGGGTY,1
AIRPNGKYTY,1
AIRPYGKITY,1
AINHRCDSTY,1
AIEQYGYYTY,1
EIATFGTYTY,1
AIASFGSHTY,1
AISTYGDWTY,1
AIRPYGEWTY,1
AIAPFGRATY,1
AISYYGYRTY,1
AMSPFGDSTY,1
AIRFAGYKTY,1
AIGLQGYYTY,1
AISPGGGATY,1
AIGPQGDYTY,1
AINPFGLSTY,1
AISPLGSLTY,1
AIAPSGSRTY,1
AIAPYGNFTY,1
AINHRGDLTY,1
AIVSTGNRTY,1
TINYYGGSTY,1
AITYFGGYTY,1
AISPFGYKTF,1
AIRWNGRYTH,1
AIAPFGSHAY,1
AIYPYVIRTY,1
AIMPRGGGTY,1
TINPYGEYTY,1
AISPGGSGTY,1
AIRCNGSYTY,1
VINWNGKYTY,1
AIAPCGGTTY,1
AISTYGWRTY,1
AIGANGLKTY,1
AISPYCGGTY,1
AISEFGWNSY,1
AISEACYHTY,1
AIVPFGASTY,1
AISNLGGSTY,1
AIGPFGYGTY,1
AILPYGVKTY,1
SISPFGLTTY,1
AIHPYCGRTY,1
AITEHGYGTY,1
AICPFGYTTY,1
AINWNGGYTH,1
AITPSGAFTY,1
AITPFGNSTH,1
AMAPFGISTY,1
AISPWCYETY,1
TISDYGEWTY,1
AIAPFGISAY,1
EISPFGGYTY,1
AICPYGHSTY,1
AIRWNGVETD,1
AIQMWGGSTH,1
AISQFGSHTY,1
AICPYGGDTY,1
AINWNGEYTY,1
TISEYGSYTY,1
AIASFGLSTY,1
AVRWNGDYTY,1
AILMWGRSTY,1
AILPYGGQTY,1
AIGPFGIHTY,1
AIASYGGRTY,1
AISWRGNYTY,1
AISDYGTSTY,1
AISPHGDWTY,1
AIAPYGGLTY,1
AIIDYGDWTY,1
VIAPFGKSTY,1
AISPFGYSTN,1
AIRWNGNETY,1
AISPYGRYTH,1
ATTPYGDSTY,1
AISPWGFGTC,1
AIMFFGGSTY,1
AISPLGWQTN,1
AIRSFGYDTY,1
AISQNGWRTY,1
AIAPIGYDTY,1
AISEYGFYIY,1
AIASFGISTY,1
AIRPDGYRTY,1
AISPLGDCTY,1
AIGPFGNLTF,1
AIQNSGGNTY,1
AISEFGNYTY,1
AITEYGQWTY,1
AIDPYGGYNY,1
AIDEYCDYTY,1
PISPEGARTY,1
AINPYGVNTY,1
AIRPSGGDTY,1
AINPFGKSTY,1
PISPNGYYTY,1
AIVPIGSYTY,1
AIASYGGYTY,1
AIASRCDYTY,1
AQIMFGLDTY,1
AIRPYCYNTY,1
AISEYGEWAY,1
AIIPSGIKTY,1
AIADYCYYTY,1
SISPYGKYTY,1
AITPTGRSTY,1
AISPYCHSTY,1
AITPYGYYPY,1
AIVPRGTYTY,1
AISPWGNYAY,1
AISPDGLTTY,1
TIAMWGGSTY,1
AMSPYGSYTY,1
AIAQYGGITY,1
AISVYGYGTY,1
AISQFGFTTY,1
AIRQWGNQTY,1
AITKYGYYTY,1
VIHPRGNKTY,1
AIVMWGGSNY,1
AINMWGGPTY,1
AIAPYGYATY,1
AISPYGYRTH,1
AISPVGLCTY,1
AISPNGRNTY,1
AISPYGEKIY,1
AIRWNDDETY,1
AISYVCGSTY,1
AIREYGEYTY,1
AISPDCNLTY,1
AISDYGYCTY,1
AISHYGDWTY,1
AIDPSGSTTY,1
TINSFGNSTY,1
AINWRCNYTY,1
SISPFGNSTY,1
TISPFGDWTY,1
AIAPFGHCTY,1
AIAPYCEWTY,1
AIAMWGCSTY,1
AIRPIGGNTY,1
VISTSGGRTY,1
AIAYMGGPTY,1
AIIFWGGSTY,1
AIQMWGSSTY,1
TISPFGGQTY,1
AISPIGSSTY,1
AMTPYGEYTY,1
AISPYGGYTH,1
AISPFGIHTY,1
AIAHYGNYTY,1
AISGICGKTY,1
AISPFCGSTY,1
AISPWGGLTY,1
AISPYGQRTD,1
AIAPYAEYTY,1
AISPYGGGTN,1
AISEWCYRTY,1
AISPYGGFTH,1
AISEYGSTTH,1
AISPFRYSTY,1
AIRWNGSSAY,1
ALEYYGGSTY,1
TISPFGRNTY,1
AIAPYGRYTD,1
AIKPYGVKTY,1
AISPYGSRIY,1
AISPFDISTY,1
AIGDYGRYSY,1
AIRGNGDETY,1
AISPFGKSTH,1
AISPFCSHTY,1
AICMLGGSTY,1
AIRPHGRRTY,1
AIRPYGTETH,1
AIAPSGEYTY,1
AIAPLGATTY,1
AIAPWGSFTC,1
TISDYGYNTY,1
AIKPYGNSTY,1
AISSTGGLTY,1
TISPFGGHTY,1
AIMMWGRSTY,1
AXSEYGYGTY,1
AISTYGYSTY,1
AIDPYGYYTN,1
AISPSSKNTY,1
AIGYNVYRTY,1
AIHYVGGSTY,1
TIAPFGLTTY,1
SINPFGRSTY,1
EIAPFGYHTY,1
AIAPRGARTH,1
AISNYGNSTY,1
AIGPQGYDTY,1
ATRWNGDETY,1
EISPRGGGTY,1
AILPYSTYTY,1
AIKPYGWRTY,1
AITPFGRLTY,1
AISDYGDWTC,1
AIQYYGCSTY,1
AIDMWGCSTY,1
AICPYGYSTY,1
AISPSGYSTY,1
EINSRGDRTY,1
AISPFVKSTY,1
AISPVGNLTY,1
AIAPFCLGTY,1
AISEYAWGTY,1
AITPFGYGTY,1
TISPLGGSTY,1
AIHPYGSRTY,1
AISPFGGYAY,1
AISDYGERTY,1
AISPRGGDTY,1
AISPRGEATH,1
AITQFGYTTY,1
AINPGGHFTY,1
AIDPYGRHTY,1
AISPFGQHTY,1
AISPFGISTN,1
AMSPYGFTTY,1
AIYCYGGSTY,1
AINSYGNSTY,1
AINPFGLNTY,1
AIIYIGGSTY,1
AIYPYCGQTY,1
AISPMVGSTY,1
AIAPYGDQTY,1
AIGWDGEYTF,1
AIASMGGSTY,1
AISQGGYRTY,1
AISLWGGWTY,1
EIAPFGLSTY,1
AIAPYGEYSY,1
AISSYGYYTY,1
TISPFGYATY,1
AISYRGDYTY,1
AIAPFGRTNY,1
AISEFVWNTY,1
AILPFGWDTY,1
AIQPYGWRTH,1
AISPFGIQSY,1
AITPFGYYTY,1
AIKSFGGYTY,1
AIHSRGDRTY,1
AITFCGGSTY,1
AITYIGGSTY,1
AIRWDGYYTH,1
AIRPYGRTTY,1
AIRPYGEKTY,1
AIRSYGDYTY,1
AIDIYGTYTY,1
AISPNGLHTY,1
ALSEYGYGTY,1
AISDYGGNTY,1
AISPYDKYTY,1
AIDPFGERTY,1
AISPIGSNTY,1
AISPAGRDTY,1
AIGKAGHYTY,1
TITEYGHFTY,1
AIEPFGYSTY,1
AISPDGEYTY,1
AISPLDYYTY,1
AISTFGYDTY,1
AIRWYGDETY,1
AIVDYGNYTY,1
VIAPYGGYTY,1
AIPYWSGSTY,1
AIKIGGKTTY,1
EISPWGNYTY,1
AMAPNGNSTY,1
AIGPFGYTAY,1
ATSPYGHYTY,1
AINDNGYRTY,1
VIAYYGGSTY,1
AIAPFGEITY,1
AIDVYGNYTY,1
AINCNGKSTY,1
AISAFGGYTY,1
AISEYGDLAY,1
AISNYGRYTH,1
AISTLGYSTY,1
VIAPFGSNTY,1
AISQFGQYTY,1
AITPGCLGTY,1
AISPFGWDTY,1
AIAYHGGSTY,1
AIGPQGGSTY,1
AIVEFGYYTY,1
AISQFGEYTY,1
RISPYGHYTY,1
AICLRGNDTY,1
ATAPYGYYTY,1
AIKPFGYTTY,1
AISPWVNYTY,1
AISPYAEYTY,1
AIAPFGQLTY,1
AITVYGYATY,1
SITPFGSITY,1
AISPFCHSTY,1
AISPFGYSTD,1
TIRWDGYYTY,1
AMAPFGHKTY,1
AITEYGYQTY,1
AIAPFGVQTY,1
AISEDGDGTY,1
ARTEYGDATY,1
AIRPSGLSTY,1
AIPYMGCSTY,1
AISPYGMYTY,1
AIRYVGYYTY,1
ATKWNGYYTY,1
AVSPYGEYTY,1
AITFWGGSNY,1
EIAPFGGQTY,1
AITTYGDSTY,1
AIAPFGKYIY,1
AISDYGYVTY,1
AISPWGHYTY,1
AIKPYGGYTY,1
SISPWGGYTY,1
AISMWGGFTY,1
AICMWGGSTH,1
AITQYGYYTY,1
AIAPCGISTY,1
AISPVGAYTY,1
AIVPFGNLTY,1
AIVPTGNHTY,1
AIKPYGYSTY,1
AIPYMGGSAY,1
AIRPSGDRTY,1
AINWCGQYTY,1
AICPFGKNTY,1
AIALFGDFTY,1
AISAYGEYTY,1
AIILYGSYTY,1
ATSPFGDRTY,1
ARSPLGYSTY,1
AIHPYGRRTY,1
AITPYGDLTY,1
AISNYGTYTH,1
AIKNYGLRTY,1
TIRPFGGYTY,1
AIYPHGYYTY,1
AIGPKGDYTY,1
AILLLGGSTH,1
AIAPIGHKTY,1
AISPGGLHTY,1
AIGWDGAYTY,1
AIAPFGLTAY,1
AISEYGNATY,1
AVNQYGRYTY,1
AISYDGYKTY,1
AIEPFGASTY,1
AIAPPCLYTY,1
TISPSGFSTY,1
AINSFGDRTY,1
AIGWDGEYTS,1
AISYMDGSTY,1
AIAPFGGYIY,1
AIRWSGSATY,1
AISEYGYVNY,1
AISPFGYSTF,1
AIKPFGGGTY,1
AIRWNCSYTY,1
AISPWDNYTY,1
EIAPYGEYTY,1
AITMWGSSTY,1
AIVPRGSYTY,1
TISPFGKSTY,1
VIAPFGRSTY,1
AISANGLSTF,1
AIVMWGGPTH,1
AIAPFGISTH,1
AISPQGYYTY,1
EISPLGYSTY,1
AIAPFCDGTY,1
AISEHGYSTY,1
AISTFGDHTY,1
AIAPFGRNTH,1
AISPWGYKTY,1
TISEFGGYTY,1
AIGQFGSLTY,1
AINPRGGHTY,1
AINPYGGWTY,1
AITDYGLNTY,1
VISEYGSYTY,1
AIRPFGASTY,1
AIAPCGWSTY,1
AIAPFGIHTY,1
AIGWDGSYTY,1
AIRPGGHNTY,1
AISPYGRNTY,1
AISPFGDWSY,1
AMRPFGYHTY,1
AISPLGYVTY,1
AIGWNGVSTY,1
AISLFGFSTY,1
AISEWGYRTD,1
AMSPFGQNTY,1
AIADFGYHTY,1
AISTYGRFTY,1
AMSEYGWGTY,1
TIAPFGYKTY,1
AIAPFGQNTD,1
AIAPPGGFTY,1
AIAPCGYSTY,1
AISEYGSKTY,1
PIAPFGLSTY,1
AINPFGSSTY,1
AISYRGNETY,1
VIYYYGGSTY,1
AIVPYGKYTY,1
AISPWGGWNY,1
AINPDGYFTY,1
AIYPYCEYTY,1
TIIMRGGSTY,1
AINDYGDYTY,1
AIAPYGRNTY,1
AITEYDHFTY,1
AISEEGYHTY,1
AISDYCLGTY,1
AISPFSTSTY,1
AINPYGLYIY,1
PIYPYGLNTY,1
AIAPRGDYTY,1
AIKSNGDYTY,1
AISPWGSFTY,1
AIGKFGYYTY,1
AITEYGCYTY,1
AIRPGGDHTY,1
AMAPYCEYTY,1
AISQLGYATY,1
AISEYVYSTY,1
AIKWNCYYTY,1
AIRWNSDYTY,1
AIIDYGDYTY,1
AINPYGGHTY,1
AISEYCEWTY,1
EIDPYGGYTY,1
AIEPFGSWTY,1
AICSFGGNTY,1
AITPGGHSTY,1
TISYYGGSTY,1
SISPYGSHTY,1
AIRQFGNYTY,1
RVKPFGGHTY,1
AIVPFGGQTY,1
AILPYGDGTY,1
AMSPFGDYTY,1
AIAQFGQFTY,1
AIATFGKYTY,1
TISEAGYHTY,1
AIPYMGVSTY,1
AIGPYGKFTY,1
AISPFARHTY,1
AISPGGLGTH,1
AIKTFGCYTY,1
AISGRGNYTY,1
SIAPFGKSTY,1
AINPFGIGTY,1
AIRHVGGSTY,1
AITMWGCSTY,1
AISSYGCYTY,1
AISDYCYNTY,1
ATAPFGEYTY,1
TIRWNGRYTY,1
AIGDYGRATY,1
AILPGGYYTY,1
AINPNGDYTY,1
AISPHGEETY,1
AINPIGYGTY,1
AISPGGDHIY,1
AIVPVGGHTY,1
TISPGGDHTY,1
SISPFGGYTH,1
ATGPVGGYTY,1
AISPYVWRTY,1
AISIYGNSTY,1
AINPYGNRTY,1
AISPYGFKTY,1
AINWYGKSTY,1
AMAYMGGSTY,1
AIGEFGWNTY,1
AISTFGASTY,1
AIAPYGYGTY,1
VISPYGSRTY,1
AISQYGLRTY,1
AICYCGGSTY,1
AIAMYGDSTY,1
RITPTGYNTY,1
AISPFGYKTH,1
AIVYVSGSTY,1
AIAPLGISIY,1
AITPFSQSTY,1
AIGPFGHNTY,1
AIAPYGHKTY,1
SICYMGGSTY,1
AIYPFGGDTY,1
AMEYYGGSTY,1
AVAPFGQNTY,1
AIAPFGLTTH,1
AISTGGGYTY,1
AISSRGRYTY,1
AISRIGLGTY,1
AIDEYGVFTY,1
AISPFGNYAY,1
AIYPYGHWTY,1
AIAQFGSWTY,1
AIAHMGGSTY,1
AISPYCQYTY,1
AISPNSLDTY,1
AISDDGYNTY,1
AILAYGYKTY,1
AISPIGNNTY,1
AITPFGGGTH,1
AISDHGYSTY,1
SINSRGDRTY,1
AISYYGLGTY,1
AVSEYGYATY,1
PISPFGIGTY,1
AIKPFGYSTY,1
AILAFGGRTY,1
AISEYGFDTY,1
AISPFGISTH,1
AISQFGGHTY,1
AITPLGPKTY,1
AIRLNGLDTY,1
AIRPFGDLTY,1
AMSPFGYETY,1
AISPCGSTTY,1
AIAPVGSYTY,1
AISPIGNYTY,1
AIAPIGEYTY,1
AIRWYGSSTY,1
AIAPIGSHTY,1
AISPLGASTY,1
AINYHGYRTY,1
AIEYDGGSTY,1
AIAPIGLSTY,1
AISPSGEATY,1
AIRWYDSFTY,1
AIAYDGGSTY,1
AISDDGDYTY,1
AIEPFGYITY,1
SIRWNGDYTY,1
AISSFGTSTY,1
EISEYGFYTY,1
AISPYGKYTD,1
AISEYVSYTY,1
AISPFGYGTN,1
AIHDYGSYTY,1
AIRPFGAITH,1
AILPPGSQTY,1
AIVPYGRHTY,1
AIAPFGCQTY,1
AITFWSGSTY,1
AIYPYGGTTY,1
AISEYDYGTY,1
SIAPFGLRTY,1
TISDYGYYTY,1
VIGWDGGYTY,1
AISEYCSYTY,1
AIGWDGDSTY,1
ALKTFGGYTY,1
AIGPFCRGTY,1
AIRLNGSFTY,1
AIASFGSYTY,1
AIAPFGESTY,1
AISEYCSTTY,1
AISPCGSHTY,1
AISPFGAKTY,1
AISPVGRDTY,1
AIYDYGRYTY,1
AITMWGDSTY,1
AIPYVGGYTY,1
AIRWNGGETY,1
AINYCGGSTY,1
AISPFGDSTN,1
AIAWFGGYTY,1
AIFYMGGPTY,1
AICPNGEWTY,1
AITPYSEYTY,1
AINYNCGSTY,1
AISSYGNCTY,1
AISPFGNWTH,1
AIKAFGGYTY,1
VIVMWGGSTY,1
AIGPIGYGTY,1
AIRWKGSFTY,1
AIRPFGPHTY,1
AISPAGYYTY,1
AISTFGAQTY,1
AISTFGGSTY,1
AIVPLGGRTY,1
AISPRGAHTY,1
AISPFGSHTN,1
RIADYGQYTY,1
VISPWGYETY,1
AIEYYVGSTY,1
TISEYGTYTY,1
AIGPFGKETY,1
AIGYKGCSTY,1
AISHRGDCTY,1
TIKYVGGSTY,1
AISQDGSGTY,1
AIKPFGISTY,1
AIREYGFYTY,1
TISPYGGYTY,1
AIALLGHSTY,1
AIAPYGGATY,1
AIDPYSEWTY,1
AISPYGGYAY,1
AIDPWGLHTY,1
AIGPYCSYTY,1
AISQFGDGTY,1
AINPFGVETY,1
AISPFDDYTY,1
AMGPFGDSTY,1
AIAPFGTLTY,1
TISPNGESTY,1
AISPDGKVTH,1
AISNWGKYTY,1
AITPFCLSTY,1
AIAPFGEYSY,1
AIYPLGCGTY,1
AINSRGDRTH,1
AIAPAGAWTY,1
AITPYGGGTY,1
AIGWNGSATY,1
AIIPFGQGTY,1
AINWNGKSTN,1
AISPFGWGTY,1
AIDMWGRSTY,1
AIGPFGNDTY,1
AINYNGYSTY,1
AIIPGGGTTY,1
ATSPYGKYTY,1
LIHISEPTRP,1
AIAPFGIYTY,1
AIAPNGRRTH,1
AIAPYGCYTY,1
AISPYGYYTD,1
AIPWNGVSTY,1
AIAPFGPTTY,1
VISPFGVSTY,1
AISPWGDKTY,1
AIQYKGFSTY,1
AISPDGDFTY,1
AISSYGNSNY,1
AITEYGFSTY,1
AISHRGDRTD,1
AIQPYGWRAY,1
AISPLGYSTC,1
AICPLGNSTY,1
AIRAYGYGTY,1
AMSPFGTSTY,1
AIRSSGYETY,1
AISPIGGVTY,1
AISPLGFPTY,1
AISPWGNFTY,1
AIGWDGGSTY,1
AINWNCKYTY,1
AIRWNGMDTY,1
AIRPFGRQTY,1
AISPYCKYTY,1
AIAYVGVSTY,1
AISPYGNSAY,1
AIGTNGYYTY,1
AISLYGSHTY,1
AMVMRGGSTY,1
AITPYGYYTH,1
AINPFGEYTY,1
AIRWNVDETY,1
AISPFCYRTY,1
AIAPYGSYTH,1
AIVPNGDYTY,1
TIPYMGGSTY,1
AINWGGRYTY,1
AITPFGEYAY,1
AIVYNGCSTY,1
EIAPFGGYTY,1
AIRVYGSGTY,1
AIPPLGHSTY,1
AISPYCLYTY,1
AIASHGDYTY,1
AIPYMCGSTY,1
AINWNGKYAY,1
AIRDYGDYTY,1
VISPFGSTTY,1
AISPMGYYTY,1
EIGPQGYYTY,1
AISPNGFYAY,1
ALSPFGYHTY,1
EISPFGISTY,1
AIKTYGDYTY,1
AITMWGYSTY,1
AINPWGYATY,1
AITPFGYDNY,1
ARSPYGYYTY,1
AISPDGNKTY,1
AISQYGRYTY,1
AISQFGENTY,1
AIYPYGGYIY,1
AISPYGNYTD,1
AIVPRGGSTY,1
AIFPNGKNTY,1
AIIMRGGPTY,1
AITEYGLSTY,1
VISDYGDYTY,1
AIGPYGNSTY,1
TISPFGGLTY,1
AISPIGGVTN,1
AISRFGSYTY,1
AISEYGEWTH,1
AIAPYCDWTY,1
AMRWNGSYTY,1
AIASLGDYTY,1
AITEFCYATY,1
AIAQFGYTTY,1
AISNYGLGTY,1
TIRPFGYHTY,1
AIRSYGRYTY,1
AISPYCYHTY,1
AINYYGGATY,1
AIGLRGNYTY,1
AIRWNGVGTY,1
AISQRGDETY,1
AIQWNGSFTY,1
AIGPFGYYTY,1
AISPFGLYTY,1
AIAPWGSFAY,1
AIAPFSLSTY,1
AIAPFVWSTY,1
AISNYGEWTY,1
AISPYGLATY,1
AINEYGWGTY,1
AICLRGNETY,1
AICMWGGNTY,1
AIRLSGNFTY,1
AISPFGGYTD,1
AMSPFGKSTY,1
VINPYGRYTY,1
AISPFCENTY,1
AINNRGDWTY,1
ATSPYGKITY,1
AINYTGYSTY,1
AIGTYGEYTY,1
AIKWNGYSTY,1
AIMMYGYSTY,1
AMSEYGYYTY,1
AIPPYGQYTY,1
AISPYGNYIY,1
AIIPFGASTY,1
AILPYGSKSY,1
AISPHGSHTY,1
AIAPQGHSTY,1
TISPYGDWTY,1
AIRYNGDSTY,1
AMGSYGDYTY,1
AIDPVGYSTY,1
AIKPYGNPTY,1
AITYMCGSTY,1
AISPRGKLTY,1
AIHPRGNKTY,1
SISPNGGYTY,1
TIAPFGSWTY,1
AMSPYGGGTY,1
AISPYCGYTY,1
AIAPFCRNTY,1
AISGYGYGTY,1
AISPFGGWTH,1
AVAPFGLHTY,1
AIAPFDQYTY,1
AISEYSYGTY,1
AISDYGELIY,1
AISPFGSHAY,1
AILWNGDATY,1
AIAQFGYHTY,1
PINPYGNYTY,1
AITGYGYATY,1
AIAYIGGSTY,1
AISPLGHSTY,1
AISPLGYNTY,1
AISPFGFPTY,1
AIQWDGYYTY,1
AINPRGEGTY,1
AIQYSGKYTY,1
AIDDYGHSTY,1
SISPFGDYTY,1
AINPYGSITY,1
AIRWNRVETY,1
TISPFGSHTY,1
AITPDGSYTY,1
TISPWGYHTY,1
AIDLRGNETY,1
AIFPYGGHTY,1
VIAPWGSFTY,1
AIEPYGQNTY,1
AIRPFCYQTY,1
AIAPFCHKTY,1
AISPLCYATY,1
AITPLGDYTY,1
TIGSYGVRTY,1
AISQYGDSTY,1
AISPVCGRTY,1
AINRNGGSTY,1
AIKIDSKTTY,1
AIEPFGDQTY,1
AIAPFGSITY,1
TISSYGGYTY,1
AITMRGGSTY,1
AIRPSGGQTY,1
AISWRGDHTY,1
AIRPLGSYTY,1
AIGPFGRETY,1
VIAPYGAYTY,1
AISTSGACTY,1
AIGTFGDWTY,1
AMSEYGYVTY,1
AISKFGNFTY,1
TIRPFGYNTY,1
AIRWNGSFAY,1
AVSPFGGYTY,1
AIGPWGGHTY,1
AIRARGEYTY,1
AISEYGYASY,1
AINWSGSRTH,1
AIRLNGRYTY,1
AIALFGYSTY,1
AIAPYGGDTY,1
EISSYGDYTY,1
AIIPSGGLTY,1
AISLFGYATY,1
AISSDGKVTY,1
AIVPVGDYTY,1
AIDQYGNYTY,1
AIRWNGGYTY,1
AIDPFGYSTY,1
AIAQYGKYTY,1
AMSSYGNSTY,1
AIRWRGYHTY,1
AISPFGIGTH,1
AISPRGKQTY,1
AISANGLSAY,1
AINEYGYYTY,1
AILMWGSSTY,1
AIAPFGISTS,1
EIRWNGVETY,1
TITPYGEYTY,1
AISEAGYHTN,1
AIGPFGHFTY,1
AIHWRGKFTY,1
AMSPYGDYTY,1
AINSFGCRTY,1
AIRWNGCATY,1
TISPFGGPTY,1
AISPLGYPTY,1
AIESRGGYTY,1
AINENSNHTY,1
AIGPLGFRTY,1
AIVMCGGSTH,1
AIRPFGNSTY,1
AILPYGNWTY,1
AINPFGIRTY,1
AIGPFGDGTY,1
AISWCGYHTY,1
AIAYTGGSTY,1
AISQFGYTTY,1
AIRLGGYSTY,1
AISNNCYRTY,1
AMNPYGEYTY,1
AISPYGGCTY,1
AISHYGEYTY,1
AINFMGGSTH,1
AIGWDGEYTN,1
AIAPFGYHAY,1
AIKPYGDFTY,1
AISPLGYYIY,1
AIAPYGHYTY,1
AISEYGFYTH,1
AITPYGLSTY,1
AIPMWGCSTY,1
AIRWNGLYTY,1
AIAPNGEYTY,1
TISPYGTTTY,1
AIDPYGEWAY,1
AISPFCISTY,1
AIMYYGDNTY,1
AISEYGYATS,1
AIGPRGEATY,1
AICPYGKYTY,1
AIAMWGGSNY,1
AISPRGGATY,1
AIKPGGNRTY,1
AISVYGNFTY,1
AMAPFGQFTY,1
AIRPYGHSTY,1
AILWAGDYTY,1
SIGWDGGYTY,1
VIRYNGGSTY,1
AIAPGGDYTY,1
AIYPRGLGTY,1
RISPYGNYTY,1
AISTFGRNTY,1
AIAPFGLSAY,1
AISQWGDLTY,1
AIAQYGLSTY,1
AINHRGDHTY,1
TISPLGYYTY,1
AILPYCDYTY,1
AITTYGGYTY,1
AIREYGDATY,1
AMGPFGNGTY,1
AIGPYGEFTY,1
AIRPYGDSTY,1
AISPYGGRTH,1
AISEYCFYTY,1
AITPFGEDTY,1
AIAPFGSHTN,1
AIAEYGHFTY,1
AIRWNGASTY,1
PIAPFGQYTY,1
AIAMWGGYTY,1
ATSPFGEYTY,1
AITFWGGSAY,1
AINCNGKYTY,1
AVRWNGVETY,1
AIEYYGEYTY,1
AIGSDGEYTY,1
SIRPRGGNTY,1
AISPFGYSIY,1
AITPFGVYTY,1
AISLFGYTTY,1
AITEYCYATH,1
SISPLGLSTY,1
AIKPFGRSTY,1
VISPFGAYTY,1
AISCDGSYTY,1
TISPWGYETY,1
AISPYCDWTY,1
AINPRGCQTY,1
AIAPLGDRTY,1
AIGPFGSNTY,1
AISPFCGTTY,1
AIAPHGGYTY,1
AIGPYGYDTY,1
AIAPIGYYTY,1
ATSPYGGGTY,1
AIFMWGGSTY,1
AISEFGWNTH,1
AISDYCEWTY,1
AIFPYGLRTY,1
AIRWNGVEPY,1
AISEYGYGTS,1
AIIPFGYATY,1
AIPMWSGSTY,1
AISPFGLDTH,1
AIRWNGSASY,1
AISSHGDYTY,1
AINPFGEKTY,1
AIDPYGLYTF,1
AISEYGERTY,1
TISPGGHFTY,1
AIALYGSYTY,1
RYAIWGGSTY,1
AIGPWGSHTY,1
AIRWSGNLTY,1
AINENGSNTY,1
AIRPQGKRTY,1
AIAPYGWSTY,1
SIAPFGHGTY,1
ATSPFGASTY,1
AIKMWGCSTY,1
AISPWGCYTY,1
VISEYGFYTY,1
PIGEFGYYTY,1
AINPFGQGTY,1
AINMWGDSTY,1
AITPFGKSAY,1
AMVPSGNRTY,1
AIAPYRSYTY,1
AITHMGGSTY,1
AISDYGQLTY,1
AISPFGHHTY,1
AIGPFGRITY,1
AISQYGYSTY,1
AILYVSGSTY,1
AISTDGWTTY,1
AITPYGGRTY,1
AISEYCTYTY,1
AISEYGQYIY,1
AIITSGGRTY,1
AIRPWGDYTY,1
AIGPYGGATY,1
AISPVGLDTY,1
TISWDGSYTY,1
AIIPYGAYTY,1
AISPYGYYTE,1
TIKWNGYYTY,1
AISSSGYYTY,1
AIKPYGSDTY,1
AISPFGEYAY,1
AIQYNGIYTY,1
RISPYGTYTY,1
TISYMGGSTY,1
AISPHGYKTY,1
AISPWGLGTD,1
AITGYGYYTY,1
AIGPRGVRTY,1
AIRWNCSSTY,1
SIRPFGDSTY,1
AIAPYGWRTY,1
AITPFDSITY,1
EISPRGEATY,1
AISTFGIQTY,1
AIRWNGDYAY,1
AISSFCDGTY,1
AIDPSGRTTY,1
AISPYCYNTY,1
AISEFGYGTY,1
AIHGYGFRTY,1
AISQSGKSTY,1
AISDYSDWTY,1
AIAYYGDSTY,1
AISPLGSHTD,1
AIHPYGYATY,1
SISPLGYATY,1
AIAMWGDLTY,1
TITEYCYATY,1
AIGPLGGYTY,1
AIVMRGGSTD,1
AILYIGGSTY,1
AIGLYGRYTY,1
AVTEYGYATY,1
VIRPFGGDTY,1
AIGFDGEYTY,1
AISPYGSQTY,1
AVSPWGSTTY,1
AISHYGDYTY,1
AIRPLGYSTY,1
AIEYFGGSTY,1
AILLLGGSTY,1
ALAPVGQNTD,1
AISPFGKSPY,1
AISPDGKTTD,1
AIAPYGEYTD,1
ALRWTGVEPA,1
AISPAGEYTY,1
AIAPVGLTTD,1
AIAPFGRTTN,1
AIAPWGGFTY,1
AISPFGGSTH,1
EISPFGDSTY,1
ALSSYGNSTY,1
AISPNGLDTS,1
AISEYGYSTD,1
AIRWNGGSTD,1
AIIYFGGSTY,1
AIDPYGLYSY,1
TIRFAGTETY,1
AMAPFGGTTY,1
AIVPFGYNTY,1
AISPVGARTH,1
AISTIGSRTY,1
AIVHVGGSTY,1
AIRWKGVETY,1
AIKLWGGSTY,1
AISPFGIRTH,1
TIRPFGYQTY,1
SIRYNGGSTY,1
AIKIDDKTTY,1
SIGPFGGRTY,1
AIKPFGNHTY,1
AMAPFGYHTY,1
RDKRLWLLTY,1
VIAQYGEYTY,1
AIAPFGGRTD,1
AMDPYGGYTY,1
AISPYGDWTD,1
AIGSRGDYTY,1
AISEYGHATY,1
AISTFGNNTY,1
AISTFGLNTY,1
TIAPFGASTY,1
TIAEYGNTTY,1
VISPYGNYTY,1
AISSYGSSTY,1
AISPWGCWTY,1
TISPFGQGTY,1
AISECGYSTY,1
AISPFSASTY,1
AIAPRGGSTY,1
AISTLGGSTY,1
AIGPLGYYTY,1
EISPYGDWTY,1
AISPYGARTF,1
AIQPFGYHTY,1
VIEYYGGSTY,1
SIAMWGGSTY,1
TIAYYGGSTY,1
VISDYGDWTY,1
VIDSYGNYTY,1
AIAPRGSFTY,1
AIRLFGAETY,1
AIQEYGEFTY,1
AIYPYCDYTY,1
AISTNGQYTY,1
AIYPYGDLTY,1
AISLFGASTY,1
AISPFGMRTY,1
AITEEGDSTY,1
AINPFGNITY,1
AIASFGQNTY,1
AITPFGYKSY,1
AIVYVGGLTY,1
AIAPYGRYTH,1
TINHRGDYTY,1
TIMYNGGSTY,1
AIKPFGHTTY,1
AISPLVYSTY,1
SISPDGSGTY,1
AISPCDHFTY,1
AISQWGGWTY,1
EIAPFGSYTY,1
AIKTFCGYTY,1
AITPFGIDTY,1
AIATFGLSTY,1
EINPYGSKTY,1
AIEPFGGYTY,1
TISPFGLNTY,1
AISPIGYGTH,1
AIGLRCNETY,1
AITDYGDKTY,1
AISPYGDWNY,1
SISPRGDWTY,1
AIGPDGYWTY,1
AITPLGYRTF,1
AISPEGEYTY,1
SISEYGWGTY,1
AMSPYGAYTY,1
AIRPYGYHTY,1
AISPDGIGTY,1
AIEPHGYYTY,1
AISPWCGWTY,1
AIRWNGSAAY,1
ALAPFGISTY,1
VIAPFGWSTY,1
AILPFGRFTY,1
AIDPYGRVTY,1
TISPFGLTTY,1
AIFYYCGSTY,1
AISDYGLDTY,1
AISDYGYNTH,1
AIRCNGHYTY,1
AIRYFGGRTY,1
RIAPYGSYTY,1
AIRWDGHYTY,1
AISTNGYSTY,1
AITPDCEYTY,1
AISEYVWGTY,1
AIDSFCGWTY,1
AIFQYGAYTY,1
AMAPFGYQTY,1
AIDPSGFYTY,1
TIAPLGHSTY,1
AIASFGASTY,1
AISTWGSTTY,1
AIGSFGDFTY,1
AIAYVGGSTH,1
AISPLVCSTY,1
AISPDGRHTY,1
AINSHGDRTY,1
AILPFGRSTY,1
AISTFGHETY,1
AISPNSRYTY,1
AILPFGSGTY,1
AIRASGGFTY,1
AIGPLGNNIY,1
AIAPYGEYTC,1
AITPFCFKTY,1
TISEYGYSTH,1
AISPCGKYTY,1
AIHPYGIDTY,1
AIDPYGRDTY,1
AISKYGYSTY,1
AITPFGTRTY,1
AIKPNGVYTY,1
AINEYGDRTY,1
AISPGGEYTY,1
AIGPFGQYTY,1
AISPCGEATY,1
AMAPFGHGTY,1
AISTSGGRTF,1
EISPFGQGTY,1
AIGRFGGFTY,1
SITEYGYYTY,1
EISPLGWQTY,1
SISPFGKSTY,1
AVAPFGYQTY,1
AILPYGNGTY,1
AIRSFGCHTY,1
AISPLGIKTY,1
AISHIGFGTY,1
AIGPQGYYTC,1
AIRVYGNYTY,1
AIAPLCHSTY,1
AISPWGLHTY,1
AISTYGNYTY,1
AMSEYGNYTY,1
AIYQYGEYTY,1
AIRINGGSTY,1
AILWDGYATY,1
AISAYGYYTY,1
RDMMRGGSTY,1
AISPFGFSAY,1
ATGPQGYYTY,1
ALVPFGARTY,1
AISPSGKSTH,1
AIMYSGGPTY,1
AITPYGEYIY,1
AIAYVGGLTY,1
AISTDGSRTY,1
AISPLGWHAY,1
AIRRNGDETY,1
AIQYAGYYTY,1
ARSPFGNNTD,1
ARAEVGGATE,1
AISEYGEATY,1
AIPYMGGSTD,1
ALSPVGVSPA,1
AISPFGQYTH,1
AIRWTGDYPY,1
AITPCGRSTY,1
AISEAGDATY,1
AIAPFGFNTY,1
AICPFGEYTY,1
AISPGGMKTY,1
AIKWGGVRTY,1
AIPWNGVETY,1
GITEYGYATY,1
AIKPAGYRTY,1
AISPFDYQTY,1
AIIPFGEYTY,1
AISPCGDVTY,1
AIAPYGYTTY,1
AISPFGDYIY,1
AISEYGGGTY,1
AIPPYGNRTY,1
AIQPYCWRTY,1
TISPNGYSTY,1
AISTFGFSTY,1
AIAQFGLQTY,1
AIRPNGFRTY,1
SISPFGFNTY,1
AISPFGVYTY,1
PISDYGDYTY,1
TISPFGYHTY,1
AITAYGYYTY,1
AISLFGDYTY,1
VISSYGNSTY,1
AISPYGKYAY,1
AISTGGHFTY,1
AIAPFCHGTY,1
AIRCNGRYTY,1
EICYVGGSTY,1
AIAPFGLTTN,1
AINWNGSRTY,1
AITPQGFGTY,1
AISSFGDVNY,1
ALSEYGYATY,1
