Count_CDR2,count
AIRWNGVETY,75314
AINPYGRRTY,74180
AINPYGRITY,44563
AIVPYGRRTY,27564
AISPFGGYTY,20210
AISPFGYTTY,18824
AINPFGGYTY,18123
AIRMWGGSTY,16294
AINYMGGSTY,16198
AIAMWGGSTY,15617
AISPFGGRTY,15444
AISPFGNSTY,14914
AISPFGNYTY,12383
AISPFGNWTY,11569
AISPFGSNTY,10480
AISPFGYRTY,10354
AISPFGGWTY,10133
AISPFGGNTY,10005
AIRPFGGDTY,9821
AIGPFGGSTY,9757
AISPFGYNTY,9385
AIAPFGSSTY,9373
AISPYGGYTY,9173
AIRWNGDYTY,8271
AIAPFGKYTY,7838
AISPFGSLTY,7493
AIGPFGDYTY,7444
AIAPFGHKTY,7336
AISPFGYSTY,7232
AIGPFGGTTY,7189
AISPFGSYTY,7184
AISPFGNRTY,6809
AISPFGRTTY,6784
AISPFGRYTY,6706
AIAPFGSYTY,6414
AIAPFGYKTY,6306
AISPFGYGTY,6265
AIGPFGDWTY,6180
AIAPFGNSTY,6180
AIMMWGGSTY,6118
AISYMGGSTY,6117
AISPFGLSTY,6025
AISPFGSRTY,6009
AISPFGGDTY,5676
AISYDGSYTY,5606
AIGPFGRSTY,5568
AISPFGQNTY,5504
AISMWGGSTY,5490
AIAPFGEYTY,5441
AINYYGGSTY,5366
AIAPFGYRTY,4999
AISPFGYHTY,4939
AISPFGLKTY,4854
AITPFGEWTY,4834
AIAPFGGYTY,4823
AISPFGISTY,4781
AISPYGYYTY,4772
AIRPFGLETY,4698
AISPFGGHTY,4678
AIRWNGDETY,4646
AIPMWGGSTY,4590
AIGPFGSRTY,4550
AIGPFGSYTY,4525
AISPFGYKTY,4500
AIAPFGHQTY,4442
AIGPFGGYTY,4414
AIAYVGGSTY,4231
AISPYGSRTY,4155
AISYYGGSTY,4135
AISPFGFNTY,4044
AIGPFGNGTY,4032
AIAPFGNLTY,3886
AISPFGQGTY,3877
AISPWGGYTY,3856
AISPFGQKTY,3839
AIGPFGSFTY,3692
AISPYGNYTY,3676
AITYYGGSTY,3621
AISPFGQVTY,3604
AISPFGYETY,3584
AIGPFGHTTY,3565
AIGPFGYETY,3557
AIGPFGRGTY,3529
AINPFGGRTY,3525
AISPYGSYTY,3449
AIAPFGSHTY,3418
AITPYGGYTY,3323
AISWRGARTY,3306
AIAPYGSYTY,3292
AIGPFGDSTY,3290
AIIYSGGSTY,3280
AIQPFGSNTY,3128
AIRPFGNYTY,3127
AIRYTGGSTY,3100
AIRWRGGGTY,3016
AIQPFGDRTY,2975
AIGPFGSLTY,2973
AIAPFGRGTY,2965
AIGPFGGHTY,2960
AIAPFGNRTY,2960
AIAPFGYQTY,2939
AITPFGYDTY,2929
AIGPFGSVTY,2917
AINPYGRYTY,2900
AISPFGNTTY,2893
AISPFGWNTY,2879
AISPFGDATY,2850
AISYVGGSTY,2849
AISPFGIGTY,2846
AISPFGNNTY,2826
AIAPFGRRTY,2822
AINPYGKYTY,2794
AISPFGGLTY,2756
AIRWAGDYTY,2719
AISPFGSSTY,2664
AISPFGNATY,2654
AISPFGLDTY,2589
AIGPFGGGTY,2584
AIGMWGGSTY,2529
AISPFGGFTY,2517
AIQYRGNYTY,2510
AITPFGNYTY,2474
AIQMWGGSTY,2474
AIAYMGGSTY,2451
AIGPFGHYTY,2375
AINPYGSYTY,2337
AISPFGKYTY,2308
AISWRGDRTY,2287
AISPFGFKTY,2258
AISPFGENTY,2256
AIGYMGGSTY,2235
AIGPYGESTY,2234
AISPFGGQTY,2232
AISPFGNFTY,2231
AIAPFGLSTY,2224
AIGPFGSKTY,2221
AITPFGVETY,2207
AISPFGGSTY,2194
AISPFGGATY,2193
AIQYMGGSTY,2183
AIAPFGYDTY,2177
AIAPFGGTTY,2175
AISPFGSHTY,2154
AIRWNGVSTY,2153
AIGPFGNITY,2147
AIKMWGGSTY,2132
AISPFGSVTY,2078
AISPYGRYTY,2076
AISPFGASTY,2054
AIRPFGYDTY,2017
AIVPFGNYTY,2012
AIIYYGGSTY,2006
AIGPFGSTTY,1981
AITPFGSYTY,1980
AISPFGRATY,1965
AISPFGQYTY,1952
AIAPFGQSTY,1944
AIQGYGGITY,1912
AILPYGNYTY,1911
AITYMGGSTY,1907
AIVPFGGDTY,1889
AIGYVGGSTY,1880
AISPYGDYTY,1870
AIAPFGHWTY,1866
AISPFGYDTY,1859
AILYYGGSTY,1857
AISPFGSWTY,1847
AISPFGRSTY,1843
AIPYVGGSTY,1827
AIVPFGKYTY,1814
AISSFGRDTY,1796
AIVPYGTRTY,1775
AISPWGGHTY,1773
AIRPYGEYTY,1739
AIGPFGDRTY,1739
AIINSGHYTY,1739
AISPFGYQTY,1737
AIRLWGGSTY,1728
AIGPFGSSTY,1722
AIRAYGNYTY,1692
AISWDGSYTY,1681
AITMWGGSTY,1679
AIAPFGYSTY,1644
AISPFGWETY,1642
AIRWNGSATY,1598
AISPWGLGTY,1595
AISSYGDYTY,1583
AIAPFGLNTY,1581
AIAPFGHFTY,1577
AISPFGDWTY,1562
AIGPFGGLTY,1547
AITEYGYATY,1544
AIGRFGGYTY,1539
AISSFGDNTY,1537
AIAPFGLKTY,1530
AIAPFGNYTY,1504
AISPYGAYTY,1485
AISPFGLRTY,1485
AIGPFGDFTY,1476
AISPFGAYTY,1476
AISPFGLTTY,1470
AIAPWGRSTY,1461
AISPFGINTY,1453
AISPFGLNTY,1452
AIPYMGGSTY,1447
AIRYMGGSTY,1435
AISYSGGSTY,1435
AIGPYGYTTY,1435
AITPFGIGTY,1427
AIRWSGNQTY,1420
AISPYGGRTY,1418
AISPYGYKTY,1416
AIGPFGGFTY,1403
AIIPFGGTTY,1383
AIRYAGDFTY,1367
AISPFGGITY,1367
AISPFGEWTY,1364
AIGPFGYTTY,1350
AIGPFGGRTY,1347
AIRYKGGSTY,1339
AIGPFGTRTY,1332
AISPFGANTY,1332
AISPFGIQTY,1328
AIAYYGGSTY,1320
AISPYGKYTY,1318
AIRMGGGSTY,1304
AINMWGGSTY,1298
AIAPFGDRTY,1296
AISPFGNLTY,1293
AIGYKGGSTY,1291
AISPFGDITY,1290
AISPFGDRTY,1288
AISPFGEYTY,1285
AISYRGGTTY,1284
AIGPFGDKTY,1282
AISPFGDSTY,1276
AISPFGLHTY,1273
AIKYVGGSTY,1269
AISPFGNDTY,1243
AIRFAGTETY,1240
AIMYTGGSTY,1234
AIGPFGEYTY,1234
AISPFGGTTY,1233
AIRPFGYHTY,1231
AILPYGDRTY,1230
AISPYGYRTY,1224
AISPFGDLTY,1220
AISPFGSTTY,1219
AIAPFGNNTY,1201
AIAPFGSNTY,1199
AIGPFGKLTY,1167
AIGPYGSYTY,1166
AISPFGKATY,1161
AIVMWGGSTY,1151
AISPFGRQTY,1151
AISFYGGSTY,1147
AISPYGGGTY,1137
AIAPFGGKTY,1136
AIRSFGGETY,1133
AIGPYGNYTY,1123
AIGPFGGITY,1101
AITPFGSHTY,1096
AISPFGRGTY,1093
AIAPFGLRTY,1093
AIGPFGSQTY,1086
AIRPFGWSTY,1082
AISPFGYATY,1081
AIGPFGERTY,1072
AIMYNGGSTY,1071
AISPFGFQTY,1069
AIRFSGAYTY,1068
AISPFGFSTY,1066
AIRPWGYQTY,1058
AIAPFGYTTY,1056
AITYKGGSTY,1054
AISPWGYATY,1044
AIGPFGSGTY,1043
AIRPFGWDTY,1039
AIRPFGGYTY,1037
AINPYGYYTY,1029
AISPFGDYTY,1019
AISPFGKLTY,1015
AIMIWGGSTY,1010
AISPYGEYTY,1006
AISPFGSFTY,1002
AIRYAGSYTY,996
AISPFGGPTY,991
AISPFGSKTY,979
AISPFGFDTY,977
AIEPFGGKTY,973
AIAPWGNYTY,973
AISPYGSHTY,966
AIVYKGGSTY,952
AIRYVGGSTY,949
AIAPYGSFTY,944
AIRPFGSETY,942
AIHPYGRRTY,940
AISPYGGSTY,940
AIAPFGRKTY,933
AITPYGSYTY,926
AISDYGTRTY,913
AIAYAGGSTY,909
AIRWNGLDTY,905
AINPYGGYTY,903
AIRPFGDFTY,901
AIRPFGYETY,897
AIAPFGRTTY,892
AIAPFGRYTY,889
AISPFGKNTY,886
AIGSYGNYTY,880
AILPYGSFTY,880
AISPFGFTTY,878
AIRSFGGHTY,867
AIAPFGFRTY,857
AISPYGGTTY,849
AIRPFGHSTY,847
AIAPFGQNTY,845
AISPYGTRTY,834
AIAPFGIRTY,833
AIGPFGYSTY,831
AIAPYGGYTY,821
AIAPFGRSTY,807
AISPFGLQTY,807
AIGPFGEQTY,804
AIQPFGQYTY,801
AISWDGNYTY,786
AIRYYGGSTY,786
AIQYYGGSTY,783
AIKPFGGDTY,783
AINPYGLYTY,782
AIRPFGANTY,781
AIVYMGGSTY,771
AIRPWGGSTY,769
AIAPFGRNTY,769
AIRMHGGSTY,759
AISPYGGKTY,758
AISPFGDNTY,758
AIRPFGYNTY,752
AIIYNGGSTY,749
AISPFGLGTY,748
AILPYGDYTY,744
AIGSYGVRTY,743
AIMFYGGSTY,739
AIVPFGSNTY,735
AISPFGWSTY,734
AIAPFGHVTY,734
AIRPFGYRTY,731
AIQYKGGSTY,730
AIGPFGNNTY,727
AISPFGERTY,726
AIVPFGGKTY,726
AISGYGSYTY,722
AISSFGDGTY,718
AITYWGGSTY,708
AIAPWGSYTY,705
AINYVGGSTY,704
AIAPFGNTTY,700
AINQYGRYTY,697
AIRPFGDSTY,693
AISPYGSKTY,691
AINPYGLRTY,689
AIGPFGNYTY,677
AIAPFGSWTY,675
AITPFGYQTY,671
AISEYGYATY,665
AIVPFGGYTY,663
AISPFGNQTY,658
AIAPFGKRTY,652
AISGYGRYTY,651
AISPYGQTTY,646
AIAPWGGRTY,645
AIRPFGGRTY,643
AITFYGGSTY,642
AIGPFGFETY,636
AISPFADYTY,628
AIAPFGYETY,624
AIAPFGNKTY,623
AISPFGNETY,621
AIQYSGGSTY,620
AINSFGNSTY,619
AIQYVGGSTY,619
AISPFGQRTY,618
AIKPFGGHTY,617
AIIPFGYKTY,614
AISPFGHYTY,613
AIGPFGNFTY,612
AIKPFGQGTY,610
AISPFGDKTY,609
AIAPFGTRTY,606
AISPWGYHTY,604
AIRPFGYSTY,601
AIGPYGGNTY,598
AIGFMGGSTY,590
AISSYGRYTY,587
AIRPFGFNTY,585
AIAPFGGDTY,585
AILMWGGSTY,584
AIGPHGNNTY,578
AIKVYGDRTY,576
AISPYGHYTY,575
AISSFGRRTY,569
AIAPFGRHTY,563
AIRWNGSSTY,553
AISPFGRRTY,552
AISPYGQLTY,552
AIAPFGWKTY,551
AISPFGKFTY,546
AISPFGLETY,539
AIKSFGNSTY,533
AISPFGGGTY,532
AISPFGDGTY,529
AITPFGGYTY,528
AISKVGNDTY,527
AIAPYGRYTY,523
AISPYGFTTY,522
AISPFGDHTY,520
AISPYGIGTY,516
AISPYGRRTY,515
AIAPYGDYTY,514
AIGPYGYSTY,512
AIRMNGGSTY,511
AISPYGHRTY,510
AIRYLGGSTY,509
AINWRGSYTY,508
AILPYGGFTY,505
AIKYMGGSTY,503
AIVPYGRHTY,500
AIAPYGAYTY,499
AIRTFGGDTY,497
AIRPYGRYTY,496
AIAPFGIDTY,496
AIAPFGYNTY,493
AIAPFGEWTY,493
AIHPFGSGTY,493
AIAPWGYRTY,489
AIVPFGGRTY,489
AIGPFGYNTY,487
AITPFGGATY,484
AIRPFGLGTY,483
AIAPFGNHTY,481
AISSFGEYTY,477
AINPFGGHTY,477
AIAPYGYYTY,476
AIDYWGGSTY,475
AIKPFGLTTY,475
AIRPFGAHTY,471
AISPYGFYTY,466
AISEYGYGTY,465
AISPFGGETY,463
AIRYNGGSTY,462
AIRWNGNYTY,460
AISPYGNSTY,455
AIVPFGSYTY,455
AIRFAGYETY,453
AIKPFGHTTY,452
SIGPFGRTTY,450
AITPFGSFTY,447
AITPFGHSTY,443
AITPFGAYTY,440
AISPWGGWTY,440
AISDFGEKTY,439
AITPFGSLTY,437
AIIYMGGSTY,431
AISPFGHFTY,429
AISQYGRTTY,429
AISPFGARTY,429
AIRYNGIYTY,427
AISYLGGSTY,425
AISPYGSLTY,424
AIRILGLGTY,422
AIFPYGGYTY,420
AIRSFGGGTY,418
AIVPFGNNTY,413
AITPFGLNTY,412
AINWNGKSTY,412
AISPYGNLTY,411
AIRMKGGSTY,410
AIRFRGGNTY,410
AIGDFGSYTY,409
AISYKGGSTY,409
AIAPFGWDTY,408
AIAPFGLTTY,405
AIGPFGNHTY,401
AIYPFGNGTY,399
AIRYAGYYTY,399
AIAPWGQYTY,399
AILYMGGSTY,398
AISGTGNRTY,398
AISPFGKQTY,397
AISPYGSFTY,396
AITPFGHITY,396
AISPFGFGTY,393
AIRPWGDQTY,391
AISPFGITTY,391
AISPYGDRTY,389
AIAPFGYHTY,387
AISPFGKHTY,386
AIKPFGKFTY,383
AIIPWGGSTY,383
AISWRGNYTY,382
AIAPYGKYTY,379
AIGYYGGSTY,379
AIQMRGGSTY,377
AISPFGHQTY,376
AIGPFGLATY,374
AISPYGQYTY,374
AILPYGGYTY,366
AISPFGFETY,364
AIRPWGNQTY,357
AITYVGGSTY,357
AIAPYGRRTY,357
AISPFGQATY,350
AINPFGQNTY,349
AISPFGTDTY,345
AIFYMGGSTY,342
AIIPFGGYTY,339
AISPFGHSTY,339
AISPWGGNTY,338
AIAPFGARTY,337
AIAPFGITTY,335
AIGPWGDYTY,335
AIAPFGGWTY,334
AIAPFGGSTY,334
AITPFGLGTY,333
AIKPFGFSTY,332
AISPYGARTY,332
AISPFGRETY,332
AIGSFGDITY,332
AIAPFGALTY,330
AIRMSGGSTY,330
AIGPFGFSTY,329
AIGFYGGSTY,329
AITPFGQSTY,328
AITPFGLSTY,328
AISYRGGKTY,327
AISPYGYSTY,327
AIKAYGSRTY,326
AIRSFGRETY,325
AISPYGTKTY,324
AIRWNGRYTY,323
AIAPFGVDTY,322
AIAPFGGRTY,320
AIAPFGWSTY,320
AIAPFGYGTY,320
AITPYGSITY,317
AIMMRGGSTY,316
AISPFGNGTY,315
AINWNGKYTY,315
AIRPYGSYTY,314
AISPFGVGTY,312
AISPFGVTTY,310
AITPFGSKTY,309
AIYYMGGSTY,308
AITPFGLDTY,307
AITPFGADTY,306
AISSYGRRTY,305
AITYTGGSTY,302
AIDMWGGSTY,301
AIRPFGRSTY,301
AISPFGNITY,300
AIAPFGSRTY,299
AIGPYGGYTY,295
AINPFGEKTY,289
AIGSFGGNTY,289
AIPYNGGSTY,289
AIGPFGYQTY,288
AIAPFGAKTY,287
AIRSFGDGTY,286
AISPFGFRTY,284
AIRHSGWGTY,283
AISDFGGYTY,283
AIRAFGGGTY,281
AIADFGYRTY,281
AIAPWGRRTY,280
AITPFGYNTY,280
AISSTGGWTY,280
AISPFGLATY,279
AIRWAGEYTY,278
AIRYAGDYTY,278
AIRPFGQWTY,278
AIQPFGNKTY,275
AINPFGHWTY,274
AITPFGHKTY,273
AISPFGKSTY,272
AITYYGGSTF,271
AIGPYGYYTY,271
AISPFGGVTY,269
AIVPYGNYTY,267
AITPFGHLTY,266
AIAPFGHYTY,265
AIGPLGNNTY,265
AIGPFGNLTY,263
AIGPFGFQTY,263
AIRPFGEYTY,262
AISYRGDWTY,261
AITPFGYRTY,261
AISPFGQWTY,260
AITPYGRYTY,259
AIFPYGSYTY,259
AISPFGATTY,258
AIRWRGYGTY,256
AILPFGYRTY,256
AITPFGFKTY,255
AISPFGSITY,255
AISSFGDVTY,253
AIFYYGGSTY,251
AIRPYGTYTY,251
AISPFGIRTY,249
AISPFGEKTY,249
AIAPYGSHTY,249
AITPFGNWTY,248
AIKPFGGFTY,248
AISPWGNYTY,247
AIQAYGNYTY,247
AISPFGWKTY,246
AITPFGSSTY,246
AIAPFGGFTY,244
AIRPFGDVTY,241
AISPFGQSTY,241
AITPFGQRTY,241
AISPFGELTY,241
AIRLGGTYTY,240
AIRLDGFATY,240
AIKTFGGNTY,240
AITPFGTITY,239
AIFPYGRYTY,239
AISPYGNRTY,238
AIVPFGDWTY,238
AIIMWGGSTY,238
AISPYGTYTY,238
AIIPFGRITY,237
AISNNGYRTY,236
AISPFGHHTY,232
AINTYGNYTY,232
AISPWGKYTY,232
AIAPFGNVTY,231
AISSYGHYTY,227
AIGPRGARTY,227
AIAYKGGSTY,227
AIGPYGERTY,226
AISPFGNHTY,225
AISPFGTSTY,225
AIRPFGGSTY,225
AIVPYGRYTY,224
AIAPFGWNTY,223
AISPFGHKTY,222
AISPFGHWTY,221
AIAPFGINTY,221
AISPFGRITY,221
AITPFGTRTY,219
AIQPFGSGTY,219
AIRPFGHYTY,219
AISPFGKETY,219
AINYKGGSTY,219
AIRWNGSFTY,216
AISPWGDLTY,216
AIVPFGGLTY,215
AIMYMGGSTY,213
AIAPFGLGTY,213
AIGPFGSHTY,213
AIRPFGHFTY,210
AILPYGNLTY,210
AISPFGRFTY,210
AISPYGLYTY,210
AISPYGERTY,209
AIRWNGHYTY,209
AISDYGRYTY,208
AILPYGQYTY,208
AIHPYGYRTY,208
AISPFGRHTY,207
AIETFGGRTY,207
AINPYGSNTY,206
AIQPFGKETY,204
AISWRGQNTY,203
AINPYGAYTY,202
AIGPFGRKTY,202
AIRARGEYTY,201
AIRPWGDYTY,201
AIYPFGGGTY,198
AITPFGYKTY,198
AITPFGEFTY,196
AISSYGGYTY,196
AISPYGDWTY,195
AIRWNGIYTY,194
AIRWIGSSTY,193
AIRIYGSRTY,193
AISPFGTNTY,193
AIVYVGGSTY,192
AITPFGNSTY,192
AINPYGRDTY,192
AISPWGSHTY,191
AISPWGRHTY,189
AIPYKGGSTY,189
AISPYGDSTY,188
AISPFGEVTY,187
AIAPFGSKTY,187
AISPFGSETY,187
AIGPFGFNTY,186
AIDPYGLYTY,186
AITPFGFNTY,185
AISPYGGLTY,185
AILPYGEFTY,185
AINWNGGSTY,182
AITRFGGYTY,181
AITPFGISTY,181
AISHGGGYTY,179
AISPYGKITY,179
AITPFGGGTY,179
AISPYGKRTY,175
AIGPWGNSTY,174
AISPFGSGTY,173
AIRPLGDKTY,173
AISRIGKYTY,173
AITPFGFRTY,172
AISPFGGKTY,172
AIVPYGKSTY,172
AISPIGSGTY,171
AIRPWGNDTY,171
AISPYGTWTY,171
AINPYGGRTY,170
AITPFGTYTY,169
AILPYGWNTY,168
AIAPFGDYTY,168
AISPYGKLTY,167
AIHYKGGSTY,167
AIRPFGQETY,167
AIKPFGDRTY,166
AIAPLGATTY,165
AISPWGYRTY,165
AINPFGRRTY,165
AIRPFGLTTY,165
AIAPFGDSTY,165
AIAPWGFRTY,165
AIAPSGYKTY,163
AINPFGNRTY,162
AITPFGIKTY,158
AIGYSGGSTY,157
AINDFGYRTY,156
AITPYGKYTY,154
AIAPFGHHTY,154
AIRYSGGSTY,154
AIAPFGASTY,153
AIRMPGGSTY,153
AIRHRGGQTY,153
AIMYVGGSTY,152
AIKWNGDYTY,152
AIRLSGNWTY,152
AIAPFGLHTY,152
AISPVGYRTY,152
AINPYGQITY,151
AIQPFGHSTY,151
AITPYGNYTY,151
AITPFGKSTY,150
AIFPYGQLTY,150
AISPWGIHTY,149
AINPYGSRTY,149
AIAPYGEYTY,148
AIQPFGNYTY,148
AIAPFGISTY,148
AIAPFGFKTY,147
AIAPFGIKTY,147
AIAPFGGGTY,147
AIAPFGKTTY,147
AIHPYGGRTY,147
AIEYYGGSTY,146
AIRPFGSRTY,146
AIKPFGSNTY,145
AISPYGNHTY,145
AISPLGGGTY,145
AINPFGRSTY,145
AIAFYGGSTY,145
AIRAFGGRTY,145
AIHYMGGSTY,144
AINYNGYRTY,144
AISPYGDQTY,144
AISPFGTQTY,144
AIDYMGGSTY,143
AIAPFGGQTY,143
AIRPFGDYTY,141
AITPFGDYTY,141
AIRPFGSDTY,141
AIPFMGGSTY,141
AIAPFGTYTY,141
AISSFGDTTY,140
AIAPFGWHTY,140
AILPYGGRTY,140
AIRMIGGSTY,139
AINGFGQRTY,139
AIIYTGGSTY,139
AIRPFGTYTY,139
AIKWNGSYTY,139
AISHRGGWTY,139
AISPFGIKTY,139
AINGFGYRTY,137
AIQPFGNRTY,135
AIGPFGISTY,134
AIVPWGTHTY,134
AIKWNGYYTY,134
AIAPYGGRTY,134
AIGWDGEYTY,134
AITPFGGRTY,133
AIIPFGYNTY,133
AIRPFGSFTY,133
AINPYGGWTY,133
AINPYGYDTY,132
AISPYGLTTY,132
AIGGYGKYTY,132
AIGPFGYHTY,132
AIFYKGGSTY,131
AIPPYGLWTY,131
AIAPFGRLTY,130
AISPYGAHTY,130
AISPYGGITY,129
AIGPFGRQTY,128
AIRPYGKYTY,128
AITPFGASTY,128
AITPFGETTY,127
AITPFGQNTY,126
AIAPFGWRTY,126
AINPFGQYTY,126
AISPFGIETY,126
AIDSFGGWTY,125
AISPNGQGTY,125
AIGPFGKHTY,124
AISDYGQRTY,123
AITPFGYSTY,123
AISPWGGKTY,123
AIGPFGNVTY,123
AIRPWGSLTY,122
AIIYKGGSTY,122
AISPFGESTY,121
AIGPFGGNTY,121
AISPYGDLTY,121
AIRPFGNNTY,121
AINPYGQYTY,121
AINPFGNNTY,120
AIGPFGYRTY,120
AIRIWGGSTY,120
AIIPFGDYTY,120
AIRPYGSHTY,119
AIAPWGGNTY,119
AIDSYGNYTY,119
AIRPFGSSTY,118
AIMYYGGSTY,118
AIGPFGEVTY,118
AINWSGSRTY,117
AITPYGYYTY,117
AISPFGSQTY,116
AIFPYGAYTY,115
AISPYGLGTY,115
AIAPFGHGTY,115
AIKTFGGSTY,114
AISNRGEWTY,114
AISPFGDVTY,113
AIGPFGRNTY,113
AIAPWGRTTY,113
AIGPFGQNTY,113
AIAPFGDTTY,112
AISPLGGTTY,112
AIAPYGKLTY,112
AIGPFGNSTY,112
AINPYGKYTF,111
AIVPYGYSTY,111
AIAPFGFNTY,111
AIAPFGSLTY,110
AIGPYGSWTY,110
AIYPYGGGTY,110
AIRSFGNSTY,109
AIIPFGGSTY,108
AISASGGRTY,108
AISPYGEKTY,108
AISEFGGYTY,108
AITPFGVQTY,108
AISPFGQITY,108
AIGGFGARTY,107
AIRPYGIRTY,107
AIQPFGAGTY,107
AISPYGLRTY,106
AIIYVGGSTY,106
AINDYGSNTY,106
AISPFGHGTY,106
AIGPFGHSTY,106
AIRPFGPETY,105
AICMWGGSTY,105
AISSYGSTTY,104
AIRPYGGYTY,103
AILYVGGSTY,103
AIRPYGTETY,103
AILPFGKYTY,102
AIRWNGGSTY,102
AIQPFGERTY,102
AISPYGEITY,101
AIVYYGGSTY,101
AIRMQGGSTY,101
AIAPYGNYTY,101
AIKYLGGSTY,100
AIRWNGDATY,100
AISPIGNWTY,100
AIRMLGGSTY,100
AIAPFGKSTY,99
AISPSGRYTY,99
AIGPYGDVTY,99
AISEYGSYTY,99
AISYNGGSTY,99
AISPFGRLTY,98
AIHPYGSYTY,98
AIHPWGGRTY,98
AIRPYGSFTY,97
AIGPFGAYTY,97
AITPFGSATY,96
AIHPFGYGTY,96
AIGPFGDITY,96
AISPYGDFTY,96
AISMWGGYTY,95
AISPFGRVTY,95
AIDPYGYYTY,93
AIGNVGNITY,93
AIQTYGKYTY,93
AIRYAGWSTY,93
AIAPFGSDTY,92
AILPYGSKTY,92
AIRPFGLDTY,92
AIIMRGGSTY,92
AISDYGYRTY,92
AITFWGGSTY,91
AIRPFGFSTY,91
AIRPFGWGTY,90
AISTSGARTY,90
AISPYGNKTY,90
AIRPYGSWTY,90
AILPYGYKTY,90
AIGPFGDLTY,89
AIRPFGKWTY,89
AINPYGDYTY,89
AIGPFGWSTY,89
AINPYGGSTY,89
AIDVYGQNTY,89
AIGPYGGTTY,89
AIVPYGSYTY,88
AISPYGSWTY,88
AISPLGNRTY,87
AISPAGNYTY,87
AIQWNGGLTY,87
AIRPFGDLTY,87
AISPYGQWTY,87
AISPDGWTTY,86
AISPYGNITY,86
AISPNGYYTY,86
AISPFVNYTY,85
AINSFGRRTY,85
AIRMEGGSTY,85
AISNFGRYTY,85
AIVPFGDYTY,85
AILFYGGSTY,85
AISPFGDQTY,85
AISPDGYNTY,84
AISPLGGYTY,84
AITPYGYRTY,84
AIGSFGDVTY,84
AIMYLGGSTY,84
AIGPYGLRTY,84
AIRWNGFYTY,84
AISWRGELTY,83
AISPYGSNTY,83
AIQPFGPRTY,83
AINPFGRYTY,83
AIRFRGGATY,83
AISEYGYSTY,82
AISYDGYSTY,82
AILPYGDLTY,82
AITPFGDRTY,82
AISEYGEYTY,82
AIRPLGRDTY,82
AISPWGFRTY,81
AIQPFGYRTY,81
AILPWGSYTY,81
AISPWGYGTY,81
AISEYGWGTY,81
AINPFGGSTY,81
AIRWNGHSTY,81
AISPLGNSTY,80
AISPFGHVTY,79
AIRPHGGSTY,79
AIRWAGDNTY,79
AILPYGTYTY,79
AIAPLGGYTY,79
AINTYGRYTY,79
AIGPYGRRTY,78
AIAPYGGITY,78
AINPYGRHTY,78
AIRWDGYYTY,77
AIKPFGQYTY,77
AISWRGYHTY,77
AIRPYGYDTY,77
AINWNGERTY,77
AISPYGGWTY,75
AIRPFGKNTY,75
AIKFMGGSTY,75
AISYTGGSTY,75
AISPYGRFTY,75
AIQPFGVDTY,75
AIKAWGQYTY,74
AILPYGSITY,74
AIKPFGNHTY,74
AINTYGSYTY,74
AIMYSGGSTY,74
AISEYGYYTY,73
AICYMGGSTY,73
AITPFGYATY,73
AISPGGGWTY,72
AITEYGNYTY,72
AISPFGVATY,72
AISPRGGWTY,72
AIVPYARRTY,72
AIAPFGKQTY,71
AIGPLGSSTY,71
AIGSFGDQTY,71
AISPFGKRTY,71
AISDYGLGTY,71
AIDPYGRYTY,71
AIGPQGYYTY,71
AINPFGGDTY,71
AINPFGLSTY,70
AIGPYGRYTY,70
AISDYGYYTY,70
AISPFGQQTY,70
AIRYSGLHTY,70
AIQPFGRGTY,70
AISPWGGTTY,70
AISPYGGETY,70
AISDYGNYTY,69
AISPFGTVTY,69
AITPFGNETY,69
AIGPFGDVTY,69
AISPDGSGTY,69
AINPYGSITY,69
AIQRRGGYTY,69
AISDYGSYTY,69
AIYPYGGYTY,68
AIRPYGDYTY,68
AIAPFGQYTY,68
AILYKGGSTY,68
AILPYGAYTY,67
AITPFGWSTY,67
AILPYGDITY,67
AISPNGRYTY,66
AIQFMGGSTY,66
AISPYGSPTY,66
AIGPYGDYTY,66
AISDYGLTTY,65
AIAPFGRITY,65
AILPFGVQTY,65
AISPWGQRTY,65
AIGFWGGSTY,64
AISPYGDKTY,64
AISHNGGSTY,64
AIGPFGTETY,64
AISPVGGRTY,64
AIQPFGKDTY,64
AISPRGDWTY,64
AISSYGNYTY,63
AISHRGDRTY,63
AIAPFGNITY,63
AISPYGGATY,63
AISPFGEQTY,63
AIQPYGSRTY,62
AIAPYGYRTY,62
AISPRGNWTY,62
AINPFGYKTY,62
AINPYGHITY,62
AISTSGYSTY,62
AISPYGHITY,62
AINPYCRRTY,61
AIKVYGNRTY,61
AIIFYGGSTY,61
AIGPLGGYTY,61
AIRPFGLSTY,61
AIAPFGVRTY,61
AIGPFGRTTY,61
AIMPWGGSTY,61
AISPYGVDTY,60
AIRPFGGKTY,60
AIPFYGGSTY,60
AIAPFGRQTY,59
AIKAFGSSTY,59
AISDYGDYTY,59
AIRPSGGDTY,59
AILPYGSRTY,59
AIAPYGNRTY,59
AIAPFGSQTY,59
AIHPYGFRTY,59
AITPFGEITY,59
AITPFGYTTY,59
AIAPNGYRTY,59
AISPYGDPTY,59
AILYNGGSTY,59
AILPYGSWTY,58
AIRPRGGNTY,58
AISYFGGSTY,58
AIKPFGKLTY,58
AIAPWGDNTY,58
AISPDGYKTY,58
AISPWGGFTY,58
AIRMRGGSTY,57
AIGPLGGRTY,57
AIRSFGYDTY,57
AISPFGRDTY,57
AIDVYGRYTY,56
AISGIGSKTY,56
AITPFGFSTY,56
AIHPYGGDTY,56
AIDPYGNYTY,56
AISPYGEWTY,56
AISPYGKFTY,55
AITPYGGLTY,55
AISPRGDRTY,55
AIRPFGRGTY,55
AISPYGKKTY,55
AIRPFGYQTY,55
AISPLGRGTY,55
AIDYYGGSTY,54
AISPRGDYTY,54
AIRYAGRYTY,54
AISPRGGYTY,54
AIAPYGDWTY,54
AILPYGSYTY,54
AIYPYGNYTY,54
AISPFGYYTY,54
AIRPYGYYTY,54
AINPYGSFTY,54
AIEYMGGSTY,54
AIGPFGLTTY,53
AISEYGEWTY,53
AISPWGYETY,53
AITPFGEYTY,53
AIMFMGGSTY,52
AINPFGRHTY,52
AIAPFGQGTY,52
AISPYGQFTY,52
AISEFGSRTY,52
AIRLGGTNTY,52
AIYPFGYGTY,52
AIKPFGGTTY,51
AIRPSGDRTY,51
AIVPYGGYTY,50
AIAPLGYYTY,50
AIRSFGGWTY,50
AIRPFGWKTY,50
AILPYGRITY,50
AIAPFGDFTY,50
AITPYGRITY,50
AIKPFGYHTY,50
AIGPFGKRTY,49
AIGYNGQLTY,49
AIVPYGHYTY,49
AINSRGDRTY,49
AIRPLGYNTY,49
AINPFGSATY,49
AIRFSGYSTY,49
AILWNGVETY,49
AIIPYGNYTY,49
AISPNGYRTY,49
AISPFGAGTY,48
AITPYGHSTY,48
AISPNGDYTY,48
AITPFGERTY,48
AIGPFGHWTY,48
AINWRGNYTY,48
AIYYYGGSTY,48
AIDPYGSYTY,48
AISPWGDNTY,48
AIRSFGTRTY,47
AIKYKGGSTY,47
AISPFVWNTY,47
AISPDGKVTY,47
AISSYGSYTY,47
AIDTYGNYTY,47
AISWRGKHTY,47
AISPRGGLTY,47
AIGPFGNTTY,47
AINQYGRRTY,47
AISPNGFYTY,46
AIKYYGGSTY,46
AINFRGGYTY,46
AIAPFGNDTY,46
AITPFGEHTY,46
AIPYTGGSTY,46
AISPDGAVTY,45
AINPFGSYTY,45
AISEYGRRTY,45
AILPYGNWTY,45
AISEYGDYTY,45
AISPFGRNTY,45
AISSYGYRTY,45
AIRPYGRSTY,44
AIQNSGGHTY,44
AINPYGWHTY,44
AISPFGKGTY,44
AIAPYGRITY,44
AISPFGHATY,44
AIRSFGSFTY,44
AISPFGHNTY,44
AISPWGFGTY,44
AISPFGTLTY,44
AISEYGNYTY,43
AIGWDGGYTY,43
AIGPFGTITY,43
AIIPFGNYTY,43
AIQPYGGYTY,43
AIRLNGVETY,43
AIGPFGSNTY,43
AISPFGSDTY,43
AIDPFGYRTY,43
AISPNGKRTY,43
AIGTYGKYTY,42
AIGPFGWRTY,42
AIGPYGKYTY,42
AISPIGKGTY,42
AINPYGEYTY,42
AIGPFGFHTY,42
AIAFWGGSTY,42
AISDYGELTY,42
AISPLGYSTY,41
AISARGEWTY,41
AITPFGRYTY,41
AIRPLGWKTY,41
AIRPLGYHTY,41
AISPWGAYTY,41
AISPFGKDTY,41
AIGPYGTYTY,41
AIDPFGKNTY,41
AISGKGLATY,41
AISPFGAQTY,41
AIGPYGLYTY,41
AIGPFGEETY,41
AIAPYGQYTY,41
AIHPYGNYTY,40
AISPFGKTTY,40
AISDYGDWTY,40
AIDDYGRYTY,40
AISPLGYYTY,40
AISPSGSLTY,40
AIRTFGSTTY,40
AIDPFGGYTY,40
AIGPWGGYTY,40
AIRCNGVETY,40
AIIPYGSYTY,40
AISPNGYTTY,40
AINPYGNYTY,40
AITPFGNHTY,39
AISPFGEATY,39
AIGPYGQYTY,39
AIRWDGFATY,39
AISPLGSYTY,39
AITPFGGSTY,39
AIAPWGSFTY,39
AISPFGEFTY,39
AIDPYGKYTY,38
AIRPFGNSTY,38
AIRPRGGDTY,38
AISPYGNFTY,38
AIRNRGDYTY,38
AISWRGWHTY,38
TINPYGRRTY,38
AIDLYGNYTY,38
AIDPYGFYTY,38
AISGFGDNTY,38
AILPYGRYTY,38
AISPDGSYTY,38
AISPFGNVTY,38
AISGHGLATY,38
AISPFGNKTY,37
AISPIGYRTY,37
AISSRGGYTY,37
AIVYNGGSTY,37
AISPDGKTTY,37
AIDTFGGYTY,37
AISPGGQYTY,37
AIGPPGEYTY,37
AIGPFGKSTY,37
AIVPYGSRTY,36
AINPYGHRTY,36
AIASRGDYTY,36
AISPDGNLTY,36
AISPFGQETY,36
AIHWRGNFTY,36
AISPRGDLTY,36
AINPYGGLTY,36
AISMRGGSTY,36
AIAPFGRATY,36
AISPYGWTTY,36
AISPYGDVTY,35
AIRPFGKSTY,35
AIRWNGDYSY,35
AINPYGRSTY,35
AICYVGGSTY,35
AIDSFGKYTY,35
AISEYGTYTY,35
AISPVGRGTY,35
AIKPGGNQTY,35
AISPFGHRTY,35
AIYPYGNRTY,35
AIRWNGVETH,35
AISPNGKWTY,35
AISPRGQDTY,35
AIRWNCVETY,35
AISPYGTFTY,34
AISPGGYKTY,34
AIFPDGRTTY,34
AISPDGYSTY,34
AIAPFGRETY,34
AIAPRGARTY,34
AISPYGYNTY,34
AINPYCRITY,34
AISPNGEWTY,34
AISPYGWPTY,34
AIVYFGGSTY,34
AIQWNGSLTY,34
AINPFGYRTY,34
AILPYGKRTY,34
AIQPRGGGTY,34
AIKPYGNFTY,34
AIGARGDLTY,33
AISPFGTYTY,33
AILFWGGSTY,33
AIKGYGYYTY,33
AISTYGDYTY,33
AISPNGYNTY,33
AISSFGRYTY,33
AIHYVGGSTY,33
AIRMWGRSTY,33
AIVPYGAYTY,33
AISPRGNRTY,33
AILPFGYSTY,32
AIHWDGNTTY,32
AIRPFGKFTY,32
AIKPFGYTTY,32
AISDPGGYTY,32
AISPLGNKTY,32
AISPFGFHTY,32
AITPFGAQTY,32
AIRWNGVESY,32
AIQEYGRYTY,32
AINTYGKYTY,32
AIVPLGGYTY,32
AIAPFGGITY,32
AISPFGWRTY,32
AIAPYGGWTY,32
AIKLYGTRTY,31
AISPDGYYTY,31
TINPYGRITY,31
AIRVYGSSTY,31
AISPNGYSTY,31
AIEYRGGYTY,31
AIKTSGSRTY,31
AIRYAGYSTY,31
AISPGGDHTY,31
AISPDGSKTY,31
AISPWGTYTY,31
AIAPFVRKTY,31
AIRNKGNYTY,31
AIAPFGDQTY,30
AIDVYGYRTY,30
AISPRGNFTY,30
AILPFGSITY,30
TIRWNGVETY,30
AISGYGDYTY,30
AISPDGYWTY,30
AIKWNGRYTY,30
AIAPFGHRTY,30
AIVSYGRRTY,30
AISPFGKKTY,30
AITPWGSYTY,30
AISPFGSATY,30
AIVPFGARTY,30
AIQWNGVETY,30
AIMYWGGSTY,30
AIVPWGGHTY,30
AIGPYGRTTY,30
AISEYGDLTY,29
AIAPFGTTTY,29
AISANGLKTY,29
AISPNGNWTY,29
AINYFGGSTY,29
AISPLGKHTY,29
AISEYGGYTY,29
AISEAGYHTY,29
AIRPNGYSTY,29
AIGSFGGYTY,29
AISPLGDQTY,29
AIRPIGSYTY,29
AQIQYGRRTY,29
AISPIGQWTY,29
AINPFGEDTY,29
AISPYGTITY,29
AIQGYGHYTY,29
AIIPFGRNTY,29
AINPFGGNTY,29
AIKPFGYNTY,29
AIAPFGETTY,29
AISPNGDSTY,28
AIKPFGSYTY,28
AINPYGYSTY,28
AINQYGRITY,28
AISPSGTRTY,28
AIGPFGLPTY,28
AITPDGNYTY,28
AIDWNGKYTY,28
AIKPYGNYTY,28
AISASGARTY,28
AISPFGADTY,28
AIYPLGDGTY,28
AIDPYGIYTY,28
AISPSGKNTY,28
AIGYNGYRTY,28
AIPYWGGSTY,28
AINPYGRCTY,28
AISPWGDFTY,28
AITPYGRRTY,28
AITPFGRRTY,28
AISPWGYNTY,27
AISPYGYGTY,27
AISPNGLDTY,27
AIRWKGSGTY,27
AISPFGVRTY,27
AITMRGGSTY,27
AIGPFGYKTY,27
AICYKGGSTY,27
AIAPFGSITY,27
AITPFGLHTY,27
AITEYGYYTY,27
AISPFGTRTY,27
AISPYGNVTY,27
AILPYGKYTY,27
AISGNGYTTY,27
AILPNGSQTY,27
AITPFGHYTY,27
AISPYGEFTY,27
AIRSFGYRTY,27
AINPYGNLTY,27
AISPLGFSTY,27
AISPWGDYTY,27
AINPFGDTTY,26
AITPYGGDTY,26
AISDNGLKTY,26
AISPSGSRTY,26
AISPFGKVTY,26
AISPYGQSTY,26
AITPFGRETY,26
AISDYGYNTY,26
AITPYGDYTY,26
AISPLGGSTY,26
AIGPFGLSTY,26
AIAPNGIHTY,26
AIDWRGNYTY,26
AISPFGHETY,26
AIRPFGQNTY,26
AISPRGNITY,26
AISPWGSTTY,26
AISYDGKYTY,26
AINPYGYRTY,26
AITPGGRSTY,26
AIAPFGKWTY,25
AISQFGWKTY,25
AIMYKGGSTY,25
AISEYGAYTY,25
AISPEGSYTY,25
AIKPFGGYTY,25
AIEFRGGQTY,25
AINPWGYNTY,25
AISPLGRYTY,25
AISPNGGYTY,25
AISPFGHITY,25
AISDNGQYTY,25
AIGPFGTHTY,25
AIKPYGSYTY,25
AIAPFGRFTY,25
AIRPYGRRTY,25
AIAPFGLQTY,24
AISEYGSITY,24
AISPFGAITY,24
AILPYGAKTY,24
AIAPFGQQTY,24
AISDYGGYTY,24
AIDPYGAYTY,24
AIRLFGAETY,24
AIVPFGTYTY,24
AINPFGNYTY,24
AISPYGYATY,24
AINWNGGYTY,24
AISPYGRHTY,24
AIIYLGGSTY,24
AIGPDGDYTY,24
AINDYGQSTY,24
AINPYGNATY,24
AISPYGEHTY,24
AIHPYGYYTY,24
AISDYGLYTY,24
AITPFGSWTY,24
AIRYSGLTTY,24
AITPFGHNTY,24
AIGPFGHNTY,24
AIAPFGLETY,24
AISPYGKVTY,24
AIAYFGGSTY,24
AISPIGYKTY,24
AISPSGFDTY,23
AISPDGSRTY,23
AIAPRGGFTY,23
AIRPGGYYTY,23
AISPYGRKTY,23
AISNNGSSTY,23
AITPYGHYTY,23
AISPLGDWTY,23
AILPYGEYTY,23
AISPGGKYTY,23
AIHTYGDYTY,23
AISPNGNYTY,23
AISPYGSETY,23
AISQGGYRTY,23
AIAPYGEWTY,23
AIRWNGSYTY,23
AISNLGGYTY,23
AIAPRGYRTY,23
AISPYGAVTY,23
AINPYGDTTY,23
AIKPYGDWTY,23
AISPGGGVTY,23
AIDPYGDFTY,22
AIVPKGGHTY,22
AISPGGLYTY,22
AIEPFGFNTY,22
AIVPFGSWTY,22
AITPYGQNTY,22
AITPSGSRTY,22
AIRPYGNFTY,22
AIYPYGGDTY,22
AIAPFGHNTY,22
AIAPYGAETY,22
AITPFGIWTY,22
AIVMRGGSTY,22
AIRPQGAYTY,22
AIGPDGKYTY,22
AISPYGGQTY,22
AINPYGRRTH,22
AIEYVGGSTY,22
AISPGGTYTY,22
AISPVGLGTY,22
AISPGGKRTY,22
AISPAGLRTY,22
AIADYGRYTY,22
AIYPYGGITY,22
AISPFGEITY,21
AIPYYGGSTY,21
AISPDGRYTY,21
AIAPFGNGTY,21
AIDDYGEYTY,21
AIDEYGRYTY,21
AIVQYGRRTY,21
AIRPFGRQTY,21
AIGPFGKYTY,21
AIGPYGLSTY,21
AISPSGYYTY,21
AIGPFGLGTY,21
AIAPFGIATY,21
AINPFGLGTY,21
AISPDGRETY,21
SIRWNGVETY,21
AINPSGIKTY,21
AITDYGLSTY,21
AITPSGKRTY,21
AITPYGNWTY,21
AISPRGEATY,21
AIAPIGSRTY,21
AISPDGWYTY,21
AISPFVGDTY,20
AISPFGVQTY,20
AISPYGYHTY,20
AISPNGAYTY,20
AITPFGTKTY,20
AISPYGHLTY,20
AIDPYGGYTY,20
AINSYGNYTY,20
AISPRGNETY,20
AIYPFGHKTY,20
AISPVGYSTY,20
AISPSGDATY,20
AISPRGGGTY,20
AISPIGGRTY,20
AIHTYGFRTY,20
AISPRGARTY,20
AIEYSGGSTY,20
AIRMWGSSTY,20
SIQPFGSNTY,20
AISPYGISTY,20
AINPYGIATY,20
AISPNGSYTY,20
AITPFGNFTY,20
AISPNGYLTY,20
AISDYGEYTY,20
AIGPVGGYTY,20
AIGPFGYYTY,20
AINPFGRITY,20
AIRWDGYATY,20
AISEYGQYTY,20
AINQYGRTTY,20
AITPFGLETY,19
AINPYGTYTY,19
AISPFGSNTF,19
AIHPDGYYTY,19
AINPFGDRTY,19
AIYPYGDYTY,19
AITPFGKLTY,19
AIDVYGKYTY,19
AINTYGRRTY,19
AISPFGHTTY,19
AISPYGSSTY,19
AISPGGGYTY,19
AISPAGSGTY,19
AISEYGKYTY,19
AIRSFGNYTY,19
AISPWGFKTY,19
AIDDYGNYTY,19
AIGPFVHYTY,19
AIEMRGGSTY,19
AINPYGVNTY,19
AIEPYGSNTY,19
AIRNSGFYTY,19
AISSFGKYTY,19
AISPGGYLTY,19
AISPNGLYTY,19
AIDWNGFYTY,19
AIGPLGYSTY,19
AIQWNGSNTY,19
AIAPFGHLTY,19
AIRWAGKYTY,19
AISGNGSKTY,19
AILPYGGWTY,19
AIVPYGRCTY,18
AIRPSGGYTY,18
AIYPNGSYTY,18
AITPVGGRTY,18
AILPYGFKTY,18
AITPFGGVTY,18
AIFPYGDYTY,18
AIVYSGGSTY,18
AISEYGRFTY,18
AISPGGSWTY,18
AIRPNGRYTY,18
AISPTGYYTY,18
AISPYGNDTY,18
AISPLGWRTY,18
AIKSFGRRTY,18
AISPSGKSTY,18
AINPYGCRTY,18
AIRPFGRYTY,18
AIRTYGEYTY,18
AISPSGKKTY,18
AIIPYGRRTY,18
AISPSGTYTY,18
AIDPYGNSTY,18
AITPLGYKTY,18
AIDPYGDVTY,18
AIAMWGCSTY,18
AIDPFGNYTY,18
AIVPYGTETY,18
AIAPRGNRTY,18
AIRPIGGNTY,18
AITPFGDLTY,17
AIAKNGSYTY,17
AIHYYGGSTY,17
AIHPYGARTY,17
AIHPLGSGTY,17
AIDPYGTYTY,17
AINPYGSKTY,17
AIRPLGGSTY,17
AIVPYCRRTY,17
AITPFGFDTY,17
AISEYGGKTY,17
AISPRGQYTY,17
AIRMAGGSTY,17
AISNRGDWTY,17
AISPFGVETY,17
AIQPFGKRTY,17
AINWRGYRTY,17
AILMRGGSTY,17
AISPWGQYTY,17
AIRMMGGSTY,17
AISDNGHITY,17
AISARGDWTY,17
AISRSGKFTY,17
AISPFGKITY,17
AISPTGSYTY,17
AISSRGDFTY,17
AIQPYGTRTY,17
AISPYGEETY,17
AIVPTGNRTY,17
AIRRNGVETY,17
AIEYKGGSTY,17
AITEYGSYTY,17
AIDEYGDYTY,17
AISGFGGNTY,17
AITPLGSYTY,17
AISPYGNNTY,17
AIDYRGGYTY,17
AISEYGIYTY,17
AISPFGRKTY,17
AISPYGFSTY,17
AISPYGTTTY,17
AILPYGKKTY,17
AISNRGGITY,16
AINPYGRITH,16
AISPFGTATY,16
AISLFGYNTY,16
AIGLRGNDTY,16
AIVPFGNLTY,16
AISPLGYTTY,16
AIAPFGDGTY,16
AIAPFGTSTY,16
AIAIWGGSTY,16
AIAPWGGETY,16
AISPGGEVTY,16
AIAPNGWRTY,16
ALAPFGIRTY,16
AIKLFGKYTY,16
AISEYGLYTY,16
AIRPFGSNTY,16
AISDYGFYTY,16
AIAPFGSTTY,16
AIGPLGGITY,16
AIRPRGGWTY,16
AIAPFGFTTY,16
AISPRGQLTY,16
AISIPGYGTY,16
AIKPDGSYTY,16
AISEAGDHTY,16
AISGIGGKTY,16
AISANGLSTY,16
AIAFMGGSTY,16
AIRPWGYDTY,16
AIAPFVNLTY,16
AIRPNGNGTY,16
AIDPYGDRTY,16
AILPYGTTTY,16
AIAPYGGTTY,16
AIGRFGGFTY,16
AISTNGQYTY,16
AISPRGDVTY,16
AIIPGGDRTY,16
AISPNGKSTY,15
AITDYGSYTY,15
AINPFGYTTY,15
AISPFGTKTY,15
AISPYGVTTY,15
AINPYGRLTY,15
AITPFGFTTY,15
AISFDGSYTY,15
AIKWDGSYTY,15
AIGPFGEWTY,15
AISPFALHTY,15
AIRPIGGETY,15
AITPFGRITY,15
AIRMCGGSTY,15
AILPFGLRTY,15
AISPIGSRTY,15
AIAPTGLQTY,15
AIGPFGLHTY,15
AISEFGWNTY,15
AIRPIGRETY,15
AISPWGRTTY,15
AITPYGNGTY,15
AIQPYGLRTY,15
AISPYGGNTY,15
AIADNGYRTY,15
AIVPYGHRTY,15
AIFPYGSFTY,15
AISPKGDGTY,15
AISPFGTWTY,15
AISPFGIDTY,15
AISPYGRTTY,15
AILPYGDFTY,15
AIKTFGGYTY,15
AISPYGSQTY,14
AINPYGDFTY,14
AISQFGYTTY,14
AIGPWGYNTY,14
AIGDYGTNTY,14
AIPHKGGQTY,14
AISPYGHFTY,14
AISPYGESTY,14
AIGKAGHYTY,14
AISPLGSGTY,14
AILPYGYRTY,14
AIYYVGGSTY,14
AIHPYGSDTY,14
AIARWGYETY,14
AIAPRGTRTY,14
AIRWYGGNTY,14
AISEYGRYTY,14
AIKMRGGSTY,14
AITPFGQFTY,14
AICMRGGSTY,14
AIKPFGSRTY,14
AIHGYGFRTY,14
AIRPFGSWTY,14
AIAPFGKETY,14
AISPSGNLTY,14
AIAPFGLDTY,14
AISPGGGTTY,14
AIAPKGYRTY,14
AINPYGSWTY,14
AISPRGKLTY,14
AINPCGRRTY,14
AIYPYGSATY,14
AIRANGEYTY,14
AINENGEHTY,14
AISPSGDHTY,14
AINWNGSYTY,14
AIGPEGNNTY,14
AIPYFGGSTY,14
AITPFVSHTY,14
AIVYTGGSTY,14
AISPWGYKTY,14
AIVPYGRSTY,14
AISPYGSVTY,14
AIRWAGWNTY,13
AIRWYGVETY,13
AISPNGSRTY,13
AIAPFGVQTY,13
AILFMGGSTY,13
AILPRGSRTY,13
AILPYGRFTY,13
AIHPYGYKTY,13
TINPFGGYTY,13
AIKPYGEFTY,13
AISPSGSTTY,13
AISEYGGRTY,13
AISPFCYTTY,13
AIRPRGQGTY,13
AIKPYGSRTY,13
AITPFGSRTY,13
AIGPFGRHTY,13
AINYIGGSTY,13
AISPSGGQTY,13
AIAPWGYHTY,13
AILPFGGDTY,13
AISPWGNSTY,13
AIYPYGDWTY,13
AISPNGTNTY,13
AISPNGHITY,13
AISDYGYLTY,13
VIRWNGVETY,13
AIVPFGNRTY,13
AIRPWGLSTY,13
AISPIGYGTY,13
AISPYGDNTY,13
AISPFGEDTY,13
AIQNSGQYTY,13
AISPNGGSTY,13
AIDQYGRYTY,13
AIEPYGRYTY,13
AIRPFGKYTY,13
AISPNGKHTY,13
AIRPYGLRTY,13
AISPDGNATY,13
AISPLGDSTY,13
AINDNGLKTY,13
AITPFGKYTY,13
AIKPYGRRTY,13
AISPFGWGTY,12
AIGPYGSSTY,12
AIYPYGSYTY,12
AIRPDGYETY,12
AIAPGGYYTY,12
AISPDGYFTY,12
AIDPFGEYTY,12
AISENGYYTY,12
AIGASGKYTY,12
AISPNGEYTY,12
AIAPYGHFTY,12
AIRINGSYTY,12
AISLYGGSTY,12
AISPDGYLTY,12
AIRPNGQYTY,12
AMRWNGVETY,12
AISPYGNTTY,12
VINPYGRRTY,12
AIGEYGRYTY,12
AISPWGRYTY,12
AIVPYGRRTH,12
AISPAGYRTY,12
AILPYGYYTY,12
AIHGYGGRTY,12
AINYWGGSTY,12
AITPFGDQTY,12
AIFPFGNYTY,12
AISPFGCNTY,12
AINPYGYPTY,12
AIAPLGISTY,12
AIDPYGKNTY,12
AISPRGHWTY,12
AILPYGRNTY,12
AITPFGNNTY,12
AISPNGFRTY,12
AISEYGRTTY,12
AISPNGYETY,12
AIAPLGLSTY,12
AIRWNGMETY,12
AISPFVSKTY,12
AIRYFGGRTY,12
AIEPYGYYTY,12
AINPYGGATY,12
AISPWGYSTY,12
AISPFGETTY,12
AIRPHGRRTY,12
AIGPYGITTY,12
AIFPYGQYTY,12
AITPFGLATY,12
AIRPFGDDTY,12
AIFPYGNGTY,12
TISPFGGYTY,12
AIGPFGRYTY,12
AITPFGNRTY,11
AISPFGALTY,11
AINHRGDSTY,11
AISPWGFSTY,11
AITPFGARTY,11
AICFYGGSTY,11
AISPDGRKTY,11
AIGPFGRFTY,11
AISEYGFYTY,11
AINYMGCSTY,11
AISNRGNRTY,11
TIAMWGGSTY,11
AIRTYGDYTY,11
AISPSGGYTY,11
AISPNGQWTY,11
AITPSGDRTY,11
AIGPSGYYTY,11
AINTYGRITY,11
AITPYGDSTY,11
AISPLGGWTY,11
AISPSGLSTY,11
AIGPNGSYTY,11
AIAMCGGSTY,11
AISQFGGYTY,11
AISNNGESTY,11
AINPFGGWTY,11
AINWRGQYTY,11
AISWDGSHTY,11
AISPAGNVTY,11
AITPLGYRTY,11
AISPGGTGTY,11
AISSYGNSTY,11
AISPYGWKTY,11
AITPYGGSTY,11
AIAPYGGSTY,11
AINPYGHLTY,11
AISPLGRNTY,11
AINYSGGSTY,11
AISHNGTSTY,11
AISPLGYRTY,11
AIRPDGYSTY,11
AIDYFGGSTY,11
AISPYGNWTY,11
AIAPYGNSTY,11
AISPNGKYTY,11
AINSYGDYTY,11
AILPYGTFTY,11
AIVPYVRRTY,11
AITYNGGSTY,11
AIGDYGSNTY,11
AILPSGGYTY,11
AITPEGNYTY,11
AITPFGSNTY,11
AITPFGGNTY,11
AISPSGNNTY,11
AIDDYGRSTY,11
AIAPFGSATY,11
AIRFRGGSTY,11
AIAPGGKKTY,11
AISDNGNYTY,11
AINQFGGYTY,11
AIRFSGWSTY,11
AIVPYGEYTY,11
AINFRGGSTY,11
AIAPFGFSTY,11
AISPGGSRTY,11
AINWRGTHTY,10
AIVPRGGRTY,10
AIKPFGISTY,10
AISPTGRYTY,10
AISEFGRFTY,10
AIRPIGRYTY,10
AITPYGNFTY,10
AISPAGDHTY,10
AICYNGGSTY,10
AISPDGNNTY,10
AISPFCGNTY,10
AIDWRGNFTY,10
AISPYGFNTY,10
AIRNIGNYTY,10
AISKSGGATY,10
AIAMWGSSTY,10
AIGPYGRITY,10
AIMMSGGSTY,10
AISPYGLKTY,10
AISPFGGCTY,10
AISPNGHWTY,10
AISPLGLKTY,10
AIRLFGKSTY,10
AISPYGFDTY,10
AIRPRGYETY,10
AIAMRGGSTY,10
AIAPSGDKTY,10
AISPLGGHTY,10
AIYPFGLRTY,10
AISPTGNRTY,10
AIYYKGGSTY,10
TIVPYGRRTY,10
TINYMGGSTY,10
AIRMWGCSTY,10
AINYSGSQTY,10
AISPLGDATY,10
AITPYGFNTY,10
AISPSGNDTY,10
AISDYGRSTY,10
AIGWDGNYTY,10
AIESRGGYTY,10
TISPFGRRTY,10
AIVFYGGSTY,10
AIKYSGGSTY,10
AISPYGAETY,10
AISPYGIRTY,10
AILPFGHQTY,10
AISPFGGYTH,10
AIYPYGDNTY,10
AITPGGEYTY,10
AISPGGLRTY,10
AIDYAGTETY,10
AIKPFGYRTY,10
AIKPYGYYTY,10
AISPNGHYTY,9
AISPVGYDTY,9
AIQWNGDYTY,9
AISEWGYRTY,9
AIRPYGKITY,9
AIGPFGNRTY,9
AISNYGRYTY,9
AICYYGGSTY,9
AIVPWGSHTY,9
AISPWGDGTY,9
AISPGGYSTY,9
AISENGRYTY,9
AIGPLGFRTY,9
AIHPYGGYTY,9
AINPYGQSTY,9
AITPFGYGTY,9
AIAPYGSITY,9
AISDYGYITY,9
AINPNGYRTY,9
AITPFGSETY,9
AINPFGGYTH,9
AIYPYGSWTY,9
AIRPFGSYTY,9
AISPYGKDTY,9
AIQNSGNYTY,9
AIRLWGRSTY,9
AISSYGEYTY,9
AITPGGLGTY,9
AIAPNGNSTY,9
AISEYGARTY,9
AIKPYGQWTY,9
AIVPYGWKTY,9
TISPFGYTTY,9
AIGPFGLRTY,9
AIEPFGSRTY,9
AIKPYGNRTY,9
AIDYKGGSTY,9
AIYPDGHKTY,9
AILPFGDYTY,9
AINPYGGDTY,9
AIKSFGYRTY,9
AITPFGQWTY,9
AIQFRGNETY,9
AINPGGYYTY,9
AISPFGCYTY,9
AIVPYGDYTY,9
AINMWGSSTY,9
AITPTGSYTY,9
AIAPFGNWTY,9
AIGPWGASTY,9
AIFPYGSNTY,9
AIRSFGFRTY,9
AISPSGGRTY,9
AINPYGDSTY,9
AISPTGHQTY,9
AIHPYGEYTY,9
AISPSGIKTY,9
AIAPRGDYTY,9
AIRWAGYSTY,9
AISDYGKYTY,9
AIKPFSLTTY,9
AISPFGQTTY,9
AISPGGLETY,9
AIYPYGDRTY,9
AISPFAMHTY,9
AIRWNDVETY,9
AISPYGWNTY,9
AISPSGGSTY,9
AINPFGHFTY,9
AIRPNGYRTY,9
AISPDGHYTY,9
AISPLGSSTY,9
AINPYGDRTY,8
AIDPYGDYTY,8
AIRCNGDYTY,8
AIDPYGQYTY,8
AINPHGRITY,8
AISDFGLYTY,8
AISNRGHITY,8
AIADYGNYTY,8
AIMMWGYSTY,8
AIKPWGGSTY,8
TISPFGNSTY,8
AINPFGCYTY,8
AIYPYGSRTY,8
AILPYGGNTY,8
AIAMWGRSTY,8
AILPYGNFTY,8
AIRPGGLFTY,8
AIGPFVNNTY,8
AIKPFGKTTY,8
AITPTGGYTY,8
AILPDGSYTY,8
AIAQFGSSTY,8
AIAPFGVTTY,8
AITPYGRFTY,8
AIRWNGVDTY,8
AIEFRGGNTY,8
AISDYGRWTY,8
AIAMLGGSTY,8
AIEISGGRTY,8
AINPFGNSTY,8
AIAPRGGYTY,8
AIAPNGKYTY,8
AIKPNGRYTY,8
AISPGGAYTY,8
AISPGGQSTY,8
AIAYCGGSTY,8
AIAPDGDYTY,8
AINPHGRRTY,8
AIRLFGRHTY,8
AILPYGRLTY,8
AISPYGRPTY,8
AISPGGDRTY,8
AIKPYGRKTY,8
AIKPNGAYTY,8
AITPDGEYTY,8
AILPYGRRTY,8
AISPYGAFTY,8
AIGPNGETTY,8
AISPVGNLTY,8
AISRRGRYTY,8
AITPVGKSTY,8
AISPYGGDTY,8
AIRWNGYYTY,8
AISQFGYRTY,8
AINMQGGSTY,8
AISYRGDYTY,8
AISPNGLGTY,8
AIKARGEWTY,8
AISPYGCYTY,8
AIGPFGTYTY,8
AILPFGNYTY,8
AISRIGFGTY,8
AISPGGLDTY,8
AIGPLGDITY,8
AIGRFGGVTY,8
AISPRGHFTY,8
AITDYGDNTY,8
AIKIDGKTTY,8
AISPFCNYTY,8
AITPRGGRTY,8
AISPFGVHTY,8
AISDNGSYTY,8
AISPFGTHTY,8
AITPLGKATY,8
AIAPFGSGTY,8
AINYNGGSTY,8
AISPFCRTTY,8
AISEYGSWTY,8
AISPVGARTY,8
AISPFGNCTY,8
AITPYGIRTY,8
AIIPYGRYTY,8
AIMPYGRRTY,8
AIADYGAYTY,8
AIRPFGFRTY,8
AIDPFGDYTY,8
AIDFMGGSTY,8
AITPFGDDTY,8
AIMMWGCSTY,8
AISPTGYNTY,8
AISPNGLSTY,8
AISANGSYTY,8
AISPKGYATY,8
AISPYGRITY,8
AITPFGGFTY,8
AIFPNGKGTY,8
AINYMCGSTY,8
AISPYGVRTY,8
SINPYGRRTY,8
AINPFGQITY,8
AIDPFGERTY,8
AISPYGRVTY,8
AIAPDGYFTY,8
AISPSGYLTY,8
AIGYAGGSTY,8
AIYPYGTYTY,8
AITPYGDRTY,8
AIYPNGGGTY,8
AISPSGNYTY,7
AISEYGDFTY,7
AISPLGSITY,7
AIGGYGGYTY,7
AISEYGEVTY,7
AISPFGTGTY,7
AIFPYGARTY,7
AITPSGSGTY,7
AISPQGVQTY,7
AISPWGEYTY,7
AISPYGSITY,7
AIFPYGDFTY,7
AISTSGGRTY,7
AITPFGDFTY,7
AITPFGAGTY,7
AINPAGYRTY,7
AILPRGGWTY,7
AITPFGENTY,7
AIGPQGGYTY,7
AIRPIGRITY,7
AISPSGGATY,7
AISPIGEATY,7
AISDNGNITY,7
AICYTGGSTY,7
AISPFCGWTY,7
AISPQGNYTY,7
AINENGSHTY,7
AIAPTGDYTY,7
AIRPLGGTTY,7
AISPYGSDTY,7
AITFMGGSTY,7
AISPNGGWTY,7
AINYRGEYTY,7
AIDPYGWYTY,7
AISPEGARTY,7
AIRPFGYYTY,7
AISPLGYQTY,7
AISQFGGNTY,7
AINPYGRRTN,7
AIAPWGDRTY,7
AISPIGYSTY,7
AIAPKGLSTY,7
AIVPYGRRTD,7
AISPLGNWTY,7
AISPRGKQTY,7
AISPYGHHTY,7
AISPRGNYTY,7
AINPGGNYTY,7
AIDAYGHYTY,7
AIRWHGVETY,7
AISPRGEYTY,7
AISDYGTYTY,7
AISKYGKTTY,7
AISPAGAHTY,7
AISPSGHDTY,7
AIGPRGYRTY,7
AISPFCGYTY,7
AIGPRGSRTY,7
AIGPFGCSTY,7
AIVPFGHQTY,7
AISPRGDTTY,7
AITPFGQQTY,7
AISPGGHWTY,7
AIDVYGYYTY,7
AILPFGLETY,7
AICFMGGSTY,7
AISPSGDRTY,7
AIQGYGGSTY,7
AINPYGDWTY,7
AITPYGYNTY,7
AIRPGGRRTY,7
AIGPSGNDTY,7
AISPYGKTTY,7
AITPFGYHTY,7
AILPFGWETY,7
AINPYGHYTY,7
AIYPYGKYTY,7
AISDYGIDTY,7
AITPIGYSTY,7
AISPRGRTTY,7
AIYPYGGQTY,7
AITPLGLKTY,7
AILWNGDYTY,7
AITPFGRFTY,7
AIVPFGRRTY,7
AIGDYGQYTY,7
AIEPFGWSTY,7
AINFMGGSTY,7
AIKPYGRYTY,7
AIAPTGYYTY,7
AISPYGDITY,7
AISANGTTTY,7
AIVPFGNSTY,7
AISPNGNITY,7
AISPFGTTTY,7
AISPYGYDTY,7
AISPDGNTTY,7
AIWPFGLGTY,7
AISPLGNYTY,7
AITPYGAYTY,7
AINPGGWGTY,7
AISPNGFSTY,7
AITPFGVSTY,7
AIAPDGYNTY,7
AITPGGGVTY,7
AIIYCGGSTY,7
AISPLGYATY,7
ALKPFGNHTY,7
AITPFGEKTY,7
AISPIGHNTY,7
AISPTGLNTY,6
AITPYGQSTY,6
AIYFMGGSTY,6
AISPRGSGTY,6
AIDYAGGSTY,6
TISPYGNYTY,6
AIYPLGSGTY,6
AIKPFGGWTY,6
AISPGGHFTY,6
AIAPYGGYSY,6
TISPYGYYTY,6
AISQFGYNTY,6
ATNPYGRITY,6
AISANGYTTY,6
AILPPGGQTY,6
AISPSGSITY,6
AINPYGCITY,6
AIRWDGVETY,6
AIAPFGCKTY,6
AIGPYGSLTY,6
AISPLGRKTY,6
AIVPSGRRTY,6
AISDYGGNTY,6
AIGPFGKTTY,6
AIDPYGSETY,6
AISPFGYATH,6
AISPTGLYTY,6
AISPNGYKTY,6
AISEFGEFTY,6
AISPDGQATY,6
AISYNGNITY,6
AISPLGLGTY,6
AIGPGGWSTY,6
AIRLSGNFTY,6
AISPFGYCTY,6
AIVPRGGATY,6
AIQNSGFNTY,6
AIRWNGVATY,6
TISPFGQKTY,6
AIAQFGEYTY,6
AISPYGSTTY,6
AINYSGFQTY,6
AISWCGARTY,6
AINPFCGYTY,6
AISPFCYNTY,6
AICYSGGSTY,6
AINPFGHRTY,6
AIAPFGNQTY,6
AIGPEGFNTY,6
AITPVGYRTY,6
AIEFMGGSTY,6
AIAPFCKYTY,6
AISYRGDVTY,6
AISPYGATTY,6
AIQPFGNHTY,6
AIAPFCHQTY,6
AIRPNGFYTY,6
AIRPLGFDTY,6
AIGPLGGWTY,6
AITPLGKYTY,6
AIDPFGSYTY,6
AIAPNGYLTY,6
AINDYGDWTY,6
AIGPFGGDTY,6
AIIFMGGSTY,6
AINPYGRGTY,6
AIGPFVHTTY,6
AISPNGSGTY,6
AIEPFGYNTY,6
AISPFSFNTY,6
AISPFCYSTY,6
AISRFGKNTY,6
AISPFCYRTY,6
AITPLGNYTY,6
AISPYGRSTY,6
TIGPFGDYTY,6
AISPFGPSTY,6
AIRTFGSYTY,6
AIDPFGSNTY,6
AISPFGMSTY,6
AINPFGSNTY,6
AISYDGKTTY,6
AITYSGGSTY,6
AISEFGRHTY,6
AIRWNGAETY,6
AIHPYGQDTY,6
AITPFGYYTY,6
AITDYGQRTY,6
AINPRGGWTY,6
AIRPLGSYTY,6
AITPYGGITY,6
AICMSGGSTY,6
AISPNGTRTY,6
AIRSFGGRTY,6
AISQFGSNTY,6
AISMCGGSTY,6
AILPDGRQTY,6
AIKPFGWSTY,6
AIAYVGCSTY,6
AINSYGSYTY,6
AISPNGTTTY,6
AISPFGTETY,6
AISPFGVSTY,6
AISQFGSYTY,6
AISPLGQQTY,6
AIAPFGWETY,6
AIGQFGGSTY,6
AIRPDGYYTY,6
AISTFGGYTY,6
AIQPFGEHTY,6
AIAPYGATTY,6
AISPSGKLTY,6
AIRVYGSGTY,6
AIGPVGYSTY,6
AISDFGNYTY,6
AIKTYGDVTY,6
AIKIGGGYTY,6
AISQFGGRTY,6
AISMWGSSTY,6
AISQFGRYTY,6
AIVPYGYYTY,6
AIGPTGLNTY,6
AIDPFGAYTY,6
AINPFGHKTY,6
AISPGGAFTY,6
TISPFGYSTY,6
AIAMWGGSTH,6
AISPNGESTY,6
AIAPFGNETY,6
AIAPFCSSTY,6
AIRQFGGDTY,6
AITPNGYYTY,6
AITPWGLQTY,6
AISPNGSWTY,6
AISDYGEWTY,6
AIVPFGYKTY,6
AIAPFGKKTY,6
AIAPIGYSTY,6
AITPLGKSTY,6
AIEPGGGRTY,6
AINNHGGLTY,6
AICPFGGSTY,6
AIQPYGSYTY,6
AIGQFGDWTY,6
AIAPLGHSTY,6
ALYYKGGSTY,6
AISEYGSTTY,6
AIGPRGDGTY,6
AIAYTGGSTY,6
TISPFGGNTY,6
AISPLGHATY,6
AISPFGCTTY,6
TISPFGRTTY,6
AIRWSGVETY,6
AIRMWGGYTY,6
AIGPTGHGTY,6
AITPFGIRTY,6
AIAEYGYYTY,6
AIGPFGYWTY,6
AISPWGSKTY,6
AINPYGRRAY,6
AIAPEGLSTY,6
AITPFGYETY,6
AISDYGRGTY,6
AIAPFGDHTY,5
AIQPFGLETY,5
AISQFGRTTY,5
AIHPYGDYTY,5
AISTFGNWTY,5
AISPLGKLTY,5
AIAPSGLSTY,5
AISYWGGSTY,5
AITPSGKYTY,5
AISPYGGFTY,5
AIAPEGNSTY,5
AITPNGDYTY,5
AIGTHGKGTY,5
TINPYGRYTY,5
AISDYGKSTY,5
AISPFCYGTY,5
AISPNGRNTY,5
AISEYGNFTY,5
AISPYCGYTY,5
AIGPFCHTTY,5
AIDYVGGSTY,5
AISPGGLGTY,5
AISSLGGYTY,5
AISPFGGRTH,5
AISPIGKQTY,5
AISPAGNTTY,5
AIKPWGNQTY,5
AISPFVDYTY,5
AISPLGRSTY,5
AIGTFGYETY,5
AISPSGYGTY,5
AIYPYGYYTY,5
AISPAGDYTY,5
AIAMAGGSTY,5
AIAPLGWSTY,5
AILLWGGSTY,5
AIMMCGGSTY,5
AIGPYGNNTY,5
AIAPLGDYTY,5
AIAPVGDKTY,5
AISPDGRWTY,5
AISPIGAYTY,5
AIAPYGLSTY,5
AIAPKGYQTY,5
AISKSGNYTY,5
AISPLGFNTY,5
AIKSFGGETY,5
AISGYGNYTY,5
AINPCGRITY,5
AISPLGFTTY,5
AITPYGQETY,5
TISPYGSRTY,5
ALAMWGGSTY,5
AIYPYGIRTY,5
AISPQGEQTY,5
AIKPYGGLTY,5
AISQFGNATY,5
AIGPFGNDTY,5
AISPNGYATY,5
AITPFGKRTY,5
AIAPRGHRTY,5
AIRPDGYWTY,5
AIDPFGGSTY,5
AIRPFGYTTY,5
AISPRGGFTY,5
AITPDGYGTY,5
AISGFGDYTY,5
AITPLGYYTY,5
AITPRGGYTY,5
AIIPFGGWTY,5
AIRPAGYYTY,5
AIRPKGDRTY,5
AISHRGNWTY,5
AIAPSGSITY,5
AISPWGSGTY,5
AILPNGGGTY,5
AISPFGCWTY,5
AIVPYGTHTY,5
AIRSFGGDTY,5
AISPYGEDTY,5
AIAPNGRRTY,5
AIRSFGYSTY,5
AIEPYGDSTY,5
AISGAGGKTY,5
AISEYGDVTY,5
AINPFGYNTY,5
AIGPNGSLTY,5
AISPFGVNTY,5
AISPVGNYTY,5
AISPGGRYTY,5
AIYPYGEWTY,5
TISPFGRYTY,5
AISPHGSSTY,5
AINSFGGRTY,5
AIGPFGCYTY,5
AIYPYGDFTY,5
AILPYGRKTY,5
AISFMGGSTY,5
AISQFGGWTY,5
AISPLGDITY,5
AISPIGSYTY,5
AISTFGGNTY,5
AIRPIGSSTY,5
AISPFCGRTY,5
AIGPFCGYTY,5
AIGPWGKYTY,5
AILYTGGSTY,5
AISPDGQYTY,5
AIYPLGIGTY,5
AIDPWGLLTY,5
AISTFGNSTY,5
AIGPTGYLTY,5
AIYPLGHGTY,5
AILPYGFRTY,5
AIKLFGKRTY,5
TISPFGSLTY,5
AIGQFGDYTY,5
AITPFGESTY,5
AIAPLGLNTY,5
AIASFGSYTY,5
AITPYGEYTY,5
AIDPFGGTTY,5
AISYRGNETY,5
AIHDYGSYTY,5
AIRWAGSSTY,5
AISPLGTYTY,5
AISPLGWHTY,5
AISPLGYETY,5
AINYMSGSTY,5
AIPMCGGSTY,5
AISPSGNFTY,5
AIAPLGYTTY,5
AIYPYGGFTY,5
AIGPFGLDTY,5
AMAPFGSSTY,5
AIADNGYETY,5
AINDAGYYTY,5
AIGPFGNCTY,5
AISPYGWRTY,5
AIRPFGTRTY,5
AISDYGDTTY,5
AINPYGRITF,5
AINPFGDFTY,5
TISPFGNWTY,5
AISPYGRLTY,5
AISPSGYATY,5
TISPFGISTY,5
AIAEYGNTTY,5
AISPAGWSTY,5
AITPRGQFTY,5
AISPFGMKTY,5
AISYYGCSTY,5
AISDFGYGTY,5
AIKWNGHYTY,5
AIRWRGGDTY,5
AIRYAGSFTY,5
AISPIGLSTY,5
AISQFGSRTY,5
AIVPFGSSTY,5
AISPGGYDTY,5
AISHSGARTY,5
AIRYAGGSTY,5
AIKPNGVDTY,5
AIAPFGWGTY,5
AIVPFGEYTY,5
AISPHGSWTY,5
AISDYGDGTY,5
AISPAGNDTY,5
AITPLGRLTY,5
AINPYGLITY,5
AISPGGYRTY,5
AIDPYGNNTY,5
AIRPNGKITY,5
AIGPFGRDTY,5
AIQPYGSKTY,5
AISPGGGKTY,5
AISPSGFNTY,5
AIAYNGGSTY,5
AITPTGRYTY,5
AIRPFGTNTY,5
AISPIGLGTY,5
AISPGGYQTY,5
AITPSGQFTY,5
AIGPYGGATY,5
AINPYGRQTY,5
AIGPFGIETY,5
AISPYGSYTH,5
AISEFGIRTY,5
AINPYCRYTY,5
AIFPYGNYTY,5
AISSFGRNTY,5
AIDDYGGRTY,5
AIAPFGKNTY,5
AIVPYGTLTY,4
AIRPSGRRTY,4
AISPIGKFTY,4
AIVPRGQRTY,4
AIGGYGRYTY,4
AISPRGIETY,4
AISPLGWQTY,4
AITEYGQWTY,4
AIAPFCYKTY,4
AIKPYGKRTY,4
TISPFGSWTY,4
AINPYGNNTY,4
AISEYGHYTY,4
AITPYGQYTY,4
AISEYGYFTY,4
AIIYAGGSTY,4
AILPYGSSTY,4
AIRMWDGSTY,4
AIKAWGQVTY,4
AISETGDYTY,4
AIRPFGSHTY,4
AISPFGVYTY,4
AIRLGGGNTY,4
AIQPSGGNTY,4
AIRLFGASTY,4
AITPFGDKTY,4
AIAPWGGTTY,4
AITPNGSYTY,4
AIAPYGYSTY,4
AIGPHGRYTY,4
AIDWNGKTTY,4
AIAPYGHKTY,4
AIDEYGDFTY,4
AISPSGHYTY,4
SISPFGNSTY,4
AIQMWGSSTY,4
AINYYCGSTY,4
AIAPFCLNTY,4
AIRWHGGGTY,4
AISQYGRYTY,4
AIGEFGYYTY,4
AISEYGSFTY,4
AIVPFGYQTY,4
AIRQFGNYTY,4
AISPFGWDTY,4
AISPIGGVTY,4
AINPFGLTTY,4
AISPNGKFTY,4
AITPNGRYTY,4
AIAPRGRYTY,4
AISPFGSYTH,4
AINPTGYNTY,4
AMGPFGYETY,4
AISPWGHRTY,4
AISPRGQWTY,4
AIVPFGYRTY,4
AISQAGQYTY,4
AILPFGGYTY,4
AISPLGDYTY,4
AISPLGHYTY,4
AISPLGSQTY,4
AINPDGQNTY,4
AILYSGGSTY,4
AIKPYGSWTY,4
AISPDGLYTY,4
AIEYAGGSTY,4
AIYPYGQYTY,4
AISPNGQYTY,4
AIRPFGMETY,4
AIMLWGGSTY,4
AIFPYGRRTY,4
AISPLGYGTY,4
AIRWNGVEIY,4
AIEEYGRYTY,4
AIGPYGWTTY,4
AIKPYGTFTY,4
AIRWNSDYTY,4
AITTFGNYTY,4
AIMMLGGSTY,4
AISPFVFTTY,4
AINMSGGSTY,4
AIVYLGGSTY,4
AIWYLGGSTY,4
AIKIAGGDTY,4
AIAPFGSPTY,4
AIRLGGYSTY,4
AISQFGNYTY,4
AINHRGDYTY,4
AMNPYGRRTY,4
AICPFGNGTY,4
AISPVGLKTY,4
AISPLGEYTY,4
AIGPFGDTTY,4
AISEYGSRTY,4
AINPFGDYTY,4
AISPLGRDTY,4
AIGPLGAITY,4
AISPKGSFTY,4
AISQFGGTTY,4
AISPEGGATY,4
AISPFGNYTH,4
AISPSGNRTY,4
AITPIGRITY,4
AIDPFGRSTY,4
AIGPFGIRTY,4
AIVPFGLSTY,4
AIRSSGYETY,4
AINPYSRITY,4
AITPFGSTTY,4
AIADYGRLTY,4
AIKIDGKVTY,4
AIKAYGSATY,4
AISPGGWHTY,4
AISPHGSKTY,4
AIQSFGSNTY,4
AIGLRGNETY,4
AISQDGIRTY,4
AISPFGNRTH,4
TISPFGYRTY,4
AIGPFGDHTY,4
AIVPWGDLTY,4
AINPYGRTTY,4
AIGPFGRITY,4
AIRWSGAYTY,4
AIVLYGRRTY,4
AINPRGGQTY,4
AIGQFGDSTY,4
AIMYCGGSTY,4
AISPFGIHTY,4
AISPLGTRTY,4
AIGQFGGHTY,4
AISEYGSKTY,4
AISTFGRYTY,4
AISPFCFNTY,4
AISPFGCDTY,4
AILWNGSATY,4
AIGPNGKATY,4
AICPFGDSTY,4
AISPFCQNTY,4
AISPRGYNTY,4
SISPFGGRTY,4
AISPGGSSTY,4
AISKVGNYTY,4
AIAMWCGSTY,4
AIAPFGRDTY,4
AISPWGGSTY,4
AISPYGCRTY,4
AISTNGFRTY,4
AISPRGRYTY,4
AIKNYGLRTY,4
AIRPYGYGTY,4
AITPRGDHTY,4
AILPFGDRTY,4
AINPYDRRTY,4
AIQPYGYSTY,4
AITPIGYYTY,4
AIVPRGGLTY,4
AISPFGLCTY,4
AITPSGAFTY,4
AISPCGGHTY,4
SINPYGRITY,4
AIKPFGHYTY,4
AISPYGVQTY,4
AISSTGGSTY,4
AINPYGRRTD,4
AINPFGRFTY,4
EINPYGRRTY,4
AIAPFCNSTY,4
AIIMSGGSTY,4
AISPRGQHTY,4
AISPTGAYTY,4
AISPYGYTTY,4
AIIPYGDYTY,4
AIKVYGVRTY,4
AINPFGRTTY,4
AIVPIGSYTY,4
AISPVGSDTY,4
AIVPCGRRTY,4
AISPFGGNTH,4
AISQFGNSTY,4
AIDPFGENTY,4
AISQWGYATY,4
AIGPFGGQTY,4
AINPYGRIAY,4
AIRWKGVETY,4
AIGPFGSDTY,4
AIAPYGLYTY,4
AISQYGGYTY,4
AISPTGSNTY,4
AITPFDNWTY,4
VISMWGGSTY,4
AISPRGDGTY,4
AIAPYGSSTY,4
AINQFGGRTY,4
AISPGGDITY,4
AISQFGNWTY,4
TISPFGGWTY,4
AINPYGRPTY,4
AISPGGLKTY,4
SIAPFGSSTY,4
AIYPYGRYTY,4
AIQWNGDETY,4
AIRPFGNRTY,4
AISPTGKYTY,4
AIESFGYRTY,4
VISPFGGNTY,4
AIEPYGSYTY,4
AIAQFGHKTY,4
VINPYGRITY,4
AITDYGYYTY,4
TISPFGNYTY,4
AIYPYGYGTY,4
AIGYIGGSTY,4
AIRTFGYSTY,4
AISPFGQVMY,4
AIAYIGGSTY,4
AIAPFGTLTY,4
AIKPDGKYTY,4
AIVPSGNRTY,4
AITPFGSGTY,4
AIRWCGGGTY,4
AITDFGYYTY,4
AISPHGYKTY,4
AISPIGQGTY,4
AIINSGNYTY,4
AILPWGYQTY,4
AIKMWGCSTY,4
AISPFGCSTY,4
AISPFGCHTY,4
AITPFGIETY,4
AIGPLGSITY,4
AITPFGSQTY,4
AISQFGGHTY,4
AIQPYGRFTY,4
AISPYGTNTY,4
AIAPFGSSTH,4
AIRWNGVETC,4
AIAPNGSFTY,4
TISPFGNRTY,4
AISPYGHDTY,4
AISPYGKSTY,4
AIYPYGGRTY,4
TISYMGGSTY,4
AISPSGYRTY,4
AISPSGTWTY,4
AIYPYGYHTY,4
AIKMWGRSTY,4
AIRPFCNYTY,4
AIQPYGSLTY,4
AISPWGYDTY,4
AIVPYGTYTY,4
AISPFCRYTY,4
AIAPFGYATY,4
AIDVYGLYTY,4
AIHDYGTYTY,4
AISPLGQYTY,4
AIAPFGNPTY,4
AISPCGNYTY,4
AILPRGGYTY,4
AIRYVGGYTY,4
AIRPTGLYTY,4
AIEPFGYLTY,4
AIAPFGQWTY,4
AILPYGANTY,4
AIGQFGSYTY,4
AIAPNGNRTY,4
AISPAGENTY,4
AISPIGFDTY,4
AISPYGAKTY,4
AIAPYGYKTY,4
AITPFGQYTY,4
AIVPYGKYTY,4
AIGDYGTKTY,4
AISTSGGVTY,4
AICYWGGSTY,4
VIAPFGSYTY,4
AIAPWGRLTY,4
AIKPFGTRTY,4
AINEYGGRTY,4
AIRPYGYNTY,4
AISPGGRKTY,3
AIDPYGSKTY,3
AINDYGSYTY,3
AITPRGEGTY,3
AIGMWGCSTY,3
AIGAPGIGTY,3
AIGPYGEATY,3
AIAPFGNLTH,3
AISDYGQYTY,3
TITPFGEWTY,3
AISPFCSLTY,3
AICYAGGSTY,3
AITPFGINTY,3
AISPFCANTY,3
AISPVGFSTY,3
AISQFGQYTY,3
AISDYGSHTY,3
AIRWNSVETY,3
AISPFGDLTH,3
AILPFGSETY,3
AITPVGYSTY,3
AIKPYGTYTY,3
AISPGGFSTY,3
AIAPNGRYTY,3
AIRMWCGSTY,3
AISPFGSMTY,3
AIGPIGYSTY,3
TIAPFGKYTY,3
AISPGGSITY,3
AISPDGKFTY,3
AIRPFGGDTH,3
AITPSGDFTY,3
AILPNGYGTY,3
AITYFGGSTY,3
AITPLGDNTY,3
AIVPYGTSTY,3
AITPFGRNTY,3
AISPYGYLTY,3
AITTFGEWTY,3
AIAPYGEFTY,3
AIQPFGDHTY,3
AISPLGNTTY,3
AIGPFGVSTY,3
AISYMCGSTY,3
AITPFGGDTY,3
AIRWNGGETY,3
AISMSGGSTY,3
AIGPFGSMTY,3
AIIPFGYQTY,3
AIGPYGQITY,3
AIRPYGRFTY,3
AISRVGSDTY,3
AISPYCSRTY,3
AIDPFGDSTY,3
AIGPFCYETY,3
AIYPYGSGTY,3
AISPWGVSTY,3
AISPFGYRTH,3
AISPFGNSTH,3
AIRWSDNQTY,3
AIRPWGYKTY,3
AIDPFGTRTY,3
AIGQFGGTTY,3
AINLYGRITY,3
AIAPFCHKTY,3
AIYPYGEYTY,3
AIGYNGGSTY,3
AINDYGRYTY,3
AISAPGYTTY,3
VISPFGYTTY,3
AITPFCNYTY,3
TITEYGYATY,3
AINTSGGVTY,3
AIYPYGRATY,3
AISPTGYTTY,3
AIRWNGLSTY,3
AIGSYGDYTY,3
AISQFGNRTY,3
AITPYGNHTY,3
AIAPFCGYTY,3
VIAMWGGSTY,3
AIHPLGWGTY,3
AIAQYGDYTY,3
AIAPYGLQTY,3
AISPFGGLTH,3
AITPFGAKTY,3
AIQMSGGSTY,3
AIRWGGSYTY,3
AISDTGSYTY,3
AISPGGRQTY,3
TIRMWGGSTY,3
AINTRGGQTY,3
AIEEYGSYTY,3
AITPLGGLTY,3
SINYMGGSTY,3
AISPFGMDTY,3
AISEYGSLTY,3
AINHRGDFTY,3
AIYPYGNITY,3
AISPIGFGTY,3
SIRWNGDETY,3
AITPLGSSTY,3
AIVPFGRGTY,3
AITPFGDATY,3
AISLFGYKTY,3
TISYYGGSTY,3
AISPFCQGTY,3
AILPYGHYTY,3
AISPNGYGTY,3
AIGPFGNWTY,3
AIAQFGKYTY,3
AISQFGYHTY,3
AIDPYGELTY,3
AISPFCKYTY,3
AISGGGRSTY,3
TISPFGQYTY,3
AIQEYGEFTY,3
AIVPYGTRTF,3
AISQFGLSTY,3
AISNYGDYTY,3
AIRLAGDYTY,3
AISPIGRRTY,3
AIAPIGKETY,3
AICPFGGPTY,3
AIKPYGQYTY,3
VISYYGGSTY,3
AINNGGGYTY,3
AITPYGDITY,3
AISPAGLDTY,3
AIVPYGRRSY,3
AIVPGGGYTY,3
AIRPKGYSTY,3
AIQNSGGNTY,3
AISWRGVRTY,3
AIVPYGRRNY,3
AIQSYGNYTY,3
TIMMWGGSTY,3
TILYMGGSTY,3
AISPLGKQTY,3
AISPRGQQTY,3
TIPYVGGSTY,3
AISPYGLNTY,3
AINPRGDFTY,3
AIAPYGHYTY,3
AISPHGNYTY,3
AIPPYGRYTY,3
AIVPRGNWTY,3
AIDIYGSYTY,3
AISQFGWNTY,3
AIGPGGGGTY,3
AIRWRGGCTY,3
AIKPYGEYTY,3
AIYPYGTRTY,3
AIRWNGYETY,3
AISPNGGGTY,3
AIGDFGHYTY,3
AIAYGGGSTY,3
AINYGGGYTY,3
AISMLGGSTY,3
AIRPFGAITY,3
AIRWNGLETY,3
AIPYSGGSTY,3
AISPIGTVTY,3
AITYNGYSTY,3
AIRWAGYYTY,3
AISPYGGHTY,3
AITDYGYNTY,3
AIVPRGGGTY,3
AISQFGASTY,3
AIRLFGKYTY,3
AIGPFCSYTY,3
AISPFCYKTY,3
AILPFGYETY,3
AILPFGYGTY,3
AIKVYGKRTY,3
AIQSYGDYTY,3
AITPGGYYTY,3
AILYMGGRTY,3
AIGPFCNGTY,3
AITPFGRQTY,3
AISPFVNLTY,3
AITPRGRNTY,3
AITYYGGSTH,3
AIRPTGGRTY,3
AISPFCLKTY,3
AISPRGGETY,3
AITPQGSLTY,3
AISPYGIKTY,3
AIAPSGKYTY,3
AIHPRGNKTY,3
AISWRGAHTY,3
AISQFGYGTY,3
AISPFGYRTF,3
AINPFGSSTY,3
AIRPFGLHTY,3
AINDYGYYTY,3
AISPSGFSTY,3
AIAPFCNRTY,3
AISPLGKYTY,3
AILYAGGSTY,3
AISSYGDYIY,3
AISPFGYTTH,3
AIQSFGDRTY,3
AIGQFGGGTY,3
AIGPNGYDTY,3
AITPFGDSTY,3
AIAQFGLNTY,3
AISPVGNSTY,3
AIDPFGSFTY,3
TISPFGINTY,3
AISPFVSRTY,3
AISEYGTFTY,3
AIHPYGSWTY,3
TISPFGFNTY,3
AITPFGIDTY,3
AIPMWGSSTY,3
AIKMCGGSTY,3
TISPWGGHTY,3
AISPGGGSTY,3
AIGEYGLYTY,3
AILPFGWSTY,3
AISPFGPKTY,3
AIFPDGRQTY,3
AILPYGRTTY,3
AIDPFGTYTY,3
AISQFGKYTY,3
AISNYGAYTY,3
AISPFCNRTY,3
AILPYGDATY,3
VISPFGASTY,3
AIKIDGKRTY,3
AINEYGIYTY,3
AISPIGRVTY,3
AIKPYGVKTY,3
AIIPIGGRTY,3
AITPIGWKTY,3
AMGPFGGSTY,3
AITPLGSRTY,3
AILPYGNRTY,3
AINYMGDSTY,3
AIYPYGRTTY,3
TISPFGYQTY,3
ATNPYGRRTY,3
AISPFGNPTY,3
AILPYGSTTY,3
AISPFVYNTY,3
AILPYGIATY,3
TISPFGDATY,3
AIRSFGGHTH,3
AISPWGEATY,3
TISPFGRSTY,3
AIGTYGDYTY,3
AIRPGGQNTY,3
AISPIGWRTY,3
AISPFGCRTY,3
AIMYAGGSTY,3
AIAPYGKFTY,3
AISPHGSDTY,3
AINPFGYSTY,3
AIGPFGTSTY,3
AISPYGWETY,3
AIYPYGGWTY,3
AITPRGNLTY,3
AISEYGYNTY,3
AIRWNVVETY,3
AILPYGTRTY,3
AIAPFGNFTY,3
AIGLFGRSTY,3
AINPYGRVTY,3
AIRNGGGWTY,3
AISPEGKYTY,3
AIDSFGGYTY,3
AITPDGYKTY,3
AIRMWGDSTY,3
AINPYGRRIY,3
AISPSGHQTY,3
AITPFGHRTY,3
TITYYGGSTY,3
AISQFGINTY,3
AITPFGGITY,3
AMGPFGSYTY,3
AINTFGGYTY,3
AISPNGRFTY,3
AIDPFGSLTY,3
AIAPYGTYTY,3
TISMWGGSTY,3
AIMMWGRSTY,3
AIVPRGTYTY,3
AIGPFGGSTH,3
AIKPFGYSTY,3
AISPLGKSTY,3
AIAPNGYKTY,3
AIRKFGSNTY,3
AINWGGARTY,3
AISPVGFDTY,3
AITPFGECTY,3
AIRWVGDYTY,3
AISPLGYKTY,3
AIALFGSYTY,3
AIRPFGNYTH,3
AITPYGLYTY,3
AISDYGDDTY,3
AIQYHGNYTY,3
AIAYMGDSTY,3
AIGPFGIGTY,3
AITPFGHGTY,3
AISPIGEVTY,3
AITPFGRLTY,3
TITPFGNYTY,3
AINPYVRRTY,3
AISSFGYGTY,3
AITPFCYDTY,3
AIEEFGSKTY,3
TIAPFGNSTY,3
AIAPYGDRTY,3
TIGPFGGTTY,3
AIQPFGGDTY,3
TIGPFGRSTY,3
AIDPFGVNTY,3
AIRLNGDYTY,3
AISRRGKFTY,3
AMSMWGGSTY,3
AIGPYGSRTY,3
AISPLGRRTY,3
AIPMRGGSTY,3
AIDPFGHYTY,3
AISPFGYGTH,3
AITPFGKFTY,3
AISPRGEGTY,3
AISNYGNYTY,3
AIGPGGGLTY,3
AIGPFGCTTY,3
AIGPFGIHTY,3
AIAQFGNSTY,3
AIGPFCRGTY,3
AIAPSGHETY,3
AIPMWGRSTY,3
AIGQFGRSTY,3
AMGPFGRSTY,3
AMSPYGGYTY,3
AISPYCYYTY,3
AIGNIGRKTY,3
AIHDYGNYTY,3
AISYRGGSTY,3
AISTYGNYTY,3
AISPCGGYTY,3
AIAPFGKITY,3
AILPFGSFTY,3
AIGYVGCSTY,3
AIRWGGTGTY,3
AIGMWCGSTY,3
AIKVYGNYTY,3
AITPEGLYTY,3
AINEYGDYTY,3
AISQFGGDTY,3
AIGPFGDWAY,3
AISPWGYVTY,3
AIAPFGHCTY,3
AIRYRGNYTY,3
AITFYGCSTY,3
AIGARGDFTY,3
AISTFGSYTY,3
AISPGGQGTY,3
AISQFGLNTY,3
TISPFGNTTY,3
AIGPVGDKTY,3
AINPFGKYTY,3
AIIPTGGRTY,3
AIGPYGAYTY,3
AISYRGSYTY,3
EIRWNGVETY,3
TISPFGYHTY,3
AIDPFGGNTY,3
AISPFGGYAY,3
AIFPYGKFTY,3
AIDPFGYYTY,3
AIHPYGRITY,3
AIRCNGDETY,3
AISPFCNTTY,3
AISPSGKYTY,3
AIRPNGYHTY,3
AISNYGTYTY,3
AILPYGESTY,3
AIGPVGSYTY,3
AIGPYGDRTY,3
AIAPFCRSTY,3
AIDPFGRGTY,3
AIDAFGNYTY,3
AMSPYGEYTY,3
AIEFRGGYTY,3
AISPRGADTY,3
AIGSEGYYTY,3
AIRPYGRITY,3
AISPLVGSTY,3
AINPFGWNTY,3
AINPYGRITN,3
AINPFGSRTY,3
AINPYGYHTY,3
AITPYGRSTY,3
AILPYGYNTY,3
AISPFCNSTY,3
AIFPYGLRTY,3
AISPFGDFTY,3
SIGPFGGSTY,3
AIGPDGKFTY,3
AIRCSGNQTY,3
AIRPFGGHTY,3
AIGPFCDFTY,3
AISMWGDSTY,3
AIGPFCSQTY,3
AIMYMGGSTH,3
AMGPFGHYTY,3
AISNSGGATY,3
TINYYGGSTY,3
AIQPYGGLTY,3
AISYDGNYTY,3
AINPFGEWTY,3
AISPYGDHTY,3
AIKWNGLYTY,3
AIGPFCDITY,3
AIRWNGVETD,3
AIFPYGGSTY,3
AIRPFGGNTY,3
AISPSGGGTY,3
SISPYGEKTY,3
AINPYGRRNY,3
AINENGNHTY,3
AISPQGNNTY,3
AISPFGSPTY,3
AIAPFGYRSY,3
AIRPWGLGTY,3
EINPYGRITY,3
AINTSGGNTY,3
AISPFCWNTY,3
AISPFCYETY,3
AITQFGLDTY,3
AIRWSGNPTY,3
AINLYGRRTY,3
AIAPFGQFTY,3
AITPKGRYTY,3
AISSTGGLTY,3
AICPFGSYTY,3
AISPYGFKTY,3
AISQGGGRTY,3
AIGPFGYFTY,3
AISYMGCSTY,3
AIRPRGGFTY,3
AITEYGYVTY,3
AISPYCSYTY,3
AIQYSGNYTY,3
AIVPFGHKTY,3
AIAPNGSRTY,3
AIAPFDNRTY,2
AIAPTGNYTY,2
AITPSGIETY,2
AIADYGYYTY,2
AMAPFGYDTY,2
TIAPFGNLTY,2
AISPFGTITY,2
AICPFGGTTY,2
AISYRGCTTY,2
AISPCGSRTY,2
AISPNGYFTY,2
AINDYGFYTY,2
AIDPFGKYTY,2
AILPDGSATY,2
AITPGGGATY,2
AIAPFGNMTY,2
AISYVGDSTY,2
TIGPFGSYTY,2
AISPFCNNTY,2
AIGPFGHTTH,2
AIRWRGGGTH,2
VIGPFGSVTY,2
AIGPYGHTTY,2
SIRPFGDFTY,2
AIAPFGGYAY,2
AIGPFGWNTY,2
AICPFGSQTY,2
AISPFDNSTY,2
AIRWNGVKTY,2
AISPFCNFTY,2
AMGMWGGSTY,2
AISPLGSLTY,2
AISTFGNRTY,2
AISPIGSKTY,2
AIRPYGESTY,2
AMSPFGRTTY,2
AICPFGRSTY,2
AISPFGRYIY,2
AIPYMGCSTY,2
AIIPFGNSTY,2
AIDPFGSSTY,2
AIAPFGMKTY,2
AIADYGRSTY,2
AISDYGTGTY,2
AIAPEGYFTY,2
VIRPFGGDTY,2
AINPYGRFTY,2
AIRPLGGWTY,2
AIAPFCDRTY,2
AITPSGYRTY,2
AISPFGDWTH,2
AIGPYGKHTY,2
AIRYTSGSTY,2
AIWPYGDYTY,2
AIRMWSGSTY,2
AIAPPGNYTY,2
AISQYGSYTY,2
VISPFGLKTY,2
AIPMWGCSTY,2
AISTRGNWTY,2
AIIPFGDGTY,2
AISQFGYETY,2
AMSPFGWNTY,2
AIAPFGGHTY,2
TISPFGGRTY,2
AITPTGYNTY,2
AIHPYGRHTY,2
AIAPFGVLTY,2
AIAPFGYYTY,2
AMAPFGEYTY,2
AISPNGWRTY,2
TIQPFGSNTY,2
AIAPYGRGTY,2
AIVPFGKYIY,2
AINPFGDSTY,2
AIEPYGEYTY,2
TIAPFGEYTY,2
AIVPYGRITY,2
AIAPFCYDTY,2
AIDPFGDWTY,2
AISPFDNRTY,2
AIAPYGSRTY,2
AIGPFGCGTY,2
AIAPVGYTTY,2
AMAPFGGYTY,2
AINHMGGSTY,2
AIRYTGGSTH,2
AIGYFGSYTY,2
AISYRGSKTY,2
AIAPWGHYTY,2
TIRYNGIYTY,2
AITYLGGSTY,2
AISPFCQKTY,2
AIVPYGRRPY,2
AITPYGKVTY,2
AITPFCYQTY,2
AIGQYGRYTY,2
AITQYGGYTY,2
TISPFGSFTY,2
AIRPSGSYTY,2
AIPGYGGITY,2
AIAPFCRGTY,2
AIASVGGSTY,2
AIRPYGIHTY,2
AIGPFGGWTY,2
AITPYGRLTY,2
AISPFGYPTY,2
AIAPFGYRTD,2
AIQPYGNYTY,2
AINPFGDLTY,2
AIYPYGKGTY,2
TIAPFGSHTY,2
AITPYGSFTY,2
TIQYMGGSTY,2
AIGPFGGPTY,2
AIKPHGSSTY,2
AISPWGSLTY,2
AIRPNGYGTY,2
AIGPFGSPTY,2
AIGQFGHTTY,2
AIAPLGYSTY,2
AISPFGMTTY,2
VISYSGGSTY,2
AISPFCDRTY,2
AICPYGYTTY,2
AITPYCGYTY,2
AISGHGLATH,2
AISPQGDNTY,2
SIGPFGYETY,2
AILPNGSATY,2
AIGPFCDSTY,2
SISYDGSYTY,2
AISPFGSRAY,2
AIFPYGYTTY,2
AIVPFCSNTY,2
AIYPYGSNTY,2
AIGPFGHKTY,2
SISPFGNTTY,2
AIRWCGYGTY,2
AISPAGEGTY,2
EINPFGGYTY,2
AIGPFCGTTY,2
AISPFGLVTY,2
AILMGGGSTY,2
VISPFGNYTY,2
AIAPLGYDTY,2
AIGPLGDRTY,2
AIRPFCYHTY,2
AIALFGSSTY,2
AILYCGGSTY,2
SIGPFGGTTY,2
AIRPYGSRTY,2
AIGEYGQYTY,2
AISPGGSYTY,2
AITPIGSSTY,2
AIQSFGNKTY,2
TISPYGGRTY,2
AISYRGADTY,2
AIYPYGIKTY,2
AIAPSGAKTY,2
TISPFGEYTY,2
SISYMGGSTY,2
AITPRGAYTY,2
AIKPFGKSTY,2
AISPYCRYTY,2
AISQWGGYTY,2
AISPSGRLTY,2
AIRPSGRSTY,2
AITPIGRYTY,2
AIGPFGDNTY,2
AIAQFGTYTY,2
AISPVGGYTY,2
AIAQFGRKTY,2
AISTFGQNTY,2
AISDTGNRTY,2
AISPFGDPTY,2
AISPPGSRTY,2
AIYPLGGGTY,2
AISEYGDWTY,2
ALSPLGGYTY,2
AISPQGGQTY,2
AIGPWGGSTY,2
AMAPWGRSTY,2
AISPYGTQTY,2
AIAPYGSNTY,2
AISQFGNFTY,2
AIGQFGGYTY,2
AIGPKGDYTY,2
AIAPFGYRIY,2
AILSYGDRTY,2
AISYMGGSTH,2
AIGQFGYETY,2
AIAPFGYQTH,2
AINPFGYETY,2
AINPWGGYTY,2
TIHPYGRRTY,2
AISPFGILTY,2
AISDKGKKTY,2
AISQFGYSTY,2
AIRMHGCSTY,2
ALSDNGLKTY,2
AIGPFGGTNY,2
TIGPFGDSTY,2
AIAPFCLSTY,2
AISQFGQGTY,2
AISEYGTLTY,2
AIVPYGGRTY,2
AIQPFGNGTY,2
AINPFGLKTY,2
AIRQFGHSTY,2
AIAKVGSYTY,2
AINSMGGSTY,2
AIVPYGRPTY,2
AIAPFGCGTY,2
AIGPFGNKTY,2
AIVPFCGDTY,2
AISPFGCQTY,2
AIAPLGRGTY,2
AIGPIGDYTY,2
AIAPLGRRTY,2
AIRPFGQFTY,2
AIAENGRYTY,2
AISPFSLSTY,2
AISPLGCETY,2
AIAPLGHKTY,2
TISPFGLDTY,2
AISPFGCFTY,2
TIRPWGYQTY,2
TIGPYGYYTY,2
AINMWGGWTY,2
AISPNGSTTY,2
AIVSFGKYTY,2
VISPFGKYTY,2
AIAPFGKGTY,2
AISPFGHDTY,2
AISPEGYFTY,2
AISPFGNWTN,2
TISPFGGATY,2
AISPSGKRTY,2
AISSFGSDTY,2
AISPYCNYTY,2
AITPSGRYTY,2
AIITFGGYTY,2
AIYPYGLPTY,2
TISPFGYETY,2
AMSPFGYETY,2
AISPNGVYTY,2
TISPYGRYTY,2
AISPRGDETY,2
AIAPCGEYTY,2
AISPFGDDTY,2
AINPFGQSTY,2
AISPWGGYTH,2
AMAPFGNSTY,2
AIAPFGMNTY,2
AILPVGWGTY,2
AIAPFGRKTN,2
AIDRFGGYTY,2
AIHPYGAYTY,2
AMSPFGLSTY,2
TISPFGLSTY,2
AIGPFCRKTY,2
AISPFGRYTH,2
AIRPSGLYTY,2
AIRMWGGSNY,2
AIKLWGGSTY,2
SISPFGYRTY,2
AIQPFCSNTY,2
AIAPFGIGTY,2
AIKPYGVRTY,2
AISTFGGLTY,2
AINPEGQNTY,2
AISPYGGRTH,2
AISPFGCATY,2
TIAPLGGYTY,2
AIRMWVGSTY,2
TIRWNGDYTY,2
AIGPFGRVTY,2
TISPFGWETY,2
AIMYNCGSTY,2
AIRPWGGYTY,2
AITFYCGSTY,2
AISPYGNYTH,2
AINQYGSYTY,2
TIKPFGKFTY,2
VISPFGGYTY,2
AIVPLGGRTY,2
AIGPFGDYTH,2
AISPLGTITY,2
AIAPFCNLTY,2
VISPFGRTTY,2
AISGTGGRTY,2
AIIPGGGRTY,2
AISPRGYRTY,2
AILPYGDWTY,2
AIGPLGLSTY,2
AIGQFGDFTY,2
VIGPFGSRTY,2
TIGPFGDRTY,2
AISIWGGSTY,2
AIKLFGKSTY,2
AIGTFGDYTY,2
TISPFGNFTY,2
AIAPGGRYTY,2
TISPFGFGTY,2
AMSPFGYKTY,2
TINMWGGSTY,2
AISLFGFNTY,2
AISKSGGYTY,2
AISQFGQKTY,2
AIGPFGNGTH,2
AIQYTGGSTY,2
AIAPFGHKTN,2
AITPVGRYTY,2
AITEYGYATH,2
AITQFGEWTY,2
AISPFGYITY,2
TISPYGGYTY,2
AISPYGGKTH,2
AINSYGRRTY,2
AIGDYGYKTY,2
AIAPSGSTTY,2
AIRLDGFVTY,2
AISPSGTSTY,2
AIRPYGAYTY,2
AISYYGSYTY,2
AISPYGTSTY,2
SIRYTGGSTY,2
AIQMWGRSTY,2
AIFPFGKFTY,2
AITPFGNCTY,2
AIDPFGDRTY,2
VINPFGGYTY,2
AISQWGSHTY,2
AICPFGHTTY,2
AIRPFCYDTY,2
AISSFGRDTH,2
AIVSFGNYTY,2
AIAPFCYQTY,2
AINPFGGYTN,2
AIIPFGGHTY,2
AIDPHGNNTY,2
AISPWGCYTY,2
AISPFCFKTY,2
AIKPFGLGTY,2
AINPYGRRSY,2
AISPWGLETY,2
AIRMNCGSTY,2
AIGPLGSFTY,2
AIGSFGDYTY,2
AIRWDGEYTY,2
AISLGGRQTY,2
AINPFGQKTY,2
AISPNGYITY,2
AINQYGRDTY,2
AISPFCGQTY,2
AINPYVRITY,2
AISPRGSWTY,2
AISLWGGYTY,2
AISPFCHGTY,2
AIRPKGYTTY,2
AINPLGGRTY,2
AIRPFCLETY,2
VIRMWGGSTY,2
AINPYGKKTY,2
AISGRGDYTY,2
AIVPFGGTTY,2
SIAPFGHKTY,2
AIRWNGDDTY,2
AIRPFGGLTY,2
AISNRGGRTY,2
VIIYSGGSTY,2
AIVFMGGSTY,2
AISTFGLKTY,2
SISPYGSRTY,2
AISPFCSHTY,2
AINYTGGSTY,2
AISDYGNWTY,2
AIAPFCLKTY,2
AISSFGFNTY,2
AISPFGGSTH,2
AMGSYGNYTY,2
AIAQFGYDTY,2
AIAPFGYCTY,2
AIPYVSGSTY,2
AISPFVQNTY,2
AITPFCSKTY,2
AISTFGYNTY,2
AISWRGERTY,2
AMRWNGRYTY,2
AIRPYGAFTY,2
AIAPFGNLAY,2
AISPCGGGTY,2
AIAQFGYRTY,2
AISPFGGQTH,2
ALSPYGSRTY,2
AINYMGGSNY,2
AIMYMGGYTY,2
AISPDGYNTF,2
AIYPYGHTTY,2
AISLFGQNTY,2
AIRLNGDETY,2
AISPYGHSTY,2
AIGPLGRSTY,2
AMVPYGRRTY,2
AILYYGCSTY,2
AIRQFGYRTY,2
VIAPFGSSTY,2
AIGPFGDCTY,2
AINPFGQGTY,2
AISQYGAVTY,2
AIGPFGSFTH,2
AISYDGSHTY,2
AIRYVGSYTY,2
TISPFGLRTY,2
TINPFGGRTY,2
TISPFGANTY,2
AIKPFGQDTY,2
AIRPFDYETY,2
AISQFGRATY,2
AISDYGAYTY,2
AIDPFGGPTY,2
AISPWSGYTY,2
AISPRGVTTY,2
AISYMGGLTY,2
AIGSFGGSTY,2
AISNYGGYTY,2
AINPFGDATY,2
AIGPYGGETY,2
AISPNGSSTY,2
AIRLWCGSTY,2
VISPFGQNTY,2
AISDIGKQTY,2
TISPFGENTY,2
AIQWNGVSTY,2
TIIYSGGSTY,2
AISKSGGGTY,2
AIGDNGYYTY,2
AISPFGGNIY,2
AISSTGGGTY,2
AISPFCGDTY,2
AINPFGGCTY,2
AIVPFCKYTY,2
AINPFGIQTY,2
AISPFGYSTF,2
AITYYGGSTC,2
AISPFGNWAY,2
AIDVYGNRTY,2
AISPAGSWTY,2
AITPRGNYTY,2
AIAQFGNRTY,2
AITYYGGPTY,2
AINPYGRINY,2
AISPGGGFTY,2
AISLDGSYTY,2
AISPIGGKTY,2
AIQPFGSQTY,2
AIDEYGYYTY,2
AISERGAYTY,2
AIRPYGEWTY,2
AISQFGLHTY,2
AISPFCFQTY,2
AINPYGYATY,2
AITPFGGQTY,2
AIGTFGSRTY,2
AIGPFGKLTH,2
AIVPFGRYTY,2
AIVPYGRNTY,2
AIVPFGCKTY,2
AINPFGGYAY,2
TISPFGGQTY,2
AIAQFGSHTY,2
AITLWGGSTY,2
AIGQYGESTY,2
AIGPFCDWTY,2
AILPYGLNTY,2
AITPIGRATY,2
AISPFCSNTY,2
AIVPYGRRAY,2
AISPFGQVTC,2
AISPFGDANY,2
AIRWRCGGTY,2
AIFTYGEWTY,2
AISYRGNSTY,2
AIRWNCDETY,2
AIKWGGVRTY,2
AISPWDLGTY,2
AIAQFGNLTY,2
AIRWNGVETN,2
AISPFCISTY,2
AINYMGSSTY,2
AIFMWGGSTY,2
AMGPFGSSTY,2
AISQFGQNTY,2
SISPFGYTTY,2
AIGEYGDYTY,2
AISPRGATTY,2
AIKPFGNTTY,2
AIVPFGRSTY,2
VIAPFGEYTY,2
AIKTLGGQTY,2
AITDGGYYTY,2
AIRPFGGWTY,2
AIAPFCHFTY,2
AISPYGNYIY,2
AIAPFGHWTH,2
AISQWGGWTY,2
AISYNGQYTY,2
AIGTFGGTTY,2
AIAPYGSYTH,2
AISEYGKFTY,2
AISPVGNDTY,2
AISPFGRATH,2
AMGPFGDYTY,2
AITPYGLSTY,2
AINYMGGSAY,2
AIGDYGRYTY,2
AILYYGDSTY,2
AIYPYGGYTH,2
AITPYSGYTY,2
AIRLGCTYTY,2
SINPFGEKTY,2
TIAPFGHQTY,2
AIRNGGSWTY,2
AISQFGLRTY,2
AIRMWGGSTH,2
AIQPFGDRTH,2
AIIYKGCSTY,2
AIIPFGDTTY,2
AIVPYGCRTY,2
AIAQFGYKTY,2
AMSPYGRYTY,2
AISPFSGRTY,2
AIHPYGWKTY,2
AIAPWGRSTH,2
AIYPIGSSTY,2
AISTYGSRTY,2
AINPAGQWTY,2
AIRPFGDWTY,2
AIGPFGGTTH,2
AISQFGNNTY,2
AIRPFCGDTY,2
AIRLFGSSTY,2
AIRSFGSETY,2
AIGPFGSVAY,2
AIDTFGNYTY,2
AIGPFCSFTY,2
AIKPFGAETY,2
AITYYCGSTY,2
AINPYGSDTY,2
AMGPFGERTY,2
AINPAGNYTY,2
AISPGGNVTY,2
AIGTFGGYTY,2
AITEYGRYTY,2
AISYYGGYTY,2
AIKLFGKATY,2
VISPFGSSTY,2
AIHPYGSNTY,2
AISPYGHTTY,2
AIKPFGRSTY,2
AIGPFGTNTY,2
AISPFGCGTY,2
AISPFGCETY,2
AISPFGISTH,2
AISPFSNSTY,2
AISPFGGWTH,2
AIATFGHKTY,2
VISPFGYNTY,2
AISPFCYHTY,2
VISPFGYRTY,2
TISPWGGYTY,2
AMAMWGGSTY,2
AISPFGNWIY,2
AIKPFGDYTY,2
AIVPRGDRTY,2
VISPFGENTY,2
AINPYGSHTY,2
AIAPVGHKTY,2
AIRQFGWDTY,2
AIRPYGDETY,2
EISPFGQKTY,2
TIAPFGLKTY,2
AIAPWGYSTY,2
AIGLFGGSTY,2
AIAQFGSYTY,2
AIRLYGYKTY,2
AITPFGYDAY,2
AISQFGDHTY,2
AIGPFCNITY,2
AIAPCGSYTY,2
AIAQFGYSTY,2
AIRFGGAYTY,2
AIDFMGGKTY,2
AISPFGSCTY,2
AISYYGGSTH,2
AIGPSGQWTY,2
AIRPFGVNTY,2
AIVYGGGSTY,2
AIAYVGGSTH,2
AIVPFGSHTY,2
VISPFGSNTY,2
AITPYGTITY,2
TIGPFGGSTY,2
TINPYGKYTY,2
AIAPFGMSTY,2
AIRWRGRGTY,2
AIGQYGYTTY,2
AISPFVLKTY,2
AIGPSGYNTY,2
AISPFGQDTY,2
AIRLRGGGTY,2
AISYDGYYTY,2
AITPYGSRTY,2
AIGPSGLNTY,2
AMSPFGGNTY,2
AIAPFGFYTY,2
AINPTGYSTY,2
AIPYVGCSTY,2
AIGPLGGSTY,2
AISSFGDCTY,2
AIQPGGGRTY,2
AILPWGDQTY,2
AIGPFGNATY,2
AICPYGTYTY,2
AISPGGNKTY,2
AIRPNGKLTY,2
TIGPFGGHTY,2
TISPFGDLTY,2
AIAPFGIYTY,2
AIDPYGWRTY,2
TINPYGSNTY,2
ATSPFGGNTY,2
AMGPFGGTTY,2
AISPCGLGTY,2
AMSPWGYHTY,2
AIKPYGVDTY,2
AIAPFGKFTY,2
AILPFGLGTY,2
AIGPFCDYTY,2
AIAPLGHYTY,2
AINDYGSHTY,2
AICPFGFETY,2
AINPYCSYTY,2
AIRPDGSYTY,2
AIAPFGMRTY,2
AINPYGRRTC,2
AITPYGCYTY,2
AITPFGFETY,2
AIRFAGTKTY,2
AITPFGITTY,2
AITPFGICTY,2
AIRWIGVETY,2
AISPFGSRTH,2
AIRPDGEWTY,2
AIEFRGDQTY,2
ATSPFGWNTY,2
AIDPFGSVTY,2
TISSFGRDTY,2
AITPAGRSTY,2
AISEYGSGTY,2
AIHGYGSYTY,2
AISWRGARTH,2
AIYPIGFGTY,2
AIPMLGGSTY,2
TIAPFGSYTY,2
AINNGGRYTY,2
AIAPFCYRTY,2
AIAPFGPTTY,2
AIGPYGGSTY,2
AISKYGKYTY,2
AISPFGEYIY,2
AISQYGAYTY,2
AIRPAGRYTY,2
AIGPFGGMTY,2
AIRYEGSYTY,2
AISSFCDNTY,2
AIRWNGVENY,2
AIAPYGYQTY,2
AISPRGDFTY,2
AMGPFGDSTY,2
AISPFGGDTH,2
AIVPFGHWTY,2
AISPEGGWTY,2
AMSPFGLHTY,2
AISPFGGWAY,2
AIVPFGNYTH,2
AIRWNGEYTY,2
TIAPFGSSTY,2
AIRYGGGSTY,2
AIAYVCGSTY,2
AIRPYGYHTY,2
AISMWGGSTH,2
AISPPGNFTY,2
AIRPFGTTTY,2
AINPYGFKTY,2
AIVPRGGETY,2
AIYPRGLGTY,2
AISPFGEWAY,2
AIRLMGGSTY,2
AISPFCIGTY,2
AISDYGYVTY,2
AIKPNGTDTY,2
AINPYGLYIY,2
AISPWGSYTY,2
AIAQWGRSTY,2
TISPFGASTY,2
AITPYGGYTH,2
AISWRGACTY,2
AISPFGQHTY,2
AISPYGGYTH,2
AIQWNGSATY,2
AILPYGIRTY,2
AIAPFGCYTY,2
AICPFGHYTY,2
AIVTYGRRTY,2
AIVMWGCSTY,2
AIFPFGNGTY,2
SIGPFGSTTY,2
AISGSGRSTY,2
AINPFGHHTY,2
AISPFCSRTY,2
AIGMLGGSTY,2
AIAPWGGYTY,2
AIRYTGCSTY,2
EISPWGGYTY,2
AISLFGSYTY,2
AIVPYGQYTY,2
AIDPYGRATY,2
AIVMWGGSTH,2
AIDPYGQVTY,2
AIADYGGYTY,2
AILWNGDETY,2
AISPLGYHTY,2
AIASYGSFTY,2
AISPFCLSTY,2
AIDPFGYETY,2
AISEFGSYTY,2
AIRYYGGSTH,2
SIGPFGDWTY,2
AILMLGGSTY,2
AIGPYGYRTY,2
AITEYGDYTY,2
AISWRGTRTY,2
AISPRGYETY,2
AISYIGGSTY,2
AIRWRGCGTY,2
AILYFGGSTY,2
AIAPLGHQTY,2
TIMYTGGSTY,2
AIVSYGTRTY,2
AITPFGELTY,2
AITQFGAYTY,2
AITPFGLCTY,2
AISTFGWNTY,2
AIRTYGSYTY,2
AINDYGTHTY,2
SIAPFGKYTY,2
AMNPYGRITY,2
AIYPIGRSTY,2
AINPYGVYTY,2
TISPFGGHTY,2
AISERGNYTY,2
AINPFGISTY,2
TISPFGLKTY,2
AIGPFGHYTH,2
AILPYGKTTY,2
AIGPFCGHTY,2
AISPFCQYTY,2
AISSFGHDTY,2
AINPFGHSTY,2
AIKPYGKYTY,2
AIGPYGDATY,2
AISPHGSYTY,2
TISPFGFDTY,2
AIAPFCSHTY,2
AIRLNGNLTY,2
AIQWRGGGTY,2
ALSPYGQYTY,2
AIGQFGSVTY,2
AITPQGFGTY,2
AIASFGHKTY,2
AISQFGIQTY,2
AIRMRGGWTY,2
AIAPLGYRTY,2
AIRWGGNQTY,2
AINPYDRITY,2
AIQYMGGSTH,2
AITPFGKITY,2
AISTFGDLTY,2
AIQEYGRHTY,2
AIFYVGGSTY,2
TITPFGSYTY,2
AIAPFGHTTY,2
AIIPFGSLTY,2
AIGLYGSYTY,2
AISPFCGSTY,2
AISTFGQVTY,2
AIALFGYKTY,2
TISPFGSRTY,2
TISPFGKYTY,2
AIGPGGSSTY,2
AISPFVYKTY,2
AIAPSGGSTY,2
AITPFCVETY,2
AIGPFGSLTH,2
AISQYGYYTY,2
AIAPLGETTY,2
AIGPFCSLTY,2
AITPFGGLTY,2
TIRYTGGSTY,2
AIQSFGQYTY,2
AMGPFGGLTY,2
SIRMWGGSTY,2
AINMWGGKTY,2
AIYPLGSYTY,2
AIAPYGTITY,2
TIRPFGGDTY,2
AIRPSGKSTY,2
AIRFVGTETY,2
AIGPFGRGTH,2
AIVPFGTRTY,2
AISPFCRGTY,2
SIGPFGSKTY,2
VISPFGGRTY,2
AIRISGIATY,2
AITYMGGSTH,2
AISPFGWSTH,2
AIAQFGWSTY,2
AMSPFGNATY,1
EIGPFGGGTY,1
AIQNSGGQTY,1
TIAPFGLSTY,1
SISMWGGSTY,1
TIAPFGYKTY,1
AISPLGASTY,1
AIVPFGGDAY,1
AIHGYGGITY,1
AISSFGSRTY,1
RDKPVWSLTY,1
AIGSFGDNTY,1
VIQYKGGSTY,1
AIATFGDRTY,1
AIRPFGENTY,1
SISPFGNWTY,1
AINPFGSKTY,1
AIAPFGQTTY,1
AIKPFCQGTY,1
AIQMRCGSTY,1
AIGAFGGTTY,1
AISPFGFSTH,1
AIAPFGSYTH,1
AMSPIGYRTY,1
AILYIGGSTY,1
AIAPYGLKTY,1
AISPYCERTY,1
AIAPSGSWTY,1
AISPYVIGTY,1
AISSYGDYSY,1
AIAPYGRTTY,1
AITPYGFYTY,1
TIGPYGYTTY,1
AISSFGYKTY,1
AIAPFGINTH,1
AIAPFGIDTH,1
AISSFCDGTY,1
AIDYWDGSTY,1
AISPFGYHTH,1
AIAPIGYGTY,1
AIRWAGDYTH,1
AITPYCSITY,1
AIVPRGEYTY,1
AISPFGDAAY,1
TIRYAGSYTY,1
VIGPFGHYTY,1
TIAPFGRRTY,1
AISPAGQRTY,1
AIGYKGGSSY,1
AIRLWGSSTY,1
AIASFGGGTY,1
AIRYVCGSTY,1
AIRRFGDGTY,1
AISPCGHRTY,1
AIIYTGGSIY,1
AISQFGLGTY,1
AISPYSNYTY,1
AIRWASDYTY,1
AISPYGYSTH,1
AIAPFGNCTY,1
AIAPFGCTTY,1
AITQFGSHTY,1
AIDWDGEYTY,1
AINPFGNYTH,1
AISQYGEYTY,1
AISSFGGWTY,1
AIGPFDSSTY,1
AISTYGNFTY,1
AISPYCNKTY,1
AIYPFGGGTN,1
AIAPFGKYAY,1
AMGPYGGNTY,1
AITLFGEWTY,1
AIAPLGLKTY,1
AIVPFGYYTY,1
AIQPFGGNTY,1
ATAPFGLKTY,1
AIGPWGLGTY,1
AILLSGNFTY,1
AIVPFGGHTY,1
VISPFGGQTY,1
AIRPFGCNTY,1
AIRPLGYTTY,1
AIAPWDYRTY,1
AISDFGKYTY,1
AICPFGGYTY,1
AISPYCYSTY,1
AIVPWGYRTY,1
AIAQFGLSTY,1
AINPYCRDTY,1
EISPFGGRTY,1
AIPMWGGSAY,1
AISTFGDSTY,1
AIVTFGNYTY,1
AITMWGGYTY,1
AIAPWGRHTY,1
AMNMWGGSTY,1
AIKSYGNLTY,1
SISPFGNRTY,1
VITPFGSKTY,1
AIHPCGRRTY,1
EIRPFGEYTY,1
AIQPYGDRTY,1
AIIPFGFTTY,1
AIRMWGGSTD,1
AIPYMGSSTY,1
AIQNSGSYTY,1
AIAPFCGTTY,1
AIAPLGQNTY,1
AIAQFGRGTY,1
AIQGTGDYTY,1
AISPFCSYTY,1
AISPFGDHIY,1
AIGDYGTRTY,1
AISSYGRHTY,1
AITPFGDWTY,1
AVSPFGYTTY,1
AIRRIGAYTY,1
AIQMWVGSTY,1
AISPWGIHTH,1
AISGFGDGTY,1
AIGPFGFKTY,1
AIAPWGGRTN,1
AIASFGHQTY,1
AIQPFGYDTY,1
TIFPDGRTTY,1
AMVPYGYSTY,1
AIAPFGIRTH,1
AIGPYVYTTY,1
TISPFGYNTY,1
AIRPYGHYTY,1
AIRPFGFKTY,1
AISPFCEITY,1
AISMWSGSTY,1
AISDYGNGTY,1
TISPYGIGTY,1
AISPFGYSTH,1
AIEPFGYSTY,1
SISPFGSSTY,1
AIRCNGVSTY,1
AIRSYGDYTY,1
AIPYIGGSTY,1
AISPFGGSTD,1
ATRWNGVETY,1
ALAPFGNQTY,1
AITFYGGLTY,1
AIRAFCGGTY,1
AISMWGGPTY,1
VIAPFGNNTY,1
AISTFGRRTY,1
AIAPFGFETY,1
AIGQFGKLTY,1
TIAMWGRSTY,1
AIGPCGGYTY,1
AIRWNGLYTY,1
AISPIGGWTY,1
VIRWIGSSTY,1
TISYRGDWTY,1
AISPCGYKTY,1
AIQPFGEDTY,1
AISTFGFNTY,1
AILSFGGHTY,1
ATVPFGNYTY,1
TIVPFGSNTY,1
AIEPFGNLTY,1
AIYPYGNKTY,1
RYDRLVRIPI,1
AITQFGISTY,1
AIVPYGYRTY,1
AISPFGYNTH,1
AIATYGSYTY,1
AISPFGLSAY,1
EISPFGGDTY,1
AIRYAGYYTH,1
TIRWNGSATY,1
AISPFGYHAY,1
AIGTFGYSTY,1
AIAPLGHFTY,1
AIGPGGSYTY,1
AISSFGSYTY,1
SIAPFGGTTY,1
AIGPYGQTTY,1
AIKPYGDYTY,1
TISPFGFKTY,1
SIAPFGHQTY,1
TINGFGYRTY,1
AITPYGSHTY,1
AMSPFGNNTY,1
AIAMWGGSIY,1
AISPFGGFTH,1
AIGTFGDSTY,1
SISPFGFGTY,1
AIAQFGNYTY,1
AIGPCGNSTY,1
AINPYGKITY,1
AIDYMGGYTY,1
VIGRFGGYTY,1
SITPFGEWTY,1
AISPFGGNAY,1
AISPFGGTNY,1
AIRPWGGHTY,1
AIGPFGCNTY,1
AISPFGKCTY,1
AIGSFGYETY,1
AICPFGGITY,1
AISPYGYYAY,1
ATSPFGYDTY,1
AIRPFGQVTY,1
AICPRGDYTY,1
VIAPFGLKTY,1
AISPFGYNNY,1
AINPFGCRTY,1
AIIPFCRYTY,1
AITEYGYNTY,1
AIPMWSGSTY,1
AIAPFGWKTH,1
AISYDCYSTY,1
AIIPWGGHTY,1
AIVYNGGPTY,1
AMGPFGFETY,1
AIIPWGLGTY,1
AIDVYGQITY,1
AIAMWGRTTY,1
AIGSYGNYTH,1
AISPWGGKTH,1
AISSTGGRTY,1
AMAPFGSYTY,1
AIAYVSGSTY,1
AISPFVYSTY,1
AISQWGRHTY,1
AISPYGNPTY,1
AIRMGSGSTY,1
AISPFRSLTY,1
AISPFGLDTH,1
AISQFGDWTY,1
AISPYGYYIY,1
AILYAGSYTY,1
AISPYVGYTY,1
AMTPFGSSTY,1
AISPFSWNTY,1
ATSPFGNLTY,1
AIGDYGYNTY,1
AISYDGSYTS,1
VIGPYGRRTY,1
AIGSYGESTY,1
VISPFGLTTY,1
AIPMWGGFTY,1
AIAPFGVKTY,1
AIRYLSGSTY,1
AISPVGHRTY,1
AIRAYGRITY,1
AITPYGRGTY,1
AMNPFGGRTY,1
AISTFGYRTY,1
AISPFDGWTY,1
AIRRFGRQTY,1
AIRQFGYDTY,1
ARAPYGSHTY,1
AMSPFGGFTY,1
AIGPYGRCTY,1
AISPKGFRTY,1
AISQFGKLTY,1
AIKSFSNSTY,1
AMGPFGYQTY,1
AIAPFGRGTH,1
AISSFCRDTY,1
AINGFGYGTY,1
AILPFGWDTY,1
AINQYCRYTY,1
AISQYGGGTY,1
AIRPFGGCTY,1
AINYYGDSTY,1
AMTPFGSYTY,1
TISPYGQLTY,1
AITQFGTYTY,1
AMAPYGDYTY,1
AISPCGDWTY,1
TISKSGNYTY,1
AIAPLGKYTY,1
AIAPFGRSTN,1
AIGPLGDSTY,1
AILSYGSFTY,1
AISPFCIQTY,1
AIAPYGSFTH,1
AINLYGHRTY,1
SIGPFGKLTY,1
AIRIYGSSTY,1
AISPYCSWTY,1
AIVPNGDYTY,1
AIPYMGGSIY,1
AISPSGAFTY,1
VISKVGNDTY,1
AIHPDGYRTY,1
AIGPFGYNTH,1
AINPFGSWTY,1
AIRPYGNWTY,1
AISRWGDWTY,1
AILSYGGFTY,1
AISPFSQGTY,1
AISYRRGTTY,1
AIDPFGEQTY,1
AITQFGKSTY,1
AMGPHGNNTY,1
AISPFGYQAY,1
AIMYVSGSTY,1
AIIPFGNATY,1
ARSPFGYDTY,1
AISPYGTRTH,1
AIRQFGDSTY,1
VIRLWGGSTY,1
AMQYMGGSTY,1
AISPFGRAIY,1
AIIPFGLDTY,1
AIASHGDYTY,1
AISPFGSHSY,1
ATKPFGLTTY,1
AIKYMGRSTY,1
AISDYGTSTY,1
AISPFANLTY,1
TIAPFGHKTY,1
AIAPSSDKTY,1
SISPFGRSTY,1
AIQWNGRYTY,1
AIAPSGSYTY,1
AIGPPGDYTY,1
AINPFGYGTY,1
AMSYRGDWTY,1
AISPHGRYTY,1
TIGPFGRGTY,1
VIGPFGDYTY,1
AIAPYGYNTY,1
TILPYGWNTY,1
AIRPFGWNTY,1
AVGPLGNNTY,1
AINPFGGHTH,1
AIVPFGDFTY,1
AMGPYGNYTY,1
AMDMWGGSTY,1
AITPFGCDTY,1
AISPGGNSTY,1
AIRPYCEYTY,1
AISPYGCGTY,1
AIAPNGWSTY,1
TISPFGRETY,1
VIKSFGNSTY,1
AIRPSGYYTY,1
SIGPFGSYTY,1
AIMYNGGSIY,1
AISPYCDYTY,1
AIRCNGFYTY,1
AMSPYGYYTY,1
AINPFGDWTY,1
AISPFDRITY,1
AIRPFSGDTY,1
AISPFGDRTH,1
VISPYGYYTY,1
AISQFGTDTY,1
AIKVYGDHTY,1
AINYTGYSTY,1
ALTPFGEWTY,1
AILPYGCFTY,1
AICPFGTRTY,1
AIGYYGGLTY,1
AISPIGDFTY,1
AIINSSHYTY,1
AICPFGDYTY,1
AISPFGNYIY,1
AISQFGQVTY,1
AISPRGTYTY,1
AISPLGSWTY,1
TIAPFGRGTY,1
AISPFGKFIY,1
TIGYKGGSTY,1
AITVWGGSTY,1
ATYPFGNGTY,1
EIGPFGSTTY,1
AISPFDDGTY,1
AISYTGCSTY,1
AIRPFGYGTY,1
AIIPFGGNTY,1
AIGPFGHFTY,1
AILPYGSATY,1
AISNFGRDTY,1
AIIPIGSYTY,1
AISQFGNETY,1
AISWDGNYTH,1
AIRWNAVSTY,1
ARQPFGDRTY,1
AIGQFGISTY,1
VISPFGNWTY,1
AMSPFGGRTY,1
TIAPWGGRTY,1
AINPFGSDTY,1
AISPIGRLTY,1
VITYMGGSTY,1
AIGTFGGSTY,1
AIQPFGIKTY,1
AIVPHGTRTY,1
ARNPYGRRTY,1
AIAPVGNLTY,1
AITPIGSTTY,1
AIHTYGKYTY,1
AISFMDGSTY,1
AISPFGSSTH,1
AIGPRGDRTY,1
PITYYGGSTY,1
AIGPYGYTTN,1
AIRPFGDITY,1
TIAPFGHWTY,1
AIGPFGYETN,1
AIGSFGSLTY,1
AIIYSGDSTY,1
AIAPFGSYSY,1
AINPFGQRTY,1
AIGPFCGGTY,1
AIGPFDGTTY,1
AISKVGSDTY,1
AIAPFGFDTY,1
AIGPHGNNTS,1
AIIYYGGSTH,1
AIHPLCSGTY,1
AIVPYGLRTY,1
AIAPFGHKTC,1
TIGSYGVRTY,1
AMGPFGDRTY,1
AIVLYGTRTY,1
AIGLFGNHTY,1
AISQYGRATY,1
AIKPYGNWTY,1
AIRPDGFYTY,1
AMGPYGERTY,1
AISNRCEWTY,1
AIQYRCNYTY,1
AIGGFGACTY,1
AISWDGCYTY,1
AINYYGCSTY,1
AIGVYGRYTY,1
AIYPYGRRTY,1
AIRLNGVSTY,1
AIAPRGGRTY,1
VIRMGGGSTY,1
AISTFGYSTY,1
AIIPTGCRTY,1
AVSPYGDYTY,1
AIRYVGGATY,1
AISANGMKTY,1
AINPFGIGTY,1
VIGPFGDSTY,1
AISPFGRRTH,1
TISPFGDRTY,1
EIRWAGDYTY,1
AIAPFGAMTY,1
AIAPFGQSTH,1
AISPFSYNTY,1
AISPFSYTTY,1
AIRPFGNYNY,1
AIPMHGGSTY,1
AINLNGERTY,1
VIAPYGAYTY,1
ATPMWGGSTY,1
AIHPFGSCTY,1
AIAPFGGYSY,1
AISPFCFTTY,1
AMSYYGGSTY,1
AIAPWGCSTY,1
AIPMWGGLTY,1
AIVQFGGDTY,1
AIRLWVGSTY,1
AIAYAGDSTY,1
AINPYGGHTY,1
AISEFCGYTY,1
AISQFGSSTY,1
AIVPFGRRSY,1
AIVPFGYNTY,1
AISTFGNNTY,1
AISPFGRFAY,1
AIVDFGYRTY,1
AIVPFGNYTN,1
AIGSFGRGTY,1
AITQFGYNTY,1
VISPYGGSTY,1
AIGPFGGYAY,1
AIVSYGHYTY,1
SISPFGISTY,1
AIGPGGSWTY,1
AITEYGYETY,1
AIAPYGVRTY,1
SISPFGRYTY,1
AIRMWGGNTY,1
AIRWNVLDTY,1
AIMMRGCSTY,1
TISPFGDNTY,1
AISPWGKYAY,1
AILILGLGTY,1
SIGPFGRGTY,1
AIGPFGEHTY,1
SIDVYGYRTY,1
AINWNCKYTY,1
AIYPLGYGTY,1
AIKPLGYYTY,1
AIGSYGRYTY,1
VITEYGYATY,1
AMSPWGGYTY,1
AIGTFGNITY,1
AIGPFCGSTY,1
AIAPFGHFTH,1
TITPFGYKTY,1
AIRWNGDYTH,1
AIQYRGNYTH,1
AIAPFSLKTY,1
AIHPYGHYTH,1
AIRTYGHYTY,1
AISPFCHATY,1
AINPYGRKTY,1
AIRIYGSRTH,1
AIDPFGDITY,1
AILPDGHYTY,1
AIGQFGRGTY,1
AIGPFGGSNY,1
AIKMWGGWTY,1
AISWRGPRTY,1
VIAPFGNSTY,1
AIQPFGRRTY,1
AIAPFGHVTH,1
AISPWGGLTY,1
AISPFCFSTY,1
AIGYKGGSTN,1
AILMWGCSTY,1
AIQWNGVDTY,1
ATTPFGNWTY,1
AIRPFGYDTN,1
AISPCGGRTY,1
AIEPFGYETY,1
AINPWGYKTY,1
AIRLNGSATY,1
TIGPFGGLTY,1
AISYFGGNTY,1
AMRMWGGSTY,1
VISPFGEWTY,1
VIKPFGHTTY,1
AIEPFGGTTY,1
AIGPFGRSAY,1
AISQFGYDTY,1
AIRPIGRGTY,1
AISPYGAVAY,1
AISYMGGGTY,1
AIMICGGSTY,1
SITPFGYDTY,1
AIDTYGYPTY,1
AINPYGCYTY,1
AIAPFGHHNY,1
AIAPCGTYTY,1
AISPRGNFTH,1
AIRWRGYYTY,1
AIQMLGGSTY,1
AITPIGYDTY,1
VIAPFGIDTY,1
AIGYDGSYTY,1
AIGPFGTRTH,1
TIFYYGGSTY,1
AIQYRGYYTY,1
AIKPYGSFTY,1
AISWRGYRTY,1
AISEYGIYTD,1
AIVYMGGSTF,1
AIGPYGLGTY,1
AITPCGGYTY,1
AIMMWCGSTY,1
AITMWGGLTY,1
AIRLIGYSTY,1
AMRPWGGSTY,1
AITPFGQKTY,1
AISPWGKYTH,1
AIGPFGSITY,1
AISPIGQCTY,1
AIGSYGERTY,1
AIRPYGGRTY,1
AIRWNDFYTY,1
AIQYVGGSTH,1
AIDPFGLTTY,1
AIGPFGSRSY,1
AISPFSLETY,1
AMSPFGHYTY,1
TIAPYGDYTY,1
AIGPLGYYTY,1
AIIYSGCSTY,1
AIRAGGGFTY,1
AITPFCADTY,1
AMGPYGGYTY,1
AIQPFGYETY,1
AIDYYGRYTY,1
AIGSFGNITY,1
AISPIGKVTY,1
AISQFGISTY,1
AITPYGTYTY,1
AISPFVENTY,1
AIAQFGNKTY,1
AIDPFGTNTY,1
AIRPYGFRTY,1
ATSPFGGYTY,1
EISPFGGYTY,1
EIGPFGGTTY,1
AIKVYCDRTY,1
PISPFGRATY,1
ATGPFGGSTY,1
AIAPFGYSSY,1
AIRPSGANTY,1
AIRTLGGDTY,1
AIAPYGLNTY,1
AISPFGPNTY,1
AISQFGYKTY,1
AIDPFGQNTY,1
AIRPYGGYAY,1
AISPFGWNIY,1
AISWRGTHTY,1
AISSFGGNTY,1
AISYVGGSAY,1
AIVPFGISTY,1
AIDSFGGNTY,1
AINPFSGYTY,1
AISEYGTGTY,1
AINPFGSVTY,1
AIIPWGCSTY,1
AISTYGGYTY,1
AIGMWGSSTY,1
AITPFGRTTY,1
TISPYGFYTY,1
AIRPHGGYTY,1
AINPYGLKTY,1
AISPFGHKTH,1
AINPFGLDTY,1
AISLYGRYTY,1
AISPFCDATY,1
AILMSGGSTY,1
AIHSWGGRTY,1
AISSFGPDTY,1
AINPFGSHTY,1
AINPFGRNTY,1
AIIPFGYRTY,1
AINPFGAYTY,1
AMSPFGHVTY,1
AISTYGSHTY,1
AISPYCSKTY,1
AIAYYCGSTY,1
AIPYMSGSTY,1
AISTFGRTTY,1
AILSYGEFTY,1
AINYYDGSTY,1
AIIPYGGSTY,1
AINQFGNRTY,1
AINPFGNITY,1
AITYMCGSTY,1
AIPPYGLDTY,1
AIAMWGVSTY,1
AISPWCNYTY,1
AINPYGQRTY,1
VIGPFGDKTY,1
AIIPFCGTTY,1
AITPFGGWTY,1
AILPFGYDTY,1
AISPYDYYTY,1
AISYDGGYTY,1
AIGPFGRATY,1
AIRWNGVSSY,1
AIIPFGEVTY,1
AIRWNGATTY,1
AIRAYGYRTY,1
AIAPFCLHTY,1
AIPSYGGDTY,1
AINSFGRDTY,1
AINPFGGRIY,1
AIGPLGSLTY,1
AISPFGNYTN,1
AIYPYGHWTY,1
AMSPYGFTTY,1
AIASWGGRTY,1
SIGPYGSYTY,1
AIRWNAVETY,1
AIRPLGDQTY,1
AIVMWGSSTY,1
AITPFGYNTC,1
AISPFGNQAY,1
AITDIGYYTY,1
AISPYGFRTY,1
AISWRGDSTY,1
AISTYGYYTY,1
AIRPFGASTY,1
TISDYGTRTY,1
AISPCGQLTY,1
AISVYGKYTY,1
AIGPFVSYTY,1
ALSEYGYYTY,1
AIYPNSSYTY,1
AIMYTGGTTY,1
TISSYGRYTY,1
AIVPFGNTTY,1
AIVPSGGHTY,1
AITEYGYSTY,1
AIAPWGYNTY,1
AIGLFGNNTY,1
AINPYGRRPY,1
AITPFGADIY,1
AISMWGRSTY,1
AMSPFGNWTY,1
AIYPYGSFTY,1
AIAPFGSSAY,1
AIRWSGYGTY,1
AIRHSGCGTY,1
AINTYGSNTY,1
AIRWNCDATY,1
AISPYCYKTY,1
AVGPFGSVTY,1
AINSFGDNTY,1
AMAPFGNNTY,1
AINGFGYSTY,1
AIGPFGKVTY,1
AIFPYGYNTY,1
AIGLYGESTY,1
AISPCGYYTY,1
AINLFGGYTY,1
AISANGMSTY,1
PIGPFGSGTY,1
EISPFGFNTY,1
AIGPYGHRTY,1
AISSRGDYTY,1
AIGSYGGSTY,1
AIEPFGHWTY,1
TISPFGGTTY,1
AIGPFCTRTY,1
AISRYGKYTY,1
AISNWGKYTY,1
AILPFGIDTY,1
AISPFGSTTH,1
VISPFGYKAY,1
AISNYGYYTY,1
AIAPKGYKTY,1
AISPFGMRTY,1
AITQYGCATY,1
AIPYAGGSTY,1
AIGPFCNHTY,1
AINPFGFSTY,1
AIAPNGSLTY,1
AISPFGAHTY,1
AIQQFGKETY,1
AISPFGGWTN,1
AISTFGSNTY,1
AIAPYGRYTH,1
TISPYGYATY,1
SISPFGKATY,1
AIDPRGARTY,1
AIGPFGHITY,1
TISPFGERTY,1
ATAPFGSYTY,1
AIGPFGVWTY,1
AISMWGGRTY,1
AIRWNCVSTY,1
AMRPFGYDTY,1
AIKPIGKETY,1
SISPFGKYTY,1
AINMWGGYTY,1
AIRWAGDYAY,1
AITPYGYATY,1
AITPFGHSTD,1
AISWRGASTY,1
AIAYAGGATY,1
AISPFGDITH,1
AIAPFCKRTY,1
AIRPYGTYIY,1
AISTFGYGTY,1
AIFPFGNGTH,1
AIQYKGDSTY,1
AIRWNSVSTY,1
AISPYCFTTY,1
AISQFGITTY,1
TIQPFGNRTY,1
AISPFGAWTY,1
EIAPFGISTY,1
AISPFGMNTY,1
AINPFGIRTY,1
AISSRGDRTY,1
AIHPFGSSTY,1
AISWRSARTY,1
SIRLWGGSTY,1
AIQPYGNRTY,1
AICPFGSFTY,1
AIIYMGGSTN,1
AIAQFGHQTY,1
AIGPFCSSTY,1
AISQYGGSTY,1
TISPFGGETY,1
AIDAYGNYTY,1
AIAPFGHETY,1
AIFPYGSPTY,1
VIQPFGDRTY,1
TISPFGLNTY,1
AIHPYGYCTY,1
AIAPLGRYTY,1
TITPFGYQTY,1
VINYMGGSTY,1
AISPIGRYTY,1
AIEPFGSHTY,1
GISPSGYYTY,1
AISTFGQKTY,1
AITYWGCSTY,1
AIGPFGSVIY,1
AIAPSGYRTY,1
AIAPFGSWTN,1
AITPFGSHTH,1
AIFYMGGRTY,1
AIPYKGGSTH,1
AIGPFGDETY,1
AIRPMGGSTY,1
AISTFGYTTY,1
VISPFGWETY,1
AISPFGNATH,1
AVRSFGGHTY,1
AIGGYCKYTY,1
AIGPFGHVTY,1
AIAPFCSYTY,1
SISPFGGNTY,1
AISPSGSYTY,1
AILPYGDCTY,1
AIAYMGGSTH,1
AIAYVGSSTY,1
AIRLRGGCTY,1
AISPYGIGTH,1
AISPFGIITY,1
AISYYGDSTY,1
AIDPFGYSTY,1
AISPFGISTD,1
AIGPVGYETY,1
AIRPYGSNTY,1
AIAPFCYNTY,1
AISQYGSTTY,1
AIRWAGYSTD,1
AIAPYGRRTN,1
PIGPFGGTTY,1
AIRCRGGGTY,1
AIGPFCDLTY,1
AISQYGDYTY,1
AISTFGYHTY,1
AIGTFGEYTY,1
EIPMWGGSTY,1
AISPNSQGTY,1
TIRPFGLETY,1
AISPNGLRTY,1
AINPFGESTY,1
AINPFGYYTY,1
AITPFGHITH,1
AISPVGDSTY,1
AIAHMGGSTY,1
AIAPFGGWTH,1
VITPYGGYTY,1
AIATFGKYTY,1
EIRFAGTETY,1
ATRPFGLETY,1
AISPFGSYSY,1
AIAPYGRKTY,1
AIRSYGIYTY,1
SICPFGRTTY,1
EIRWNGDYTY,1
AIGPFGSCTY,1
AIQPYGRITY,1
AISPWGYAAY,1
AIKPSGRSTY,1
AIVPFGNITY,1
AITEYGHNTY,1
AIVPFGLNTY,1
TIRPFGYHTY,1
AINPNGNYTY,1
AISPFGFQAY,1
VIRWRGYGTY,1
AISPFANETY,1
AIAPSGSKTY,1
AIRWNGPDTY,1
AIRNSGYYTY,1
AIGPFGRCTY,1
AIHISERTTP,1
AIVPYGRRTC,1
VISPFGQGTY,1
AIVYAGGSTY,1
AIRPCGYYTY,1
AIRWAGGSTY,1
AIAPFGSNIY,1
AIKYMGGSTH,1
ARSPWGGYTY,1
AISPFRGWTY,1
AIVPYSRRTY,1
AIGRNGVRTY,1
AIQMCGGSTY,1
TIMYSGGSTY,1
EIAPYGSYTY,1
AMRYAGSYTY,1
AIDPFGNITY,1
AITPFGGTTY,1
SILPYGSKTY,1
AISPFGRYTN,1
AINEYGYRTY,1
AIISNGGSTY,1
AIAPSGEYTY,1
PIAPFGHKTY,1
AISEYGSNTY,1
AMGPFGDFTY,1
AIIPFGYGTY,1
AMAPFGYKTY,1
AIGPYCYTTY,1
AISSYGGSTY,1
AISPYGNATY,1
AIRPFVYHTY,1
SIRWNCVETY,1
EINPFGGRTY,1
VIGPFGNITY,1
AIAPFGCRTY,1
AITPFGLTTY,1
AIEYYCGSTY,1
VITFWGGSTY,1
AINPFGRKTY,1
VISPYGSRTY,1
SIRPFGGDTY,1
VIAPFGLHTY,1
AIRSSGYDTY,1
AISLFGLSTY,1
AIAQFGLKTY,1
SISPFGNYTY,1
AIGYKCGSTY,1
VITPFGYDTY,1
SISPYGNYTY,1
AICPFGDFTY,1
AIQYRGNHTY,1
AINYAGDSTY,1
AISWYGNYTY,1
AIAPFGHQTD,1
EIAPFGLSTY,1
AISPFGYQTH,1
VIRSFGYRTY,1
VITYWGGSTY,1
AISPYGRFTH,1
AISPWRGHTY,1
AIRPRGGSTY,1
VISSFGRRTY,1
AIRPFGNFTY,1
AIAPFGRWTY,1
AINPAGQNTY,1
AIGPFGSVTH,1
AITPFCIGTY,1
AISPFGINTH,1
AIKPYGRITY,1
AISPWVGYTY,1
AIIYSDGSTY,1
AIMYTGGSPY,1
AVNPYGRRTY,1
VISYDGSYTY,1
AISPFGSYIY,1
AIRPFGFSAY,1
AISPFGRCTY,1
AISPFGASAY,1
AMAPFGHWTY,1
AIVPHGRRTY,1
AISYRGDRTY,1
AIGPFGGSTD,1
AMSPFGGDTY,1
AMSPYGNYTY,1
AIAPWGRRNY,1
AINYMGVSTY,1
AITTFGYDTY,1
AISQFGSITY,1
AIAPYGQNTY,1
AISTFGGFTY,1
AIGPSGRTTY,1
AISQWGGHTY,1
AISMWGEYTY,1
VISPFGNITY,1
AIAPFGHSTY,1
AIQMWGDSTY,1
AIRYTCGSTY,1
AMGPYGYYTY,1
AISPFGKHTH,1
AINPYCNYTY,1
AIYYMGGSNY,1
AITPFGQCTY,1
AIAPRGDWTY,1
AINWDGNYTY,1
TIGPFGLPTY,1
AIKPFGCFTY,1
AISPNGGRTY,1
AITPYGWPTY,1
ATQPFGNRTY,1
ATKPFGSNTY,1
AILQYGNWTY,1
AIKPYGDSTY,1
AIAPLGFRTY,1
AIPPYGGYTY,1
ATMYNGGSTY,1
AIYPNGYGTY,1
VIGPFGGHTY,1
AIRPFGKATY,1
TISPFGYDTY,1
TIRYSGGSTY,1
AIVANGRSTY,1
AIILFGYNTY,1
AIRSFGYTTY,1
AIRHVGGSTY,1
AIGPFGSFAY,1
VIVYKGGSTY,1
AIVQYGTRTY,1
VIRRSGAETP,1
AISPAGLKTY,1
AIIPFGLKTY,1
AISLFGISTY,1
AISQYGYSTY,1
AISPLGGCTY,1
AISSYGDYTH,1
AISPFGGRTD,1
AISPAGRSTY,1
AIVPFGWKTY,1
AIAPFGEYTC,1
AIGPVGSKTY,1
AIRWTGDETY,1
AISPYCKYTY,1
TIQGYGGITY,1
TIAPFGQNTY,1
AIAPFGQSTN,1
AIRPFGGRTH,1
AIRWKGDYTY,1
AIGSMGGSTY,1
AIALFGGYTY,1
AISTFGIQTY,1
AIRPWDGSTY,1
AIQYSGQYTY,1
AIHWRGKFTY,1
ATTPFGVETY,1
AISPYRAHTY,1
SIRPFGLTTY,1
AIRWNGVQTY,1
AITPVGKGTY,1
AITQYGNYTY,1
AIAPFCFRTY,1
AIAPFGCNTY,1
AIRPNGDRTY,1
AISPYGHRTH,1
AISDYCYYTY,1
AIVPFGNKTY,1
AIGPFGAHTY,1
AIRWNCSSTY,1
AIVPFGDCTY,1
AIGPFCSTTY,1
TIGPFGSFTY,1
VITDGGNYTY,1
AIRPNGYFTY,1
TISPLGNRTY,1
AISSFGDSTY,1
VISPFGRYTY,1
AIDPFGWNTY,1
AIRMWGGPTY,1
AIATFGSSTY,1
AIVPFCNYTY,1
AISPFRGTTY,1
AISPFGNSIY,1
AINTYGYRTY,1
AIAQFGGYTY,1
AIGPFVGGTY,1
AIQPYGWRTY,1
AIRWNVDYTY,1
TINPYGSYTY,1
AIVPFGTSTY,1
SINYYGGSTY,1
TISPFGNETY,1
AIGYSGDSTY,1
AIGPFCNFTY,1
AITQFGYQTY,1
AIRWRGRRTY,1
AIAPFGYRAY,1
AIGWDGGYSY,1
AIRYAVDFTY,1
AIRPFGVETY,1
AISPSGWSTY,1
AIQAYGKYTY,1
AISPFGGDAY,1
AISPFGYKTH,1
AIGPFGDYAY,1
AISSFGRRAY,1
AICPFGRRTY,1
AISPFGDETY,1
AISPFGFYTY,1
AMSPYGDYTY,1
AIGPKGDTTY,1
AIVPSGTRTY,1
AIKPFGKGTY,1
AIAPFGVHTY,1
AIRPFGCDTY,1
AISPQGFSTY,1
AMSPFGYNTY,1
AIRHSGWDTY,1
AISPRGSYTY,1
AISPCGYHTY,1
AIADFGYRTD,1
AINPFGSLTY,1
AISTFGNQTY,1
AICPYGSYTY,1
AINPYGHKTY,1
AIGQFGSSTY,1
AIRPYGWDTY,1
AIISSGHYTY,1
VISPFGQDTY,1
AIQPFGKYTY,1
AINPCGAYTY,1
ATNPFGGYTY,1
AISPFVGFTY,1
TIAPFGSNTY,1
AISPCGDQTY,1
VISPFGDATY,1
AISPAGYGTY,1
AIYPYGTFTY,1
AIAPIGRYTY,1
AISPYGIYTY,1
VILPYGDITY,1
AIAPLGEWTY,1
AIGPFGGGIY,1
AIQPYGLSTY,1
AVSPFGYGTY,1
AIGTFGSQTY,1
AIVPFGDKTY,1
AIRYYGCSTY,1
AIVPFGDRTY,1
SITYKGGSTY,1
AIDPFGSRTY,1
AIDAYGYYTY,1
AIQPFGANTY,1
AIGQFGDRTY,1
AIRCNGSATY,1
AIGPHGSWTY,1
AIEPFGCKTY,1
AITYIGGSTY,1
AIGPNGIATY,1
AIAPYGNHTY,1
SITPYGDYTY,1
AISLWGLGTY,1
ATSPFGAYTY,1
AIQIWGGSTY,1
AIAPFSSQTY,1
AIGPYGSFTY,1
SIKMWGGSTY,1
AISLFGDSTY,1
AISASGGSTY,1
AIAPSGRTTY,1
AINWRCSYTY,1
AIRWRSGGTY,1
AISYVCGSAY,1
AIIPGGGVTY,1
AISPWCSHTY,1
RISPYGNVTY,1
AISPYGYSIY,1
AIKPFGGHTD,1
AISDYGTHTY,1
SISNNGYRTY,1
AINPYSRRTY,1
SISPFGYHTY,1
AIKPFGLITY,1
AISPIGYYTY,1
AISPFCQETY,1
AIQPFGHYTY,1
AISEYGDRTY,1
AIGPYGKRTY,1
AISTFGFSTY,1
VISPYGNYTY,1
AISAFGRRTY,1
AIAPFVYRTY,1
AIRMSGSSTY,1
AIAPFGGVTY,1
TIGPFGSVTY,1
AISPYGSHTH,1
AISLFGNDTY,1
ATSPFGNSTY,1
AISPWCRHTY,1
AISPTGYNTF,1
AISTFGGQTY,1
TIGYVGGSTY,1
AISPFGPHTY,1
AIGPFGCRTY,1
AIGPYGQHTY,1
AIAPFGSCTY,1
AISPFGDGTF,1
AIGMWGGYTY,1
AISNYGSYTY,1
AIHPYGSRTY,1
AIGPFDSRTY,1
AVGPFGSYTY,1
TISPFGDWTY,1
AIGPFGVTTY,1
ARSPFGDSTY,1
AIPYVCGSTY,1
AISPFGRSTH,1
VITPFGLDTY,1
AIRTFGQETY,1
AILPFGSITN,1
AIVQYGAYTY,1
AITYWGDSTY,1
AIRIYCSRTY,1
AISLFGQYTY,1
AISPRGDSTY,1
AISPIGGLTY,1
AIIPFGGITY,1
AISPFGYSSY,1
AIRYACSYTY,1
AIAYVGGSAY,1
ARSPFGIGTY,1
AIKAYGEATY,1
EIGYMGGSTY,1
AIAPFCYETY,1
AIQPFCQYTY,1
AMSPYGSNTY,1
ALSPFGGVTY,1
AIRYAGYRTY,1
AITMWGVSTY,1
AIAPFCYTTY,1
AIAPFGNSTN,1
AIRFAGHETY,1
AISPYGSKTH,1
AITEYGHDTY,1
AIGPFCGWTY,1
AISWRGSRTY,1
AIAPFCITTY,1
AIVMCGGSTY,1
AISQYGDQTY,1
AIGPHDNNTY,1
AISPVDRGTY,1
AIGSFGHTTY,1
AISPFCGFTY,1
AISPYGLHTY,1
AIGYKRGSTY,1
VIAPFGFRTY,1
AIVYKCGSTY,1
AICYCGGSTY,1
AIKRFGNSTY,1
AIRPFGYKTY,1
ATQPFGKETY,1
VISPFGNDTY,1
AIAPRGRETY,1
AISPPGNLTY,1
SIGPFGGYTY,1
AIQSRGNYTY,1
AIGPFGDQTY,1
AINPYGQHTY,1
ATSPFGLSTY,1
AISTFGALTY,1
AIAPYGEFTH,1
TIINSGHYTY,1
AIAQFGLGTY,1
AIRPYGYLTY,1
AIAPFGYSTH,1
AILMWGGYTY,1
AIGKVGNDTY,1
AIIPFGSKTY,1
AISPFGNWTH,1
AIGPFGYTTD,1
AIGPFGILTY,1
AIRPWGYHTY,1
AMSEYGSWTY,1
AIRPQGKYTY,1
AISTFGYETY,1
SIGPFGSSTY,1
VISSFGRDTY,1
AIKPFGGWIY,1
AIRACGNYTY,1
AIRIYGSRTD,1
AISPCGTKTY,1
AIGLFGGTTY,1
AIGPFGRSTH,1
AIGTHGNNTY,1
AIRPFGSVTY,1
AIALFGNYTY,1
AILPYGNYTH,1
AMSWRGDRTY,1
AIGPYCESTY,1
AIMIWCGSTY,1
AISPLGYSTH,1
EISPFGGNTY,1
AIAPFCYSTY,1
SIGPHGNNTY,1
AIGPFGGCTY,1
AIRYGGSYTY,1
AVSEYGYNTY,1
AIMYTGASTY,1
AISSFGNSTY,1
AINPYGRISY,1
AINPFGGRTD,1
AISPSGQNTY,1
AILPYGSNTY,1
AIAPIGNSTY,1
AIGTFGGITY,1
AISPFCRRTY,1
AISSFGDATY,1
AIRYAGDFIY,1
AIGSFGDSTY,1
VIGPFGYETY,1
AMGPRGARTY,1
AITECGYATY,1
AIAPFGWDAY,1
AISPFGYTAY,1
AIEFHGGNTY,1
AIRAYGNYIY,1
AKSPFGNYTY,1
AIKPFGYKTY,1
AIAPYCNRTY,1
AIGPFGDRTH,1
AIAPYGGHTY,1
AINQFGEKTY,1
AINPYGGFTY,1
AILSYGYKTY,1
TISPWGFRTY,1
AISPYGYYTF,1
AISPFCQVTY,1
AIAPFGNSIY,1
AIAQFGSQTY,1
AVAMWGGSTY,1
ATGPRGARTY,1
AIVSFGSNTY,1
AIRTYCEYTY,1
AIFYMCGSTY,1
VIPMWGGSTY,1
AIRSYGEYTY,1
AIRCSGAYTY,1
SISKVGNDTY,1
AISQYGNLTY,1
AISTYGRYTY,1
AIGQFGHYTY,1
AINPFGQHTY,1
AINWSGKYTY,1
AITPFGHWTY,1
AIPPFGDRTY,1
AIAQFGRSTY,1
AIRYAGSNTY,1
AITSLGGSTY,1
AISSLGGSTY,1
AISQFGRQTY,1
AISTNGGVTY,1
TILPYGNYTY,1
AIAPFCTYTY,1
AVRWNGLDTY,1
AILYYCGSTY,1
TISWRGARTY,1
AISPYGVYTY,1
VIGPFGEYTY,1
AIPYLGGSTY,1
EINPYGRSTY,1
AIPLWGGSTY,1
AIGSHGGSTY,1
AISPRGSLTY,1
AMSPFGGYTY,1
AIGTFGSLTY,1
AILAFGGRTY,1
AIIYTCGSTY,1
AISPLGKTTY,1
SISPYGTKTY,1
AISYRGNLTY,1
AISPYGSRTN,1
AISPYGSFTD,1
TIAPFGYRTY,1
AISPSGSGTY,1
AITPFGDNTY,1
AINPYGYYIY,1
AIMYPGGSTY,1
AISPLGSHTY,1
AMAPFGRGTY,1
AISPWGMGTY,1
AISWRGARTD,1
AISLYGSYTY,1
AIAPFGHKIY,1
AILPFGEVTY,1
AIRSAGSYTY,1
AITPFGNKTY,1
AISTFGGNNY,1
AICLWGGSTY,1
VIGSFGDITY,1
ARAPFGNRTY,1
AIASFGRKTY,1
TIRWNGRYTY,1
TISPFGSNTY,1
AITPKGRNTY,1
AISPWGDKTY,1
AIHTFGSGTY,1
VIAPIGSRTY,1
AIRPYGHRTY,1
AICPFGGFTY,1
AINWSGSRTH,1
AIRFRGAYTY,1
AIKYVCGSTY,1
AMSPYGGSTY,1
AIGQFGSTTY,1
AIAPNGYSTY,1
AIGQFGNNTY,1
AIASFGYDTY,1
AIEFRGNITY,1
AISEYGVRTY,1
AIVMWGGNTY,1
AISPFGNFIY,1
AIGSFGSSTY,1
AIQYRGNDTY,1
AINYSDSQTY,1
AISHDGSYTY,1
AISQFGSKTY,1
AIGTFGYNNY,1
AILSHGGSTY,1
AISPYGQYSY,1
AIGLFGRGTY,1
AISSIGDNTY,1
AIVYQGGSTY,1
VISPFGGDTY,1
AILPCGNYTY,1
AITQFGSYTY,1
AIRSAGDFTY,1
AITRFGNSTY,1
AIQHRGDSTY,1
AINQYGGYTY,1
AIRQYGYDTY,1
AISPWGGYIY,1
ARSPFGYATY,1
AITPVGSYTY,1
AIALFGYQTY,1
AIGQYGDVTY,1
AIRMHGDSTY,1
AISLFGKYTY,1
AICPYGTKTY,1
AIAPWGYRPY,1
AISPVGNATY,1
AIMMVGGSTY,1
AIGPFCYSTY,1
AIGQFGNFTY,1
AIHPYGCRTY,1
AISPGGYNTY,1
AIADFGYSTY,1
RISPFGYSTY,1
AIQLWGGSTY,1
AMSHGGGYTY,1
AIRQFGNSTY,1
VIRFRGGNTY,1
AVSPYGHRTY,1
AINPYSRYTY,1
AIKYMGSSTY,1
AIAQFGFRTY,1
AINYMGGSIY,1
AISTFGGWTY,1
ATSPFGSNTY,1
AIAPCGRSTY,1
VISPFGNATY,1
AICPYGRYTY,1
AISPFGGRAY,1
AINTYGYDTY,1
AILPYGGFTH,1
AIRWHGVGTY,1
AIVPFGYDTY,1
AIGPFCTETY,1
AITPFGTSTY,1
AIAYAGSSTY,1
AISSRGARTY,1
AILPFGSRTY,1
AIRPFCDSTY,1
AITPFGSPTY,1
AIAPFCQQTY,1
AIIPFGNLTY,1
TISPWGYATY,1
AICPFGSVTY,1
AIQSFGRGTY,1
AISPFGGMTY,1
AISYSGGTTY,1
AISPYCHYTY,1
AISPAGSYTY,1
AIHGYGGHTY,1
AIAQFGRRTY,1
AIRIGGSSTY,1
AISTFGQGTY,1
AISPFGCKTY,1
AVGPFGDSTY,1
AMLPYGDITY,1
AISSFGYTTY,1
AISPCGIGTY,1
AIRINGGSTY,1
AIRYLDGSTY,1
AISGYGSYAY,1
AIKPFCQYTY,1
PISPYGEYTY,1
AISGHGLETY,1
TISPFGIGTY,1
AISPIGNRTY,1
AICPFGKLTY,1
AIGLFGNGTY,1
AIRACGEYTY,1
AIGPIGDSTY,1
AIQRRGSYTY,1
AISPLGIGTY,1
TISPWGYHTY,1
AISPFCIKTY,1
AIFPFGDGTY,1
AIAPCGNYTY,1
AIADFGWRTY,1
TIAPFGYQTY,1
AIGPFGSATY,1
AIMYMGGSTN,1
AISDYGDRTY,1
AINPDGRRTY,1
AIAPYGITTY,1
TINDYGYYTY,1
AMTPFGLSTY,1
AMSPFGSHTY,1
AIQHRGNYTY,1
AINPYGYYAY,1
AIFPYCGYTY,1
AIRPFGINTY,1
AIRQFGGRTY,1
SIRFSGAYTY,1
AIRLWGGSSY,1
AICRFGGYTY,1
AISPFGDIAY,1
SIAPFGEYTY,1
AISWDVSYTY,1
AISTVGYRTY,1
AISPRGYYTY,1
AISEYGVYTY,1
AISLFGNNTY,1
AICPFGRYTY,1
AITPFGVNTY,1
RISNSGGATY,1
AISWRGDRIY,1
AIRPFGHRTY,1
AITPFGAYNY,1
AISPRGGLTH,1
AIQPFGTYTY,1
AISPCGYRTY,1
AISPWGLHTY,1
AISPFVGNTY,1
AIAPFGRRTH,1
AISYDGIYTY,1
AMRPFGAHTY,1
AIGPFGLKTY,1
AISTFGARTY,1
TIGRFGGYTY,1
AISHRGNCTY,1
AISPFGFNTH,1
AISPYGGYIY,1
AIGRFVGYTY,1
AITYYGGSSY,1
AISPFGNSAY,1
SISPNGHYTY,1
AITYYGGSTL,1
AITTYGGYTY,1
TISPFGYKTY,1
AIRSTGGSTY,1
AINPFGGRTH,1
AIGPFGQGTY,1
AISSNGGWTY,1
VIQYVGGSTY,1
AQIMYGQDTY,1
AIGPFGVQTY,1
AISPFGGHIY,1
AINPFVGYTY,1
AMSPFGNRTY,1
AIAPFVNVTY,1
AIRMWRGSTY,1
AIMVWGGSTY,1
AIQSYGSRTY,1
AIINSGHYPY,1
AIATFGLSTY,1
AIALFGRGTY,1
SITFYGGSTY,1
AIKMWGGYTY,1
AIVPYGRHTN,1
AINPFGLQTY,1
AIIYDGSYTY,1
AISPLGLSTY,1
AIRWNGNETY,1
VIRILGLGTY,1
AISPYGNSTH,1
AIAPFCHVTY,1
AISYRGHYTY,1
AISEYGYRTY,1
TISPYGTKTY,1
AIFQYGSYTY,1
AIGPYGNVTY,1
AIFPYGTYTY,1
SISPYGGGTY,1
AIIPYGYYTY,1
SISPRGDYTY,1
AIQYMSGSTY,1
TIYPYGGGTY,1
AISPPGYRTY,1
TIAPFGNDTY,1
AIGTFGSTTY,1
AISPFVGYTY,1
AISEYGTRTY,1
SISPFGFETY,1
AMRYKGGSTY,1
RIVPKGGHTY,1
AINTFGGHTY,1
AISPHGGYTY,1
AMAYVGGSTY,1
AINPFGNHTY,1
AISPWGCATY,1
AIRPCGSLTY,1
AIGQFGYTTY,1
AIQYSGGPTY,1
AIVPFGWSTY,1
AIKPFGFSPY,1
AIRLDAFATY,1
AISTFGSRTY,1
AIALFGYSTY,1
AIVTYGTRTY,1
TISPFGDYTY,1
AISPYGNYTF,1
AISPYGLSTY,1
AISYDGCYTY,1
AITPYGRYTN,1
AISPFASRTY,1
AISWCGYHTY,1
AISYYGGSAY,1
AIRPWGCSTY,1
AIRPLGQNTY,1
AILMRGSSTY,1
AISPVGGHTY,1
AIHTYGRRTY,1
AIAPFGYKTD,1
AIGPIGHTTY,1
TISEYGYATY,1
AIQPYGNKTY,1
AINPFGQVTY,1
AISPFGKYTC,1
VIGPFGGSTY,1
TISPFGGLTY,1
AITPFGGYNY,1
AIRGYGGITY,1
AINPFCRRTY,1
AISSRGYFTY,1
AIQYMGCSTY,1
AMPYVGGSTY,1
TIIYYGGSTY,1
EISPYGNYTY,1
AISPFGRPTY,1
AITEYGHFTY,1
AIGPNGYKTY,1
AISPFSYHTY,1
AISLDGNYTY,1
AIDPYGGNTY,1
AIGQFGTRTY,1
AIRPFGWDTH,1
AIYPFGHRTY,1
AITPYGHHTY,1
AIIMCGGSTY,1
AIAPFVRGTY,1
AIGYTGGSTY,1
AIIYGGGSTY,1
AIKIFGRITY,1
AIGEPGKFTY,1
AIAPFGYRTH,1
AIKDYGSRTY,1
RYCRMVRIPI,1
AISQFGQITY,1
AISQFGAYTY,1
AIGSYGVHTY,1
AIVPRGDYTY,1
TISPFGQGTY,1
AIEPFGAHTY,1
AISFMGGYTY,1
AILPYGWNTH,1
AIIPFGGRTY,1
AIIYNGGSIY,1
AIGPFCHYTY,1
AITPSGYDTY,1
AIRWNGMDTY,1
AIGPFGNGTN,1
AISMWGGSNY,1
AINMWGRSTY,1
AISPFANRTY,1
AIRPFGSFTN,1
AIVPFGLGTY,1
AXNPFGGYTY,1
AIQYRGNYNY,1
TISPFGRQTY,1
AMSPFGFKTY,1
AIGLFGDWTY,1
AISPYGSRIY,1
AINPFGNWTY,1
VISPYGDYTY,1
AISPSGGNTY,1
AIGSYGKYTY,1
AMSPFGNTTY,1
AIMMAGGSTY,1
AITPFGHPTY,1
AINPYGYKTY,1
AIGPSGSPTY,1
AIISFGYKTY,1
AILFAGTETY,1
AIVSFGGDTY,1
AIGTWGGSTY,1
AIIPWGGYTY,1
AIRQYGEYTY,1
AIGPFVGSTY,1
AILPFGAHTY,1
AITYMGSSTY,1
PIRWNGVETY,1
MINPYGRRTY,1
ARLPYGNYTY,1
AIVTFGGLTY,1
AIRFSGAYTH,1
AIAPFGSSTS,1
AIGPLGNGTY,1
AINSYGNLTY,1
AIAPLGGRTY,1
AITQFGGRTY,1
AISPIGSNTY,1
AIKPYGDFTY,1
AIGMWGGTTY,1
TISPFGWSTY,1
AILPYGNNTY,1
TITMWGGSTY,1
AISPYGQRTY,1
AISQFGFKTY,1
AIGSYGNYAY,1
AITPFVSFTY,1
AISYMSGSTY,1
AISQYGGTTY,1
AIAPFCRRTY,1
AIAPTGYATY,1
VIQPFGKETY,1
AINDFGEKTY,1
AIGPLGSYTY,1
AIRWYGDETY,1
AIVPFGKYTH,1
AINMCGGSTY,1
AIRYYGGSTC,1
AIRPFGYHTH,1
AISPIGSHTY,1
AILQYGKQTY,1
AIGSFGRSTY,1
AISPFSSHTY,1
AIGPIGGSTY,1
AISQFGIGTY,1
AISPIGYTTY,1
AIIYDGGSTY,1
AIVPYGKLTY,1
AIAPFCEYTY,1
AISEYGGSTY,1
AISPIGNSTY,1
AISPIGQNTY,1
AIGRFGRRTY,1
AIVPFGQNTY,1
TISPFGSKTY,1
AICIWGGSTY,1
AIGPLGDYTY,1
AIRWSGDYTY,1
AIRWNGVPTY,1
AIGHFGDLTY,1
AITEDGYATY,1
AIGPHGGTTY,1
AIGPIGSFTY,1
AIGPVGRGTY,1
AISPFGDTTY,1
AIAPIGHWTY,1
AISQFGLDTY,1
AIGMCGGSTY,1
AIGPGSSSTY,1
AISSFGYRTY,1
AIGPIGGLTY,1
AIDEYGVSTY,1
AISPCGSHTY,1
AINWHGSYTY,1
TISPFGGGTY,1
AQIMFGLGTY,1
AINPVGGYTY,1
AIAPWGGSTY,1
AIGAFGDYTY,1
AIGTFGGLTY,1
AIAYLGGSTY,1
AILPFGDFTY,1
AISTYGSYTY,1
AISLFGEYTY,1
AIRPCGHQTY,1
AIRPLGWGTY,1
AIRPCGGSTY,1
AIVPIGGKTY,1
AIASRGYYTY,1
AIGYEGGSTY,1
RYCRMVALPI,1
AISPFGHCTY,1
AILPFGGRTY,1
AIGPCGAYTY,1
AITPLGGATY,1
AISWHGQNTY,1
SISPFGYQTY,1
AIGPFGYITY,1
AIRPFGGYTH,1
AISYGGGKTY,1
AIKLYGDRTY,1
TISPFGTDTY,1
AIVPDGRRTY,1
AINWYGKSTY,1
AISPSGRYTH,1
AITTFGLNTY,1
TIAPFGQGTY,1
AISPIGGNTY,1
SITYYGGSTY,1
AIAPLGNNTY,1
AISMWGCSTY,1
AISPRGKYTY,1
AISPIGGYTY,1
AISPIGNITY,1
TINSFGNSTY,1
AIGPFGNFAY,1
SIRMGGGSTY,1
AIDPWGNSTY,1
AIGPYCSWTY,1
VISPFGYHTY,1
AISPIGGDTY,1
AIAPFGHKTH,1
AISASSGRTY,1
AISPFCGHTY,1
AIVPFGIKTY,1
AIGPFGFSTH,1
AITDYGQYTY,1
AIAPYCRRTY,1
AISPFVRYTY,1
AINDFGYHTY,1
TITPFGYDTY,1
VISPFGYGTY,1
AISARGNWTY,1
AIAPRGNHTY,1
AISPFGGYTF,1
AISLFGWSTY,1
AIDPFGSQTY,1
AISPYGWPTH,1
AIQMWGASTY,1
AIWPFVLGTY,1
AIGPFCSVTY,1
AISPFSIRTY,1
AINYMGRSTY,1
TITYKGGSTY,1
TITPFGHSTY,1
AISPQGGSTY,1
AIAQFGYETY,1
AIASFGYQTY,1
AIYQFGNGTY,1
AIIPFGLRTY,1
TISPYGNSTY,1
AISPLGRTTY,1
AMAPYGRITY,1
SISPFGGYTY,1
AISWDVNYTY,1
AIEPFGYITY,1
AIAPFGNSNY,1
AIRYTVGSTY,1
AISPFGFNIY,1
AIRPFGYDTC,1
VISWRGARTY,1
AIGQYGTYTY,1
AIIHSGGSTY,1
AIKASGYLTY,1
AISPFAHHTY,1
AIGTYGESTY,1
AIAPSGRSTY,1
AISPFVDSTY,1
AISKFGRFTY,1
AISPFGSRTD,1
AIGPFGLAAY,1
AIAPFDYKTY,1
AISWCGNYTY,1
GIPMWGGSTY,1
TIVPFGGDTY,1
AISQSGHDTY,1
AISPYGLQTY,1
RIIYNGGSTY,1
AIQPFGDCTY,1
AIVPFGSRTY,1
AIIPFGCTTY,1
AISYYGSSTY,1
AISPFGEGTY,1
TITPFGIGTY,1
AIRPLGYQTY,1
AIRWYGEETY,1
AILPYDRNTY,1
AILPYCNYTY,1
AIQPFGWSTY,1
AIAPFVHQTY,1
VILPFGYRTY,1
AISPYDGYTY,1
AISYGGSYTY,1
AIAPFGYTTH,1
AIIYSCGSTY,1
AIRMNGASTY,1
AIRWNGESTY,1
AISTFGGRTY,1
AIVPFCSLTY,1
TIAYVGGSTY,1
AIAPNGYYTY,1
TISPFGRATY,1
AISTFGEWTY,1
VISPFGDRTY,1
AINPYGNTTY,1
AIQGYGCITY,1
AIGPYSSYTY,1
AIRHHGGQTY,1
AIAPFDNLTY,1
AIDPFGSKTY,1
VIQPFGSNTY,1
AITYVSGSTY,1
AIIYNCGSTY,1
TITPFGNSTY,1
AISPFCSFTY,1
AIRPFGQRTY,1
AISPYGRYTH,1
AISPFCLNTY,1
AMRMQGGSTY,1
AITPFCLDTY,1
AISQFGFNTY,1
AILPYGDGTY,1
AIATYGAYTY,1
AISQYGSRTY,1
AINPCGYYTY,1
TIGPFGGRTY,1
AIHPFGSDTY,1
TISSFGDGTY,1
AINPFGLETY,1
AISVYGRYTY,1
AIAPFGQITY,1
AISPFCKATY,1
AIAPFGGKPY,1
AIFPYGSRTY,1
AIGTFGSFTY,1
AIAPCGHQTY,1
AIDYYGDSTY,1
AIAPFCRKTY,1
AISLDGYYTY,1
AISQWGHRTY,1
AIAPYCSYTY,1
AIVSYGAYTY,1
AIRPFGYATY,1
AISPFGQRTH,1
AIICSGGSTY,1
TILPYGDYTY,1
TIFYMGGSTY,1
ATGPFGYSTY,1
AMAYAGGSTY,1
AISPYGQMTY,1
AIGPFGSKAY,1
AIAPFGRSTH,1
AIKYVVGSTY,1
AIQYIGGSTY,1
AIVPFGDTTY,1
ATSPFGYSTY,1
AIRIGGGSTY,1
AISRFGSSTY,1
AICPFGQGTY,1
AISEFGSWTY,1
AINPYGPRTY,1
AIAPFGIWTY,1
AISPFGKATN,1
TISPFGHFTY,1
AIGPFGNGIY,1
AIYPFGKYTY,1
AIKPFGSSTY,1
TINYVGGSTY,1
AISPYCEITY,1
AIAPFGQGTH,1
AISPFGYRIY,1
AIVYMGSSTY,1
AIASFGEYTY,1
AIIPFGFNTY,1
AITEYGRDTY,1
VIGPFGNGTY,1
AISPQGQYTY,1
AITPFGLDTD,1
AISQFGNLTY,1
AIGYMGDSTY,1
AINTYGSRTY,1
TIGPYGSYTY,1
SISPFGGWTY,1
TIGPFGGYTY,1
AIRYFGGHTY,1
TIKPFGGDTY,1
AIAPFGYITY,1
AIRPFGSTTY,1
AISQYGNRTY,1
SIAPFGYKTY,1
AMAPWGRRTY,1
AMRPFGEYTY,1
AIAQFGVRTY,1
AISPYGQDTY,1
AISPFCGPTY,1
AIGRFGGCTY,1
AITPFGIWTH,1
AISYFGEKTY,1
AIAPRGDHTY,1
AIGPFGQHTY,1
SISPYGIGTY,1
AIVPFGGYAY,1
AIRWNGIATY,1
AIAMWSGSTY,1
AISPFGNWTD,1
AITYRGGTTY,1
SIGPFGRNTY,1
AMSPYGTRTY,1
AIGPFGYDTY,1
AISSVGDGTY,1
VITPFGVETY,1
AISSDGSYTY,1
AISLFGGDTY,1
ATSPYGYYTY,1
AIAPWGHSTY,1
AILPYGDHTY,1
AISQWGYHTY,1
AIRYKGGSAY,1
AMSPFGERTY,1
AIVPFGKSTY,1
TIGPFGSLTY,1
AISPFDGRTY,1
AIGPVGNGTY,1
AITPIGYGTY,1
AISDYGLDTY,1
AIGLYGGSTY,1
AIVPYGHHTY,1
AIAYEGGSTY,1
AINPFGGTTY,1
TINWRGSYTY,1
AIVPFGKRTY,1
AISQFGSHTY,1
AIAPYGHQTY,1
AIITFGGTTY,1
AINPYCGWTY,1
AIRAYALHTY,1
SIGSYGVRTY,1
AISGYDSYTY,1
AIRWNCLDTY,1
AISQYGSHTY,1
AIVPVGDYTY,1
AISPFGCVTY,1
AIRSWGGSTY,1
AISPFGLYTY,1
AISPFADYTH,1
PISPFGNSTY,1
AMGYMGGSTY,1
AIGPFGGSIY,1
AIVPPGGYTY,1
AIDPFGNNTY,1
RVSPFGYSTY,1
AIAPYGTRTY,1
AISPFDTSTY,1
AINPYSKYTY,1
AISQYGQYTY,1
AIAPWGGRTH,1
TIRPFGAHTY,1
SIAYMGGSTY,1
AMNPYGSYTY,1
AIASFGSHTY,1
AIGTFGDFTY,1
AIDYWGDSTY,1
AIQMWCGSTY,1
AIVPFGAKTY,1
AAAMALHTYY,1
TISPYGQTTY,1
AIRFRGGNTH,1
AIYPLGEGTY,1
AINPFGGLTY,1
AIRWNGEETY,1
AINPFGRGTY,1
AITPRGGQTY,1
AIRSFGSGTY,1
AISQFGRGTY,1
AIPMWCGSTY,1
AIDPFGGGTY,1
AIGMWVGSTY,1
AIRPYGTKTY,1
AILIYGSRTY,1
VISPFGGLTY,1
AINEYGKYTY,1
AIQYAGYYTY,1
AILPYGNTTY,1
AINPFGVYTY,1
AIGPFCKLTY,1
AISMWCGSTY,1
AIAQFGIKTY,1
AINPYGESTY,1
AMSPFGDITY,1
AIAYVRGSTY,1
AISPFCAGTY,1
AISQCGFGTY,1
AISPFGGRIY,1
TIAYMGGSTY,1
AMAPFGSHTY,1
EIAMWGGSTY,1
AISHRGDHTY,1
AIYPYGNGTY,1
TITPYGSYTY,1
AIRPFSDSTY,1
AIRWRGGSTY,1
AIRVYGNYTY,1
AIRWNGDCTY,1
AITPFGQHTY,1
AIAPLGNLTY,1
AISPWVLGTY,1
AIMYMGDSTY,1
SIRWAGDYTY,1
AIGPFGENTY,1
AISRFGSRTY,1
AIHYSGGSTY,1
AINPFGKNTY,1
AIKPFGGDAY,1
AISTFGIGTY,1
AINYMGGSTH,1
AIGRFGGYAY,1
AIASFGNRTY,1
AIALYGEYTY,1
AIALFGEWTY,1
AITPYGQHTY,1
AIPMWGGATY,1
AISPYGLITY,1
AIGPFGGRNY,1
AINQYGSTTY,1
AISYYGYRTY,1
AINPLGGYTY,1
AIAPTGYSTY,1
AIHQYGRRTY,1
AINPYGQFTY,1
AIAPFGRGPY,1
AIVPFGHSTY,1
AIGIWGGSTY,1
AIAHVGGSTY,1
AILPFGYNTY,1
AISTFGLSTY,1
SIGPFGERTY,1
AISFYCGSTY,1
AISTYGHYTY,1
AITPEGYFTY,1
AISTSGGNTY,1
AISLYGLRTY,1
AIEPFGYRTY,1
AISPFCKNTY,1
AIGYVGGYTY,1
AISVYGQLTY,1
AIRWNGDYAY,1
AIGPFDEQTY,1
AIAPFGRGNY,1
AISYRGHWTY,1
AIIPFGHKTY,1
AIADYGSYTY,1
AMAPFGNLTY,1
AILYMGRSTY,1
AISFYGDSTY,1
AISPFGYVTY,1
ATSPYGDVTY,1
AIAPFGHKSY,1
AIAPFGSHTF,1
AIRPFGYFTY,1
AISPWGGRTY,1
AILPFGQRTY,1
AINPYGEWTY,1
AITPFGIGTH,1
VISPFGYSTY,1
AISNYGRRTY,1
TISPFGGVTY,1
AIAMWGNSTY,1
AIRWSGNQTC,1
AITPYGGFTY,1
AIRPKGDYTY,1
VISPFGIGTY,1
AIEPFGYQTY,1
AISPFGLRTH,1
AIRWAGDHTY,1
AIRPQGAHTY,1
SISPFGYNTY,1
AISPFGLSTH,1
AILPYGYHTY,1
AIQPFGSNTH,1
TISPFGKNTY,1
AITMLGGSTY,1
AIKCVGGSTY,1
AIGPFGRLTY,1
AISSFGSLTY,1
AISPFGLSTN,1
AILPFGYHTY,1
ATIPFGYKTY,1
AIVPYRRRTY,1
EIAPWGYRTY,1
TIGPFGDFTY,1
AILYYGSSTY,1
AIRPFSSETY,1
AISQFGDLTY,1
AISPFGRYTC,1
AIRFSGEYTY,1
AIVPFGYETY,1
AISPFGGYIY,1
AIRPFGRTTY,1
AIQMWGCSTY,1
AIVPFGSTTY,1
TISGYGRYTY,1
AIGMWGGSTH,1
AINPYGNVTY,1
AIALFGSDTY,1
AISPCGGNTY,1
AIRYMGGSTH,1
AISSFGGYTY,1
AISPFGSLTH,1
AISPYGDGTY,1
AINPFGASTY,1
AINYYGGSTH,1
TIAPFGDRTY,1
AIPMWGGSTN,1
TIAPYGSHTY,1
AIDSFGGITY,1
AISSYGYYTY,1
AISPLGFQTY,1
AISPIGYDTY,1
AIGPFGTITH,1
AIRFASTETY,1
AINVWGGSTY,1
AISTFGFRTY,1
AIKPYGGYTY,1
AMGPFGSGTY,1
AISPFCLTTY,1
TIDYWGGSTY,1
AINPFGHTTY,1
AITPEGNWTY,1
AIGQFGNYTY,1
AIGPFCSGTY,1
AICPFGGGTY,1
AIAPYGAFTY,1
AITTFGVETY,1
VISPFGNTTY,1
AIYPYGKNTY,1
SIDDYGNYTY,1
AIAPLGRSTY,1
AISPLGDTTY,1
AISPYCGKTY,1
AIAPFGYRNY,1
AIRPHGVSTY,1
AIIPYGAYTY,1
AVAPFGNLTY,1
AIGPIGSVTY,1
AIQYSCGSTY,1
TITPFGKSTY,1
AIRPWSGSTY,1
SISPFGSLTY,1
AITFYGASTY,1
AITMRGGSTN,1
AINTRGRQTY,1
AIMYTGGSTN,1
AMGPFGGYTY,1
TIEPFGGKTY,1
AIAPIGHITY,1
AINSYGRYTY,1
AIGPFGSRAY,1
AITMWGGTTY,1
AISCYGRYTY,1
AIGMWGSYTY,1
AISSYGGHTY,1
TIKTFGGNTY,1
AIAPFGLRTF,1
AIPYMGGSTH,1
TIGPFGTETY,1
AIIPFCYNTY,1
AISPWVYHTY,1
AIDPYGYRTY,1
SISPFGGFTY,1
AICWDGEYTY,1
AISWRGALTY,1
AIASFGSSTY,1
AIGPFDDSTY,1
AIRWNGGYTY,1
AIFPYGSHTY,1
AMRWRGGGTY,1
AIHPYGSLTY,1
AIAPNGSHTY,1
AISWRGDCTY,1
AMRWNGSFTY,1
AIAQYGGYTY,1
AIAYVGDSTY,1
TISPSGRYTY,1
AIGPFGSSAY,1
AISPYGGSTH,1
AIRLSGNYTY,1
EITPFGYDTY,1
AIAPCGSNTY,1
AISWHGARTY,1
AISTFGNYTY,1
AIGPFGQYTY,1
AISPGVGFTY,1
ALSPYGYYTY,1
AMSPFGDYTY,1
AISTYGFTTY,1
AINPFGCHTY,1
AIRSFCGETY,1
AIAPYGDLTY,1
AIVPFGDLTY,1
AIAPYGDGTY,1
AISLFGSVTY,1
ALSWRGARTY,1
AISPFGHLTY,1
AINGFGNSTY,1
TIAPFGWSTY,1
TISPFGQNTY,1
AINPFGRCTY,1
EISPFGENTY,1
TISYRGGTTY,1
AIRSFGVHTY,1
AIRLWGCSTY,1
AIGTFGDWTY,1
AISQYCRTTY,1
EIGPFGSKTY,1
AITPFCWSTY,1
AIAPAGYYTY,1
AIAPAGAWTY,1
EIMMWGGSTY,1
AINPDGSKTY,1
AIAPLSQYTY,1
AIGPLGDFTY,1
AIAQFGGGTY,1
AIGPNGYYTY,1
AIRQFGDFTY,1
ATSPFGGDTY,1
AITMWGRSTY,1
AINPYGDLTY,1
AITPFGCATY,1
AILPIGSQTY,1
AISPWGFHTY,1
AISPYCGGTY,1
SIRPLGDKTY,1
AIDPFGNGTY,1
AISSFGEYTH,1
AILMWSRSTY,1
AINPHGRYTY,1
AIRWAGEYTH,1
AIVPWGNYTY,1
AINPFGGFTY,1
AIDPFGFQTY,1
AIVPYGRGTY,1
VIQYMGGSTY,1
VIRWRGGGTY,1
EISPFGSNTY,1
AIRPFGWSTH,1
AINHYGGSTY,1
TISPFGNNTY,1
AIGEYGSYTY,1
AIVPWGSYTY,1
AIASYGSYTY,1
AISPFGYKTC,1
AIGPFGNYTH,1
AIAPYGSDTY,1
AMSPFGSNTY,1
AISPFGWGTH,1
AIKPSGYRTY,1
EISPFGLSTY,1
AISPQGWRTY,1
AIRPFGCYTY,1
AIGVYGGSTY,1
AISPFVNSTY,1
AIRPYGLTTY,1
AISYDCSYTY,1
AVTPFGSYTY,1
TIAPFGWKTY,1
AMGPYGRYTY,1
SIQGYGGITY,1
AINPYGGYTH,1
AINWNGDYTY,1
AINPFGVGTY,1
AILPYGYKTH,1
TIHPFGSGTY,1
AISQFGNDTY,1
AIELRGGLTY,1
AXSPFGYHTY,1
AIAPWGYATY,1
VIKYVGGSTY,1
AISPFGYHIY,1
AIQPYGARTY,1
AISSDGDHTY,1
AISWYGVETY,1
AMSWDGSYTY,1
AIRSRGGYTY,1
AISPFSGYTY,1
AINYKGSSTY,1
AVGPFGDYTY,1
AISQFGFSTY,1
AIGPLGSQTY,1
AIGPFGEFTY,1
AISPFCKFTY,1
AITLYGGSTY,1
AIRPFGGFTY,1
VIVPYGRRTY,1
AISPFGQGTH,1
AISPWGGDTY,1
AIQMWGGSPY,1
AITYYGGSIY,1
AIQGFGGITY,1
TISPIGSGTY,1
AMRPFGGYTY,1
AIRWHGVDTY,1
TINPYGQYTY,1
AMSPYGYRTY,1
AISPIGKETY,1
AISPYGINTY,1
TISSFGRRTY,1
AISYVGCSTY,1
AIRWNGVETS,1
AIAPFGKYTN,1
AISTSGYRTY,1
AITPFGHETY,1
AISPFDGYTY,1
AISQFGHWTY,1
TISSFGDNTY,1
AIEVNGGNTY,1
AISQFGFQTY,1
ATSPFGSFTY,1
AIVYCGGSTY,1
VIMMWGGSTY,1
VIGPFGSTTY,1
AIAPFGNRTD,1
AIGPFGSLAY,1
AIRSFGCHTY,1
AIYPFGNYTY,1
AIAPFGLLTY,1
AISPFGDITC,1
AISPYGQYTN,1
EISPFGSYTY,1
AIAPYDDWTY,1
AMGPFGGNTY,1
AISPFAQNTY,1
AIGTFGHSTY,1
PITPYGSYTY,1
AITPFGVDTY,1
AIVPFGGWTY,1
AISPFDNWTY,1
AIGPFGWCTY,1
AMVPYGRHTY,1
AIQWAGEYTY,1
ATSPFGYETY,1
AIGPFGCFTY,1
AIGPFGGSTN,1
AISPFCSVTY,1
AINQYGIYTY,1
AISQFGSVTY,1
AIAPLGNSTY,1
AIGNFGSYTY,1
AIAPYGSYPY,1
AISPNGYDTY,1
AIAPFGWHAY,1
AISPFDSNTY,1
AISYDVSYTY,1
AMRPFGLGTY,1
RVSPFGLQTY,1
VITPFGSYTY,1
AIGTFGRSTY,1
AISPWGLGTH,1
VISPFGLSTY,1
AISQFGDNTY,1
SIGPFGGLTY,1
AINPYGKYAY,1
AIAPYGGFTY,1
AINPFGLRTY,1
AISPFGVDTY,1
AINPFGNDTY,1
AINSYGRITY,1
AICYLGGSTY,1
AISPFSGNTY,1
AMGPFGRGTY,1
VISPNGYLTY,1
AITPFGYDTH,1
AIRPLGKYTY,1
AIGEYGNYTY,1
AIMMWGGSAY,1
TIGPFGNSTY,1
TIRPWGSLTY,1
AIGPFGFDTY,1
AITPFGSYTH,1
AIGLFGYTTY,1
AIGTFGGNTY,1
AICPWGLGTY,1
TISPFGNATY,1
AIGPYGNLTY,1
AIISSGGSTY,1
AIGQFGKHTY,1
EIAPFGHKTY,1
AIDPFGGLTY,1
TIGPFGRQTY,1
AINYYGASTY,1
AIASFGKTTY,1
ATSPFGLHTY,1
AITPFGMGTY,1
AIDPFGYHTY,1
AISDYGQLTY,1
AIRWNGSATN,1
AISTFGLGTY,1
AINPFGNLTY,1
AIGPFGTRIY,1
AISYMDGSTY,1
AIGQFGSFTY,1
AIVPYGRRIY,1
AISPFGRATS,1
AIHPYSSYTY,1
AIAPFGDQTS,1
AISPFGSVTH,1
AITYMGDSTY,1
AISQYGGLTY,1
AIGPHGYYTY,1
PINYMGGSTY,1
AIVPFGQSTY,1
AISPNCLDTY,1
AISPFVYHTY,1
AIRPYGRYTH,1
AINSFGGYTY,1
AMSYDGSYTY,1
AIRVWGGSTY,1
AISPGGYETY,1
AIAPFCQNTY,1
VIAPFGNRTY,1
TIGPFGYETY,1
AINYVGGYTY,1
AISPWVIHTY,1
AIRFVGYETY,1
AICFMSGSTY,1
AINYNGYTTY,1
AIDPYGLYSY,1
AITTFGTITY,1
TINPFGHWTY,1
AISPNGNSTY,1
AISQFGEWTY,1
AIQPFGSYTY,1
AIYPYGSLTY,1
AITSFGEWTY,1
SISPFGQKTY,1
AITYVGCSTY,1
AITPFGNYTH,1
AIAPCGGYTY,1
VIRWNGLDTY,1
AISPFGSRTN,1
AIMMWGGSTH,1
AINYYGGYTY,1
AINLFGQNTY,1
TISPFGEWTY,1
AMRYLGGSTY,1
AISPIGYNTY,1
AIGYYGGSAY,1
AMSPYGSYTY,1
AIGTFGSSTY,1
AITTFGSYTY,1
VIAPFGYKTY,1
AMSPFGGWTY,1
ATAPFGNRTY,1
AIAPYGLHTY,1
AIATFGRHTY,1
TISPFGGDTY,1
AISPFGRTPY,1
AIGPFGIQTY,1
AICYIGGSTY,1
AISPYCSLTY,1
VIQPFGHSTY,1
AIIPFGQYTY,1
AISTFGGDTY,1
AIKPAGYRTY,1
AISPFGYETH,1
AIRRAGDYTY,1
AIKPYGHHTY,1
AISPFGNYNY,1
AIQSFGGHTY,1
TISPWGLGTY,1
AIHQFGSGTY,1
AISQYGFYTY,1
TISWDGSYTY,1
AINPGGSYTY,1
TIGPFGDWTY,1
VISPYGGRTY,1
AISPYCTRTY,1
TISPDGSKTY,1
AIIPFGSSTY,1
AIQYKGCSTY,1
AIRWNGHYIY,1
AISPFCSGTY,1
AISPFGIGTF,1
AIGQFGNITY,1
TISWRGDRTY,1
AIAPRGGWTY,1
AIAPFGGYIY,1
AITPFGPLTY,1
AIKMWGGSTC,1
AIGEYGAYTY,1
AISLFGRTTY,1
AIAPFGRCTY,1
AMRILGLGTY,1
AIPPYGSNTY,1
AIAPWSFRTY,1
VIEPFGGKTY,1
AISPFGLPTY,1
AIGPYGQSTY,1
AISRFGYSTY,1
AISPFGYKAY,1
AILSYGNYTY,1
AISLFGSLTY,1
AMSPFGSTTY,1
TISPFGLTTY,1
AINYNSYRTY,1
AIGPYGEYTY,1
AISPYCTKTY,1
AITMWGGSTF,1
AISYYGGPTY,1
AISPWGGYAY,1
AINPFGTQTY,1
AILPLGYHTY,1
AIQWNSGLTY,1
AIVPFGSNTH,1
AIAMWGDSTY,1
AICPFGSRTY,1
TIGPFGNGTY,1
AIAPFCNTTY,1
AILPYCSFTY,1
AIDPFGLATY,1
AIAPFGLRTD,1
AIGPFGRRTY,1
AMGPYGLRTY,1
AISDLGEKTY,1
AIGPLGNETY,1
AISSFGLTTY,1
AISPGCGWTY,1
AICPFGRGTY,1
AIRIYGYSTY,1
AVAPFGSYTY,1
AISPVGSITY,1
AIAPLGYKTY,1
TIGPFGNITY,1
AIGPFDRSTY,1
AIKPFGMTTY,1
AIAPFGGETY,1
AIGPYGYTTH,1
AIGRFGGYTH,1
AISQFGGGTY,1
AIRLSGSYTY,1
AISPYGNYAY,1
AIVPRGDWTY,1
AIVPRGGVTY,1
VISPYGAYTY,1
AIRSFGDHTY,1
AMAPFGSNTY,1
SIRPFGGRTY,1
AIVPCGGATY,1
AIPYVGGYTY,1
AINPYGEKTY,1
AIGPRGNRTY,1
AINPYDKYTY,1
TIRPIGSYTY,1
AINWCGSYTY,1
AITPQGGLTY,1
AIAPFGHQTH,1
EISPFGYTTY,1
AIRQWGYQTY,1
AIQYSSGSTY,1
SIVPFGGDTY,1
SIVPFGGYTY,1
AIRPFGYRTH,1
AIGPFGLNTY,1
PISPFGYQTY,1
AIRPFGGDTN,1
AIAYVGVSTY,1
AIAPYGGDTY,1
AIRYASDFTY,1
AIVPFGFRTY,1
AIDPFGKLTY,1
AIRSFCRETY,1
AIAPYGFKTY,1
AISPSGDVTY,1
AIRFMGGSTY,1
AISHSGGSTY,1
AIRPYGEYSY,1
AIKPFGCHTY,1
AISQFGKATY,1
AINYVGCSTY,1
AIVQYGSRTY,1
AIAPFGQSNY,1
AISPYGRGTY,1
AIAPSGLNTY,1
AIGLDGEYTY,1
AISPYGHKTY,1
AIRLDCFATY,1
TIRPFGQWTY,1
AIRPFGAYTY,1
AINQFGHWTY,1
AIRPYGIYTY,1
VISPFADYTY,1
AISSYCDYTY,1
AIYPYGDLTY,1
AMSPFGRATY,1
AISQFGSFTY,1
AINYYGGSAY,1
VISPRGNRTY,1
AMRPFGGDTY,1
AIRQFGFNTY,1
AITMWGRKTY,1
AIAPFGKYIY,1
AISPYGYRAY,1
AISYDGSYIY,1
AISLYGYFTY,1
TIAPFGNTTY,1
AIDPLGNNTY,1
AIGMWSGSTY,1
AINPYGRITD,1
AIDPWGDYTY,1
AISTFGYQTY,1
AIAPWSQYTY,1
AINPFGKLTY,1
AIGGFGAHTY,1
AIVNSGHYTY,1
AISTYGYKTY,1
AISRRGARTY,1
SISPNGSSTY,1
AISYMGSSTY,1
AIGHFGGYTY,1
AIPMWGGSIY,1
AIVQFGNYTY,1
AITMWGGSIY,1
AIAPFGHKTD,1
AINWCGNYTY,1
AISYDGRYTY,1
AIAPYGSWTY,1
AIVPYGGPTY,1
AISPSGGWTY,1
AITQFGNYTY,1
AITPFGCRTY,1
VIRPFGLETY,1
AIGPFCNYTY,1
VIAPFGLRTY,1
VIHPYGRRTY,1
AIRWNGDGTY,1
AISPFGNYTD,1
AILLYGNLTY,1
AISQYGWPTY,1
AIKPNGVHTY,1
AISDYGLGIY,1
AIKMWGSSTY,1
AISPYGYYTH,1
AIAPFGNRAY,1
AISTFGYKTY,1
AIRMGGGTTY,1
EIAPFGSWTY,1
AISPFGLLTY,1
AICPFGEYTY,1
AIRQFGLETY,1
AIAPIGKKTY,1
TISPFGGFTY,1
AIGPLGYTTY,1
AIVPYCRHTY,1
AISPFGQKPY,1
AILQYGSFTY,1
TIAPYGKYTY,1
AIMMRGRSTY,1
TIRPFGNYTY,1
AIAPFGLNNY,1
AMGPFGNLTY,1
EISPYGSRTY,1
VIQGYGGITY,1
AISLYGEYTY,1
AIKPFGVTTY,1
AIYPFGQGTY,1
AIRWHGVKTY,1
SISGYGSYTY,1
AIVYKGRSTY,1
AIKSMGGSTY,1
AISQYGIGTY,1
AMSPWGYATY,1
AIRPYSSWTY,1
AITQFGVETY,1
AMAPYGSFTY,1
AITHRGGWTY,1
AISPFGIYTY,1
AISLYGGYTY,1
TIRPYGEYTY,1
VISWDGSYTY,1
AIRWIGNQTY,1
AMSPFGSLTY,1
AINDYGWRTY,1
AIKPFGQKTY,1
AIATWGNYTY,1
ATINSGHYTY,1
SISPFGQNTY,1
AILPFGNGTY,1
AIQACGNYTY,1
AIAPYGNLTY,1
AMETFGGRTY,1
AISDYGERTY,1
AISPFGYSTD,1
AIAYVGGSTN,1
TIPMWGGSTY,1
TIAPFGSWTY,1
AISPFCQITY,1
AMPMWGGSTY,1
VISMRGGSTY,1
AISNSGHYTY,1
AIIYKCGSTY,1
AITYYGCSTF,1
AIAYAGCSTY,1
AIVPSGGYTY,1
AISPIGSGTC,1
AIQMWGGLTY,1
AIAQFGYQTY,1
AISKVSNDTY,1
AICDYGTRTY,1
AIAPKGYSTY,1
AIVPYGGITY,1
AISPFGSHNY,1
AIMYIGGSTY,1
AINPFGGKTY,1
AISPFGSYAY,1
AIRMNGDSTY,1
AISAFGGYTY,1
ATAPFGSSTY,1
AIGQFGEYTY,1
AISPFGAYTH,1
AIQHMGGSTY,1
AIQYCGGSTY,1
AIVPYGSATY,1
AIGPFGGYTH,1
AIAPFGEQTY,1
AILPYGSFTD,1
AIAPFGGKTC,1
RYIRMVAVPI,1
ARRLDGFATY,1
AIGLFGSRTY,1
AIEPFGLNTY,1
AIAPFGTHTY,1
AIMYYGCSTY,1
AIIPYGGRTY,1
AISPVGSGTY,1
AISTFGSKTY,1
AISYFGGSTH,1
ALHPYGRRTS,1
AIQYKGGSTD,1
AIAMWGGYTY,1
AIAPFGYRTN,1
AIRWDGDETY,1
AIDPVGSQTY,1
AISPFSANTY,1
AITPFGNITY,1
AIKCNGSYTY,1
AVNPFGGYTY,1
AIAPFCSNTY,1
AIRQWGGSTY,1
AISTFGGITY,1
VIGPFGSSTY,1
AINPLGLKTY,1
AIAYYGCSTY,1
AIRMNGGLTY,1
AITPFGEWPY,1
AINNNGYRTY,1
AISFYGGSIY,1
AMGYVGGSTY,1
VIAPFGLSTY,1
AVRWNGDETY,1
AITPFGIVTY,1
AMAPFGKYTY,1
AIRLWGDSTY,1
AITPYGRETY,1
AISPVGQNTY,1
AISTFGGATY,1
AIRPFGDRTY,1
AIGPNGEWTY,1
AIGPCGGFTY,1
TIAPFGQSTY,1
EITRFGGYTY,1
AMGPFGGRTY,1
AIDPFGSTTY,1
AISGTCNRTY,1
AIAPSGRRTY,1
AINPLGDITY,1
AISPFGGSIY,1
AIDPYGRRTY,1
EISPYGYYTY,1
AISEYGYHTY,1
AIGPFGSRTH,1
AINPFGWSTY,1
AIGPFGGIIY,1
AIMMWGSSTY,1
AIVPFGLRTY,1
AIAPFGQNTH,1
AIRMWGGSIY,1
AISPYGVGTY,1
AILQYGTYTY,1
AIGPVGKATY,1
AISPWGHHTY,1
AIGQFGNLTY,1
AMVPFGNNTY,1
AIAPRGHYTY,1
AITPYGLDTY,1
AIRPSGCDTY,1
AIEPFGFDTY,1
TISPYGAYTY,1
AIVSFGGKTY,1
AIVPRGGYTY,1
AINPYGHFTY,1
AISTFGISTY,1
AIFPFGKGTY,1
AIRLWGGPTY,1
AISPYGYFTY,1
TISPFGKFTY,1
AIDFMGCSTY,1
TISPFGYGTY,1
AIRPYGLSTY,1
AIDPYGEWTY,1
AISPWGQCTY,1
AISPFCYQTY,1
AINPFVGHTY,1
AINPYGKRTY,1
AIVLFGGRTY,1
AMRPWGDYTY,1
TISDYGRSTY,1
AIGPFVNHTY,1
AICGNGSKTY,1
AINIYGDYTY,1
AINCMGGSTY,1
AISPYGGCTY,1
AISPLGINTY,1
VIRWAGEYTY,1
AIGQFGYNTY,1
AIQPFGSDTY,1
AIYCMGGSTY,1
AISPGSAFTY,1
AIAPYGKYAY,1
AIMHNGGSTY,1
AITPFCQRTY,1
AIGPLGINTY,1
AITYWGGPTY,1
AISEYCYATY,1
AIAPWGRYTY,1
AILPYGGHTY,1
AISPFGRQTH,1
AISLFGGWTY,1
AIVPWGGRTY,1
AIVPYGTRTD,1
AIGPFDGSTY,1
AIRWRDYGTY,1
AIRYAGYFTY,1
AIAPYGAYTH,1
AINPYGDYIY,1
AINSFGSRTY,1
AIHPYGKYTY,1
TIRYAGYYTY,1
AISPAGYNTY,1
VISPYGRRTY,1
AIAPYCKLTY,1
VITPFGETTY,1
AIADYGHYTY,1
AIKMLGGSTY,1
AISPFVHKTY,1
AINPYGNKTY,1
AISPFGMHTY,1
AIGTFGDLTY,1
AINPFGANTY,1
AISPFCINTY,1
AINMWGGSTH,1
AIQYCGNYTY,1
AIAPFGYDTH,1
TISPFGSTTY,1
AMRFSGAYTY,1
AIAPYGHRTY,1
TIGPFGYTTY,1
AIVPFGHVTY,1
AISQFGNHTY,1
AIAPYCGYTY,1
AIRHSSWGTY,1
AIQYYGGSTH,1
AIVPFGHGTY,1
AISPFGSLAY,1
AIRLWGYQTY,1
AISPYGYYTD,1
AITPFGWDTY,1
AIRPFCYSTY,1
AISQGGAFTY,1
AIRSFGDFTY,1
TITYMGGSTY,1
AISTFGGSTY,1
AIMMWGDSTY,1
AIGSYGVCTY,1
EISPYGGRTY,1
AIGPYGNHTY,1
AIGLFGSVTY,1
AIRPFCFSTY,1
AINWNGRYTY,1
AIAPFGIHTY,1
EISPFGYRTY,1
AIMMRGDSTY,1
AIQVYGNYTY,1
AICPFGDKTY,1
AINPFGDDTY,1
VIVPFGGDTY,1
TIRMWGRSTY,1
TISWRGNYTY,1
AIDPFGHTTY,1
AIVPRGQLTY,1
AINPFGARTY,1
AISPNVVYTY,1
AIHPYGYLTY,1
AISPYGMYTY,1
AISPFCDKTY,1
AIRSFGHETY,1
TIDLYGNYTY,1
AISFYGCSTY,1
AISSNGKWTY,1
AIVPYGRLTY,1
AISSRGNRTY,1
AISPMGDQTY,1
AIAPFCWKTY,1
AIKLYGWRTY,1
AITPFSSHTY,1
AIPVWGGSTY,1
AISQFGDATY,1
VIQYRGNYTY,1
AISPFGTPTY,1
AISTGGLETY,1
AIGFYGDSTY,1
AIEPFGRNTY,1
AIRAFGGDTY,1
AISPFGYGTF,1
SIRPFGLETY,1
AQIQYGSRTY,1
AISPFGNRNY,1
TIAPFGSLTY,1
AISQFGRHTY,1
AISSDGKVTY,1
AIGPFGYGTY,1
AIQPFGPSTY,1
AIRFSGAYAY,1
AIAPYGDKTY,1
AILYAGDFTY,1
AMQPFGDRTY,1
AIFYMGVSTY,1
AISPFGKWTY,1
AIGPFGSWTY,1
AIRPFGLRTY,1
AITQWGSYTY,1
AIQPFGYHTY,1
AIGPSGRLTY,1
PITPFGSFTY,1
AIRWNCDYTY,1
ALNPYGRITY,1
AIPWNGVETY,1
