Count_CDR2,count
AIRWNGVETY,142878
AITEYGYATY,110156
AISEYGYATY,44842
AISPYGEYTY,42995
AINPYGRITY,40100
AISEYGYGTY,31170
AIRWNGDYTY,25567
AIRWNGDETY,23493
AISYDGSYTY,19241
AISPYGYYTY,14244
AIAPFGEYTY,13228
AISPFGGYTY,11331
AINPYGRRTY,11228
AISPYGGYTY,11024
AISPFGYSTY,10807
AIAPYGEYTY,9669
AIVPYGRRTY,8985
AIRWNGVSTY,8939
AIAPFGLSTY,7612
AISPYGDYTY,7556
AISPYGNYTY,7291
AIAPFGGYTY,7269
AISPFGNYTY,5918
AISEYGYSTY,5912
AISPFGGRTY,5639
AISEYGWGTY,5278
AIAPFGQNTY,5151
AISPYGSYTY,5004
AISPFGSYTY,4829
AISPFGYRTY,4665
AIRMWGGSTY,4475
AISPFGWNTY,4449
AISPWGNYTY,4200
AISWDGNYTY,4167
AISPFGGWTY,4060
AISPYGRYTY,4046
AIAPFGISTY,4020
AIAMWGGSTY,3989
AISWDGSYTY,3735
AISPFGRYTY,3731
AISPYGKYTY,3726
AISPFGDSTY,3500
AIVPYGTRTY,3358
AIAPFGYSTY,3257
AIEYYGGSTY,3244
AISPFGYGTY,3156
AISPFGLSTY,3076
AISEYGYYTY,3001
AITFWGGSTY,2990
AISPFGDYTY,2839
AIAPFGYQTY,2811
AIGPFGSYTY,2803
AIAPWGSFTY,2716
AISPFGYNTY,2666
AISPLGYSTY,2642
AIRPFGLETY,2641
AIGPFGGTTY,2632
AIRWNGSATY,2625
AISPWGLGTY,2614
AIMMWGGSTY,2604
AISPFGNRTY,2368
AISPFGYKTY,2358
AISPFGKYTY,2331
AISPFGGNTY,2311
AISPYGYRTY,2283
AISPYGAYTY,2268
AISPFGYTTY,2255
AISPFGASTY,2254
AIGPQGYYTY,2208
AIGPFGGYTY,2188
AIAPYGSYTY,2184
AISPFGNWTY,2172
AISPFGRQTY,2129
AINYMGGSTY,2126
AISPFGYHTY,2101
AIVMWGGSTY,2063
AISPFGNSTY,2055
AISKVGNDTY,2042
AISPYGSHTY,1985
AIAPFGYHTY,1945
AISPFGFSTY,1906
AISPFGGDTY,1889
AITEYGYYTY,1886
AISPFGFNTY,1846
AISPWGGYTY,1835
AISPFGIGTY,1816
AISDYGYYTY,1811
AISPFGSSTY,1807
AIAPFGYRTY,1737
AISPYGSRTY,1700
AIAPFGYKTY,1647
AISPFGNNTY,1647
AISDYGDWTY,1644
AISPFGGSTY,1642
AISPFGGLTY,1630
AISPFGSRTY,1596
AISPYGHYTY,1593
AISPFGSNTY,1591
AINPFGGYTY,1571
AISPFGQGTY,1520
AIAPYGGYTY,1504
AIAPFGKYTY,1502
AISPFGGFTY,1499
AIAPFGSYTY,1492
AIAPFGNRTY,1475
AISMWGGSTY,1471
AISPFGYATY,1457
AISPYGQYTY,1444
AIAPFGYNTY,1436
AISYMGGSTY,1431
AIAPFGLRTY,1383
AISPFGSLTY,1375
AIGPFGSSTY,1363
AIGPFGDSTY,1359
AIGPFGDYTY,1354
AISDYGDYTY,1276
AISPFGGTTY,1272
AISPFGEYTY,1271
AIAPFGSHTY,1252
AISPFGLRTY,1243
AISPFGHYTY,1226
AIAPFGQYTY,1210
AISPFGLNTY,1205
AISPFGYETY,1201
AIPYMGGSTY,1200
AIGPFGSGTY,1187
AISWRGDRTY,1184
AIGPFGGSTY,1159
AIAPFGSSTY,1151
AISPFGEWTY,1143
AISPFGRTTY,1143
AIGPYGSYTY,1138
AISPFGYQTY,1126
AITPYGGYTY,1123
AISPFGENTY,1111
AIGPFGDRTY,1106
AISPFGGATY,1095
AITPFGEWTY,1093
AISPFGDHTY,1092
AIKMWGGSTY,1074
AISPFGGHTY,1066
AISYYGGSTY,1065
AINPYGKYTY,1063
AISPFGISTY,1060
AIAPFGKSTY,1043
AIAYMGGSTY,1032
AIGPFGDWTY,1029
AITMWGGSTY,1017
AISPFGLKTY,1017
AISPFGLTTY,999
AISPFGDRTY,994
AIAPFGWSTY,990
AINWNGKYTY,987
AISPFGQYTY,980
AISPFGDWTY,966
AISPFGRSTY,949
AIAYVGGSTY,945
AIQMWGGSTY,944
AISPFGGPTY,922
AISEFGGYTY,920
AIGPFGERTY,917
AISPYGDWTY,912
AISPFGKSTY,905
AIAPFGRRTY,899
AISPFGGETY,897
AIAPFGHKTY,890
AISPFGDLTY,886
AINPYGQITY,884
AIAPFGASTY,883
AISPFGNQTY,876
AIAPFGNYTY,875
AISSYGDYTY,875
AIRPFGGDTY,859
AIAPFGNSTY,857
AISPWGYATY,851
AINPYGSYTY,844
AIDPYGLYTY,844
AIAPYGDYTY,843
AIAYYGGSTY,840
AILPYGDYTY,832
AISPYGTYTY,820
AIAPFGGTTY,814
AIRWSGNQTY,804
AISPWGGWTY,797
AIAPFGGQTY,790
AISPYGNRTY,790
AIGPFGSFTY,785
AIGWDGEYTY,780
AIAPFGLTTY,774
AISPFGHSTY,772
AISPFGSHTY,772
AINYYGGSTY,758
AISPFGLGTY,756
AISPYGYSTY,750
AIAPFGDRTY,749
AISPFGQRTY,748
AIGPFGGGTY,744
AIRPFGYHTY,738
AISPFGANTY,738
AIGMWGGSTY,738
AIAPFGNLTY,730
AIGPFGGLTY,727
AISPWGYHTY,715
AISPGGDHTY,711
AIAPFGYTTY,711
AIAPFGRNTY,708
AISPFGGVTY,703
AISPFGGGTY,702
AIIYSGGSTY,701
AIRYMGGSTY,700
AIGPFGNITY,700
AIGPFGRSTY,698
AIQYMGGSTY,695
AISPFGSWTY,694
AISPRGEATY,682
AISPFGQKTY,681
AISPFGYDTY,678
AITYMGGSTY,664
AIGPFGSRTY,663
AISEFGWNTY,662
AIAPYGKYTY,661
AISPFGSTTY,660
AISPFGLDTY,659
AIMMRGGSTY,657
AIGPYGNYTY,656
AIPMWGGSTY,654
AISPYGGGTY,652
AIGPFGGHTY,648
AISPFGQNTY,643
AISPFGRGTY,639
AISPFGDATY,638
AIRPFGYDTY,637
AINMWGGSTY,635
AISPFGFKTY,633
AIGPFGRGTY,630
AINPYGQYTY,629
AISPYGTRTY,624
AIGPFGHYTY,623
AISPFGNFTY,620
AIGPFGSQTY,619
AISPFGAYTY,619
AISYVGGSTY,617
AIGPFGGRTY,615
AIIMWGGSTY,609
AIAPWGGRTY,608
AIGPFGNGTY,603
AISPFGNTTY,602
AITPYGSYTY,597
AISPWGGHTY,595
AINPYGGYTY,595
AISPFGFDTY,586
AIAPYGYYTY,585
AILMWGGSTY,584
AISPYGDRTY,583
AINPYGRYTY,583
AISPYGLYTY,581
AISPYGGRTY,577
AISEWGYRTY,575
AILPYGNYTY,574
AIGPFGTRTY,567
AITYKGGSTY,565
AIKWNGYYTY,564
AIAPFGRGTY,560
AISPFGGQTY,557
AISPFGDNTY,553
AIGPYGESTY,552
AISPFGERTY,551
AIDPYGYYTY,549
AIRWNGSSTY,545
AIGPFGHTTY,542
AIRWNGSFTY,539
AISPYGDFTY,535
AIRPFGYRTY,531
AISPYGSKTY,529
AIIYMGGSTY,528
AISPFGDKTY,527
AIIMRGGSTY,525
AIAPFGRTTY,524
AIVYMGGSTY,524
AITYYGGSTY,523
AIDMWGGSTY,522
AISPFGSFTY,519
AINPFGGRTY,518
AIGPFGEQTY,517
AISDFGEKTY,512
AISPFGRATY,510
AIAPFGGRTY,509
AISPFGRRTY,508
AIGPFGNYTY,507
AISEYGSYTY,504
AISPFGDITY,503
AIGPYGYTTY,500
AISDYGTRTY,498
AIGPFGSTTY,489
AISPDGSGTY,488
AIAPFGGKTY,488
AISPFGLHTY,487
AIKIDGKTTY,486
AIGPFGYETY,483
AIMYMGGSTY,483
AIRWNGLDTY,481
AIGPFGSKTY,480
AISPYGSFTY,476
AISPFGTSTY,474
AISWRGARTY,472
AISPYGLRTY,470
AITPFGNYTY,468
AILYMGGSTY,467
AISPYGEITY,465
AISDYGRYTY,465
AISPFGLATY,464
AISPFGNLTY,463
AISPYGDQTY,462
AIAPYGRYTY,461
AIAPFGYETY,458
AIGPHGNNTY,457
AIRWAGDYTY,454
AISPFGINTY,452
AISPFGTNTY,451
AIRYNGGSTY,448
AIMYNGGSTY,447
AIAPFGARTY,446
AILPYGDRTY,446
AITPFGGYTY,446
AISPFGNATY,445
AISSYGSYTY,444
AIAPFGFRTY,442
AISPFGLETY,439
AIGYMGGSTY,435
AIAPFGQSTY,435
AINPYGYYTY,431
AIGPFGSVTY,431
AIGPFGSHTY,428
AITPYGRYTY,424
AISPFGSKTY,424
AIAPFGHWTY,422
AIAPLGHSTY,421
AIAPFGSWTY,419
AISPFGFTTY,412
AISPFGRNTY,408
AISPYGGSTY,405
AISPAGNYTY,404
AIKYVGGSTY,402
AIRWNGRYTY,402
AISPYGNSTY,401
AISPFGLQTY,399
AIVYKGGSTY,398
AISPFGNDTY,396
AISEYGEYTY,395
AITPFGYDTY,395
AIRYKGGSTY,394
AISPFGFRTY,393
AISPFGDVTY,392
AISPDGYKTY,389
AISPFGSITY,389
AISPYGGLTY,388
AIMYTGGSTY,388
AISEYGDYTY,388
AIRYTGGSTY,387
AISEYGFYTY,387
AISPFGELTY,386
AIQPFGDRTY,380
AISPFGDGTY,377
AITPFGSYTY,377
AIAPLGISTY,376
AISPFGSVTY,374
AIAPFGNVTY,372
AIRWNGGSTY,370
AISFYGGSTY,369
AIAPFGLQTY,369
AISPFGKLTY,366
AISPFGESTY,365
AIAPFGIRTY,365
AISPLGGYTY,364
AISPFGKATY,362
AISPFGNETY,362
AISPFGKHTY,361
AISPFGIRTY,361
AISPFGDQTY,361
AISPYGGWTY,360
AISSYGRYTY,360
AISPFGARTY,359
AISPDGYNTY,359
AISPFGNITY,357
AIVYVGGSTY,357
AIGPFGYTTY,356
AIAPFGHQTY,355
AIRYVGGSTY,355
AISSFGDGTY,355
AIAPFGDTTY,353
AISYKGGSTY,353
AISPYGFYTY,353
AISPYGQTTY,352
AIRMNGGSTY,351
AISPYGYKTY,350
AISPYGKITY,350
AIKYMGGSTY,347
AIGPFGNNTY,345
AIQYRGNYTY,344
AICMWGGSTY,342
AIAPYGGRTY,342
AITPYGYYTY,338
AIAPFGDSTY,336
AIMYVGGSTY,335
AITPYGKYTY,332
AIINSGHYTY,332
AIGPFGNHTY,332
AISPNGYYTY,331
AIGPFGWSTY,328
AIGPFGYNTY,328
AISPYGDSTY,327
AISPWGDLTY,326
AISPFADYTY,324
AISPFGKNTY,324
AIGPYGYYTY,324
AIGPWGDYTY,323
AIAPYGGITY,323
AIDYMGGSTY,322
AISPWGYETY,322
AISPFGQVTY,322
AIDPYGRYTY,321
AIAPFGRKTY,320
AIAPFGNNTY,318
AISYSGGSTY,316
AIAPFGRSTY,316
AISEYGEWTY,314
AITPYGEYTY,313
AISPRGDWTY,313
AISEAGYHTY,312
AIGYVGGSTY,311
AISPYGEKTY,308
AIRLWGGSTY,307
AIQWNGGLTY,306
AINPYGDYTY,304
AISPFGQATY,304
AIRWNGDATY,304
AIDVYGQNTY,303
AIDPYGNYTY,302
AIGPFGDKTY,300
AISPYGEWTY,300
AIAPSGYKTY,300
AIGWDGGYTY,299
AISPFGNGTY,298
AIIYNGGSTY,297
AISPFGWETY,296
AIQYVGGSTY,295
AIAPYGEWTY,295
AIRPFGYETY,295
AISPFGKETY,293
AIGPFGGFTY,292
AIVMRGGSTY,291
AINYNGYRTY,289
AIRWRGGGTY,288
AISPFGVTTY,287
AISPNGRYTY,287
AISPFGGKTY,286
AIRMGGGSTY,286
AITPFGVETY,285
AISDYGNYTY,285
AISPLGYYTY,284
AIGPFGDFTY,282
AISDYGYNTY,282
AIGPFGNSTY,281
AILPYGGYTY,281
AIAPFGYDTY,280
AITPYGNYTY,280
AILPYGSFTY,280
AIGPYGQYTY,280
AIAPFGGGTY,279
AIRPFGWSTY,276
AISPYGERTY,276
AISPFGHVTY,276
AISPYGRRTY,273
AISYNGGSTY,272
AISPYGNLTY,272
AIAPFGSNTY,271
AIRPFGYSTY,271
AISPFGHQTY,270
AINYVGGSTY,270
AIAPYGSFTY,269
AIVPFGGRTY,269
AIRPFGWDTY,268
AIAPYGNYTY,267
AIEYMGGSTY,266
AISSFGEYTY,266
AIDSYGNYTY,266
AIRWDGYYTY,266
AISNNGYRTY,265
AIAPFGKRTY,265
AILYVGGSTY,263
AISPYGTWTY,263
AISPWGGKTY,262
AISPYGARTY,262
AIFYMGGSTY,262
AISPYGDLTY,261
AISPDGWTTY,260
AIGPFGEVTY,260
AIIYYGGSTY,260
AIAPFGRYTY,259
AISPRGNWTY,259
AITDYGYYTY,258
AISHGGGYTY,258
AISPFGRDTY,258
AIAPFGSRTY,257
AISPYGSLTY,257
AISPFGSQTY,255
AIYPYGGGTY,255
AIAPWGSYTY,252
AISPRGDRTY,252
AISPYGFTTY,252
AISPRGDYTY,252
AISPDGKVTY,252
AISPNGKRTY,252
AIAYKGGSTY,251
AIIYKGGSTY,251
AIRPFGNYTY,251
AIGPFGSLTY,250
AINSRGDRTY,250
AISPFGFETY,250
AILYYGGSTY,250
AIQYKGGSTY,250
AIGPYGSWTY,250
AISPLGWQTY,250
AISPYGGTTY,250
AISPYGTKTY,248
AIAPFGGDTY,248
AISPFGIQTY,247
AIAPFGTRTY,247
AIAPFGEWTY,246
AIAPYGAYTY,246
AISPFGRFTY,245
AIRPFGYNTY,245
AIAPFGNTTY,245
AINWSGSRTY,245
AIAPFGLNTY,244
AISPYGQLTY,244
AIAYAGGSTY,244
AIPYVGGSTY,243
AIGSFGGNTY,243
AISDYGSYTY,243
AIEPFGGKTY,243
AISNRGEWTY,242
AIGPRGARTY,242
AIAPYGNRTY,242
AIGPYGDYTY,241
AISPLGNSTY,239
AISPYGYNTY,239
AITPFGSHTY,237
AIAPFGHYTY,237
AISPRGGWTY,236
AISPNGDYTY,236
AIIYVGGSTY,235
AISPDGSKTY,235
AIRPYGEYTY,235
AIAPFGDYTY,234
AIRYYGGSTY,233
AISPYGDKTY,232
AISPFGGITY,232
AIGPFGRKTY,231
AIHYMGGSTY,230
AISYRGDWTY,229
AIRMRGGSTY,229
AISSTGGWTY,228
AIYPFGGGTY,228
AIRPYGRYTY,228
AIGPYGGYTY,228
AIFPYGSYTY,227
AINSFGNSTY,226
AIGYKGGSTY,226
AIQPFGSNTY,226
AIAPFGYGTY,224
AIGPFGYQTY,223
AIRMHGGSTY,222
AIDPYGKYTY,220
AIRPFGEYTY,218
AISPSGRYTY,218
AISPNGFYTY,217
AITPFGSLTY,217
AICYMGGSTY,217
AISPFGSETY,216
AIDPYGSYTY,216
AIQPFGNKTY,216
AIYYMGGSTY,214
AISEYGTYTY,214
AIAPWGRSTY,213
AISPYGGKTY,213
AISPYGQSTY,212
AIRWNGHYTY,212
AITEYGNYTY,211
AIRPFGSETY,211
AIDDYGRYTY,210
AIRPFGQETY,210
AIDYYGGSTY,210
AISPFGEVTY,209
AIRFAGTETY,209
AISPFGRITY,209
AIVPFGGYTY,208
AIGPYGGNTY,208
AIAPFGGFTY,208
AIGPPGEYTY,208
AISPYGNKTY,208
AIRPFGRSTY,208
AISPFGSGTY,207
AIGPFGGITY,205
AITPFGLSTY,205
AITEYGYVTY,204
AISSYGGYTY,204
AISPYGKRTY,204
AISPLGGSTY,203
AISPIGNWTY,202
AIDLYGNYTY,201
AITFYGGSTY,201
AIRPFGHSTY,201
AIAPFGSQTY,201
AIAPFGHHTY,201
AINDYGSNTY,200
AISPFGATTY,200
AISPNGKWTY,200
AISEYGDLTY,200
AIFYKGGSTY,199
AISPDGYSTY,197
AIHPFGSGTY,197
AIRWAGDNTY,197
AISDYGLTTY,196
AISYRGGTTY,196
AILYKGGSTY,196
AIGPFGFNTY,196
AISPNGYRTY,195
AISPYGEFTY,195
AIAPFGGWTY,195
AIYPYGNYTY,195
AIAPFGVDTY,194
AISASGGRTY,193
AIFPDGRTTY,193
AISPFGRVTY,193
AIGPYGGTTY,192
AIRPWGYQTY,192
AISDYGYRTY,192
AIGPYGYSTY,191
AISPYGHRTY,191
AISPFGRLTY,191
AISPYGEETY,191
AITPDGNYTY,191
AILPYGEFTY,191
AITPFGLDTY,191
AISPLGYATY,191
AISPFGAQTY,190
AISYDGKYTY,190
AISDYGLGTY,189
AISSFGDNTY,189
AIAPFGWHTY,188
AIVPFGNYTY,188
AIAPFGNKTY,187
AISEYGNYTY,187
AISHNGGSTY,187
AITPYGDYTY,187
AIAPFGHGTY,186
AIAPWGRRTY,186
AISPYGLTTY,186
AIFPYGRYTY,186
AIKPFGGHTY,186
AISPFGKFTY,185
AISPWGGFTY,185
AIRYAGYYTY,185
AIQYYGGSTY,184
AISPFGEKTY,184
AISPRGDLTY,183
AIGEFGYYTY,183
AIGYNGQLTY,183
AISPDGAVTY,182
AIQMRGGSTY,182
AITPFGIGTY,182
AIRWNGHSTY,181
AIGPYGLRTY,181
AISPLGYQTY,181
AISPFGTVTY,180
AISPFGRHTY,180
AIGPFGRNTY,179
AISPYGKFTY,179
AIRWNGNYTY,179
AIGPFGAYTY,179
AIGPFGHSTY,179
AIGPFGDVTY,178
AITPGGRSTY,178
AITPFGYSTY,178
AINWNGKSTY,178
AITPFGNSTY,177
AIDPYGGYTY,177
AIQPFGERTY,177
AIRPWGGSTY,176
AINPYGNYTY,176
AISPFGKTTY,175
AITYVGGSTY,175
AISPFGVGTY,175
AITPFGKSTY,174
AISDFGGYTY,174
AISPFGQETY,174
AISDNGLKTY,174
AINPYGGLTY,173
AISPFGWSTY,173
AISPGGLYTY,173
AISPFGIKTY,173
AIRMQGGSTY,173
AIHPYGRRTY,173
AISPNGYNTY,173
AIHYKGGSTY,172
AIGPFGGNTY,171
AISEYGGYTY,171
AIRPFGDSTY,171
AISPWGSTTY,171
AIRPFGGYTY,169
AIGPFGRTTY,169
AIRSFGGETY,169
AISPEGSYTY,168
AIGDFGSYTY,168
AIGPFGNVTY,168
AILPYGQYTY,168
AIRAYGNYTY,168
AIAPRGYRTY,167
AIAPFGQGTY,167
AISPDGKTTY,167
AIMIWGGSTY,166
AIGPLGYSTY,166
AISPLGDSTY,166
AISPYGDVTY,166
AITPFGEYTY,165
AISPRGGYTY,164
AISQYGRTTY,163
AISPLGNRTY,163
AIVPFGGDTY,162
AISPYGIGTY,162
AISPFGFQTY,162
AISPLGSYTY,161
AISPNGYTTY,161
AIRMSGGSTY,161
AISSFGRDTY,161
AISPYGQWTY,160
AIFYYGGSTY,160
AISPSGKNTY,159
AINPYGEYTY,159
AISPWGYRTY,159
AIMFYGGSTY,158
AIDTYGNYTY,158
AISPFGIETY,158
AISPDGSYTY,157
AISPNGGYTY,157
AISPFGFGTY,157
AITPFGEFTY,157
AISSYGHYTY,156
AISPVGGRTY,156
AISPYGGETY,155
AIAPNGYRTY,154
AITPFGDYTY,154
AINPYGSFTY,154
AIQGYGGITY,154
AINPYGLYTY,154
AISPNGEWTY,154
AINPYGYSTY,154
AIRPFGSDTY,154
AISDNGQYTY,153
AILPYGRYTY,153
AISGYGSYTY,152
AISPYGGITY,152
AIVPFGDYTY,152
AIQPFGKETY,152
AISPNGYSTY,152
AIAPFGLKTY,152
AILPNGSQTY,152
AIAPFGTYTY,151
AISPSGSLTY,151
AITPFGYRTY,151
AISGTGNRTY,151
AIMPWGGSTY,150
AISPDGYWTY,150
AISPGGKYTY,149
AIGPFGDLTY,149
AISDYGELTY,149
AITPFGHKTY,149
AIIYTGGSTY,149
AISPNGSYTY,148
AIQEYGRYTY,148
AISPLVGSTY,148
AISPYGNHTY,148
AITPFGYTTY,148
AIAPFGNHTY,148
AIRPFGDFTY,147
AISPGGGWTY,147
AISEYGSTTY,147
AISEYGRFTY,147
AIRSFGRETY,146
AIFPYGAYTY,146
AIVPYGNYTY,146
AITPFGSSTY,145
AIDPYGIYTY,145
AISPFGEITY,145
AIGPYGRYTY,145
AIGPFGEYTY,144
AISPYGNITY,143
AIFPYGQLTY,143
AISPLGDWTY,143
AISPFGQITY,142
AISPRGQDTY,142
AISPWGSHTY,141
AITPYGGLTY,141
AINPYGNATY,141
AILPYGSYTY,141
AIRPFGGSTY,141
AISPRGGLTY,141
AIAPWGNYTY,140
AISPDGNLTY,140
AISPFGEFTY,140
AISPGGQYTY,140
AIRAFGGGTY,139
AISSYGYRTY,139
AISPFGEATY,139
AISPIGYGTY,139
AIGARGDLTY,139
AIRPFGANTY,139
AISPNGNYTY,138
AIGPFGKLTY,138
AIGPFGQNTY,138
AIHWDGNTTY,138
AISYRGGKTY,138
AIIPYGNYTY,138
AIAPFGDFTY,138
AIRMKGGSTY,138
AISPFGKRTY,137
AIYPYGGYTY,137
AIVPFGGKTY,137
AIVPFGSYTY,136
AISPFGWKTY,136
AIAPFGWRTY,136
AILPYGDITY,136
AIDPYGFYTY,136
AISPYGSSTY,135
AINYKGGSTY,135
AIGPFGTETY,135
AISPNGLDTY,134
AIGPDGKYTY,134
AISPLGDQTY,134
AIVPFGSNTY,133
AIHPYGSYTY,133
AITPFGYKTY,133
AIAPFGDQTY,132
AILPYGGFTY,132
AIAPFGRHTY,132
AISPYGRFTY,132
AIVPFGKYTY,132
AIEYRGGYTY,132
AINPYGDSTY,132
AISPYGSWTY,132
AILPYGSKTY,132
AISPDGSRTY,132
AIGRFGGYTY,131
AISPYGQFTY,131
AISPWGRHTY,131
AIGPFGFQTY,131
AIFPYGGYTY,130
AIVPYGRYTY,130
AISPFGHKTY,130
AIAPNGIHTY,130
AIRWNGFYTY,129
AIGSYGVRTY,129
AISYDGYSTY,129
AINPFGHWTY,129
AISPDGRYTY,129
AISPFGHRTY,128
AISPFGRETY,128
AISPNGNWTY,128
AISPFGKDTY,127
AISSYGNSTY,127
AISPYGYHTY,127
AISPWGYGTY,127
AISPYGNVTY,127
AIAPFGLGTY,127
AITPFGAYTY,127
AISPFGWRTY,126
AIGPYGERTY,126
AIKPFGGDTY,126
AIKTSGSRTY,126
AIRAFGGRTY,125
AIGPFGFETY,125
AISANGLKTY,125
AIAPYGDWTY,125
AISPDGYYTY,125
AIDWRGNYTY,125
AISPYGKLTY,124
AIVYNGGSTY,124
AINQYGRYTY,124
AISPGGYKTY,123
AISPRGNITY,123
AISPFGEQTY,122
AISDNGHITY,122
AISPFGQSTY,122
AISPNGDSTY,122
AIRMEGGSTY,122
AIGDYGSNTY,122
AISPWGQRTY,122
AINTYGNYTY,122
AIRPFGHFTY,122
AISEYGKYTY,122
AIDVYGRYTY,122
AIRPFGLTTY,121
AIVPFGDWTY,121
AIRPFGSRTY,121
AIKPDGSYTY,121
AIGPYGLYTY,121
AISTYGDYTY,120
AIRWAGEYTY,120
AIRWKGSGTY,120
AITPYGSITY,120
AIYPYGDYTY,120
AISPFGAGTY,119
AIRSFGTRTY,119
AIAPFGSKTY,119
AIRYAGDYTY,119
AIGPFGDITY,119
AISPFGNVTY,119
AISPYGVDTY,119
AITPFGYQTY,119
AISPRGNETY,119
AISARGEWTY,119
AISPRGNRTY,118
AIAPFGGSTY,118
AIGPDGDYTY,118
AIAPYGSHTY,118
AIKWNGDYTY,118
AIKTFGGYTY,118
AISPWGFRTY,117
AISPYGNFTY,117
AISSYGSTTY,117
AISPLGRYTY,116
AIRILGLGTY,116
AISPDGWYTY,116
AIGPFGNLTY,115
AIGPFGYRTY,114
AIMFMGGSTY,114
AIGPFGYHTY,114
AIAPFGDGTY,114
AIQPFGHSTY,114
AISPYGSETY,114
AITPFGQSTY,114
AIEPYGRYTY,113
AISSFGDVTY,113
AIGPFGNFTY,113
AISPNGQGTY,113
AISPYGHITY,113
AIRMPGGSTY,113
AITPFGFNTY,113
AIRPFGDVTY,112
AIGPFGFSTY,112
AISPFGQWTY,112
AIRTFGGDTY,112
AISPRGGGTY,112
AILPYGTYTY,112
AISPVGYRTY,112
AITPFGNFTY,111
AISPNGQWTY,111
AITPFGSFTY,110
AINPYGGATY,110
AIDPYGDVTY,110
AIAPIGYGTY,110
AINWNGGYTY,110
AITPFGTITY,109
AIGPFGKHTY,109
AINPFGRSTY,109
AISPFGSDTY,109
AIQPFGQYTY,109
AITPFGAQTY,108
AIYPYGNRTY,108
AISPWGDFTY,108
AIGPLGNNTY,108
AIQYSGGSTY,108
AIDDYGEYTY,108
AIAPFGHVTY,107
AIGPYGDVTY,107
AISPSGGQTY,107
AIKPGGNQTY,107
AINENGSHTY,107
AISDYGEYTY,107
AISPYGYGTY,107
AISYTGGSTY,107
AISPFGSATY,106
AIRPFGAHTY,106
AIMYYGGSTY,106
AISPSGYYTY,106
AILPYGKYTY,105
AITPFGHSTY,105
AISPFGTDTY,105
AIIPFGDYTY,105
AIETFGGRTY,105
AIKYKGGSTY,105
AITPFGEHTY,104
AIIPFGGTTY,104
AILPYGYKTY,104
AIQPFGNRTY,104
AITPFGFKTY,103
AINPFGEDTY,103
AIEPYGYYTY,103
AITPFGGVTY,103
AIGSYGNYTY,103
AISPFGTQTY,102
AIDYWGGSTY,102
AICYVGGSTY,102
AITPFGSKTY,102
AISPFGHITY,102
AIAPWGYRTY,101
AIDYRGGYTY,101
AIDSFGGWTY,101
AISGYGDYTY,101
AIHPYGGDTY,101
AITPFGFRTY,101
AISPYGEHTY,101
AIGPFGEETY,100
AISPSGGYTY,100
AISPFGHFTY,100
AIRPWGNQTY,100
AINPYGDFTY,99
AIRYAGDFTY,99
AIGPFGLTTY,99
AIRYSGGSTY,99
AINWNGGSTY,99
AISDYGGYTY,99
AISPWGGNTY,99
AISPNGLYTY,99
AIAPRGARTY,98
AIGPLGGRTY,98
AINPYGSNTY,98
AIGPYGKYTY,98
AINPFGDRTY,98
AISPNGKHTY,98
AISPYGTITY,98
AISPNGLSTY,98
AISPFGNKTY,98
AISPWGDYTY,98
AISPYGWPTY,97
AISMRGGSTY,97
AISASGARTY,97
AISPYGTFTY,97
AINPSGIKTY,97
AISPSGKSTY,97
AINWNGSYTY,97
AISPRGQYTY,97
AISEYGAYTY,96
AIVPYGRHTY,96
AIGPWGNSTY,96
AISEYGSITY,96
AISPSGKKTY,96
AISPFGKKTY,96
AIGPLGGITY,95
AIGPYGLSTY,95
AIYYYGGSTY,95
AIADYGNYTY,95
AIIPFGRNTY,95
AIRPYGKYTY,95
AIEYVGGSTY,94
AISANGLSTY,94
AISEYGQYTY,94
AISPDGRETY,94
AIDPYGAYTY,94
AIHPYGNYTY,94
AIGPFGYSTY,94
AINPYGAYTY,94
AIDDYGRSTY,94
AIRPYGSYTY,94
AILYNGGSTY,93
AIGPFGEWTY,93
AINPYGDTTY,93
AIPYKGGSTY,93
AINPYGGRTY,93
AIDEYGDFTY,93
AISPYGNNTY,93
AIKPFGSNTY,93
AIRFSGAYTY,92
AIAPYGKLTY,92
AIDPYGNSTY,92
AILPYGNLTY,92
AIGPYGRTTY,91
AISPGGGTTY,91
AISPSGTYTY,91
AITPYGHYTY,91
AISPSGSRTY,91
AIAPYGAETY,91
AITPFGEITY,91
AINFRGGYTY,91
AISRSGKFTY,91
AISEYGRRTY,91
AISPFGTYTY,91
AISPKGDGTY,91
AIEYKGGSTY,90
AIAPFGITTY,90
AISDYGLYTY,90
AISENGYYTY,90
AISDYGEWTY,90
AISPGGGYTY,90
AISPFGYYTY,89
AITPYGHSTY,89
AIDPYGDRTY,89
AISWRGNYTY,89
AISSYGRRTY,89
AISPVGLGTY,89
AISGYGRYTY,89
AIGPFGSNTY,89
AINPFGRHTY,88
AISPYGDPTY,88
AISPLGNKTY,88
AIIPFGGYTY,88
AIRPFGFNTY,88
AIDEYGRYTY,88
AISEYGYVTY,88
AILFYGGSTY,88
AIRPYGGYTY,88
AIEFRGGQTY,87
AISPLGKHTY,87
AISDYGFYTY,87
AITYWGGSTY,87
AIAPFGRFTY,87
AITPFGNWTY,87
AIGLRGNDTY,87
AILPSGGYTY,87
AIRYNGIYTY,87
AIDVYGYRTY,87
AIQPFGNYTY,87
AIRFRGGNTY,87
AIGPEGNNTY,87
AITPFGGGTY,87
AISPTGYYTY,87
AISGFGDNTY,86
AIRPSGGDTY,86
AISPFGHNTY,86
AIDPYGTYTY,86
AITPFGRYTY,85
AICYKGGSTY,85
AISPYGIRTY,85
AISPNGKSTY,85
AIAPFGHFTY,85
AISPYGGQTY,85
AISPGGGVTY,85
AIGFMGGSTY,85
AIAPWGFRTY,85
AIAPFGKQTY,85
AIVYTGGSTY,84
AIKWDGSYTY,84
AIDVYGKYTY,84
AISPDGYFTY,84
AITPFGRETY,84
AISEYGIYTY,84
AITPYGYRTY,84
TITEYGYATY,84
AISPNGEYTY,84
AIGPFGNTTY,84
AISPSGYLTY,83
AIRPFGGRTY,83
AISSRGDFTY,83
AIQFMGGSTY,83
AIAPFGAKTY,83
AIEMRGGSTY,83
AIIPGGDRTY,82
AIAPWGRTTY,82
AITDYGLSTY,82
AISPFGITTY,82
AIADYGYYTY,82
AISHRGGWTY,82
AIKPFGFSTY,82
AINTYGKYTY,82
AIRPFGNNTY,82
AIGPFGLGTY,82
AISPYGGATY,82
AISPRGQLTY,82
AISYLGGSTY,81
AIRPYGTETY,81
AISPTGNRTY,81
AISPSGDATY,81
AISDYGQRTY,81
AISPFGNHTY,81
AIIPWGGSTY,81
AIAPRGNRTY,81
AISPFGKVTY,81
AIAPFGRQTY,81
AISPSGFDTY,81
AISSFGDTTY,81
AIAPRGGFTY,81
AILPYGDLTY,80
AITPFGYNTY,80
AISPGGHFTY,80
AIRPFGRGTY,80
AITPFGISTY,80
AIQPFGAGTY,80
AISPFGHWTY,80
AISPFGTRTY,80
AIRPFGLGTY,79
AIDPFGGYTY,79
AIGPFGKYTY,79
AITPFGLNTY,79
AIRPFGSSTY,79
AISPSGHDTY,79
AIDWRGNFTY,79
AIKPNGAYTY,78
AIQNSGGHTY,78
AISPSGTRTY,78
AIQPFGSGTY,78
AIRTFGSTTY,78
AIQWNGSLTY,78
AIGPRGYRTY,78
AIRMLGGSTY,78
AIVPTGNRTY,78
AISPGGEVTY,78
AISPYGNWTY,78
AIHWRGNFTY,77
AINPFGGNTY,77
AINPFGYKTY,77
AIAPFGIDTY,77
AIHPFGYGTY,77
AISPFGVATY,77
AISPYGKVTY,77
AIEFRGGNTY,77
AIRHSGWGTY,77
AIRYLGGSTY,77
AIAPFGRLTY,77
AILPYGYRTY,77
AIVPWGGHTY,77
AIRPFGYQTY,77
AISPLGGTTY,76
AINPFGRRTY,76
AIAPFGETTY,76
AIIPFGGSTY,76
AIAPWGQYTY,76
AISEYGLYTY,76
AIRYFGGRTY,75
AITPFGLGTY,75
AILMRGGSTY,75
AIRWNGIYTY,75
AISFDGSYTY,75
AISPWGFGTY,75
AIRFRGGATY,75
AISEYGGKTY,75
AIAPYGEFTY,75
AINPFGQNTY,74
AIRYAGSYTY,74
AIKPYGSYTY,74
AIRHRGGQTY,74
AIAPWGGETY,74
AINPYGSKTY,74
AITPFGGSTY,74
AIQTYGKYTY,74
AIGPVGGYTY,74
AISNRGDWTY,74
AISPYGHFTY,73
AIEYSGGSTY,73
AIGSFGDITY,73
AINPYGRDTY,73
AISTSGGVTY,73
AISPNGKYTY,73
AIGPLGDITY,73
AIQPFGPRTY,73
AINPFGNYTY,73
AISPNGYETY,73
AISPWGAYTY,73
AISPYGKKTY,73
AIVPYGHYTY,73
AIMYKGGSTY,73
AITEYGHFTY,72
AIYPYGSYTY,72
AISPDGNATY,72
AIDPFGKNTY,72
AIQPFGKDTY,72
AIAFWGGSTY,72
AISPNGTNTY,72
AISPWGQYTY,72
AISPGGSWTY,71
AILPRGSRTY,71
AIAPNGNSTY,71
AISTSGYSTY,71
AIGPFGLATY,71
AIGSFGDQTY,71
AIAPFGTTTY,71
AIAPFGSDTY,71
AISPYGAHTY,71
AISPFGQQTY,71
AISPWGFKTY,71
AIYPFGYGTY,71
AINPYGYDTY,71
AISWRGYHTY,71
AISPGGTYTY,71
AITPFGDLTY,70
AITPFGASTY,70
AIRWIGSSTY,70
AINPFGNRTY,70
AIHPYGEYTY,70
AITPFGNETY,70
AISPRGNFTY,70
AIQPFGRGTY,70
AITPFGTRTY,70
AITPFGDRTY,69
AISEYGRTTY,69
AILPYGRITY,69
AITEYGSYTY,69
AISPFGVRTY,69
AISPYGHLTY,69
AISHRGDRTY,69
AIHYVGGSTY,69
AINPYGHITY,69
AIKPFGSYTY,69
AISEYGRYTY,69
AIRPDGYETY,69
AITRFGGYTY,69
AINPFGYRTY,69
AISEFGRFTY,69
AIAPFGRITY,68
AISNNGSSTY,68
AISPYGWNTY,68
AISPYGTTTY,68
AISPWGGTTY,68
AIRMMGGSTY,68
AISPAGSGTY,68
AINPYGGSTY,68
AIAPIGSRTY,68
AITPFGQNTY,68
AIGPFGLSTY,68
AITPFGSWTY,68
AIGPWGGYTY,68
AISPNGGSTY,68
AISPGGLRTY,68
AIAPFGWNTY,67
AINHRGDFTY,67
AIAPFGFNTY,67
AIDPFGNYTY,67
AIGPFGRQTY,67
AISPYGLGTY,67
AIYPYGLNTY,67
AISEYGGRTY,67
AITPYGRITY,67
AIRPWGNDTY,67
AINPYGNLTY,67
AIRPFGKNTY,67
AISPRGKLTY,67
AISPLGDATY,66
AIDEYGDYTY,66
AISWRGWHTY,66
AINSYGNYTY,66
AIAPYGQYTY,66
AISPRGHFTY,65
AIKMRGGSTY,65
AIRPFGWGTY,65
AITPFGERTY,65
AIAPYGRRTY,65
AIYPYGYYTY,65
AISPFGKGTY,65
AISPFGVQTY,65
AISPYGRHTY,64
AISPDGYLTY,64
AIVPFGGLTY,64
AIYPNGGGTY,64
AISPSGSTTY,64
AISPFGFHTY,64
AITPFGSATY,64
AINPFGEKTY,64
AITPFGHLTY,64
AIMYLGGSTY,64
AIFPYGDYTY,64
AISPFGHETY,64
AISPSGNLTY,64
AILPYGSRTY,64
AINPYGTYTY,63
AISANGTTTY,63
AINPFGRYTY,63
AIKPFGLTTY,63
AISPAGDHTY,63
AIDQYGRYTY,63
AISPNGAYTY,63
AIGPNGETTY,63
AIRSFGGHTY,63
AIEPYGSNTY,63
AIAPFGRETY,63
AIAPFGTSTY,63
AILPYGTTTY,63
AISPWGNSTY,63
AIGGYGKYTY,63
AILPYGSWTY,62
AISPAGYRTY,62
AIGYYGGSTY,62
AINWRGNYTY,62
AIRPFGTYTY,62
AIDPYGDFTY,62
AISPNGHITY,62
AITPFGDQTY,62
AIRPFGFSTY,62
AISPGGSSTY,62
AILPYGAYTY,62
AISDYGIDTY,62
AISGHGLATY,62
AIHPYGYRTY,61
AISPLGYTTY,61
AISPAGLRTY,61
AISWRGKHTY,61
AIASRGDYTY,61
AIAPFGNGTY,61
AIAPSGDKTY,61
AIRMAGGSTY,61
AIRPFGWKTY,61
AIRPHGRRTY,61
AISTSGARTY,61
AISPNGYLTY,61
AILPYGWNTY,60
AIKAFGSSTY,60
AINPYGYRTY,60
AIAPYGRITY,60
AIHPYGGRTY,60
AITPFGARTY,60
AISPRGARTY,60
AITPWGSYTY,60
AIRIYGSRTY,60
AIRSFGYRTY,60
AISPIGQWTY,60
AIGPFGHNTY,60
AIKVYGNRTY,60
AIYPLGDGTY,60
AIGPFGISTY,59
AISPYGSPTY,59
AITPFGLHTY,59
AIRPFGSFTY,59
AINPFGDTTY,59
AIAKNGSYTY,59
AIYPNGSYTY,58
AIAPWGDNTY,58
AIHPYGYYTY,58
AITPFGGATY,58
AISPDGNNTY,58
AIRPDGYSTY,58
AISPFGHGTY,58
AIRLFGAETY,58
AIHPWGGRTY,58
AITYTGGSTY,58
AISPYGWTTY,58
AISPGGYLTY,58
AINPYGLRTY,58
AITPFGLETY,58
AIAPGGKKTY,57
AILPYGGRTY,57
AIQWNGSNTY,57
AISPFGAITY,57
AIGPFGKRTY,57
AIKPYGRRTY,57
AISPFGETTY,57
AIRPWGDQTY,57
AISDYGKYTY,57
AITDYGDNTY,57
AITPFGHITY,57
AIYPYGEYTY,57
AIAPFGVRTY,57
AITDYGSYTY,56
AINPYGHLTY,56
AITPSGKRTY,56
AIHPDGYYTY,56
AIHPYGSDTY,56
AIKPFGKFTY,56
AIVPKGGHTY,56
AISPYGRKTY,56
AIRPFGKSTY,56
AISWRGQNTY,56
SIGPFGRTTY,56
AIRFAGYETY,56
AISPNGYKTY,56
AIRMIGGSTY,56
AITPFGQFTY,56
AITPSGKYTY,56
AIKWNGSYTY,56
AITPFGKYTY,56
AISPYGISTY,55
AILPFGDYTY,55
AIKIDGKVTY,55
AISPLGNWTY,55
AISPTGKYTY,55
AIRPYGTYTY,55
AISPLGGWTY,55
AIKPFGDRTY,55
AIAPFGNDTY,55
AIADNGYRTY,55
AISPYGNTTY,55
AISPYGDNTY,55
AISDFGNYTY,55
AIRSFGGGTY,55
AISPFGKITY,55
AIAPFGWDTY,55
AITPSGSRTY,55
AIAPFGHRTY,55
AISPLGFSTY,55
AIAPFGFKTY,55
AIRPWGLSTY,54
AITPYGDSTY,54
AISPLGGGTY,54
AIRPSGDRTY,54
AIRIWGGSTY,54
AIAFYGGSTY,54
AIRPFGHYTY,54
AIVPFGARTY,54
AISPQGNYTY,54
AIAPNGKYTY,54
AITPYGRRTY,54
AIRWNGVETH,54
AISPFGVETY,53
AIGPFGRFTY,53
AISPWGKYTY,53
AIFPYGDFTY,53
AIRPIGGNTY,53
AIRWDGFATY,53
AISPDGRKTY,53
AISPSGNYTY,53
AISPEGARTY,53
AISPIGSGTY,53
AIDDYGNYTY,53
AISTNGQYTY,53
AITPEGNYTY,52
AISSRGGYTY,52
AICYNGGSTY,52
AISPGGYQTY,52
AIRPYGIRTY,52
AITPLGYKTY,52
AIADFGYRTY,52
AINPTGYSTY,52
AIKPFGHTTY,52
AISPWGRYTY,52
AISPGGSRTY,51
AISNRGGITY,51
AISPFGALTY,51
AIGPYGNNTY,51
AIQPFGVDTY,51
AIIPFGYKTY,51
AIYYKGGSTY,51
AIAPFGQQTY,51
AITPYGGDTY,51
AITPFGSRTY,51
AISPYGFSTY,51
AITPFGAGTY,50
AISPWGRTTY,50
AISPNGHWTY,50
AIGNVGNITY,50
AIAFMGGSTY,50
AIDPFGEYTY,50
AISPLGRGTY,50
AIKYLGGSTY,50
AITPGGEYTY,50
AISWDGSHTY,50
AIRPNGYSTY,50
AIKWNGRYTY,50
AISGKGLATY,50
AISPDGNTTY,49
AISPFGQTTY,49
AISPYGHHTY,49
AIKPFGYTTY,49
AIAPFGGITY,49
AIHYYGGSTY,49
AITPFGDSTY,49
AISPFGKQTY,49
AIAPFGKETY,49
AIAPNGWRTY,49
AILPFGYRTY,49
AIGPFGWRTY,49
AINTRGGQTY,49
AILPYGSITY,49
AISPNGFRTY,48
AITPFGNRTY,48
AINPFGGDTY,48
AISPNGSRTY,48
AINWRGYRTY,48
AISPRGDVTY,48
AIGFYGGSTY,48
AITPFGETTY,48
AISPIGGKTY,48
AIAPFGINTY,48
AIRWRGYGTY,48
AISPFGRKTY,48
AISDNGNITY,48
AIRPYGSWTY,48
AISPIGYKTY,48
AIRPLGDKTY,48
AIRPYGYDTY,48
AITPSGSGTY,48
AIAPFGWKTY,48
AIKPYGNYTY,48
AIRPFGKFTY,48
AINPFGSYTY,48
AITPFGWSTY,48
AISTSGGRTY,48
AISNNGESTY,48
AIHPYGARTY,47
AISPSGGATY,47
AINPYGSRTY,47
AITPFGDFTY,47
AIKPYGNFTY,47
AIRPYGDYTY,47
AISARGDWTY,47
AISPNGHYTY,47
AIGWDGNYTY,47
AIGPFGTHTY,47
AIGPYGSLTY,47
AITPFGGFTY,47
AISNFGRYTY,47
AIKLFGKYTY,47
AIKVYGDRTY,47
AIKAYGSRTY,47
AIAPLGYYTY,47
AINHRGDSTY,47
AISRRGRYTY,47
AIAPKGYRTY,47
AIDFMGGSTY,47
AITPFGSETY,47
AITPFGTYTY,47
AISPNGYDTY,47
AIDWNGKYTY,46
AISERGNYTY,46
AIVPYGYYTY,46
AIYPFGNGTY,46
AIGPFGHWTY,46
AIAPFGIKTY,46
AISPGGRYTY,46
AIAPDGDYTY,46
AIAPFGRATY,46
AIGPFGFHTY,46
AISPYGSNTY,46
AIQPYGGYTY,46
AINSYGDYTY,46
AIFPYGNGTY,46
AIRPFGLSTY,46
AISPGGTGTY,46
AIRFSGYSTY,46
AIRPFGLDTY,46
AIAPYGSITY,46
AIAPLGGYTY,46
AITEYGYATH,46
AIYPYGEWTY,46
AISPLGYRTY,46
AIRPFGDLTY,46
AISPIGLSTY,45
AINSFGRRTY,45
AITPFGNNTY,45
AISHNGTSTY,45
AIRLDGFATY,45
AITPLGDNTY,45
AIVYYGGSTY,45
AISPYGHSTY,45
AIRPRGGNTY,45
AISEFGSRTY,45
AINHRGDYTY,45
AISPTGSNTY,45
AIFPFGNYTY,45
AIAYFGGSTY,45
AISPFGTWTY,45
AIRPRGGDTY,45
AIKPFGGFTY,45
AIRPFGNSTY,44
AINDNGLKTY,44
AISPAGNTTY,44
AIYPYGDNTY,44
AIKSFGRRTY,44
AIRLGGTYTY,44
AITPSGIETY,44
AIMYSGGSTY,44
TIRWNGVETY,44
AIAPFGSATY,44
AIRPFGDYTY,44
AIQPYGLRTY,44
AILPYGDFTY,44
AIVPYGYSTY,44
AIRYAGWSTY,44
AIGPFGYKTY,44
AIAPDGYFTY,44
AISPLGRNTY,44
AISPTGLNTY,43
AISPGGGKTY,43
AITPGGLGTY,43
AIGPNGSYTY,43
AITPFGQRTY,43
AIKPFGKLTY,43
AIKPYGYYTY,43
AITPRGGRTY,43
AITPFGNHTY,43
AIRPFGKWTY,43
AINPFGLSTY,43
AISPFGIDTY,43
AISANGSYTY,43
AIGEYGRYTY,43
AIRPNGYRTY,43
AIGPYGTYTY,43
AISPDGQATY,42
AISPTGSYTY,42
AISPWGDNTY,42
AISPSGLSTY,42
AISPYGRLTY,42
AISPGGQSTY,42
AINYFGGSTY,42
AIAPTGLQTY,42
AISPGGAYTY,42
AIRSFGDGTY,42
AINPFGNNTY,42
AIRWNGSYTY,42
AISPIGGRTY,42
AISPYGFNTY,42
AISPLGQQTY,42
AISPYGRTTY,42
AIDPYGWYTY,42
AISPFGTKTY,41
AISPNGTRTY,41
AISPNGESTY,41
AIEPFGSRTY,41
AITPFGHRTY,41
AISDNGNYTY,41
AISPYGVRTY,41
AISPYGAVTY,41
AIQPRGGGTY,41
AIDWNGFYTY,41
AINPYGDRTY,41
AISPGGYDTY,41
AISGAGGKTY,41
AIGPFGLHTY,41
AIAPLGATTY,41
AINDFGYRTY,41
AISDNGSYTY,41
AIAPWGGNTY,40
AIQAYGNYTY,40
AISPYGHDTY,40
AISPSGIKTY,40
AIVMWGGSTH,40
AISPTGHQTY,40
AIHDYGNYTY,40
AIRPFGFRTY,40
AISPRGSGTY,40
AICYYGGSTY,40
AISPNGLGTY,40
AIRNKGNYTY,40
AITPYGNGTY,40
AIFPYGSFTY,40
AISPFGTATY,40
AILPFGHQTY,40
AIAPYGYRTY,40
AIRSFGFRTY,40
AIRPRGGSTY,40
AISPWGIHTY,40
AINFMGGSTY,40
AISPYGRITY,40
AITPFGIKTY,40
AIDVYGYYTY,40
AISPDGQYTY,40
AIRSFGNSTY,40
AIAPFGSITY,39
AIGPFGYYTY,39
AISPSGDHTY,39
AIDPYGKNTY,39
AISEYGSWTY,39
AINWRGSYTY,39
AISEAGDHTY,39
AIDDYGGRTY,39
AIAPFGWETY,39
AIAPYGGTTY,39
AIGPFGLPTY,39
AIYPYGGDTY,39
AILPYGYYTY,39
AISPVGRGTY,39
AINPYGDWTY,39
AISPWGYNTY,39
AISPRGRYTY,39
AISGNGYTTY,39
AIDYAGGSTY,39
AISPTGYNTY,39
AIYPYGGITY,39
AISPYGSQTY,39
AIKLYGTRTY,39
AISPYGATTY,39
AISPGGYSTY,38
AIVPYGGYTY,38
AIDPYGEWTY,38
AIYPLGHGTY,38
AIRPFGQWTY,38
AISPQGVQTY,38
AISWRGELTY,38
AISPTGRYTY,38
AISPYGRPTY,38
AISPYGSTTY,38
AIAPSGSITY,38
AISPLGNYTY,38
AIEISGGRTY,38
AILPYGKRTY,38
AIVPYGSYTY,38
AIGPRGSRTY,38
AITPFGFDTY,38
AIYFMGGSTY,38
AISPLGHYTY,38
AIQWNGVETY,38
AITPTGRYTY,38
AIRWDGYATY,37
AISDYGYLTY,37
AILPYGGWTY,37
AISSYGNYTY,37
AIGPSGNDTY,37
AILPYGANTY,37
AIKSFGNSTY,37
AIDPYGSETY,37
AIRANGEYTY,37
AIPYWGGSTY,37
AIRPYGSFTY,37
AISPFGADTY,37
AIPYYGGSTY,37
AISPRGHWTY,37
AIQPYGSRTY,37
AIIPYGSYTY,37
AISPYGSITY,37
AIRPWGYKTY,37
AIRPYGYYTY,37
AIKPFGNHTY,37
AIQRRGGYTY,37
AIVPYGTETY,37
AIKPFGQGTY,37
AIGPWGKYTY,37
AIEPFGFNTY,36
AIYPYGDRTY,36
AISPSGTWTY,36
AISPFGHATY,36
AISDTGSYTY,36
AISPWGYSTY,36
AIDSFGKYTY,36
AIHPLGSGTY,36
AIDYAGTETY,36
AISPYGDITY,36
AITPDGEYTY,36
AINYAGDSTY,36
AIGPQGGYTY,36
AISPSGDRTY,36
AISPGGFSTY,36
AIQGYGHYTY,36
AIVPYGKSTY,36
SISPFGGRTY,36
AINYNGGSTY,36
AITPFGYHTY,36
AISPAGDYTY,36
AIKPYGDWTY,36
AIVYFGGSTY,36
AIGPTGHGTY,36
AIDPFGENTY,36
AILPYGEYTY,36
AISPFGTGTY,36
AIDPYGDYTY,36
AITYNGGSTY,36
AIKPYGRYTY,36
AITPYGNFTY,36
AIRPAGYYTY,35
AIAPFGSTTY,35
AIESRGGYTY,35
AIQPYGWRTY,35
AIPYNGGSTY,35
AITPFGSTTY,35
AITPFGFTTY,35
AINPFGDFTY,35
AIAPFGKTTY,35
AISPDGRWTY,35
AIVPWGTHTY,35
AISPGGLETY,35
AISPFGWGTY,35
AIGGFGARTY,35
AILPYGAKTY,35
AISPAGNVTY,35
AISPNGQYTY,35
AINPYGGDTY,35
AISPYGYDTY,35
AITPLGKSTY,35
AIRSFGGRTY,35
AIDTFGGYTY,35
AINPFGHFTY,35
AILPFGDRTY,35
AIKPFGGYTY,35
AISPGGDITY,35
AIIPFGYNTY,34
AISYFGGSTY,34
AITPFGFSTY,34
AIRWNGMETY,34
AISPIGKGTY,34
AIGYSGGSTY,34
AITPYGNWTY,34
AISPFGHTTY,34
AIQPFGYRTY,34
AIKYYGGSTY,34
AIRSFGNYTY,34
AIFPDGRQTY,34
AISPWGYKTY,34
AITPVGGRTY,34
AISPLGHATY,34
AIAPFGSLTY,34
AITPYGGSTY,34
AISPFGHHTY,34
AISGIGGKTY,34
AISDYGDTTY,33
AIAPFGLHTY,33
AISYRGNSTY,33
AITPYGIRTY,33
AIGPWGYNTY,33
AIGPDGKFTY,33
AITPFGTKTY,33
AIAMRGGSTY,33
AISNYGRYTY,33
AIRWGGSYTY,33
AINDYGDWTY,33
AIRLSGNWTY,33
AIRPYGSHTY,33
AINPFGGWTY,33
AISPRGDETY,33
AISPGGKRTY,33
AISPIGSRTY,33
AIGPFGRYTY,33
AILPDGSYTY,33
AITPFGESTY,33
AIKTFGGNTY,33
AIGPFGIETY,33
AIGPYGDATY,33
AIADYGRYTY,33
AIDPFGAYTY,33
AIRPIGSYTY,33
AIKFMGGSTY,33
AISNRGHITY,33
AISPRGYETY,33
AIYPYGKYTY,33
AIYYVGGSTY,33
AIHPYGYKTY,33
AIRWNGVESY,32
AILPRGGWTY,32
AIIYLGGSTY,32
AISPWGEATY,32
AIFYVGGSTY,32
AISPRGEGTY,32
AIRPSGRRTY,32
AISPWGFSTY,32
AINPYGWHTY,32
AITPRGNLTY,32
AISRRGKFTY,32
AISPYGFDTY,32
AILPFGLRTY,32
AINGFGQRTY,32
AISPRGDTTY,32
AILPYGRFTY,32
AIQPYGSYTY,32
AISPNGGWTY,32
AINWRGTHTY,32
AITPFGQYTY,32
AISPYGSDTY,32
AISDPGGYTY,32
AISPNGKFTY,32
AIVPLGGYTY,32
AIVPYGDYTY,32
AINENGEHTY,32
AINPYGSWTY,31
AIRSFGYDTY,31
AIRPIGRYTY,31
AIIPYGRYTY,31
AIAYNGGSTY,31
AISPYGRSTY,31
AINPFGSATY,31
AITPLGNYTY,31
AILPFGKYTY,31
AISYRGDVTY,31
AIGYAGGSTY,31
AIRPGGRRTY,31
AINTSGGNTY,31
AISPNGYGTY,31
AIDYVGGSTY,31
AIKTFGGSTY,31
AISPLGSSTY,31
AISSFGRRTY,31
AISPQGEQTY,31
AISPYGSVTY,31
AITPDGYGTY,31
AISPNGYATY,31
AIVPYGAYTY,31
AINYSGGSTY,31
AISPSGYGTY,31
AISPTGLYTY,31
AIEFRGGYTY,31
AIRPFGKYTY,31
AIVPFGNRTY,31
AISENGRYTY,31
AISDYGAYTY,31
AISGFGDYTY,31
AISPFGTLTY,31
AIRPFGTRTY,31
AIGPSGYYTY,31
AIYPDGHKTY,31
AINPYGGWTY,30
AINPGGYYTY,30
AISPYGYATY,30
AISPVGNYTY,30
AISPNGVYTY,30
AIAPGGYYTY,30
AISDYGRSTY,30
AISPLGRKTY,30
AISPIGAYTY,30
AIDPFGYRTY,30
AISPGGLGTY,30
AILPYGKKTY,30
AITPFGDDTY,30
AIAPFGFTTY,30
AISPRGEYTY,30
AIVPRGGGTY,30
AIRLGGTNTY,30
AISRIGKYTY,30
AIVYSGGSTY,30
AIRPWGDYTY,30
AISSFGKYTY,30
AISPIGYRTY,30
AIRWAGYSTY,30
AIGPYGSSTY,30
AISPGGDRTY,30
AISPIGKYTY,30
AISEYGARTY,30
AISPNGTTTY,29
AINWRGQYTY,29
AINWNGERTY,29
AIGASGKYTY,29
AIAPRGGYTY,29
AIVPFGSWTY,29
AITPFGYATY,29
AISPYGGNTY,29
AINPRGGWTY,29
AITPNGDYTY,29
AISPYGESTY,29
AINTYGRYTY,29
AIAPSGLSTY,29
AILPWGSYTY,29
AILFMGGSTY,29
AINPYGQSTY,29
AIDPYGSKTY,29
AIPFMGGSTY,29
AISPSGHYTY,29
AIAPRGDWTY,29
AITPFGGITY,29
AISPLGEYTY,29
AIAPFGHLTY,29
AISPLGWRTY,29
AISPFGTHTY,29
AISPGGNKTY,29
AILPYGDWTY,29
AISPHGSWTY,29
AILPYGGNTY,29
AIVPWGDLTY,29
AIGYNGYRTY,29
AISPSGKRTY,29
AISNLGGYTY,29
AIGPYGRITY,28
AIDPYGQVTY,28
AIKPFGGTTY,28
AITFMGGSTY,28
AIAPFGLDTY,28
AISPWGSLTY,28
AISPYGAETY,28
AISPRGYRTY,28
AISEYGDFTY,28
AITPEGLYTY,28
AISMWGGYTY,28
AITPFGAKTY,28
AIQNSGNYTY,28
AISPYGWRTY,28
AILPYGESTY,28
AIKPWGGSTY,28
AIRPYGLRTY,28
AINPYGHYTY,28
AIYPYGSRTY,28
AISDYGRWTY,28
AIAPRGHRTY,28
AISPYGRVTY,28
AISPYGVTTY,28
AISPSGYRTY,28
AIAPFGVQTY,28
AISPSGNNTY,28
AISFMGGSTY,28
AIVPRGGRTY,27
AITPFGGNTY,27
AISPLGTYTY,27
AISPHGSDTY,27
AIAPNGYLTY,27
AISKSGGATY,27
AISPRGNYTY,27
AIGPFGRHTY,27
AISPLGKLTY,27
AIAPFGALTY,27
AISEYGSRTY,27
AISPWGSGTY,27
AIYPYGDWTY,27
AIPFYGGSTY,27
AITPYGQETY,27
AIGPYGITTY,27
AIGPFGIHTY,27
AIPPYGLWTY,27
AIMYWGGSTY,27
AISHSGARTY,27
AITPLGSYTY,27
AINPTGYNTY,27
AIRPRGYETY,27
AIGDYGTNTY,27
AISPWGTYTY,27
AIRPRGGWTY,27
AISPGGLDTY,27
AISANGYTTY,27
AISPAGAHTY,27
AISPVGYDTY,27
AISPDGKFTY,27
AIRFSGWSTY,27
AILPYGYNTY,27
AIAPVGDKTY,27
AISPSGYATY,27
AIDPYGNNTY,27
AIDPFGERTY,27
AIGPNGYDTY,27
AISPYGEDTY,27
AIRARGEYTY,27
AISPWGYDTY,27
AISPYGKDTY,27
TISEYGYATY,26
AIAPRGDYTY,26
AISPGGSITY,26
AISPFGVSTY,26
AIPYFGGSTY,26
AIAPFGNITY,26
AISPSGKLTY,26
AIAPWGYHTY,26
AIAPRGTRTY,26
AIRWNGDYSY,26
AIGPYGDRTY,26
AIKPYGGLTY,26
AISPVGARTY,26
AISPFGHDTY,26
AINYRGEYTY,26
AICMRGGSTY,26
AISPLGLSTY,26
AIGPNGYYTY,26
AISKYGKTTY,26
AIVPFGNLTY,26
AILPYGNFTY,26
AISNRGGRTY,26
AISYDGKTTY,26
AINFRGGSTY,26
AISETGDYTY,26
AISPLGGHTY,26
AILPNGGGTY,26
AIHPYGGYTY,26
AIDYKGGSTY,26
AINSFGGRTY,26
AIGTYGKYTY,26
AISPDGHYTY,26
AILPYGRTTY,26
AISPYGGDTY,26
AISPLGYETY,26
AIVFYGGSTY,25
TISPYGEYTY,25
ALYYKGGSTY,25
AIKPFGQYTY,25
AIAPEGNSTY,25
AISPLGRSTY,25
AISPEGGWTY,25
AINQYGRTTY,25
AIDPFGVNTY,25
AISPSGGSTY,25
AIYPFGLRTY,25
SIQPFGSNTY,25
AIKARGEWTY,25
AISEYGSFTY,25
AIQFRGNETY,25
AISPGGSYTY,25
AISNYGSYTY,25
AIGFWGGSTY,25
AIGEYGLYTY,25
AISPSGGRTY,25
AIAPNGSRTY,25
AIKPYGTFTY,25
AIAPWGGTTY,25
AISEYGYDTY,25
AISDYGYITY,25
AIRINGSYTY,25
AIDYFGGSTY,25
AIAPTGNYTY,25
AIKPFGYNTY,25
AIAPTGYYTY,25
AIRPSGGYTY,25
AISPYGNDTY,25
AIRWNCVETY,25
AIYPRGLGTY,24
AISPSGFNTY,24
AITPYGNHTY,24
AITKYGYATY,24
AIGPGGGGTY,24
AITDGGYYTY,24
AIAPFGQFTY,24
AILPYGIATY,24
AISPNGNITY,24
AISPTGAYTY,24
AIHTYGDYTY,24
AISGIGSKTY,24
AIAPYGGWTY,24
AITPVGKGTY,24
AIKWNGHYTY,24
AISGNGSKTY,24
AITPSGDRTY,24
AIRLFGRHTY,24
AIVPYGQYTY,24
AISEFGRHTY,24
AITPFGVSTY,24
AITAYGYATY,24
AISPDGLYTY,24
AISPSGWSTY,24
AICYTGGSTY,24
AISPHGGYTY,24
AISPKGYATY,24
AIAPNGRYTY,24
AIVPFGNNTY,24
AISPWGDGTY,24
AIQPYGSKTY,24
AIQGYGGSTY,24
AITPFGIRTY,24
AIQGTGDYTY,24
AIAPYGLSTY,24
AISPFGEDTY,24
AISPNGFSTY,24
AINPLGGRTY,24
AISPRGYNTY,24
AIGPNGSLTY,24
AISEYGSLTY,24
AIAPFGQWTY,24
AIVPWGSHTY,24
AIGYNGGSTY,24
AISPSGSITY,23
AISPFSFNTY,23
AIHGYGGRTY,23
AIGPTGLNTY,23
AIRLGGYSTY,23
AITPYGDRTY,23
AIRYSGLTTY,23
AIGPFGTYTY,23
AISDYGTYTY,23
AITEYGYFTY,23
AIRSFGYSTY,23
AMRWNGVETY,23
AIRPHGGSTY,23
AIAEYGNTTY,23
AIYPYGSATY,23
AITPLGLKTY,23
AINPGGWGTY,23
AIRPLGWKTY,23
AIGPFGRITY,23
AINTYGSYTY,23
AISGFGGNTY,23
AISMSGGSTY,23
AILPNGYGTY,23
AISPGGNSTY,23
AICFMGGSTY,23
AIADYGGYTY,23
AISPGGAFTY,23
AISPSGHQTY,23
AIPPYGRYTY,23
AIDPYGELTY,23
AIAPSGHETY,23
AISPHGSYTY,23
AISPYGDHTY,23
AISPLGLKTY,23
AILPFGWETY,23
AIKPFGYRTY,23
AITMRGGSTY,22
AISPGGNVTY,22
AIADYGAYTY,22
AIYPYGYGTY,22
AIAPNGYKTY,22
AICFYGGSTY,22
AIFPNGKGTY,22
AIAPNGSFTY,22
AISNSGGATY,22
AIVPRGGATY,22
AIIFYGGSTY,22
AIFPFGNGTY,22
AIAPFGFSTY,22
AINYWGGSTY,22
AITPFGEKTY,22
AIKPYGTYTY,22
AIGRFGGFTY,22
AIRWYGGNTY,22
AIGPLGAITY,22
AITYYGGSTF,22
AIQPFGNHTY,22
AIVPYGWKTY,22
AITDYGQRTY,22
AIAPYGNSTY,22
AISPHGNYTY,22
AIDPFGSNTY,22
AISDYGGNTY,22
AISEYGVYTY,22
AILPYGNWTY,22
AIRWNDVETY,22
AILPYGRKTY,22
AITPNGSYTY,22
AIGPGGSSTY,22
AINMQGGSTY,22
AINPFGDYTY,22
AIIPTGGRTY,22
AIRTYGDYTY,22
AIRPDGYWTY,22
AIGARGDFTY,22
AIKPFGSRTY,22
AIAPFGKWTY,22
AISPGGHWTY,22
AIAPFGTLTY,22
AIRPLGGWTY,22
AITPYGYATY,22
AIGPRGDGTY,22
AIKPFGYHTY,22
AISPSGRLTY,22
AIYPYGGQTY,21
AINPRGGQTY,21
AISPFALHTY,21
AISPIGKETY,21
AITPRGDHTY,21
AIAYCGGSTY,21
AIDPYGQYTY,21
AIAPYGATTY,21
AIGPWGASTY,21
AIEPYGSYTY,21
AIFPYGQYTY,21
AIEFMGGSTY,21
AIIPFGGWTY,21
AISPIGRYTY,21
AITPRGRNTY,21
AISPVGNLTY,21
AISEYGKFTY,21
AIRPWGYDTY,21
AIRPNGFYTY,21
AISPVGFSTY,21
AISPQGGQTY,21
AITPIGYSTY,21
AIKGYGYYTY,21
AIRYAGRYTY,21
AISPWGEYTY,21
AITPFGLATY,21
AIAPFGKKTY,21
AISSFGRYTY,21
AISPNGWRTY,21
AIRPGGYYTY,21
AIHGYGFRTY,21
AITPFGDATY,21
AITPFGADTY,20
AIGPFGLDTY,20
AIAPLGDYTY,20
AIEYAGGSTY,20
AIGGYGRYTY,20
AIAPNGNRTY,20
AILPYGFKTY,20
AIAPFGKNTY,20
AIRLGGGNTY,20
AIYPYGRYTY,20
AIYPYGKNTY,20
AIYPYGTYTY,20
AINDYGQSTY,20
AISEFGIRTY,20
SISPYGYYTY,20
AITPIGSSTY,20
AISPSGNDTY,20
AIGGYGGYTY,20
AITPFGQWTY,20
AISPLGQYTY,20
AISPLGYKTY,20
AIHPYGDYTY,20
AIAPYGLYTY,20
AIKPNGVDTY,20
AISPLGRRTY,20
AIQPFGKRTY,20
AIGPLGSSTY,20
AIRWNVVETY,20
AINPGGNYTY,20
AIAPNGSLTY,20
AISDYGDDTY,20
AISPIGFDTY,20
AISDKGKKTY,20
AIKPYGEFTY,20
AISPRGRTTY,20
AISPEGKYTY,20
AIRYAGYSTY,20
AIDWNGKTTY,20
AIKPYGSRTY,20
AIRSFGSFTY,20
AIDPYGRATY,20
AINENGNHTY,20
AISEYGYATH,20
AIRPFGSWTY,19
AINMSGGSTY,19
AISPSGNRTY,19
AILPFGYGTY,19
AISPWGHRTY,19
SIRWNGVETY,19
AISIPGYGTY,19
AISPGGYRTY,19
AISPIGYSTY,19
AIRVYGSSTY,19
AIRPYGYGTY,19
AIKPYGRKTY,19
AILPYGTRTY,19
AIDVYGNRTY,19
AITPFGYGTY,19
AIARWGYETY,19
AISMWGSSTY,19
AITPYGAYTY,19
AIEPYGDSTY,19
AISKSGGYTY,19
AISEFGEFTY,19
AIKPFGISTY,19
AIKPFGLGTY,19
VITEYGYATY,19
AILPNGSATY,19
AIGTHGKGTY,19
AISDYGRGTY,19
AISPVGYSTY,19
AIKPFGTRTY,19
AISPLGNTTY,19
AIAPFGKFTY,19
AISPYGLKTY,19
AITPFGQQTY,19
AIMMSGGSTY,19
AIGPLGFRTY,19
AINPRGDFTY,19
AITPYGLSTY,19
AITPQGGLTY,19
AISPLGTITY,19
AIRPRGQGTY,19
AIKSFGGETY,19
AIRPWGSLTY,19
AISPLGKSTY,19
AIGRFGGVTY,18
AILPPGGQTY,18
AINEYGGRTY,18
AITPFGVQTY,18
AIKSFGYRTY,18
AITPFGHNTY,18
AIHPRGNKTY,18
AISGYGNYTY,18
AISPLGSQTY,18
AILPFGVQTY,18
AITPFGHYTY,18
AISPVGLKTY,18
AIDAYGHYTY,18
AIRPDGYYTY,18
AITPLGKATY,18
AITPTGYNTY,18
AIRPYGYNTY,18
AILFWGGSTY,18
AITPGGGVTY,18
AISPNGRFTY,18
TISEYGYGTY,18
AIAPYGTYTY,18
AISEYGNFTY,18
VIRWNGVETY,18
AISSFGRNTY,18
AIEPFGYNTY,18
AIQWNGDYTY,18
AINPWGYNTY,18
AIDSFGGYTY,18
AISPLGDITY,18
AIPYTGGSTY,18
AISNYGDYTY,18
AISPYGINTY,18
AISPSGNFTY,18
AITPYGQYTY,18
AINDYGSYTY,18
AISPGGRQTY,18
AIAPIGKETY,18
AITPDGYKTY,18
AISPYGTNTY,18
AITPFGDKTY,18
AICYSGGSTY,18
AIAPTGDYTY,18
AIKPFGKTTY,18
AIYPFGHKTY,18
AIQPGGGRTY,18
AISNSGYNTY,18
AISNRGNRTY,18
AISPNGYFTY,18
AISDYGQYTY,18
AISPYGLSTY,18
AINNHGGLTY,17
AINPYGRITH,17
AIKPYGNRTY,17
AIGPFGKTTY,17
AITPVGYRTY,17
AILPYGHYTY,17
AISPKGFRTY,17
AIRCNGVETY,17
AIGPYGRRTY,17
AISPRGSYTY,17
AILPFGSITY,17
AIKPFGGWTY,17
AIRWYGVETY,17
AIGSFGDVTY,17
AIAPFGLETY,17
AIHPYGFRTY,17
AISPNGRNTY,17
AIVPRGEYTY,17
AISPYGGFTY,17
AITPTGGYTY,17
AISPYGCYTY,17
AINGFGYRTY,17
AIRPNGYGTY,17
AIRPNGQYTY,17
AITPFGKITY,17
AISPYGTQTY,17
AIGPNGKATY,17
AIGPGGGLTY,17
AISEYGEVTY,17
AITECGYATY,17
AIRPYGDETY,17
AITPFGSQTY,17
AISGTGGRTY,17
AIAPFGYATY,17
AICMSGGSTY,17
AIQEYGEFTY,17
AIEPGGGRTY,17
AIRPYGLSTY,17
AILPYGSNTY,17
AITPFGSITY,17
AISEYGTFTY,17
AITPSGQFTY,17
AITPLGYYTY,17
AITPFGYETY,17
AIAPFGVTTY,17
AIRFRGGSTY,17
AIFPYGSNTY,17
AITPYGRFTY,17
AISPGGLKTY,17
AITPFGHGTY,17
AISPLGSGTY,17
AIRPGGLFTY,17
AISPLGYGTY,17
AISPTGYTTY,17
AISPFVSKTY,16
AIYPYGGWTY,16
AISPHGSSTY,16
AISPYGKTTY,16
AIGPFGKSTY,16
AILPYGRRTY,16
AITPYGGHTY,16
AISPLGSITY,16
AINPYGRPTY,16
AISPRGQQTY,16
AIRPKGYSTY,16
AITPRGGYTY,16
AISPLGRDTY,16
AISEFGSYTY,16
AINPYGVNTY,16
AISPIGDFTY,16
AIVPYGEYTY,16
AILPDGRQTY,16
AIAPYGHFTY,16
AIHPYGSRTY,16
AISPRGGETY,16
AIKPNGTDTY,16
AINPNGYRTY,16
AIRTYGEYTY,16
AIAPVGYTTY,16
AISAPGYTTY,16
AITPYGQNTY,16
AINPYGYPTY,16
AIRPFGDDTY,16
AISPIGEVTY,16
AISPIGSNTY,16
AITPFGGRTY,16
AIRLSGNFTY,16
AINYSGSQTY,16
AISPYGIKTY,16
AIRMCGGSTY,16
AISQGGYRTY,16
AIAPYGDKTY,16
AITPLGSSTY,16
AIAPFGQITY,16
AINPFGHKTY,16
AIMYAGGSTY,16
AINPYGNNTY,16
AITPFGHHTY,16
AITPLGYRTY,16
AIAPNGWSTY,16
AISPSGFSTY,16
AISPIGSKTY,16
AIRTFGYSTY,16
AIKIDGKRTY,16
AIKPDGKYTY,16
AIGDFGHYTY,16
AILPYGLNTY,15
AISNYGNYTY,15
AIVPGGGYTY,15
AISPIGEATY,15
AITPYGRSTY,15
AINMWGGWTY,15
AIAPIGYSTY,15
AIGPVGSYTY,15
AIRWDGVETY,15
AISPLGKYTY,15
AISPSGSYTY,15
AISPFGTTTY,15
AITPNGYYTY,15
AIGPYGEYTY,15
AIGKAGHYTY,15
AIQPYGRFTY,15
AIVPNGDYTY,15
AISPNGSWTY,15
AISQFGWKTY,15
AIVPYARRTY,15
AINSYGSYTY,15
AIRPFDYETY,15
AINPFGGHTY,15
AIRRNGVETY,15
AIAPSGAKTY,15
AISPQGDNTY,15
AITPFGKRTY,15
AIRPFGPETY,15
AITPYGWRTY,15
AIRWHGVETY,15
AIFPYGEWTY,15
AISEYGDVTY,15
AITPVGKSTY,15
AIRLFGASTY,15
AIRPIGGETY,15
AIRNIGNYTY,15
AIGPFGGQTY,15
AISPRGDFTY,15
AIRWNSVETY,15
AIAPYGAFTY,15
AIAPKGLSTY,15
AISTNGFRTY,15
AINSFGDRTY,15
AISDYGDGTY,15
AISPWGLETY,15
AIAPKGYQTY,15
AITPFGSNTY,15
AIDDYGSYTY,15
AISYKGDLTY,15
AIRPLGYNTY,15
AIDAFGNYTY,15
AISPQGNNTY,15
AIVPQGVQTY,15
AISPGGQGTY,15
AICYWGGSTY,15
AIGPVGDKTY,15
AISYRGDYTY,15
AISYNGNITY,15
AILPYGRNTY,15
AITPTGSYTY,15
AIGDNGYYTY,15
AIGPIGYSTY,15
AISPYGYTTY,15
AIHTYGFRTY,15
AIGPLGGWTY,15
AILPYGDATY,14
AIYPYGIRTY,14
AIKVYGNYTY,14
AIGDYGDYTY,14
AISPYGLNTY,14
AIRPFGSYTY,14
AIRWAGKYTY,14
SIRWNGDETY,14
AITEYGDYTY,14
AIYPYGQYTY,14
AITPFGKLTY,14
AIAPFGDHTY,14
AITPYGDITY,14
AISPYGAFTY,14
AIAPYGLQTY,14
AISHRGNWTY,14
AIYPYGSLTY,14
AISEYGYHTY,14
AIKLFGKRTY,14
AIRWNGVETC,14
AIGPSGLNTY,14
AIVPFGEYTY,14
AIRSSGYETY,14
TINPYGRITY,14
AIRLFGKSTY,14
AIAPEGLSTY,14
AILPYGDGTY,14
AISPNGSTTY,14
AIDTYGRYTY,14
AISKSGNYTY,14
AISPIGLGTY,14
AISYRGSKTY,14
AIGPLGSITY,14
AISSYGEYTY,14
AITDYGYNTY,14
AITYSGGSTY,14
AIGDYGQYTY,14
AIELRGGLTY,14
AITEYGRDTY,14
AISYRGNETY,14
AIAPYGKFTY,14
AITPIGYGTY,14
AIGSFGGYTY,14
AITPSGDFTY,14
AISSTGGGTY,14
AIRPLGYHTY,14
AIVPRGQRTY,14
AIAPWGDRTY,14
AIGPYGHTTY,14
AIKPYGQWTY,14
AIGPYGGATY,14
AIAPRGDHTY,14
AITPYGDFTY,14
AIGPGGWSTY,14
AIAPNGRRTY,14
AIRPFGYYTY,14
AISPWGVSTY,14
AINEYGIYTY,14
AIAMAGGSTY,14
AIDPFGSYTY,14
AIRFSGLSTY,14
AITEYCYATY,14
AISSTGGSTY,14
AISPFGSNTF,14
AITPYGRETY,14
AIAPLGLNTY,14
AIVPRGDRTY,14
AISPIGQGTY,13
AIKYSGGSTY,13
AILPYGRLTY,13
AIHPYGSLTY,13
AIIPYGDYTY,13
AIYPLGEGTY,13
AISPRGQWTY,13
AISPRGGFTY,13
AIGEFGDYTY,13
AINDFGYYTY,13
AISPYGQRTY,13
AIRLFGKYTY,13
AITPYGYNTY,13
AINYGGGYTY,13
AISPAGWSTY,13
AIRPFGAITY,13
AIGSYGDYTY,13
AIRPYGESTY,13
AIIMSGGSTY,13
AIAPSGKYTY,13
AISPYGVQTY,13
AIYPYGDLTY,13
AITPFGINTY,13
AITPYGKVTY,13
AISPWGSKTY,13
AISDYGYVTY,13
AIKPYGVRTY,13
AISYDGSHTY,13
AIRWAGWNTY,13
AIKVYGRYTY,13
AILPPGGDTY,13
AISPAGLDTY,13
AIYPYGSNTY,13
AINTSGGVTY,13
AIAPLGETTY,13
AISPYGKSTY,13
AIKVYGKRTY,13
AIRYGGGSTY,13
AIRWSGAYTY,13
AIKWNGLYTY,13
AISPIGWRTY,13
AISPVGNSTY,13
AILPYGSSTY,13
AIAPSGSTTY,13
AIYPYGDFTY,13
AIAPFGKITY,13
AIEEYGRYTY,13
AIQSYGNYTY,13
AIVPRGGETY,13
AIAPIGRYTY,13
AISEYGYFTY,13
AIRNSGFYTY,13
AIGPFGQYTY,13
AIRWSGVETY,13
AIMMAGGSTY,13
AIIPSGGHTY,13
AINPYGYHTY,13
AITPNGRYTY,13
AIADNGYETY,13
AISPNGSSTY,13
AIGPEGFNTY,13
AISYWGGSTY,13
AIRYAGSFTY,12
AIGPYGKHTY,12
AIAPAGYNTY,12
AIHPYGDLTY,12
AISPYGLITY,12
AIHPYGHYTH,12
AIRWNGVDTY,12
AITYFGGSTY,12
AIYPYGGYTH,12
AITPKGRNTY,12
AIAPFGNETY,12
AITPFGHETY,12
AIRLYGYKTY,12
AISPLGLGTY,12
AILWNGVETY,12
AISPRGQHTY,12
AIKPYGDYTY,12
AISPLGWHTY,12
AITDFGYYTY,12
AIDVYGLYTY,12
AISDYGKSTY,12
AISPSGAFTY,12
AIEPFGYLTY,12
AIRPYGNFTY,12
AINPFGQYTY,12
AISSYGQYTY,12
AIAPFGEFTY,12
AISDYGIYTY,12
AIAPGGRYTY,12
AISPLGFTTY,12
AIGPSGSSTY,12
AINPYGDGTY,12
AISDYGERTY,12
AISNNGFSTY,12
AIDPFGGNTY,12
AISPFGVHTY,12
AIMYGGGSTY,12
AITEYGQWTY,12
AIDEYGYYTY,12
AIGEYGDYTY,12
AISPIGKQTY,12
AINPYGSITY,12
AIAPLGWSTY,12
AITPQGSLTY,12
AIRLFGSSTY,12
AILPVGWGTY,12
AINPAGYRTY,12
AIRWNGLSTY,12
AIAPLGYTTY,12
AIYPYGNITY,12
AIRMWGGKTY,12
AIFPYGRRTY,12
AIIFMGGSTY,12
AINPYGFKTY,12
AIRKFGSNTY,12
AIRLNGVETY,12
AISPIGHNTY,12
AISERGAYTY,12
AIGPLGGYTY,12
AISSLGGYTY,12
AIRYVGGYTY,12
AISFMGGYTY,12
AIRVYGSGTY,12
AIVPRGGLTY,12
AISPAGNDTY,12
AISPEGGATY,12
AIAPRGRYTY,12
AIAPDGYNTY,12
AISEYGTGTY,12
AIKIAGGDTY,12
AIAPLGLSTY,12
AISPLGTRTY,12
AIRPKGDRTY,11
AISGGGRETY,11
AINWGGARTY,11
AIRWNGVSSY,11
AIFPFGKGTY,11
AIAEYGYYTY,11
AIAPYGHYTY,11
AISPVGNDTY,11
AIGPSGYNTY,11
AIFPYGSRTY,11
AISPCGGYTY,11
AIDIYGSYTY,11
AISDYGQLTY,11
AIGDYGRYTY,11
AISPQGQYTY,11
AIWPYGDYTY,11
AIGPVGYSTY,11
AISTRGNWTY,11
AISPYGWETY,11
AILPYGSTTY,11
AINEYGDYTY,11
AIYPYGRATY,11
AIRPYGRSTY,11
AIQPFGEHTY,11
AIHSYGNYTY,11
AIYPYGSGTY,11
AIGPLGNETY,11
ALAPWGQYTY,11
AIGPTGYLTY,11
AISEYGDWTY,11
AITEYGHDTY,11
AILPRGGYTY,11
AISQDGIRTY,11
AIVFMGGSTY,11
AINPDGQNTY,11
AIFPYGNYTY,11
AISEYGYNTY,11
AIKPYGQYTY,11
AIGPYGEATY,11
AISYRGADTY,11
AQIQYGRRTY,11
AISPQGFSTY,11
AINPYGSDTY,11
AINPYGRQTY,11
AILPDGSATY,11
AICYAGGSTY,11
SISYDGSYTY,11
AILPYGTFTY,11
AIFPLGSGTY,11
AIVPLGGRTY,11
AITPRGQFTY,11
AINPEGQNTY,11
AIGDYGYNTY,11
AISPFGPSTY,11
AISVYGQLTY,11
AISPAGENTY,11
AISPFGTETY,11
AISPRGTYTY,11
AINPYGYATY,11
AIAPYGYNTY,11
AINPFGRFTY,11
RYIRMVAVPI,11
AISPNGSGTY,11
AIAYTGGSTY,11
AIRPLGGTTY,11
AIHPRGAYTY,11
AIRPYGRFTY,11
AITPFGSGTY,11
AIAPWGRLTY,11
AIVYLGGSTY,11
AIQNSGQYTY,10
AITPIGRITY,10
AISPLGKQTY,10
AIRSFGGWTY,10
AIRPSGDWTY,10
AISQGGGRTY,10
AIRWNGAETY,10
AISYRGHYTY,10
TISPYGYYTY,10
AIYPLGIGTY,10
AITPYGGATY,10
AIAPLGQYTY,10
AISPFVNYTY,10
AISPIGRNTY,10
AIDPWGLLTY,10
AIKPIGKETY,10
AISPRGKQTY,10
AINEYGYRTY,10
AIGNIGRKTY,10
AILPYGISTY,10
AIRPIGRGTY,10
AIDPYGRKTY,10
AIRPIGSSTY,10
AIQPYGYSTY,10
AINDAGYYTY,10
AIQWNGDETY,10
AISPVGGYTY,10
AITDGGNYTY,10
AILYTGGSTY,10
AIGPHGRYTY,10
AITPYGGFTY,10
AITPFGENTY,10
AISPSGGNTY,10
AITPFGTSTY,10
AIAPWGGYTY,10
AIAPFVNLTY,10
AIHPYGQDTY,10
AIFPYGDITY,10
AISPGGWHTY,10
AITPYGGITY,10
AIYPYGGRTY,10
AILYAGGSTY,10
AIVPYGTYTY,10
AIMFWGGSTY,10
AIGSFGDYTY,10
AIKPFGAETY,10
AIRPRGGFTY,10
AITPEGYFTY,10
AIRPNGYHTY,10
AISPYGWKTY,10
AIYPYGGFTY,10
AIRPSGYYTY,10
AISPIGRLTY,10
AIFPYGKFTY,10
AISPIGTVTY,10
AIRPYGEWTY,10
AIGEYGSYTY,10
AIGPYGWTTY,10
AITEYGYSTY,10
AIVYGGGSTY,10
AIRPLGRDTY,10
AIYPFGQGTY,10
AISPAGEGTY,10
AISPVGFDTY,10
AIEPYGEYTY,10
AIDFMGGKTY,10
AINDYGTHTY,10
AIKPNGRYTY,10
AILPYGNTTY,10
AIGLRGNETY,10
AISDYGNWTY,10
AIRYSGLHTY,10
AIADYGSYTY,10
AIRWAGSSTY,10
AISARGNWTY,10
AIWPYGNYTY,9
AISPIGRRTY,9
VINPYGRITY,9
AIYPYGKGTY,9
AISPRGADTY,9
AIGPYGHYTY,9
AILPFGYSTY,9
AITEYGHNTY,9
AIIEYGYATY,9
AIAYGGGSTY,9
AITPGGYYTY,9
AISPAGQRTY,9
AINPFGSDTY,9
AISPAGYHTY,9
AITPFGFETY,9
AIAEYGYATY,9
AISTNGGVTY,9
AISPIGYNTY,9
AINPRGGHTY,9
AIAPAGAWTY,9
AITPIGYDTY,9
AITPQGFGTY,9
AIRPSGSYTY,9
AIRPNGKITY,9
AIGDYGYRTY,9
AINPFGLGTY,9
AITPFGRATY,9
AIVSYGRRTY,9
AISPWGSYTY,9
AIGDYGTKTY,9
AINPYGQFTY,9
AISPSGTSTY,9
AITPWGLQTY,9
AILPYGYHTY,9
AILYFGGSTY,9
AIRFMGGSTY,9
AINDYGSHTY,9
AISEYGDRTY,9
AIYPFGKYTY,9
AIKPYGEYTY,9
AINPAGNYTY,9
AISWDGSYTD,9
AISPWGTGTY,9
AISPWGGSTY,9
AIRPGGQNTY,9
AIHGYGSYTY,9
AISPFGLYTY,9
AITPFGKFTY,9
AIKPFGYSTY,9
AIRLGGYYTY,9
AISPLGINTY,9
AIRPIGRETY,9
AINPYGCITY,9
AIKPYGKRTY,9
AISPFGDFTY,9
AIQPYGTRTY,9
AISPKGSFTY,9
AITPKGRNTH,9
AIKPFGWSTY,9
AISEYCYATY,9
AIRPNGRYTY,9
AITPGGQFTY,9
AIDSYGGYTY,9
AINEYGKYTY,9
AIKPYGSFTY,9
TISYDGSYTY,9
AIRWNSDYTY,9
AIKPYGYKTY,9
AIRPTGGRTY,9
AISDIGKQTY,9
AINPYGRKTY,9
AIYPFGDGTY,9
AITPFGRQTY,9
AIKPFGHYTY,9
AIGPFGGTTH,9
AIRPYGYHTY,9
AIIPFGRITY,9
AIYPLGGGTY,9
AIKLYGWRTY,9
AIRPNGSYTY,9
AIKNYGLRTY,9
AINPFGQITY,9
AITPFGRNTY,9
AIKAWGQYTY,9
AISPHGRSTY,8
AITPYGTYTY,8
AISECGYGTY,8
AITYLGGSTY,8
AISEYGYKTY,8
AIFPYGARTY,8
AIDPYGWRTY,8
AIHPYGYATY,8
AIAPEGYFTY,8
AIGPSGRSTY,8
AITLWGGSTY,8
AIGPYGSPTY,8
AIRPLGGSTY,8
AINYSGFQTY,8
AISPFGTITY,8
AIKYTGGSTY,8
AISPSGGGTY,8
AIRWYGDETY,8
AIDPFGYYTY,8
AIYPYGSPTY,8
AISKVGNYTY,8
AINPAGQWTY,8
AIQPYGGDTY,8
AISPYGQNTY,8
AIRPIGSDTY,8
AMRWNGDYTY,8
AISPWGNLTY,8
AIRPTGLYTY,8
AIRNRGDYTY,8
AISEYGWDTY,8
AIDPFGDYTY,8
AIYPYGYHTY,8
AIQYTGGSTY,8
AINYRGGYTY,8
AMTEYGYATY,8
AIEMRGGTTY,8
AIYPYGIDTY,8
AIAPFGIATY,8
AIKLWGGSTY,8
AIGSEGYYTY,8
AISPYGEYAY,8
AIRWNGDDTY,8
AIHTYGKYTY,8
AIRPYGIHTY,8
AISRFGKNTY,8
AITPSGYDTY,8
AISYDGCYTY,8
AISRIGFGTY,8
AIGAPGIGTY,8
AINNGGGYTY,8
AISPYGYYSY,8
AIGPTGYGTY,8
AIRNGGSWTY,8
AIAPLGYSTY,8
AIYPYGNKTY,8
AIQPYGGLTY,8
VISPYGEYTY,8
AINDYGRYTY,8
AIAENGRYTY,8
AIREYGYATY,8
AINMWGSSTY,8
AISPGGGFTY,8
AIADYGRLTY,8
AIHDYGSYTY,8
AIVPYGHRTY,8
AIVPYGKYTY,8
AIGEYGYGTY,8
AISPIGHGTY,8
AISPCGEYTY,8
AISRWGDWTY,8
AILPNGGYTY,8
AITPRGGQTY,8
AISPLGFNTY,8
AISPAGSWTY,8
AISPPGYYTY,8
AIRYAGGSTY,8
AISDYGSHTY,8
VISEYGYATY,8
AITPFGLTTY,8
AIIPYGRRTY,8
AISPFGCKTY,8
AIKPYGNWTY,8
AIKPHGSDTY,8
TIRWNGDETY,8
AIVYAGGSTY,8
AIYPYGNGTY,8
AIRTFGSYTY,8
AIGPKGDTTY,8
AINPYGHFTY,8
AICYFGGSTY,8
AISPFGYATH,8
AISPIGSYTY,7
AISPYGFRTY,7
AITPFGRSTY,7
AISPYGEYTH,7
AIRWNGVKTY,7
AIRPNGNGTY,7
AITPKGFKTY,7
AIAPSGSKTY,7
AISPIGYDTY,7
AMRWNGDETY,7
TISPFGYSTY,7
AISPRGSWTY,7
AISPSGSGTY,7
AIAPWGYSTY,7
AISPRGDGTY,7
AINPFGHRTY,7
AITEYGYTTY,7
AITPFGIETY,7
AISPLGSLTY,7
AIVPSGGYTY,7
AISKYGYYTY,7
AIKPYGDSTY,7
AIRWDGEYTY,7
AISPAGRSTY,7
AITPFGTNTY,7
AIQMSGGSTY,7
AIRPYGNWTY,7
AIRWNGGYTY,7
AIKPPGSYTY,7
AIIYFGGSTY,7
AIYPYGSKTY,7
AITPLGKYTY,7
AILPYGEWTY,7
AIEEFGSKTY,7
AIHPYGAYTY,7
ALSPLGGYTY,7
AIHPYGSWTY,7
AIRPQGKRTY,7
AIYPLGYGTY,7
AITPIGSTTY,7
AIRWNGDYTH,7
AISPFVGDTY,7
AIKAWGQVTY,7
AISPIGSWTY,7
AINPAGQNTY,7
AIGPYGRHTY,7
TIRWNGDYTY,7
AISYYGDYTY,7
AIDDYGYYTY,7
AINPYGLKTY,7
AISAYGYATY,7
AIDPYGLHTY,7
AILPFGSFTY,7
AIGPSGQWTY,7
AIRPLGFDTY,7
AIYPYGRRTY,7
AITPIGYYTY,7
ALNPYGRITY,7
AISKYGKYTY,7
AIYPYGHWTY,7
AIRPNGYFTY,7
AIQEYGDYTY,7
AISPHGSKTY,7
AIADYGQYTY,7
AIRPYGAFTY,7
AILPDGHYTY,7
AIKPYGSWTY,7
AISPRGKYTY,7
AIEPYGSSTY,7
AINPYGKYTF,7
AINPGGSYTY,7
AINSYGNLTY,7
AISKSGGGTY,7
AISLYGGSTY,7
AIGEYGQYTY,7
AISNYGGYTY,7
AIRPDGSYTY,7
AITPFGRITY,7
AIGPVGSQTY,7
AISEYGSNTY,7
AISPRGTSTY,7
AITPYGTITY,7
AIGPSGRTTY,7
AIDPFGTYTY,7
AIKIFGFKTY,7
AIQQFGNYTY,7
AIDTYGGYTY,7
AIRPFGDWTY,7
AIYPYGSWTY,7
AITPRGNYTY,7
AISPKGYSTY,7
AIRPYGSRTY,7
AISNWGKYTY,7
AIFPYGYTTY,7
AIRPWGLGTY,7
AISPAGYGTY,7
AIDYMGGYTY,7
AISPYGNYIY,7
AISSFGDSTY,7
AITPYGQSTY,7
AIDPYGYRTY,6
AIVPYGRCTY,6
AIGSFGRSTY,6
AIYPIGRSTY,6
AIVPRGTYTY,6
AIDPFGGSTY,6
AITEYGYGTY,6
AISGHGLATH,6
AINPCGRITY,6
AISRVGSDTY,6
AIHPYGYLTY,6
AIVLYGTRTY,6
AIRPFGRYTY,6
AIRPSGLYTY,6
AITPRGAYTY,6
AIKPMGGSTY,6
AIGPWGGSTY,6
AIYPFGNYTY,6
AISPSGYNTY,6
AIRPYGAYTY,6
AISPYGEYIY,6
AIVPRGNWTY,6
AITPIGWKTY,6
AISECGYATY,6
AIVPFGGHTY,6
AIQPSGGYTY,6
AIQHRGDSTY,6
AIAPFGWGTY,6
AISQYGYYTY,6
AITEYGHATY,6
AIGPFVHYTY,6
AIRPQGAYTY,6
AIVPTGGRTY,6
AIRNSGYYTY,6
AINPYGHRTY,6
AIDPFGKYTY,6
AISPLGSHTY,6
AITPFGRLTY,6
AIRWNGIATY,6
AITPIGRYTY,6
AISPFVWNTY,6
AIRPDGEWTY,6
AICEYGYATY,6
AMSPYGEYTY,6
AIQYGGGSTY,6
AITPLGYTTY,6
AISPFVNRTY,6
AIDPFGWNTY,6
AIRPWGGYTY,6
AISPVGRNTY,6
AIRPYGRRTY,6
AIGPLGLSTY,6
AISPFGEGTY,6
AISGRGDYTY,6
AITPFGVNTY,6
AIKPSGESTY,6
AISPYGYLTY,6
AIIPYGAYTY,6
AISPAGRDTY,6
AIAPPGNYTY,6
AITPFGRRTY,6
AIVPFGYYTY,6
AISDYGEITY,6
AIQPYGSLTY,6
AIKPFGYKTY,6
AISEYGSHTY,6
AIVPYGYRTY,6
AIDPFGGPTY,6
AIRLIGYSTY,6
AITDYGQYTY,6
AINPYGRIAY,6
AIGPYGAYTY,6
AIQPYGLSTY,6
AISEYGTLTY,6
AISPPGNLTY,6
AISQYGEYTY,6
AIAPFGISTF,6
TISPFGNRTY,6
AIAPLGFQTY,6
AIDPFGTNTY,6
AISPNGGGTY,6
AIRPYGKITY,6
AISEYGERTY,6
AISNYGAYTY,6
AISDYGNGTY,6
AIVPSGNRTY,6
AITPSGRYTY,6
AINYTGGSTY,6
AIKIFGRITY,6
AMSEYGYATY,6
AIMYMGGSTH,6
AINPYGRLTY,6
AINWNGDYTY,6
AINPFGGSTY,6
AISPAGYNTY,6
AINPFGNWTY,6
AIFPYGHYTY,6
AIRPQGKYTY,6
AIGPNGYRTY,6
AILPPGHQTY,6
AITPYGRGTY,6
AISPFVSRTY,6
AIYPLGSGTY,6
AIEFRGNITY,6
AIESFGYRTY,6
AICPFGGPTY,6
AIGPFVNNTY,6
AIGPSGSPTY,6
AIAPYGEYTH,6
AILPFGLSTY,6
AIQPFGSQTY,6
AIKPFGSSTY,6
AIRPFGQNTY,6
AITPRGEGTY,6
AIYPLGFGTY,6
AIYPYGTFTY,5
AISPGGRKTY,5
VIRWNGDETY,5
AIVMSGGSTY,5
AIDTYGYPTY,5
TISPYGGYTY,5
AIVPYGTLTY,5
AIGPFGGKTY,5
AIKPYGFTTY,5
AISPYGDFTH,5
AINSFGNYTY,5
AITPLGSRTY,5
AIYPYGYKTY,5
AITPKGRYTY,5
AIAPLGHYTY,5
AITPYGLYTY,5
SISPYGEKTY,5
AISPIGRVTY,5
AISPIGFGTY,5
AIFPYGGSTY,5
AIDPFGVYTY,5
AIRWNGDETH,5
AISPVGSITY,5
AISPLGSRTY,5
AISEYGYGTH,5
AISPVGSDTY,5
AIHPRGGYTY,5
AINEYGDRTY,5
TISPFGSSTY,5
AIRPLGYYTY,5
AISSDGSYTY,5
AISPRGYATY,5
AIDEYGVSTY,5
AIGPFVHTTY,5
AIRWNGRYAY,5
AIAPQGYYTY,5
AIHPYGSNTY,5
AIVPYGTHTY,5
AIKTYGDVTY,5
AITEYGDATY,5
AISPFVDYTY,5
AINDYGFYTY,5
AISYRGGSTY,5
AIRSYGLRTY,5
AISTSGGNTY,5
AIYPYGSFTY,5
AITPSGWSTY,5
AIRWKGDYTY,5
AITPLGYHTY,5
AIYPYGFGTY,5
AISAYGYGTY,5
AIAPRGRETY,5
TISPFGGYTY,5
AIYPFGHRTY,5
AIAPFVRKTY,5
AITPSGLYTY,5
AIQNSGGNTY,5
AITPYGGYTF,5
AIGPLGINTY,5
AIAPFGSHTF,5
AIKPSGRSTY,5
AISEFGSWTY,5
AIRWNDVSTY,5
AIEVNGGNTY,5
AISDYGYSTY,5
AISYRGNLTY,5
AINPYGRHTY,5
AISPFGQHTY,5
AIKMWGGYTY,5
AIRPAGYLTY,5
AIRWNGVETN,5
AICYLGGSTY,5
AIPYSGGSTY,5
AIWPFGLGTY,5
AIIPFGNRTY,5
AISPIGKVTY,5
AIIYAGGSTY,5
AIAPYGYSTY,5
AISSNGKWTY,5
AILYSGGSTY,5
AIKPFGKHTY,5
AIRPNGDRTY,5
AIDTYGLYTY,5
AMSPYGSYTY,5
AIRWNGYYTY,5
AIVPYGGNTY,5
AITEYGYETY,5
AIFPFGKFTY,5
AISPNGYITY,5
AIGVYGRYTY,5
AIYPYGRTTY,5
AIRWNGVSTH,5
AIHPYGWKTY,5
AINPFGYSTY,5
AISDFGYGTY,5
AIAPYGYHTY,5
AIRWNGGETY,5
AISPIGGWTY,5
AILPYGKTTY,5
AILPFGSYTY,5
ALNYNGGSTY,5
AIGPYGGSTY,5
AINPYGRRTH,5
AISYRGSYTY,5
AIQPFGYHTY,5
AITPVGRYTY,5
AIRWNGVATY,5
AIAPYGGYSY,5
AIRWKGVETY,5
AISPIGGVTY,5
AINDYGYYTY,5
AISSTGGPTY,5
AISDFGLYTY,5
AIHPLGWGTY,5
AIVPFGLSTY,5
AISPYGDGTY,5
AIRWNCDETY,5
AINPFGWNTY,5
AISPRGATTY,5
AILPYGTLTY,5
AINPFGWGTY,4
AITPYGFYTY,4
AISPFGYGTF,4
AINPHGRITY,4
AIVPYGRRTH,4
AITPRGWGTY,4
AISPPGSRTY,4
AIHPYGKYTY,4
EITEYGYATY,4
AIAPTGYATY,4
AITPFDNWTY,4
AISPFVGWTY,4
AITPSGAFTY,4
AISLFGYNTY,4
AISPFGYRTH,4
AIGEYGYATY,4
AISSFGQYTY,4
AISPRGDKTY,4
AIRLSGNLTY,4
AMSEYGYGTY,4
AIRWNGVETS,4
AISQYGAYTY,4
AITEYGYRTY,4
AILPYGFRTY,4
AIIPFGNYTY,4
AISSFGYRTY,4
AITPSGYRTY,4
AISDYGTGTY,4
AISPLGKTTY,4
AIYPYGNSTY,4
SIEYMGGSTY,4
AISPFGYVTY,4
AISPFGYCTY,4
AITEYGYAAY,4
AISPYGNYTH,4
AITPFGIDTY,4
AINPYCRITY,4
AISPYGAKTY,4
ALAMWGGSTY,4
AIAPYGGQTY,4
AIRPFGLNTY,4
AISPKGHYTY,4
AIRWNGVEIY,4
ATSPKGDGTY,4
AISYDGSYTH,4
AIASFGHKTY,4
AISQAGQYTY,4
AISPCGNYTY,4
AIRWIGVETY,4
AINPYGKKTY,4
AISLYGTYTY,4
ALSPFGQTTY,4
AINEYGYGTY,4
AIRPLGSYTY,4
TISEYGWGTY,4
AIKPYGNPTY,4
SISEYGYATY,4
AIAPRGGWTY,4
AITEHGYATY,4
AIKPAGYRTY,4
TITFWGGSTY,4
AIRWNDDETY,4
TISEYGYSTY,4
AIKPYGKYTY,4
AIGDYGRATY,4
AISPFAHHTY,4
AISPFGSYTH,4
AIRPDGFYTY,4
AISDIGHGTY,4
AISPYGLQTY,4
AIRCNGDETY,4
AIRWHGDYTY,4
AISPYGYYTH,4
AITEYDYATY,4
TISPFGNWTY,4
AITPYGHHTY,4
AISPFVYKTY,4
AIKTLGGQTY,4
AITPYGFNTY,4
AIRPGGYNTY,4
AIAPKGYSTY,4
AIQLWGGSTY,4
AIRSNGVETY,4
AIGPPGDYTY,4
AIGDYGYKTY,4
AIRPYGDWTY,4
AISYDGYYTY,4
AITEYGYATN,4
AIQYSGQYTY,4
AIEFRGDQTY,4
VIAPFGEYTY,4
AISPAGLNTY,4
AIQNSGWSTY,4
AIRPKGYTTY,4
AIIMRGGYTY,4
AINPYGSHTY,4
TIVPYGRRTY,4
TIAPWGSFTY,4
AINPYGIATY,4
AIRWNCDYTY,4
AIRPMGGSTY,4
AIGPFGGDTY,4
AIVPFGDTTY,4
AINPYGRCTY,4
AISPYGVHTY,4
TISPFGRYTY,4
AIVPRGDWTY,4
AISKYGYATY,4
AISPYGYFTY,4
AISQFGNRTY,4
AIRPFALHTY,4
AIYPYGIKTY,4
AISPAGNHTY,4
AISDIGKGTY,4
AIGPYGSRTY,4
AITDIGYYTY,4
AITPHGYRTY,4
AIFPYGLRTY,4
TISPFGQYTY,4
AITPGGFKTY,4
AIFPYGTYTY,4
AISWDVSYTY,4
AIRAYGYRTY,4
AISNNGYRSY,4
AISPYGVYTY,4
AIEEYGSYTY,4
AISPPGNFTY,4
AISPNGLRTY,4
AISPLGDYTY,4
AIGEYGNYTY,4
AIVMLGGSTY,4
AISPFGNLTH,4
AISGGGRSTY,4
AITPSGYYTY,4
AISPYGLHTY,4
AIGPFGLRTY,4
AIVPFGQNTY,4
AIRWNGEYTY,4
AINQYGRITY,4
AIQSYGDYTY,4
AIKPYGGYTY,4
TINPYGRRTY,4
AIHTYGNYTY,4
AIDAYGYYTY,4
AIAPSGGSTY,4
AIRMWGRSTY,4
AISGAGYKTY,4
AITPLGGLTY,4
AIIYCGGSTY,4
AISPFGGYTH,4
AISPWGLGSY,4
AIPHKGGQTY,4
AIKIGGGYTY,4
AIVPRGDYTY,4
AITPIGTSTY,4
AIVPRGQLTY,4
AIKVYGVRTY,4
AIVPFGTYTY,4
AISPYGTHTY,4
AIQNSGFNTY,4
AIRPFGSHTY,4
AILPSGGETY,4
AISKVGNDTF,4
AITPDGSYTY,4
AIVPWGSFTY,4
TISPYGRYTY,4
AIVPFGYNTY,4
AIRPSGKSTY,4
AIAPFGGHTY,4
AIADYGHYTY,4
AIRLMGGSTY,4
AISPFGAYTS,4
AIAPLGRYTY,4
AIYPIGFGTY,4
AISYDGSYTS,4
AMSPYGDYTY,3
AISPFGYGTH,3
AINPFGRITY,3
AISLYGSYTY,3
AINPFGIGTY,3
AISYDGSYTF,3
AIDTFGNYTY,3
AIRPGGAYTY,3
VIAPFGNSTY,3
AISKFGNFTY,3
AIRPLGRGTY,3
AINPYDRITY,3
AITPWGISTY,3
AICEYGYGTY,3
AIGPFGKLTH,3
AIKPFSLTTY,3
AIPPYGLDTY,3
AIKDYGARTY,3
VISPFGASTY,3
AIGPFGTITY,3
AISPFGCYTY,3
AIAPYGSRTY,3
AIRPNGYYTY,3
AIAPWGGSTY,3
AIAPFVRNTY,3
AISPYGGHTY,3
AISPFGCNTY,3
AIRPNGIYTY,3
AIRAGGGFTY,3
AIHDYGTYTY,3
AIRWNGDYIY,3
AILWNGDYTY,3
AIQPYGNYTY,3
AIVPYGTCTY,3
AIGPWGASTN,3
AIQWNGVSTY,3
AITPFGFHTY,3
AISPFGRYTF,3
AISPFCGTTY,3
AINPYGRIIY,3
AIHPYGRYTY,3
TISPFGYGTY,3
AIKPSGYRTY,3
AIKPFGRSTY,3
AIRYFGGGTY,3
AISEYGYSTN,3
AISPYCNYTY,3
GISPYGDYTY,3
AIGDYGEYTY,3
AIKPHGSSTY,3
AIVYCGGSTY,3
AIRWNGDHTY,3
AITEYGYAIY,3
AIRPFGSNTY,3
AIRPLGYTTY,3
AISKSGGSTY,3
AISEYGYRTY,3
AIGPFGDGTY,3
AIGPFGGATY,3
AIFPYGFKTY,3
AIAPYGLRTY,3
AIVPFGYRTY,3
AISPFAMHTY,3
ATSPYGYYTY,3
AIGPWGNYTY,3
AINLYGRRTY,3
AISLFGYKTY,3
AIIPGGGRTY,3
AISPKGYHTY,3
AIVYMGGYTY,3
AIFPYGYNTY,3
AISYVGGYTY,3
AISPFGWNTH,3
RITPFGSYTY,3
AISPGGYHTY,3
AISLFGFNTY,3
AIGPFGIGTY,3
AIIPFGYRTY,3
AILPYGSATY,3
AIAPFGGYTH,3
AISHDGSYTY,3
AISDYGVYTY,3
AIKPWGNQTY,3
AIYPYGKFTY,3
AITPGGGATY,3
AINLFGGRTY,3
AMSPFGGRTY,3
TISPLGYSTY,3
AIAMWGVSTY,3
AIKSYGNLTY,3
AIPPYGSNTY,3
AISPVGRDTY,3
AIAPFGKYTH,3
AINNGGGLTY,3
AITEYSYATY,3
AISPWGHYTY,3
AINPFGINTY,3
AIFYMGVSTY,3
TIGPYGSYTY,3
VISPYGDYTY,3
AISYGGSYTY,3
AINSYGRITY,3
TISEYGYYTY,3
AITPFGRFTY,3
AILPSGGWTY,3
AISEYCYGTY,3
AIAPFGGGTF,3
AIFPYGSPTY,3
ALAPYGSYTY,3
AITPFGPLTY,3
AISGSGRSTY,3
AMGPQGYYTY,3
AISPYGYYTN,3
AINDYGWRTY,3
AISAYGWGTY,3
AIGPYGGKTY,3
AIMYCGGSTY,3
AINPYGGYTH,3
AITPYGWPTY,3
AIKPLGFTTY,3
AISPFVLETY,3
AIAPFGLYTY,3
AIDPYGYHTY,3
AIMPYGRRTY,3
AIAPPGLYTY,3
AISPYCYYTY,3
AISEYVYATY,3
AMAPYGEYTY,3
TIRWSGNQTY,3
AIKLMGGSTY,3
AIAPFGNWTY,3
AISPDGSNTY,3
AIKIDGYRTY,3
AIQMWGSSTY,3
AIKWGGVRTY,3
AIKPNGRNTY,3
AISWDGNYTF,3
AIKLYGERTY,3
TISPYGDYTY,3
ALSPYGYYTY,3
AIVPFGYSTY,3
AIDIWGGSTY,3
AIKAYGSATY,3
AIAPFGGYSY,3
AISPFGGWAY,3
AIPPYGSYTY,3
AINPYGRVTY,3
AISPIGSLTY,3
AIIPYGYYTY,3
EIRWNGVETY,3
AITEYGCATY,3
TISPFGFSTY,3
AIQPSGGNTY,3
AIDPYGLYSY,3
AIRWNGSTTY,3
AISTSGYRTY,3
AITEYGRYTY,3
AISEYGDATY,3
AILPIGSQTY,3
TISPFGGTTY,3
AITPIGRATY,3
AIKTYGDYTY,3
AIEPFGFDTY,3
AIRPAGRYTY,3
AIRNGGGWTY,3
AISPRGIETY,3
AIGPFGKGTY,3
AINPFGKFTY,3
AISPIGKFTY,3
AIDPFGDWTY,3
AIVPFGYETY,3
TISPFGWNTY,3
AITEYGYATD,3
AIRPNGKLTY,3
AILYLGGSTY,3
AISPFGNSSY,3
TIPYMGGSTY,3
TISPFGRRTY,3
AINPLGYSTY,3
AIGPFGPDTY,3
AISPFGGYAY,3
TISPYGSYTY,3
AISPEGYFTY,3
AIVPRGGYTY,3
AISEYGYAAY,3
AISPAGSYTY,3
AISDYGRRTY,3
AIAMWGCSTY,3
AIKLFGKATY,3
AIREYGYGTY,3
AINPYGRRPY,3
AISPFGGCTY,3
AIRRNGDYTY,3
AIAMWGGETY,3
AITPKGRNTF,3
AILPYGIRTY,3
AIAPAGYYTY,3
TISPFGYATY,3
AISPSGQWTY,3
AIMMWGSSTY,3
AISEYGYATN,3
AIGPGSSSTY,3
AIIPYGWNTY,3
AINYMGSSTY,3
AINGYGDYTY,3
AIDPFGYETY,3
AISYDGNYTY,3
SISPYGEYTY,3
AIFMWGGSTY,3
AIRWNGVETD,3
AIVPRGGVTY,3
AISQYGRYTY,3
AIDSFGNYTY,3
AITEDGYATY,3
AISWVGSYTY,3
AISEYGYGAY,3
AIIPYGGYTY,3
AISEYGYCTY,3
AISPFGRYTH,3
AIAPFGYYTY,3
AIRWNSVSTY,3
TISPYGNYTY,3
AIAPFGGNTY,3
AISPFGLCTY,3
AIRWNGDYAY,3
AIVPFGLTTY,3
AILPYGGSTY,3
AIRPLGLETY,3
AILWNGDETY,3
AISEDGYGTY,3
AIGPFGNWTY,3
AIQPFGNLTY,3
AISKYGYGTY,3
AISEDGYATY,3
AISPYGYYTF,3
AIIPYGGSTY,3
VISEYGYGTY,3
AISWVGNYTY,3
AIYPIGSSTY,3
AISPIGKSTY,3
AISPGGGCTY,3
AIGPFGHVTY,3
AISNYGTYTY,3
AIRLNGNLTY,3
AILPPGSQTY,3
AISEYGYETY,2
AIGPKGDYTY,2
AISQFGYSTY,2
ALAPFGIRTY,2
AIQPFGNFTY,2
AISPWGGRTY,2
AIGPFCNGTY,2
AIPMWGDSTY,2
AITDYGDYTY,2
AIAPYCEYTY,2
TISPFGRSTY,2
AISSYGYYTY,2
AISPRGHYTY,2
SISPFGYETY,2
AISPCGRYTY,2
AISPFSLSTY,2
AISPFGGNIY,2
AIRWYGDYTY,2
AIRWNGDKTY,2
AIASYGNRTY,2
AIKVYGHYTY,2
AISPCGYETY,2
AIRPLGKYTY,2
AIDPYGGWTY,2
AISLYGRYTY,2
AIAPCGGTTY,2
AIRPSGKYTY,2
VIAMWGGSTY,2
AISDFGYYTY,2
AIDWCGNYTY,2
AISPYGKYIY,2
AIKFYGGSTY,2
AMSSFGDVTY,2
AIGPFCGSTY,2
AIRFSGEYTY,2
AIAPFGTQTY,2
AIRSSGYDTY,2
AIYPFSKYTY,2
TIKIDGKTTY,2
AIFPYGYKTY,2
ALQPFGNYTY,2
AIGPDGYKTY,2
AISPCGSYTY,2
AINWNCGYTY,2
ALSWRGARTY,2
AISPFGYSTH,2
AIWPRGDGTY,2
AIYPYGLPTY,2
AIAPYGEYIY,2
AIKAYGEATY,2
AIAQFGGYTY,2
AIVPFGQYTY,2
AIGPVGKATY,2
AISPWGMGTY,2
TISPFGQVTY,2
AISPFGDYAY,2
AISPIGKRTY,2
AIAPFGSFTY,2
AISPFCYSTY,2
AIRTYGHYTY,2
AISPNGDLTY,2
AIGPVGGHTY,2
AICEYGYSTY,2
AIGPDGRETY,2
AISPCGLGTY,2
SIRMHGGSTY,2
AMAPFGGYTY,2
AIEPYGKKTY,2
AIAPFGKHTY,2
AISAYGYSTY,2
AIGPFGIRTY,2
AIAPFGHTTY,2
AITPVGYSTY,2
AISWYGNYTY,2
AISPSGEATY,2
AIKMWGRSTY,2
TICMWGGSTY,2
AINPFGGTTY,2
AINQYGRKTY,2
ALVPFGARTY,2
AISPYGERIY,2
AIRIYGYSTY,2
AIIPFGYQTY,2
AISPWSLGTY,2
AISPWVLGTY,2
AISEFGYYTY,2
SIGPYGYYTY,2
AILMWGGYTY,2
AIMYYGAYTY,2
TISPWGLGTY,2
TISPFGSYTY,2
AINPRGEATY,2
AIQDYGRYTY,2
AMAPFGEYTY,2
AIKPYGLRTY,2
AISPYGSYTH,2
AIGPFGWHTY,2
AIGPFGNRTY,2
AISPFGSPTY,2
AIVYMGGSTN,2
EISEYGYGTY,2
AISEYGRFTH,2
AISPYGEYTN,2
AIRPFGSKTY,2
AIPMWGRSTY,2
AIKPYGEKTY,2
AIAMWGRSTY,2
AIKPYGFNTY,2
AITEYVYATY,2
AILYCGGSTY,2
AISPGGGSTY,2
AINMWGCSTY,2
RIIYNGGSTY,2
ATNPYGRITY,2
AIGPLGGLTY,2
AIIPYGEYTY,2
AILPIGGNTY,2
AIVPRVEYTY,2
AINPWGYATY,2
VISKVGNDTY,2
TIRPFGWKTY,2
TISPFGRQTY,2
AICPFGDYTY,2
AIRSFGTHTY,2
AIVPVGGHTY,2
AIGPFGTSTY,2
AIIYDGSYTY,2
AISPQGWRTY,2
TISPFGRATY,2
AIKPYGYLTY,2
AITPIGYNTY,2
AIVPFGYQTY,2
AIAQYGEYTY,2
AIQYKGGSTF,2
AISNSGHYTY,2
AIVMWGGKTY,2
AIRWDGDYTY,2
AISLGGRQTY,2
AIRTYGSYTY,2
AIGCDGEYTY,2
AISPRGDHTY,2
AILPYGKQTY,2
AIGPLGNGTY,2
AIRWKGDETY,2
VISPFGGWTY,2
AIGPYGRSTY,2
AINPFGRGTY,2
AIGPFGHKTY,2
AIAPFGYRSY,2
AIGPLGYYTY,2
AINPFGANTY,2
AIGPDGYSTY,2
AIGPFGNMTY,2
SIGPFGLPTY,2
AIRMWGGYTY,2
AILPFGSRTY,2
AITPLGRLTY,2
AIDVYGHNTY,2
AIRWNGGATY,2
AIVPFGGSTY,2
AIAPWGRRTH,2
AISNLGRYTY,2
AIAPCGSFTY,2
VISPYGGYTY,2
AIKISGGYTY,2
AITPAGRSTY,2
AISLFGNRTY,2
AIRPFGYKTY,2
AIGPFGLNTY,2
AIASLGISTY,2
AISRFGGYTY,2
AIGPYGLHTY,2
SISNYGSYTY,2
SISPSGYGTY,2
AIAQFGEYTY,2
AISLFGYSTY,2
AINPFGYHTY,2
AMAPFGQYTY,2
AMSPFGDSTY,2
AIGPFCRTTY,2
ATRWNGVETY,2
AICPFGINTY,2
AIAMVGGSTY,2
AIDPQGYYTY,2
AIRWNGNETY,2
AINWNGRYTY,2
AITPYGRHTY,2
AIGPYGTTTY,2
AIKASGYLTY,2
AIMMWGGYTY,2
AIYPYGDITY,2
AIAPYGEYAY,2
AISEYGEYTF,2
AISPYCEYTY,2
AISEYGWSTY,2
TIAPFGYKTY,2
AITFWGGSTH,2
TISPFGYNTY,2
AISTFGYSTY,2
AISPWGLDTY,2
AITPFGYLTY,2
AISPHGYYTY,2
AISPFGDTTY,2
AMRMWGGSTY,2
TISPFGGWTY,2
AISMWGGWTY,2
AIRVFGGRTY,2
AISPYGYRTF,2
AIAPIGHITY,2
AILPRGGFTY,2
AINPYGRITN,2
AISPFGQDTY,2
AISPNGETTY,2
AMSPYGYYTY,2
AIGQYGNYTY,2
AINPFGRLTY,2
AINPYGYKTY,2
AIDDYGTYTY,2
AIGPFGWRTN,2
AIRLSGNYTY,2
AICYCGGSTY,2
AISPPGYRTY,2
AVAPFGNLTY,2
AIKIDGKGTY,2
AISPYGGYTF,2
AINEYGYATY,2
AITPYGVRTY,2
AISPAGIWTY,2
AILPYGSDTY,2
AIAPLGTYTY,2
AIRFAGYNTY,2
AIAPFGEYIY,2
AIGPFGLGIY,2
AILPYGPYTY,2
AIQPFGIKTY,2
AIRAYALHTY,2
AITPYRRYTY,2
AIRWNGRYTH,2
AINPYGEITY,2
RISPNGYDTY,2
AIVPFGYHTY,2
AIRPYGLETY,2
AIVPVGDYTY,2
AIGPFGSWTY,2
TINPYGKYTY,2
AICPYGEYTY,2
AITPLGYSTY,2
AIAMLGGSTY,2
AINYYCGSTY,2
AIGTYGDYTY,2
AISPFGYKAY,2
AIGPLGYGTY,2
AIPYMGGSTH,2
AINSYGKYTY,2
AISPYGDYTF,2
SINPFGGRTY,2
AISEYGSKTY,2
AIGPFGRRTY,2
AITPYDHSTY,2
AIDPYGRITY,2
AISRFGGLTY,2
AISMWGDSTY,2
AINPFGKYTY,2
AIRPLGRSTY,2
AIQPFGDSTY,2
AISTFGNYTY,2
AIGPDGHYTY,2
AISDYGSKTY,2
AINPFGRNTY,2
ATRMWGGSTY,2
TISDYGDWTY,2
AISPYDNRTY,2
AITPFGITTY,2
TIAPFGGYTY,2
AISPYGDYTH,2
AIMMWGGSTF,2
AIRWNGLETY,2
AISPFGGYIY,2
AINWDGNYTY,2
AINYMGGSTH,2
AILPYGEITY,2
AIRWSGDYTY,2
AIGPRGYCTY,2
AINPYGDQTY,2
AINPFGLTTY,2
AIRLWGRSTY,2
AIDPFGSSTY,2
AISPWGLHTY,2
VISEYGWGTY,2
AINPYGCRTY,2
AIRPSGWGTY,2
AIGPGGDHTY,2
AIMMWGGLTY,2
AIGPFGCGTY,2
AIKPYGNHTY,2
AIKPFGDYTY,2
AIRPSGRSTY,2
AIAPIGKKTY,2
AIRWYGVSTY,2
AISTFGDSTY,2
AITIWGGSTY,2
AMGPFGNGTY,2
AILPFGSGTY,2
AINPFGLETY,2
AITPRGGNTY,2
AIGSFGHYTY,2
AIRWNGYETY,2
AIRFRGGVTY,2
AIIMWGRSTY,2
SISPRGDVTY,2
AIGSTGGWTY,2
AITPFGIWTY,2
PIRWNGVETY,2
AIAPFGNFTY,2
AINPFGNHTY,2
AIAPHGEYTY,2
AISQYGDYTY,2
AISPYGKYTH,2
AILSYGGRTY,2
TISPFGAYTY,2
AISPYGHQTY,2
AIQPFGNGTY,2
AIRWNGVVTY,2
AISPSGKYTY,2
AISPFGIFTY,2
AIGPNGEWTY,2
ALTPFGYDTY,2
AISWRGYYTY,2
AILPFGQRTY,2
AIRPFGRRTY,2
TIAPYGEYTY,2
AISEYGYATC,2
AISYKGRSTY,2
AITPQGYYTY,2
AINYVGGYTY,2
ALSPNGKRTY,2
TISPFGYETY,2
AISPFGHLTY,2
AISSFGDYTY,2
AINPGGDHTY,2
AIDVYGNYTY,2
AIRPIGRITY,2
AITPYGYDTY,2
AITEYGYATC,2
VISPFGYSTY,2
AIKMWRGSTY,2
AMSPFGYQTY,2
AINPYGYYNY,2
AINPFGLNTY,2
AINPWGNYTY,2
AISDPGYYTY,2
AISTRGSYTY,2
AIAYTGVSTY,2
TISPYGTWTY,2
AIRPNGYTTY,2
AIDMWGGRTY,2
AISYDGFSTY,2
AISPYGDWSY,2
AIGPFGGSTN,2
AIAPYGSSTY,2
AITMWGGYTY,2
AIRPFGFKTY,2
AISPGVGFTY,2
AIAPFGGYIY,2
AIQLRGDFTY,2
AMSPFGSYTY,2
AISPWGNDTY,2
AISPFGYSSY,2
AISPGGKYSY,2
AIGPFCDSTY,2
AISPYGSYIY,2
AILYGGGSTY,2
AMSPYGKYTY,2
AIVPYGSATY,2
AINPFGASTY,2
AITPFGGDTY,2
AIGYDGSYTY,2
AISPYGEYNY,2
TIEYYGGSTY,2
AIDPYGLSTY,2
AISPYGGYTH,2
AISPFGCWTY,2
AINPYCRRTY,2
AINPYGQITH,2
AISDYGYATY,2
AITPFGLATH,2
AIRISGIATY,2
AIRPFGITTY,2
AISPFGANSY,2
AISPYGYYAY,2
AIAPRGVRTY,2
AISQYGYATY,2
AISPFGNSTH,2
AIVPFGKSTY,2
AISPFGIHTY,2
AISPFGIKTH,2
AIYPFGRGTY,2
AISDSGSYTY,2
AISPFGMKTY,2
AISPFGKRSY,2
AIAPFGDWTY,2
AIVPFGLRTY,2
AIVPIGSYTY,2
AIRWNDDYTY,2
AIAPFGDSTH,2
AINEYGYSTY,2
ALSPFGLNTY,2
AISPFGDSTH,2
AIYPLGSYTY,2
AILPYGRATY,2
AIRWNGVENY,2
AIVPWGSYTY,2
AIGLFGSQTY,2
AINSYGRRTY,2
AIAMWGYQTY,2
AIGQFGDKTY,2
AISPAGYYTY,2
AISPFVFTTY,2
TINPFGGYTY,2
AISPFGLSTH,2
TINYMGGSTY,2
AISPFVFNTY,2
AIAPIGRITY,2
AITPTGGNTY,2
AISWCGDRTY,2
AIRMWGDSTY,2
VIMMWGGSTY,2
TISPYGKYTY,2
AISADGYSTY,2
AIPPFGYDTY,2
AIVPSGGHTY,2
AISYDGGYTY,2
AIVPFGHKTY,2
AILSYGSFTY,2
AISPFCGYTY,2
AITEYGRITY,2
AIAPFGAHTY,2
AIAPHGSYTY,2
AIRFVGTETY,2
AITPYGGYTH,2
AISPFCRYTY,2
AISPYGDYAY,2
AIAPPGKFTY,2
TISPFGFKTY,2
AISPHGEYTY,2
AISPFARHTY,2
PIVMWGGSTY,2
AIVMWGRSTY,2
AIQWNGGPTY,2
AIRPSGLSTY,2
AIMMWGDSTY,2
AIRMWGGSTH,2
AISPSGGWTY,2
AICPYGHLTY,2
AILPYGLDTY,2
AIRWNAVETY,2
AINYDGSYTY,2
AIVPFGHYTY,2
AIRPFGYTTY,2
AIVPRGGVIY,2
AIAPFGLSTH,2
AISPLGQLTY,2
AIVPFGYKTY,2
AISPFGEYIY,2
AIAMWGDSTY,2
AITLFGIRTY,2
AMSPFGLSTY,2
AIVPCGRRTY,2
AIAPFGGETY,2
AISPYGYYNY,2
AISDYGHYTY,2
AIMYMGGYTY,2
AIRWDGDETY,2
AICPQGYYTY,2
VISPFGNSTY,2
AIGQFGGTTY,2
AIAPYGYKTY,2
TILYMGGSTY,2
AISDDGNYTY,2
AITPFGLKTY,2
AIGPFGSYTH,2
ATSDYGDYTY,2
TISWDGSYTY,2
AIGPFGNKTY,2
AISPVGGHTY,2
AIMLWGGSTY,2
AISPYGRQTY,2
VISPWGNYTY,2
ATAPFGEYTY,2
AISPFGCSTY,2
AISPYCSYTY,2
AIRPYGNLTY,2
AIGPFGQGTY,2
TISPRGEATY,2
AIAPYGNFTY,2
AMSPFGIRTY,2
AIYPYGGTTY,2
AIIMCGGSTY,2
AIHPYGHYTY,2
AISPYVSRTY,2
AISPFGWPTY,2
VIRWNGDYTY,2
AIAPFGGYAY,2
AISQYGGYTY,2
AISNYGYYTY,2
AIAPCGEYTY,2
AISPWSNYTY,2
AIDPFGSGTY,2
AISPYGGYSY,2
AIALFGDFTY,2
AIAPSGGYTY,2
AIYPYGSLTS,2
ATTEYGYATY,2
AISPFGRTTH,2
AISPDGSHTY,2
AIVPFGSKTY,2
AISPIVGRTY,2
AINPFGLRTY,2
AISPRGGSTY,2
AIGPYGYRTY,2
AISEYGYTTY,2
AISPFGCQTY,2
ATQPFGKETY,2
AIVPRGGSTY,2
AIRPNGYNTY,1
TISPFGHYTY,1
AISDYGYYNY,1
SISEYGTYTY,1
AIEFRGGNTN,1
AISPFGGATC,1
AIVPYGLYTY,1
AIWPFGLSTY,1
AISQYGSRTY,1
AISPFGTSTH,1
AIKMCGGSTY,1
AIDPHGNNTY,1
AIAYMGDSTY,1
AISPYSSRTY,1
TQIMFGLTYY,1
AIGPRGYYTY,1
AIRWKGSSTY,1
RISPYGSRTY,1
AMSPFGNYTY,1
AIVPTGNYTY,1
AITPFGWNTY,1
AISPRGEVTY,1
AIHLYGNYTY,1
AISSFGQRTY,1
AITPYGSHTY,1
AISPYGRYTH,1
AIGPYGGWTY,1
ATTPFGGSTY,1
AIRWYGGDTY,1
AIGPFRYNTY,1
AIDPFGIQTY,1
AIRWSGNQTS,1
AIGDYGYYTY,1
AINPFGHHTY,1
AINPFGIRTY,1
AISPWGSMTY,1
AIGLHGNDTY,1
AIMMWGRSTY,1
AIGPHANNTY,1
AIIPNGYRTY,1
AISYDGRYTY,1
AINPYGKRTY,1
AINPYGEYIY,1
AISPYGELTY,1
AISPFGSKTD,1
RISPFGFKTY,1
AISDYGEPTY,1
AIQYRGTYTY,1
AILPFGHSTY,1
AISPFDGYTY,1
AIAPNGYTTY,1
AMGPPGEYTY,1
AISPYGDYTD,1
AMNPSGIKTY,1
AINTYGDYTY,1
AISPFGSYTN,1
AINPFGLKTY,1
AISPYDRYTY,1
AISWDDNYTY,1
AISPIGSYSY,1
SISEFGGYTY,1
AIAPWGGHTY,1
VIAPFGYQTY,1
AMRPFGLETY,1
AILPDGSNTY,1
AIPPFGQRTY,1
AISYDGNSTY,1
AITLFGGRTY,1
AIYPYGNHTY,1
AIIYKGGSTD,1
AIDPFGHSTY,1
AILQYGDRTY,1
AISSDGWYTY,1
AIAPFGIQTY,1
AITPDGYYTY,1
AISPFCNRTY,1
AISPFGYETH,1
AIRLLGGSTY,1
AINMWGGPTY,1
AISPFGHYTF,1
AIAPFGSGTY,1
RDKPVWLLTY,1
TISPFGGFTY,1
AIGPYGESAY,1
AISPCGKNTY,1
AILPYGAYTF,1
TISPFGSHTY,1
AMRPFGGRTY,1
AMSPYGGYTY,1
AIASYGLQTY,1
AISPGGDVTY,1
AINYTGYSTY,1
AITPLGGSTY,1
TIDMWGGSTY,1
AMGPFGDRTY,1
AIKVYGVRTH,1
AIRWNGDGTY,1
AISPYGYRTD,1
TIGPFGLSTY,1
TISDYGYRTY,1
AIGPNGYFTY,1
AIIPFGFGTY,1
AIVPFGQGTY,1
AIRPYGSWTF,1
AISPYGDYIY,1
AIRSFGVDTY,1
AINPYGSYAY,1
AIRMMGGSSY,1
AIVPYGNNTY,1
AIRMNGDSTY,1
AIDSYGSYTY,1
AIVPFGYATY,1
AISPFGVDTY,1
AINPYGPRTY,1
AIDPFGHTTY,1
AISRFGIGTY,1
RIAPYGRYTY,1
AISPCGYRTY,1
AINEAGYHTY,1
AIVPFGGRTH,1
AIDSYGHYTY,1
AISPRGHRTY,1
AISPYGSCTY,1
AIQWAGWNTY,1
AISPFVLKTY,1
TIAPFGRRTY,1
AIVPYGRITY,1
AISPWGGWTH,1
AIGGFGDNTY,1
AIAPYGGHTY,1
AIRWNGEETY,1
HDKPFGLTTY,1
AIRWNGDENY,1
AISEYSYATY,1
AVSPYGAETY,1
AISPFGMETY,1
AISEFGYGTY,1
AISPDGWYTH,1
AISDYGGYTC,1
AINYMGRSTY,1
AIIPSGGYTY,1
ATGPFGDWTY,1
AITPFGGKTY,1
AIKYVGGPTY,1
AISPDGAVTC,1
AIRSFGGDTY,1
AIVPFGVETY,1
AIVQFGKYTY,1
AISPNGEGTY,1
AISPFVHKTY,1
TIAPFGYHTY,1
VISPFGYNTY,1
AISPFGKSAY,1
SILYMGGSTY,1
AIAPLGVTTY,1
AVSEYGRRTY,1
TISPSGKNTY,1
AIRPDGYETH,1
VISPFGLSTY,1
TISPGGGWTY,1
AISPFGDVTH,1
RDKRIGEYTY,1
AIGPFGVRTY,1
AIKPYGGVTY,1
AIRPHGRCTY,1
AISPYGSYSY,1
AIVPFGQITY,1
AISPFVYNTY,1
AIVPNGLDTY,1
AITPSGSGTN,1
AIVPFGASTY,1
AIQYYGSSTY,1
AIVPFGRLTY,1
RDKPVWSLYL,1
AILSYGSNTY,1
AIAMWGSSTY,1
AISPYGVITY,1
AIDMCGGSTY,1
AIRWNGLDTH,1
AILYNGIYTY,1
AIDPVGYSTY,1
AISPAGSCTY,1
AMSPWGQRTY,1
AITPDGKYTY,1
AITPDGYNTY,1
AISPTGNRAY,1
RYACGVVQPI,1
AISKYGWGTY,1
TINPYGSYTY,1
AISEHGYSTY,1
AINMWGDSTY,1
AIIYMGGSTN,1
AIAQFGIATY,1
AIAPFGGKTN,1
AIAPNGSYTY,1
AIQYRGNYTN,1
TIRWNGSATY,1
RIVPFGGDTY,1
AIQPFGLRTY,1
AISPIGYYTY,1
AISPFGYHTH,1
AIAPYGFTTY,1
AILPSGGSTY,1
AIGPFGGTIY,1
AIRWNGVPTY,1
SISPFGDYTY,1
AISEYGSGTY,1
SIAPFGGQTY,1
AIIPYGGDTY,1
AIIEYGYYTY,1
SINPYGQYTY,1
AINMWGGRTY,1
AIAPFGHWTH,1
AIESFGSRTY,1
AIGQFGGSTY,1
AISPDGYRTY,1
AISPIGSITY,1
AIGPFGFRTY,1
AINPFGFNTY,1
AISQFGSYTY,1
TIGWDGGYTY,1
AIAMWGGRTY,1
AINYIGGSTY,1
AIAPNGYYTY,1
RDKMNGRYTY,1
AIEFRGGRTY,1
AICHYGGSTY,1
TITYMGGSTY,1
AIGPFCNSTY,1
AISKVANDTY,1
AIRYVGDSTY,1
AITLFGDYTY,1
AISQYGDLTY,1
AISPFGDSIY,1
AIGPFGVTTY,1
AISPWGHATY,1
AISPGGLETH,1
AIAPYGARTY,1
AIDYRGGSTY,1
AISQFGFDTY,1
AMAPFGNYTY,1
TIRWNGSSTY,1
AIGYKGRSTY,1
AIKMWGGPTY,1
AIGPFCFQTY,1
AISQFGQRTY,1
AISPTSLYTY,1
AIQWNGSLTH,1
TITPYGNYTY,1
VISPFGNFTY,1
AISPFGLFTY,1
AIVPYGRRPY,1
AIQYMGGSTH,1
AILYVGGPTY,1
AIEPYGARTY,1
AIAPFDNSTY,1
AISPCGEATY,1
AITPGGGLTY,1
AIQLGGYSTY,1
AIDWRGSFTY,1
AIYPYGDPTY,1
AIPMWGGRTY,1
GITPFGKYTY,1
AIVPFGGGTY,1
ALIMWGGSTY,1
AIDWRRNYTY,1
PITPFGRYTY,1
AISPFGDDTY,1
AIRWNGDEAY,1
TIAPFGEYTY,1
TISPFGYQTY,1
AIGPYGYHTY,1
AIADYGRSTY,1
AISSYGGSTY,1
AISLFGGRTY,1
AIRTRGGSTY,1
AIGPGGGDTY,1
AINWRGARTY,1
PISPYGGYTY,1
AISPLGQWTY,1
AISPYGHYTF,1
AINPFGNATY,1
AIAPFGLCTY,1
AISPFGLLTY,1
AISAFGIRTY,1
AIMYMCGSTY,1
AINPFGNTTY,1
AQIRYGLRTY,1
AIRFSGAFTY,1
AIVPCGGATY,1
AIGPFGSYTN,1
AITPDGNFTY,1
TIRWNGVESY,1
AIGQFGSYTY,1
AIAPYGSYAY,1
AIVPFGGITY,1
AMGPFGDKTY,1
AISPFGLGPY,1
AISPDGGTTY,1
AIAPFGLRTN,1
AIVLFGARTY,1
AIGPLGDYTY,1
SIDPYGTYTY,1
AISEYGGGTY,1
AIMMLGGSTY,1
TIVPYGTRTY,1
AIAPFGRCTY,1
AMSPFGDYTY,1
AISQFGKRTY,1
AIRYSGVTTY,1
AISPFCAQTY,1
AISPWGNYTH,1
AIGPRGVRTY,1
AISQFGGVTY,1
ALSEYGYYTY,1
AIDPFGWSTY,1
AISEYGHYTY,1
AIRWIGLDTY,1
AIAPYGGYTH,1
TISPFGIGTY,1
VISDYGDYTY,1
AIRPFGKATY,1
VIAPFGGTTY,1
SIGPYGGNTY,1
AISQFGRDTY,1
SIKWNGYYTY,1
AISQFGLSTY,1
AIQPFGSHTY,1
AIAPHGEWTY,1
AITPFGNSTH,1
AISNNGNYTY,1
AILPFGRGTY,1
AINPFGSRTY,1
AISPNGEWTH,1
ARSPYGDYTY,1
AISPFGLNSY,1
SISPFGELTY,1
ARTFWGGSTY,1
AIAPFDISTY,1
AISPWGDHTY,1
AIRPFGRTTY,1
TISPFGELTY,1
AISQYGKTTY,1
AMGPFGHTTY,1
AISQWGGYTY,1
AINPFGSTTY,1
AIRPYGGDTY,1
AIGQFGDRTY,1
AISLYGDYTY,1
AISVSGGRTY,1
AISPFGEYTF,1
AIDDCGRYTY,1
TIAPFGWSTY,1
AIRLWGGRTY,1
AISSFGYATY,1
AIRWGGTGTY,1
AISPYGSYAY,1
AISPYVDWTY,1
AIAPFGRDTY,1
AMGPFGGYTY,1
AITMWGGSTH,1
AIHPYGHRTY,1
AIAPWCSFTY,1
AMSPWGGWTY,1
AISEFGGSTY,1
AIAPFGHNTY,1
AISDYGSYIY,1
AMSPYGKFTY,1
AMQWNGGLTY,1
AISPFGRRPY,1
AIMMWGVSTY,1
AISPFGFPTY,1
AIGPYGQHTY,1
AISKYGYSTY,1
AISWHGDRTY,1
AISPFGYKTH,1
AISPFDYTTY,1
AISPLGGFTY,1
AISDYGRFTY,1
AIGFMGGSTH,1
AIIYNGGATY,1
AISEYAYATY,1
AIAPFGFHTY,1
AINPFGSFTY,1
AISSTCGWTY,1
AISPRGGDTY,1
AIPMWGGYTY,1
AISPYGSYTD,1
AIGPFGLKTY,1
AIASFGRYTY,1
AINPFGKQTY,1
TITPFGQNTY,1
AIGPFGKRTD,1
AISPFGNWIY,1
AISPFGKYAY,1
AMSPFGKYTY,1
TIRPFGLETY,1
EIVPYGRRTY,1
AISPFVSSTY,1
AIAMWGGYTY,1
AMSPFGQYTY,1
TISPYGNLTY,1
AISPFGNRTF,1
VIAYMGGSTY,1
AIAPWGSVTY,1
AITPIGFSTY,1
TIYPNGGGTY,1
AISQFGGWTY,1
AIVSYGYRTY,1
AITFCGGSTY,1
AISPYCGYTY,1
AIRPHGYYTY,1
AIRMNGGATY,1
AISTFGGSTY,1
AISPYGRYSY,1
ALSPYGNRTY,1
VIGEYGDYTY,1
AIQPFGGSTY,1
AIDYAGGYTY,1
AITPYGCYTY,1
AMGPFGSYTY,1
AISPRCGYTY,1
AINPRGGYTY,1
AIAPCGGYTY,1
AISAYGSYTY,1
AILPYGLRTY,1
AISPSGHYTH,1
AISPFGVATH,1
AMGPYGGTTY,1
AISWNGSYTY,1
AIRYAGDYTH,1
AISEYGYRTH,1
TISPFGDSTY,1
AIRAFARHTY,1
AISPRGDRTN,1
AISPFGKMTY,1
AINPYGRRAY,1
AIIPFGQRTY,1
AIGPFGTKTY,1
AIVMWSGSTY,1
SISYVGGSTY,1
AISLYGGTTY,1
ATTPGGLGTY,1
AISPYGRWTY,1
AIATFGLSTY,1
AIAPCGNRTY,1
AISPFGRSTH,1
AIGYKGDSTY,1
TISPDGRWTY,1
VINPSGIKTY,1
AISPFSNWTY,1
AILPFGQYTY,1
AINPYGRITF,1
AIGPVSYSTY,1
AIGTFGRGTY,1
VIAPFGYRTY,1
AIGPVGGRTY,1
AIAPFVLRTY,1
AISDDGNDTY,1
AIVPSGRRTY,1
AIRPYGFNTY,1
AIAPFGGDSY,1
AISPGGNYTY,1
VITMWGGSTY,1
AISPFDNYTY,1
AINPYGKYTH,1
AISNNGYRAY,1
ALSYDGSYTY,1
AIQYMGGYTY,1
AMSEYGWGTY,1
AISPYGGWTH,1
AIAPCGYTTY,1
AISPFGPRTY,1
VISPFGGRTY,1
AIGPFGDTTY,1
AISPFVNTTY,1
AISPGGYCTY,1
VISEYGYSTY,1
AMSPFGNWTY,1
AIGWNGVETY,1
AIKPYGHHTY,1
ARTEYGYATY,1
AISKYGTYTY,1
AIMYYGGPTY,1
AISQFGFSTY,1
AIIPYGRNTY,1
AIAPFGQDTY,1
AIAPLDISTY,1
AIYRYGQYTY,1
AISRIGKYIY,1
AIGPKGGYTY,1
RISPYGYSTY,1
AIGPRGNNTY,1
AINPDGYNTY,1
AMSPFGFTTY,1
AISPYGEYPY,1
AIRAYGSYTY,1
AISMCGGSTY,1
AISQYGCTTY,1
AIGSQGYYTY,1
AIAPFGHKNY,1
AIDYYVGSTY,1
AISPFGYRNY,1
AIALFGDRTY,1
VISWDGNYTY,1
AIGPFAFHTY,1
TIRILGLGTY,1
AIAPCGKYTY,1
AIAPFGYHTH,1
AIGPFGEITY,1
AMSPDGYLTY,1
AIVPYGRYTH,1
AISWDCNYTY,1
AMLPYGDYTY,1
AISYGGGSTY,1
AIGPWGYYTY,1
AINCNGKYTY,1
AIRWRGGSTY,1
AIIMRGGSTH,1
AIAPYGLTTY,1
AILPCGTTTY,1
SIGAPGIGTY,1
AICPFGYRTY,1
AILPFGGDTY,1
TISFYGGSTY,1
AIGSFDGNTY,1
TISSFGEYTY,1
AIRWNVDETY,1
AIRPFGAYTY,1
AIDPYGGYTH,1
AIGPGGGVTY,1
AINPFGNLTY,1
TISPYGWTTY,1
AISQFGYGTY,1
AIGPFGGFIY,1
AILSYGEYTY,1
AIAPFDSWTY,1
AISPRGGHTY,1
AISPWGPGTY,1
AIAPFGNPTY,1
AISPYGEQTY,1
AIAPFGVNTY,1
AITEYGNTTY,1
AIRWNVDYTY,1
AMTPYGNGTY,1
AIRWNGPYTY,1
AIVPYGGWTY,1
AIAPFGCYTY,1
AMSPFGDLTY,1
AMSPFGHITY,1
AISEHGRYTY,1
AAIAPFGGYT,1
AIKPNGDYTY,1
AIGPWGLGTY,1
AISTFGNSTY,1
AITDYGLNTY,1
AITEYGYAPY,1
AIRWNGDETN,1
AISMWGGSTH,1
AISPYGEATY,1
AISPFVDHTY,1
TIGWDGEYTY,1
AISPYGQATY,1
AIGPNGSHTY,1
AIAPTSLQTY,1
ARNPYGRITY,1
AICPWGQYTY,1
AIYPYGGSTY,1
AISEWGYHTY,1
AMSPFGYGTY,1
AIAPFGQNTD,1
AISYNGGSAY,1
AIKMWGSSTY,1
AIDPFGDLTY,1
AIAQFGRSTY,1
AICPFGRYTY,1
AISQWGYETY,1
AISPLGTHTY,1
AINWRGDRTY,1
AIGPFGQRTY,1
AIYPYCKYTY,1
AIRAIGGETY,1
AISPYGTWTH,1
AISPLGGDTY,1
AIAPYGSFTH,1
AIVPYGHDTY,1
AIVPFGWNTY,1
AIAPCGLRTY,1
AIRWRGGDTY,1
AIYPYGSDTY,1
AISHGSGYTY,1
AIRPFGSDTH,1
AISYVGSYTY,1
AIRPFGSEPY,1
AISEYSYSTY,1
ATSPYGQLTY,1
AISEYVWGTY,1
AIVSFGSYTY,1
AVSPYGQYTY,1
AISPYGNYTN,1
AILPYGSWAY,1
AILLYGYKTY,1
AISPLGGTTH,1
AIDPLGGRTY,1
AIRWNGRATY,1
TISPFGSKTY,1
AIGASGDFTY,1
GIGPYGYYTY,1
AIAYYGGSTH,1
AMRYAGSYTY,1
VISPFGGDTY,1
AISGAGIKTY,1
AMAPYGRYTY,1
AISPFCGRTY,1
SEREFAAAIS,1
AIRWRGYYTY,1
AIKPYGRFTY,1
AIRMWGCSTY,1
AISPFCRGTY,1
AISERGAHTY,1
AISPFGGHTH,1
AIIPYGSRTY,1
AIGPPGYYTY,1
AINPYGRITC,1
AICPYGDYTY,1
AISPWGDWTY,1
TITYKGGSTY,1
AISNRGEWTH,1
AISPDGRKTH,1
AISMRGGSTS,1
AINYMCGSTY,1
AINFRGGSTH,1
AISPGSQSTY,1
AISHRGGWTD,1
AISSFGHTTY,1
AIASNGRYTY,1
VISPFGGVTY,1
AIDPYGESTY,1
AIAPFGQKTY,1
ATRWNGDETY,1
AISEYGYATD,1
AISQGGDRTY,1
RVSPFGYSTY,1
AIGPVGRSTY,1
AITPFGGTTY,1
TISSYGSYTY,1
AISPFGYHPY,1
AISTYGNYTY,1
AIVMWGSSTY,1
AIGPFCNLTY,1
ALTPYGHYTY,1
VIAPFGGYTY,1
AINYNCGSTY,1
AISPYGFSTH,1
AISEYGCATY,1
AISPFGSATH,1
AIIPWGDLTY,1
VIAPFGRRTY,1
AMGPFGGLTY,1
AIEPWGGRTY,1
AMAPYGSYTY,1
AIAPCGLSTY,1
AIHPYGQYTY,1
AITPFGKLSY,1
AINYMGGSTN,1
SIDPFGRTTY,1
AISPFGWNTC,1
AIGYNGCSTY,1
ALSPYGDWTY,1
AITPVGSYTY,1
AISYYGDSTY,1
TISPYGRITY,1
AMSPRGDRTY,1
AIYPYGNNTY,1
AISLYGLRTY,1
AICEYGWGTY,1
AISPFCKGTY,1
TIGPFGLATY,1
AIRWNSSATY,1
PIGPFGWSTY,1
AMSEYGSWTY,1
AIGPYGFTTY,1
AISPNVYYTY,1
AMGPFGRSTY,1
TIKLFGKRTY,1
AIAPFVGYTY,1
AMVPYGHYTY,1
TISPDGSYTY,1
TISYMGGSTY,1
SIGPFGHYTY,1
EINPYGRITY,1
AIAPLGISTH,1
AISPYGGRTH,1
AIVPFGWSTY,1
AISQFGNNTY,1
AILPFGKYTH,1
AITPFGVKTY,1
SISPFGSFTY,1
AISGNGNRTY,1
AISPNGTYTY,1
AITYMGGSTN,1
VISPFGNNTY,1
AIAPFGISTH,1
AIKPFGKSTY,1
AISQIGNWTY,1
AISPFGNYTH,1
TISPYGSHTY,1
TIKPDGSYTY,1
AISPDGNNTH,1
AIAPFGTHTY,1
AIRPFGLQTY,1
AISDYDQRTY,1
AISPFGISTH,1
AIGPYGSYAY,1
AISPVGRYTY,1
AINHYGGSTY,1
AISPSGNVTY,1
AITPHGNRTY,1
SISPYGGYTY,1
AISPSGKNTF,1
AIAPLGYFTY,1
TIRWNGVSTY,1
AIRCNGDYTY,1
TISPWGNYTY,1
AIMMWGGSTN,1
VIAPWGGRTY,1
AISYRGNKTY,1
AIGPWGYETY,1
AISPGGKHTY,1
AIVSYGRHTY,1
AIRYAGYFTY,1
AIVYMGVSTY,1
AIRPYGFYTY,1
AITNYGDNTY,1
VISPFGDSTY,1
AIDPFGGYSY,1
AINPWGYYTY,1
AIRMWGGSNY,1
AIGGTGNRTY,1
AIDPYGRDTY,1
TISPFGLNTY,1
AMSARGEWTY,1
ALSPFGYHTY,1
AINMIGGSTY,1
AIRVFGGGTY,1
AIQPFGGDTY,1
AISPYGCGTY,1
AIRLDGNLTY,1
AIGPRGKLTY,1
ARSPSGKSTY,1
AIGPFGSATY,1
AISQDGYSTY,1
RYDRGVVQPI,1
AISPFGECTY,1
TIKMWGGSTY,1
AIDPYGLYTN,1
AIRLGGGSTY,1
AIGEYGWGTY,1
AIQSFGKETY,1
TISPYGSRTY,1
AIGPFSSVTY,1
AIGPQGNYTY,1
AISTYGDYTH,1
SISPYGDKTY,1
AIGPFGNTTN,1
AINPNGYNTY,1
AISPYGGYAY,1
AIKMDGKTTY,1
AIRWNGVLTY,1
AISPFGEETY,1
AIAPYGYDTY,1
AISNYGHYTY,1
AISPSGHHTY,1
AISPFGLPTY,1
AITPWGSHTY,1
AISPWGLGTH,1
AISSVGGLTY,1
AIRPRGRYTY,1
AISTFGGDTY,1
AIGPDGNLTY,1
TINPYGQITY,1
AITEYGNATY,1
AIAPVGGYTY,1
TIGYMGGSTY,1
AINPYGRRIY,1
AISAFGRRTY,1
AISQYGKVTY,1
AILPRGRYTY,1
VISPFGENTY,1
SIAPFGHKTY,1
SISPFGAQTY,1
AINPFGSKTY,1
AIAPHGGWTY,1
TINSYGSYTY,1
AIHYKGGSTH,1
AISPYGNKTH,1
AISVYGKLTY,1
AIAPFGIRTH,1
AIGPFGVSTY,1
AIRPFGYATY,1
AIHPYGVYTY,1
AITNFGYYTY,1
AINLFGQNTY,1
RDKPVWFSTY,1
AISLYGGYTY,1
AIRLFGSPTY,1
AINPFGYTTY,1
TIMIWGGSTY,1
AISPWGHHTY,1
AIDPPGEYTY,1
VIGPFGDSTY,1
AIGPYDERTY,1
AIREYGWGTY,1
TISPYGHRTY,1
AISKYGGYTY,1
AIASRGNYTY,1
VISPFGNYTY,1
AISPFSSYTY,1
AIAPFGHITY,1
TITPFGNSTY,1
AMNPYGRITY,1
AISEYGYGIY,1
AISPFGELTH,1
AIRWNGYNTY,1
AIRWIGVSTY,1
AIAPFGLRTD,1
AIYPYGSHTY,1
AIEYYGGLTY,1
AIKCVGGSTY,1
AISAYGDATY,1
TIRWNGHYTY,1
AIRWNGSASY,1
AISSFGLGTY,1
SISPFGDLTY,1
PISEYGAYTY,1
AISPWGCWTY,1
RYARWGSLTY,1
AIGPYGTWTY,1
AISSLGWQTY,1
AIAPFGRLTH,1
AIGQFGSRTY,1
AISPHGGITY,1
AITMWGRSTY,1
AISPYGKFAY,1
AISLFGYRTY,1
TITPFGVETY,1
AVNYNGGSTY,1
AIRPYGTNTY,1
AISPHGRKTY,1
AISPLGDVTY,1
SISPYGNYTY,1
AIGPLGYKTY,1
AIAPWGSRTY,1
AISQYGRFTY,1
AISYMSGSTY,1
AMGPLGGRTY,1
TISPYGDWTY,1
AISEYGEYTH,1
AIKDYGNRTY,1
AITYYCGSTY,1
AICPFGGHTY,1
ATGPFGHYTY,1
AIRPFGTNTY,1
AITPRGRKTY,1
PIEPYGSNTY,1
AISTYGSYTY,1
AIRWNGVEPY,1
AIPMWGCSTY,1
AIAPCGGFTY,1
AIGQFGDYTY,1
AIAMRGGSTH,1
AIGMWGRSTY,1
AIMFYGGPTY,1
AIAPWGSFTH,1
AINNGGRYTY,1
AIAPYGFRTY,1
AITPYGGNTY,1
AISPFGHYTC,1
AISPFGLSIY,1
VISPYGSHTY,1
AILPYGSYTH,1
AIEYYCGSTY,1
AIAPWGSFAY,1
AIGPRGGGTY,1
AIGPFVGNTY,1
SISDYGKYTY,1
AIGRFGWRTY,1
AISPWGYHTH,1
AMEPYGSYTY,1
AITPLGYNTY,1
AIRSFGRETN,1
VIRPFGQNTY,1
AISPGGSRTF,1
TISPNGYTTY,1
AIVPWGGRTY,1
AIEPFGWSTY,1
AIAPFGSITH,1
VISPFGKYTY,1
AISLFGEWTY,1
AIGMWGGYTY,1
AIVPFGKRTY,1
AIGTSGYYTY,1
AIAPFGLLTY,1
AISYYGGSTN,1
AIRYAGYRTY,1
AINPYRRRTY,1
AISPFGNHTH,1
AIDPFGNNTY,1
AINYCGGSTY,1
AVSPYGNYTY,1
AIQPFGPETY,1
AIRPYVIRTY,1
AISHSGVRTY,1
AISPNSGYTY,1
AISPFCKYTY,1
AISPFGSCTY,1
AISPRGTYIY,1
AIGPFGDNTY,1
AIIPRGDYTY,1
AQIMYGYSTY,1
AIRWSGDETY,1
AIRWNGDCTY,1
AIAPYGSYTD,1
AINPFGYNTY,1
GIGPSGRTTY,1
AMSPYGSSTY,1
AITTYGSYTY,1
AISPIGIYTY,1
AITPFGRHTY,1
AIHPFGYRTY,1
AIGPYGNDTY,1
AISPGSSRTY,1
AIDPLGYYTY,1
ALAPFGARTY,1
AILHKGGQTY,1
VIADYGRSTY,1
AIQPYGCYTY,1
AIAPHGAYTY,1
ARSPFGSTTY,1
AIGPCGYTTY,1
AIAYVSGSTY,1
AIAPYREYTY,1
AIYPYGAYTY,1
AISPFGWNNY,1
ALSPFGTQTY,1
AIGLFGYQTY,1
AIGPHGNYTY,1
AINPLGGHTY,1
AMSPYGYRTY,1
AIPWNGVETY,1
AIIYTGGYTY,1
AIVPFGGPTY,1
AIGPVGGSTY,1
AIGPRGGYTY,1
AISQFGNWTY,1
AITPYVYRTY,1
AINPYGYFTY,1
AISPFGGLTF,1
AIAYAGSSTY,1
AILYMGGKTY,1
AILPYGEFAY,1
AISQYGSYTY,1
AINHRGHYTY,1
AIQMRGVSTY,1
AIKLYGSRTY,1
ALTEYGYATY,1
TITPFGGYTY,1
AMDPYGLYTY,1
AMSPWGGYTY,1
AIRWNGDYTN,1
AIRSNGDETY,1
AIASFGSSTY,1
AISPFVQYTY,1
AISPWGRHTH,1
ATLPYGGWTY,1
ATNPYGYSTY,1
AIAPFGLTIY,1
AISTYGEYTY,1
AIAPFGQNTH,1
AISPCGKYTY,1
AIRGYGRYTY,1
AISPLGRTTY,1
TISPFGWSTY,1
AICPFGRSTY,1
TIGPFGDYTY,1
TIVYKGGSTY,1
TISPFGNSTY,1
AMSPWGFGTY,1
AIGPYGYNTY,1
AIRFAGYKTY,1
AISPHGYKTY,1
AISQYGHTTY,1
AIEPFGWRTY,1
AISPYGPTTY,1
AISPLGYNTY,1
TIRTFGGDTY,1
AITYYGGYTY,1
AISMWSGSTY,1
AINLAGYRTY,1
AIDRFGGYTY,1
AISPLGWQTD,1
VISPYGDVTY,1
AIRPSGSRTY,1
AMGSFGGYTY,1
AIAPYGKYSY,1
AILPYDNLTY,1
AISPFGRYAY,1
AISARGDYTY,1
AISPAGLKTY,1
VIAPIGYSTY,1
TIAPYGGITY,1
AIGWDCEYTY,1
AIAPCGHKTY,1
AISPIGGKTH,1
AISPWDNYTY,1
ATSPYGEYTY,1
AIDPYGPYTY,1
AIKPFGGSTY,1
AISPYGIYTY,1
VISPRGNFTY,1
VIYYYGGSTY,1
AITPFGTVTY,1
AINIYGDYTY,1
AIKMWGCSTY,1
AIAPFGEYAY,1
AIGQFGDWTY,1
AISPFGNCTY,1
AIGDNGLKTY,1
AISPFGVCTY,1
AIAPFAYSTY,1
AIGPYGRGTY,1
AISPFGRQYT,1
AIQPFGYSTY,1
AMAPFGYNTY,1
AIRMLGGYTY,1
AINTSGARTY,1
AITPLGHSTY,1
AINPFGDSTY,1
AISPYCEHTY,1
AISEYGYSAY,1
TIAPFGAKTY,1
VISPFGDYTY,1
AIGPYGEFTY,1
AISPRGSDTY,1
AISEYGYATS,1
AIALFGRQTY,1
AISEYGWGTH,1
AIEPFGYQTY,1
AISPFVAYTY,1
AIDSFGGITY,1
AIGPFGGSTH,1
AIADFGWRTY,1
AIRPYGSRTF,1
TISPDGYYTY,1
AMGPFGGGTY,1
AINPYGRITD,1
AISPFDNSTY,1
AIVPYGCRTY,1
AIAPYGISTY,1
AIGTFGHYTY,1
AITDYGYATY,1
AIALWGGSTY,1
AIKPYGRYTH,1
AISYDGSYNY,1
AISPYGSHTH,1
TISPTGHQTY,1
AMAPLGISTY,1
ATMYMGGSTY,1
AIAPCGSSTY,1
AISRYGNYTY,1
AIASYGGSTY,1
EITEYGYATN,1
AILPYGGDTY,1
EISPFGQRTY,1
AVAPFGLRTY,1
AIVPFGRRTY,1
AIGQLGSGTY,1
ALAPFGGKTY,1
AITAYGYYTY,1
AIADYGRKTY,1
AIKDYGSRTY,1
AIRWNGHETY,1
AIGPFCFETY,1
AIKYKGGSTH,1
AIRLNGSFTY,1
AITPFGEGTY,1
AIVPFGQQTY,1
AISYMVGSTY,1
AIISVGGSTY,1
AIYYYGRYTY,1
AINTFGGYTY,1
AISPHGLDTY,1
AISTYGGGTY,1
AITPYGRLTY,1
EIAPFGYRNY,1
AISPNGWTTY,1
AIRYRGLTTY,1
AISPDGFTTY,1
AISWDGGYTY,1
AMSPFGYNTY,1
AISPFGNWTH,1
AIMVWGGSTY,1
AIGHYGGSTY,1
AISEYGHFTY,1
AIYPYCGITY,1
AISPFGGETH,1
AINPCGRRTY,1
AIIYMGGYTY,1
SITMWGGSTY,1
AISPFGRDAY,1
RVIMWGGSTY,1
AISPYGGCTY,1
AISQFGDWTY,1
AINPFGRKTY,1
AINPFGSSTY,1
AIQYHGNYTY,1
TISDYGYYTY,1
AIVSHGGSTY,1
AIHPYGNRTY,1
AISYRGRTTY,1
AISRRDKFTY,1
AIGQQGYYTY,1
AIAPFCKTTY,1
AIVPFGNGTY,1
TISPFGSNTY,1
AIAPLGNYTY,1
TILPYGTYTY,1
AISPFGSQTH,1
TISNNGYRTY,1
AISDYGFLTY,1
AISRRDRYTY,1
AIDPYGRYSY,1
TIAPYGGYTY,1
AIAPFGHKIY,1
AISWDGNYTH,1
AIRPIGTVTY,1
AICPYGGYTY,1
AIHPFGGYTY,1
AIDWGGRYTY,1
AIGPFGYWTY,1
AISAYGEYTY,1
AISQFGFRTY,1
TITMWGGSTY,1
AIAPFVYKTY,1
AILPYGAFTY,1
AIVSTGNRTY,1
TISEYGSYTY,1
AIQYVSGSTY,1
AICPFGHTTY,1
AIDPFGNITY,1
AIRMWCGSTY,1
AIMMWSGKTY,1
AITQYGYATY,1
AIGDYGLTTY,1
AISWDCSYTY,1
SISPFGTNTY,1
AISPYGQITY,1
AILPHGNYTY,1
AINPYVRRTY,1
AISPEGAHTY,1
AINPFGNLTH,1
AISYNGSSTY,1
ARSPLGNKTY,1
AIAPCGKKTY,1
AIASFGLSTY,1
AISPGGSWTF,1
AIIPFGDWTY,1
AINPAGNHTY,1
AIKIYGKTTY,1
AISPWGDYTH,1
EIRMQGGSTY,1
AIAPYGDRTY,1
AIKMWGGSTH,1
AISPIGRHTY,1
AMNPYGSYTY,1
AIIPFGLSTY,1
TINPYGDYTY,1
AISPWGFKTH,1
AIATWGSFTY,1
AISPTGSSTY,1
AIVPYGRGTY,1
AISPNGQGTH,1
AIEPYGQYTY,1
AISPYGYVTY,1
AISEHGYATY,1
VILMWGGSTY,1
AISPLGGATY,1
PISPYGRYTY,1
AITPDGNHTY,1
AISPFDSNTY,1
AIMMWGGSTH,1
AIGWYGNYTY,1
AISYDGIYTY,1
AIQWNGSATY,1
AMSPFGWNTY,1
TISEFGGYTY,1
AISPFGGWTD,1
AIDPFGSRTY,1
AISPRGYYTY,1
AISDIGYYTY,1
TISPFGEKTY,1
AIGWDGGNTY,1
ALMYLGGSTY,1
AINPFGYGTY,1
AIHPSGYGTY,1
AICPYGNYTY,1
SIRWNGDYTY,1
AITEYGYATS,1
AIRPFGGTTY,1
AIQIWGGSTY,1
AISPFGNQTH,1
AIDPYGSSTY,1
AISPFGWYTY,1
AISLFGYHTY,1
AISTSGGHTY,1
AISPDCKTTY,1
AIRWNGYATY,1
AIPPFGRGTY,1
AISEYSRFTY,1
AINTYGIYTY,1
AIAPFGPSTY,1
AISSYGRYTN,1
AIVPYRRRTY,1
AQIMFGHKTY,1
AISHRGDHTY,1
RITPFGYSTY,1
AISQVGNDTY,1
AIGPWGGHTY,1
AIGPRGDLTY,1
AIMPYGGNTY,1
AIMMWGGWTY,1
AIGPFGWNTY,1
AILPHGNLTY,1
AISPFGCGTY,1
AIRPYGFHTY,1
AIRGYGHYTY,1
AISPFGGHSY,1
RISPYGNYTY,1
AIRPFGYRTH,1
AISPEGKFTY,1
AIDPYGEYTY,1
TISPFGHNTY,1
TISPYGEHTY,1
AIYQYGGGTY,1
AIGPQGYCTY,1
AISEYGYGNY,1
AIVPYGGITY,1
AISSFGSYTY,1
AIAPLGYHTY,1
AISPFSASTY,1
AIAPSGRSTY,1
AISWDRSYTY,1
AIVPLGDITY,1
AINQYGRRTY,1
AMSPFGGYTY,1
AISPFAESTY,1
AICPWGDYTY,1
AISPEGSHTY,1
AINPFGEWTY,1
AIASFGISTY,1
AVSPVGRGTY,1
AISPDGGSTY,1
AISPYVEYTY,1
TISPFGNYTY,1
AIVPFGSHTY,1
AIGPLGSYTY,1
AIAPFGGGIY,1
AIGPNGSWTY,1
AIAPFGHKTH,1
AIQPFRKETY,1
AISEYGEYAY,1
AIGPLGYRTY,1
EISPYGGYTY,1
AISWDGCYTY,1
RDKPVWLNTY,1
TISPYGNVTY,1
VISPFGGYTY,1
AISPFGSSAY,1
AVGPFGGHTY,1
TIMMWGGSTY,1
SIRMWGGSTY,1
AIGPWGEYTY,1
VISPFGGPTY,1
TISPYGGGTY,1
AIRPYGHSTY,1
AMGPFGNYTY,1
AVSPYGEYTY,1
AISPGGRETY,1
AMAPFGLSTY,1
AISEYGDGTY,1
AISDYGEYAY,1
AIRLNGDYTY,1
AIVPYGSWTY,1
AIVPYGEFTY,1
AISPFDKYTY,1
AISSFGISTY,1
AISPYGPYTY,1
AIASYGSYTY,1
AITPRGGYTH,1
AIVPLGISTY,1
AIKQNGAYTY,1
AIGWDGSYTY,1
AITYYGDYTY,1
AISPLGLDTY,1
AIKYKGGSTN,1
AILPYVKTTY,1
AIGEPGKFTY,1
AISPNGTHTY,1
SISPYGYHTY,1
PITPYGGYTY,1
AISSRGNYTY,1
AIQMRGSSTY,1
AMDWNGKYTY,1
AMGPTGLNTY,1
AIKPYGDFTY,1
AISPIGGSTY,1
TITPFGDSTY,1
AITPFGVRTY,1
AISPDGEYTY,1
AIAPNGNYTY,1
EISPYGDRTY,1
AINPYGGNTY,1
AITPYGDGTY,1
AIAKVGGYTY,1
AIAPYGRNTY,1
AINPRGDWTY,1
AICPYGTKTY,1
AIVPFGDRTY,1
AISPFGDYTN,1
AIGDYGYNSY,1
AISFYGGRTY,1
AIYPCGGGTY,1
AIGPYGNRTY,1
AIEPFGYITY,1
AISEYGSTTH,1
EISPYGYYTY,1
AIGPFGDATY,1
AINPFGRDTY,1
AITLFGEHTY,1
AIGWDGKYTY,1
AISEYGYGTN,1
AISPHGDYTY,1
VISPFGGSTY,1
AIAEYGNYTY,1
PISDYGNWTY,1
AIVPYGARTY,1
TISPYGTRTY,1
AISSRGPRTY,1
ALTPYGRYTY,1
AITPCGDHTY,1
TITEYGYYTY,1
AIAPFGSCTY,1
AIHPFGLRTY,1
AIAPYGRHTY,1
AISTWGNYTY,1
PRYPYGNITY,1
TISNRGDWTY,1
SIRWNGVSTY,1
AIGSYGDRTY,1
AISPIGYATY,1
TINYYGGSTY,1
GISPFGFKTY,1
AIVPYGDITY,1
AIGWNGDETY,1
ATSPYGKRTY,1
AIGPLGYTTY,1
AISPFGGFIY,1
AITPFGTQTY,1
AISPRGYKTY,1
AIQPFGLQTY,1
AISPRGTRTY,1
AVSPWGGYTY,1
AIQSFGNYTY,1
AILPSGGDTY,1
TIGRFGGYTY,1
ATSPFGNETY,1
AIASYGEYTY,1
AIKIDGKYTY,1
AIRCNGVSTY,1
AITPYGGRTY,1
AISDYGYYTH,1
AMSPYGLRTY,1
AISPWGLSTY,1
AISDYGYPTY,1
AISPYDDYTY,1
AISPFGLSPY,1
AIREYGSRTY,1
SISPFGNYTY,1
AIIPIGGRTY,1
AITQYGHSTY,1
AISPYGDWTH,1
AISPNGELTY,1
AIFPFGGWTY,1
AIRWNGEDTY,1
AILNSGFYTY,1
AISPNGDETY,1
AINWSGSCTY,1
AISLFGDWTY,1
AMAPFGNLTY,1
TISHNGGSTY,1
AIRLFGAYTY,1
SISPYGDYTY,1
AMAPWGRRTY,1
ATSPFGINTY,1
VIAPFGSYTY,1
EISPYGHYTY,1
AIRPHGGWTY,1
AIRWNADETY,1
AISMWVGSTY,1
AILPYGKFTY,1
AINPFGGRTN,1
AILYYGDSTY,1
AISPYGARTH,1
AIVPYGRRAY,1
ATSPFGGDTY,1
AIIPFGHDTY,1
AILPYGVYTY,1
AISPGGSHTY,1
AITYKGGSTF,1
AIKPFGGDTH,1
AIRMWGGPTY,1
RDTIMGGSTY,1
AIQPYGLCTY,1
AISPWGDKTY,1
AILPYGRYTH,1
RITPFGEITY,1
AIKPFGVSTY,1
AIAYVGDSTY,1
TISPFGDYTY,1
AISPYSYYTY,1
EISPFGNWTY,1
TIGPFGDITY,1
AITYNGYSTY,1
AIAPLGLGTY,1
AITPLVDNTY,1
AIALFGDYTY,1
AMSPLGGSTY,1
AVSEYGYGTY,1
PINPYGRRTY,1
AISPRGNGTY,1
AIQSFGDRTY,1
VISPFGNRTY,1
AIRPFGSGTY,1
AMSPNGYYTY,1
AISPFGGWTH,1
AISPNGEWAY,1
AISPYCDYTY,1
AIDPFGYNTY,1
AIHWRGKFTY,1
AISYEGGSTY,1
AIRWNGVETF,1
RDSVMGGSTY,1
AIDVYGQITY,1
AIRPFGRDTY,1
AIRNSGGHTY,1
EISKVGNDTY,1
AIGPKGYYTY,1
AISPFGYQSY,1
AIDPYGEKTY,1
AISPSGTHTY,1
ATVPYGRRTY,1
AIINIGHYTY,1
AISPGGAHTY,1
SISPFGWNTY,1
AILYMGGQTY,1
AISPVGYHTY,1
AINPRGKLTY,1
AIKYKGVSTY,1
AIAPIGYATY,1
AIGPNGYNTY,1
AISPLGASTS,1
AIVYYGCSTY,1
AINEYGCRTY,1
AMSEYGYYTY,1
AISPFDRQTY,1
AILYIGGSTY,1
AIAQYGGITY,1
AISPYGEISY,1
AISPTSYYTY,1
AMSPFGSKTY,1
ALSPFGIGTY,1
AIPEYGDATY,1
AISLYGNYTY,1
AIGPFGSSTH,1
AITPSGDYTY,1
AIVPYGTRTH,1
AISQFGDYTY,1
AITPFGFDAY,1
AINMWGGKTY,1
AIRMWGGQTY,1
AITPSGKLTY,1
TIAPFGLSTY,1
AIGPYGVRTY,1
AIIYMGGSTF,1
AISPFGQCTY,1
AIKMWGGKTY,1
AIQMLGGSTY,1
AISPFCKTTY,1
AIAPYGTITY,1
AITEYGYPTY,1
AIRGFGDNTY,1
AINPYGLRTH,1
AIGPYGTRTY,1
AIAPYGKRTY,1
ALTPRGGRTY,1
AISPFGSATF,1
AIRPFCKFTY,1
AISPYGKHTY,1
AICPFGSYTY,1
AISWFGEVTY,1
AISYYGSYTY,1
RISPYGDFTY,1
AINPYGSLTY,1
AISPFGLDTH,1
AIDPYGTHTY,1
AISPFGLKSY,1
RISPFGYKTY,1
AISTFGNETY,1
AIMYTSGSTY,1
AISPFGQGTH,1
AIAPFVYHTY,1
AIIPFGANTY,1
AIGPFGDHTY,1
AISLFGSWTY,1
AISLYGEKTY,1
AISPYGNYAY,1
AIAPFRLSTY,1
EISPFGWNTY,1
AIVPFGSTTY,1
AILMWGRSTY,1
AIRMWGGNTY,1
VIAPFGYNTY,1
AIAPYRYRTY,1
AMSEWGYRTY,1
AIRYTSGSTY,1
AISPFGKHTH,1
AIAPYGHKTY,1
AMSPFGFSTY,1
AIRWNDSSTY,1
RISPYGSYTY,1
AIGPRGACTY,1
TISPFGQNTY,1
AIRWSGGSTY,1
AILSYGGYTY,1
AIMPWGSSTY,1
AINYMGDSTY,1
AIDPFGNTTY,1
EIGPFGSYTY,1
AIYPYGGHTY,1
AISLDGSYTY,1
AISPYVDYTY,1
AMSPFGSWTY,1
AITRFGRYTY,1
AITPYGHNTY,1
AISPYGQDTY,1
AIKLFGNYTY,1
AIGDYGSDTY,1
AMSNRGDWTY,1
AIAPWGCRTY,1
AINKVGNDTY,1
AISRSGKFIY,1
AMRWNGRYTY,1
EISPFGKSTY,1
VILPYGSFTY,1
TISPYGHYTY,1
AIKWNCYYTY,1
AITRFGGYTH,1
AIREYGYSTY,1
AISRYGRYTY,1
AITDYGELTY,1
TIGPYGQYTY,1
VISPFGFTTY,1
AIRPFGWSTN,1
AIAPFGHVSY,1
AISPFSITTY,1
AISLFGDNTY,1
AISPFVYSTY,1
AITPYGEITY,1
AIAPWGRSIY,1
AIQMWSGSTY,1
AINQYGRATY,1
AMSPFGAQTY,1
TITPGGRSTY,1
AINPFGGYAY,1
AIGPTGYYTY,1
TIRPFGYRTN,1
AIGPFGTGTY,1
AISPFGYTTH,1
AIEPFGYRTY,1
AIDPWGGYTY,1
AIHPYGKSTY,1
AISMRGSSTY,1
AITTFGEWTY,1
AIATFGGYTY,1
TIAPFGNSTY,1
AIGPFGNDTY,1
AISPLDRYTY,1
AMSPFGRYTY,1
AISQNGGYTY,1
AIRPYGGPTY,1
AIAYNSGSTY,1
TISPFGGPTY,1
AIRPFGRNTY,1
AIPMWGGSTH,1
AIVSYARRTY,1
AINYRGGKTY,1
AIRMWGVSTY,1
AISSYGNRTY,1
AINEFGWNTY,1
AMVMWGGSTY,1
AISPFGSRTS,1
AIGTFGGSTY,1
TISPRGQLTY,1
AISPLGEYTF,1
VISPWGGYTY,1
AISPGGDYTY,1
AITMLGGSTY,1
AMRPYGRYTY,1
AIPMCGGSTY,1
AITPFGYATN,1
AISNRGGSTY,1
AIRPFGASTY,1
AIKYVSGSTY,1
AIRHRGGHTY,1
AISQFGGLTY,1
AIVYMGAKTY,1
AIRWDGYYTH,1
AIALFGLSTY,1
AIRLSGGSTY,1
AISYVGGSNY,1
AIEISSGRTY,1
AMSPRGNETY,1
AINPLGFSTY,1
AIVPYGRRTN,1
AMGPFGSGTY,1
AITPCGIRTY,1
AICMSGGYTY,1
AISYDDSYTY,1
TIRWNGVDTY,1
AXSPFGYSTY,1
AISPGGNSAY,1
AIAPWGRHTY,1
AIVFWGGSTY,1
AISEYSYGTY,1
AISPVGGSTY,1
TIGEYGSYTY,1
AISPFGCTTY,1
AIGPYGARTY,1
AISPFGRTAY,1
AISPYGYYTS,1
ALSPFGYSTY,1
AITPFGGLTY,1
TISPFGSETY,1
AINYYGGSTS,1
AILPYGYRAY,1
AINPFGEYTY,1
AISPGGGWTH,1
AIRSYGYDTY,1
AIASFGHQTY,1
AIVPTGNRTH,1
AIAPCGISTY,1
RINYSGGSTY,1
AISDYGLGTH,1
AIVMCGGSTY,1
AIAPFGDKTY,1
PIAPFGYKTY,1
AINPYGLHTY,1
AIIMLGGSTY,1
AISPDGAETY,1
AIVPFGGWTY,1
AISPWGSFTY,1
AIGSFGRYTY,1
AIETFGGYTY,1
AIRYIGGSTY,1
AIPSYGSYTY,1
TISPYGEETY,1
AITAYGNDTY,1
AIHYYGGPTY,1
TITPFGLSTY,1
ATAPYGSYTY,1
AIVYMCGSTY,1
AIPPYGYYTY,1
AISPWCSHTY,1
AINPFGISTY,1
VISPFGLKTY,1
TISPFGTNTY,1
AINWDGSYTY,1
AISEYGCTTY,1
AISPFGFSTH,1
TISPFGLSTY,1
AIKVYGRYAY,1
TISPFDGLTY,1
AIRSRGGYTY,1
AIKPYGYRTY,1
AIAPYGDDTY,1
AQIMYGHYTY,1
AISPFGRRSY,1
AISPFSYATY,1
RISPFGGETY,1
AIRIWGGATY,1
AIKPWSGSTY,1
AISWRGKYTY,1
AITPFGSKTH,1
AISNCGYNTY,1
AITPYGISTY,1
AIRYKGGHTY,1
SISPDGYKTY,1
AIGPYGSHTY,1
AIRWNGEKTY,1
AISPFGSYSY,1
AISPGGEVAY,1
AITFWGGYTY,1
AIAPLGSFTY,1
AISPFGWNSY,1
AISYYGYNTY,1
AIAPYGNHTY,1
AISEYDYATY,1
AISEVGYHTY,1
TISPFGHVTY,1
AISPNGNFTY,1
AIAPFGRRTH,1
AILPYGDHTY,1
AIATFGQNTY,1
AIQPFGSGTH,1
AIVPYGTSTY,1
AISPFGQLTY,1
AIPPYGSRTY,1
AISPFGGRTH,1
AIRAFGGGSY,1
AITPYGEDTY,1
AIAPFVQGTY,1
AITPFGNITY,1
AMSEFGWNTY,1
AIPYKGGLTY,1
AIAYIGGSTY,1
AIEYYGDSTY,1
AISPYGLWTY,1
ALSPYGDYTY,1
AIAPFCLSTY,1
AISVYGGKTY,1
AIRWNGDYRY,1
ATSPFGDWTY,1
AISPFGCDTY,1
AIAIWGGSTY,1
AILVWGGSTY,1
AIRMRGGSTH,1
AISPCGGHTY,1
AISWRGDCTY,1
AISPAGVHTY,1
AIRLNGVSTY,1
RISPWGGYTY,1
AISPFGAPTY,1
AIVPYVRRTY,1
EIEPYGYYTY,1
AICPRGSYTY,1
AIAPWGGRTD,1
AISPHGYNTY,1
AITFWGDSTY,1
AIKPLGYYTY,1
AISSFGRDAY,1
AILFWGGFTY,1
AINPFGDHTY,1
AISPFGPYTY,1
AIKYAGGSTY,1
AIRWNSDETY,1
TISWRGARTY,1
AISECGWGTY,1
AILMWGGPTY,1
TIGPFGHYTY,1
AIGPFGKYIY,1
AIDYFGTYYA,1
SIGPFGSTTY,1
AIDYMGGSTH,1
AIAPYGTRTY,1
AMSPYGGRTY,1
SISPDGHYTY,1
TISPLGNSTY,1
AIAPYGGGTY,1
AIDDYCRYTY,1
AISTFGSRTY,1
AIDDYSEYTY,1
AISEFGGITY,1
AIRPFDLETY,1
EIRWNGDYTY,1
AILPFGDVTY,1
AIGPYGGHTY,1
AISPYGKNTY,1
AISPYGYNTF,1
AIRRNGVDTY,1
AIAPGGSYTY,1
AIGPFGCTTY,1
AIRPFGYGTY,1
PISYDGSYTY,1
AINPIGYGTY,1
TIQMWGGSTY,1
AISPNGGTTY,1
AIHGYGRYTY,1
AITGYGYATY,1
AIAFWGGSAY,1
AISQFGYATY,1
AISPGGRRTY,1
AIRYDGSYTY,1
AIASFGQNTY,1
AIGPNGLGTY,1
AIAPFGEYTN,1
AITPYGEKTY,1
AISLWGQRTY,1
AISSYGHHTY,1
SISPFGYRTY,1
AIAQFGYHTY,1
VIQYSGGSTY,1
AICYMGGGTY,1
AIASYGEWTY,1
AILSYGNYTY,1
AISLFGGWTY,1
AISPRGNLTY,1
AMSPRGDLTY,1
AIRVYGSPTY,1
AISPWGYETH,1
SINPYGRRTY,1
AISPFGLATH,1
AITHMGGSTY,1
SIGPFGNYTY,1
TIDPYGLYTY,1
AIDPFGGGTY,1
AIDPFGRSTY,1
AIVSYGTRTY,1
AIAPFGDRIY,1
AINPFGNSTY,1
AVAPFGRRTY,1
AISGYGRYTH,1
AISESGYGTY,1
TINFRGGYTY,1
AINPYGRRTD,1
AISPFAQVTY,1
VITEYGYSTY,1
PIMMRGGSTY,1
VISPYGTYTY,1
AIASFGYRTY,1
AISPYDNLTY,1
AISPWGQRTC,1
AISPLGNFTY,1
SIAPYGKYTY,1
AICPGGDHTY,1
AISPFGFSAY,1
AIVPYGTRIY,1
AIAPYGYQTY,1
AISWDGNCTY,1
AIRPIGHFTY,1
AIAQWGSFTY,1
AISPHGDQTY,1
SISPLGYSTY,1
AIYYMGVSTY,1
AIQPFGISTY,1
AIALFGGKTY,1
AISSFGSNTY,1
AISPYGQHTY,1
AMLMWGGSTY,1
AIRRNGDETY,1
AIGPFGGNTH,1
AIIPFGRYTY,1
AIRWNGDEIY,1
AIAPTGDYAY,1
AISPFCDWTY,1
TIAPFGSYTY,1
AIKLFGTRTY,1
TISPYGKITY,1
TITPFGDKTY,1
AISPFGRPTY,1
AINPWGGWTY,1
AIQWNGSSTY,1
AIGPYGWPTY,1
TISPLGKLTY,1
TISPFGLQTY,1
AIVPFGNHTY,1
AIIEYGYGTY,1
AICPPGEYTY,1
AIAPFSEYTY,1
AIRLRGGGTY,1
AISPDGKVIY,1
AIGPYGDFTY,1
AITPHGKYTY,1
ALNHNGGSTY,1
AIGPFGHGTY,1
RVSPRGKLTY,1
EISEYGYATY,1
AISPFGDHAY,1
AIVPSGYRTY,1
AIAPYGGSTY,1
AISPWGLRTY,1
AIMPYGTGTY,1
AVSEYGYATY,1
AIDPFGDFTY,1
AISPFGRLAY,1
TISPFGRDTY,1
AIGPLGYQTY,1
AILLYGNYTY,1
AISPCGSWTY,1
AMSPWGGHTY,1
TIDEYGDYTY,1
AILPYGERTY,1
AIDTYGSKTY,1
TISPFGDLTY,1
AISPFGYHIY,1
VISYDGSYTY,1
AIYPYGNFTY,1
SIRLFGRHTY,1
EITFWGGSTY,1
AIHPYGHLTY,1
AMSDYGYYTY,1
AITPFGLCTY,1
TIQPFGDRTY,1
AISLFGLNTY,1
AIVPFGLNTY,1
AMGPFGDITY,1
AIRMARGSTY,1
AITPYGDLTY,1
AIAPFGDVTY,1
VITPASHDTE,1
AISYDVSYTY,1
AISPLGRQTY,1
ALSPFGINTY,1
AITPYGNYTH,1
AISLFGSATY,1
AIRLWGSSTY,1
AITPYGEHTY,1
AITPFGCVTY,1
AIRFAGTKTY,1
AIKMWGGATY,1
AISYKCGSTY,1
AIAPFGFRTD,1
AIQFHGNETY,1
RVSPYGNYTY,1
AIEPFCGKTY,1
AIGPYGQITY,1
ALDPYGNYTY,1
AMSPFGNVTY,1
SISPFGFETY,1
AITDYGGYTY,1
AISPYGDTTY,1
VISPYGYYTY,1
SITPFGYSTY,1
AIRPFGTTTY,1
TISPYGNRTY,1
AINPFGLSTH,1
AISPFGSTTH,1
SIGPFGGRTY,1
AISTIGYNTY,1
AIRMQGSSTY,1
AIYYYGGSTH,1
AIGPLGNVTY,1
AISPYSSYTY,1
AITPWGHYTY,1
AIGPFGKETY,1
AIAPFCEYTY,1
AILPFGDITY,1
SITEYGYATY,1
AIGPNGYLTY,1
AISPFDNLTY,1
AISPFGCLTY,1
AIGPFGHATY,1
SISPFGATTY,1
AIIPFGSLTY,1
RDKPVGNLTY,1
AINPFCHFTY,1
AISQFGATTY,1
AIDVCGKYTY,1
AISQFGSRTY,1
SIHPYGWKTY,1
AIFYKGGSTH,1
AINPWGRHTY,1
AISQYGRLTY,1
AIAPWGGPTY,1
AIAPLGNHTY,1
AIRMRGGYTY,1
AIILWGGSTY,1
AIYPFGSWTY,1
AMSPFGYRTY,1
AIVPYGGRTY,1
AILPNGYDTY,1
AISPFGGWTF,1
AITPFGEDTY,1
AIIPFGIKTY,1
AINPFGFDTY,1
AISQFGRYTY,1
AVDTYGNYTY,1
TISPFGLTTY,1
AISPRGNRAY,1
AISPCGYYTY,1
AISPCGTKTY,1
AITPYGDWTY,1
AMSPFGNQTY,1
AIKLFGKSTY,1
AITPYCGYTY,1
AIAPTGYYSY,1
AISPCGQLTY,1
AIAPSAYKTY,1
AIGQYGRTTY,1
TISPSGSTTY,1
AIVPHGRYTY,1
AITYYGYSTY,1
AIPMRGGSTY,1
AISGDGNYTY,1
AITPFGAGIY,1
AISYDGNDTY,1
VISPFGYKTY,1
TITPYGYYTY,1
VISPFGGNTY,1
AINLYGRITY,1
TIGPFGNLTY,1
AISDYCYRTY,1
AIAPFGECTY,1
AITPFGYDTN,1
AIDAYGDYTY,1
TIAPFGSHTY,1
AIGPHGYYTY,1
AINYMGRHTY,1
AISPFSSRTY,1
AIAPYGGITH,1
AIQECGRYTY,1
AISPYSDYTY,1
AINPFGKLTY,1
TISPFGYHTY,1
AIAPFGYRTH,1
TISPFGGVTY,1
EISPDGYSTY,1
AINPYGYTTY,1
AISQYGSKTH,1
AIYSYGNRTY,1
TISPFGEWTY,1
AISPYGFKTY,1
AIRPYGYRTY,1
AIVPFGGKTH,1
AIPYMGGLTY,1
AIRWNGVRTY,1
TIVYMGGSTY,1
AIVPDGTRTY,1
AIAPWGHYTY,1
AISPYGDCTY,1
AIAPYDNRTY,1
AIRMWGSSTY,1
AISQYGTWTY,1
AISPSGIETY,1
AISPWRNYTY,1
AIRMWGGRTY,1
VIAPYGEYTY,1
AISPFGYNTH,1
AIHGYGGHTY,1
AISEYCWGTY,1
AIRWRGDRTY,1
AISPRGDMTY,1
AIRYNSGSTY,1
AIGPCGSWTY,1
AISWDGSATY,1
AINFRGRITY,1
TIAPFGISTY,1
AISPFVNQTY,1
ATNPYGRYTY,1
AISRDGSYTY,1
AIDWDGEYTY,1
AIMMWGGSSY,1
AIRPFGGKTY,1
TIQWNGSNTY,1
AILPFGNYTY,1
AIRPNSRYTY,1
AINPYGDITY,1
AISTSGVRTY,1
AISPLGLRTY,1
AIRPFCYDTY,1
EITPFGSSTY,1
ATAPFGYKTY,1
AIAPYGKYTF,1
AIAPCGRATY,1
ALNWNGGSPY,1
AIGKVGNDTY,1
AIGPNGFYTY,1
AILPYGDWTH,1
AISAYGIYTY,1
AISRFGGNTY,1
AIGPYGQLTY,1
AISQFGNSTY,1
AIGAPCIGTY,1
TISPFGLRTY,1
AIRFLGGNTY,1
AISPCGHYTY,1
AIGPLGGSTY,1
TINWSGSRTY,1
AISPYGNDAY,1
AIRPVGLTTY,1
AISPYGMRTY,1
AIRPGGGYTY,1
AIRPYGYLTY,1
AISPNGPWTY,1
AICYDGSYTY,1
AISTFGARTY,1
AMGPFGDSTY,1
AIIYMGRSTY,1
AIHMWGGSTY,1
AIGPEGVNTY,1
AIGPRGNWTY,1
TISDYGDYTY,1
AIQNSGSYTY,1
AISPVGSCTY,1
AISPYGEYTD,1
PISEYGYGTY,1
AISPMGYSTY,1
VIEYYGGSTY,1
AIAPNGDHTY,1
AISESGYHTY,1
AISPFGLRTD,1
AISPDGWKTY,1
AIRWRVYGTY,1
AMAPYGDYTY,1
RDKRYGDLTY,1
AIAKVGSYTY,1
AISPDGDYTY,1
AISPWGLKTY,1
AIVPYGRHTH,1
AISPFGYRAY,1
AIRWSGLDTY,1
VIVPYGRRTY,1
AIGPFGQSTY,1
AISYMGCSTY,1
AIGPFGQWTY,1
AISPYGEYSY,1
AITLFGSYTY,1
AISEYGYANY,1
AIRPFGSTTY,1
TIVPYGRHTY,1
AIMIRGGSTY,1
AISEYCGRTY,1
AIALFGSHTY,1
AIAPYGKLAY,1
AISPYCSRTY,1
VINPFGRYTY,1
RYCRMVGFTY,1
ARSPFGLSTD,1
AISEYGQHTY,1
AIDPDGYYTY,1
TIAMWGGSTY,1
AIQPYGRGTY,1
AIGPYGDPTY,1
AINTYGNDTY,1
AITPFGQKTY,1
SIAPFGDTTY,1
VISPFGAYTY,1
AIRWNGDVTY,1
AINQYGRDTY,1
AITEYGYNTY,1
AINSFGDGTY,1
AISLFGLSTY,1
PISPFGGETY,1
AITEYAYATY,1
AICYSGVSTY,1
AIKPYGAYTY,1
AIAPFGDYTD,1
AINRNGSYTY,1
AIGLFGNITY,1
AIRYMGDSTY,1
AIDSYGNFTY,1
REIMSGGSTY,1
AIRGNGDETY,1
AIIPYGNSTY,1
AVAPFGSSTY,1
AISEYGDSTY,1
AIQPFGECTY,1
AIGPFGIKTY,1
AISPYGSRTF,1
TISPNGYYTY,1
AIVPYGEATY,1
AIVQYGRRTY,1
TIRMWGGSTY,1
AIGYEGGSTY,1
AISDYCDYTY,1
AIGQFGLSTY,1
AIRLWGGSTH,1
AISPLGKFTY,1
AIFPYDYTTY,1
AIRPWGNYTY,1
AISPWGLGIY,1
TINPFGRYTY,1
AINYRGGSTY,1
AIKPYGVKTY,1
AINWRGNNTY,1
AISPNGDRTY,1
AISTSGGCTY,1
TISPFGASTY,1
AISPGGLGTF,1
AINDHGLKTY,1
AISWRGKRTY,1
AINPFGSWTY,1
AITPYGENTY,1
AISPWGAFTY,1
AIDMYGQNTY,1
AISWDGSYTH,1
AILPIGDRTY,1
AIVPWGNYTY,1
AIQYSGNYTY,1
AIVPFGRTTY,1
TIAPFGQYTY,1
AISSYGSHTY,1
AISHYGEYTY,1
AISYYGDWTY,1
AIGPYGGQTY,1
AIRPWGNRTY,1
AIIYTSGSTY,1
AISPYGYQTY,1
SISPFGGSTY,1
AIVHYGGSTY,1
AIGPFGDCTY,1
AITPYGSATY,1
AISEYGWGTN,1
AIMIWGGSTH,1
AITPGGHSTY,1
AIRLWGCSTY,1
AIVMRGDSTY,1
AIRPFGVETY,1
AISPIGGTTY,1
AIAPFGMRTY,1
AIAPFGFGTY,1
AIGYSGGSPY,1
AIRWNGSWTY,1
AISPFSRQTY,1
AISGNGLATY,1
AIEYYGGTTY,1
VISYKGGSTY,1
AIVPPGGYTY,1
AISPFSNQTY,1
AMRFAGTETY,1
AISPGGFKTY,1
AIRYSGLATY,1
EITPFGNYTY,1
TIGPFGGTTY,1
AIDSFGKYIY,1
AIRPFGSDTF,1
AIVPFGQSTY,1
AIRYRGGSTY,1
AIRMPGGPTY,1
AIGPCGYNTY,1
AISPIGDSTY,1
TISPFGDHTY,1
AIIYMGGPTY,1
AIRWYGVDTY,1
AIIDYGRYTY,1
AISPFGNWAY,1
AVYPIGRSTY,1
AIRWDGSYTY,1
AIALFGYSTY,1
AISPFGNVTH,1
RYCRYGSWTY,1
AIAPFGNLAY,1
AISPLGGRTY,1
AIAPYGDYTH,1
AIDPFGGYTH,1
AVVPYGRRTY,1
AIGPFGGYTH,1
AISPYGHKTY,1
AIGPFGDFNY,1
AIIYMGGWTY,1
VISPFGIGTY,1
AIMFMSGSTY,1
AISPGGLHTY,1
AIDGFGARTY,1
AISPFRLRTY,1
AIQMWGGYTY,1
AIGPRGYRTH,1
AINPYGRRTN,1
TISEFGWNTY,1
AMKPFGYTTY,1
AIGRFGGYTH,1
AISEHGYGTY,1
AQIQYGYYTY,1
AILPYGRYAY,1
TISPFGTKTY,1
AIKPYGRHTY,1
AITDEGDATY,1
AILSYGDYTY,1
AISSRGDYTY,1
RDTSVWLSTY,1
AIYPHGDYTY,1
AIAPGGYYAY,1
AINPFGTVTY,1
AIRCNGGSTY,1
AISTFGGNTY,1
AIHSYGSYTY,1
AIRYASYYTY,1
AVTEYGYATY,1
AISPCGDLTY,1
AINPAGEGTY,1
AITTYGGYTY,1
AIRWNGNATY,1
AIAPSGEYTY,1
AINPGGYKTY,1
TIGMWGGSTY,1
AIGPYGNHTY,1
AISPGGQGTF,1
AINPYGCQTY,1
AIAPFGMSTY,1
AIVPFGGQTY,1
TISPYGAHTY,1
AISLRGARTY,1
AISYVSGSTY,1
AILYVGRSTY,1
EIAYMGGSTY,1
TISPFGQRTY,1
AIAPFCSYTY,1
AIAPRGDRTY,1
AINPFGGQTY,1
AIVPYGGPTY,1
ALSPNGYETY,1
AISNCGEWTY,1
AISWYGSYTY,1
AIQWYGSLTY,1
SISPYGSYTY,1
AIVPDGRRTY,1
AIIPFGWRTY,1
AINPFGENTY,1
AIRPYGLRAY,1
AISTYGVYTY,1
AIGEYGEWTY,1
AISPHGHYTY,1
AITPIGEWTY,1
TIGPFGSYTY,1
TIKTSGSRTY,1
AISPIGGYTY,1
AISPCGNWTY,1
AIGPHSNNTY,1
AIAPYGAYIY,1
TIGPFGRGTY,1
AINPYGRYTF,1
VISPFGKATY,1
AILFDGGSTY,1
VISPCGRYTY,1
AIDPYGIYAY,1
AIAPFAEYTY,1
AILPYDDRTY,1
AIRSDGYSTY,1
PINYYGGSTY,1
AIKPIGGYTY,1
AISYHGSYTY,1
AIRPLGYETY,1
AIDPFGLHTY,1
AISSFGRDIY,1
AMAPFGYSTY,1
AISPYGSYTF,1
AIAPYGCYTY,1
RYEWAVVQPI,1
AISKVGNHTY,1
AINSMGGSTY,1
AIGPGGGWTY,1
AMSPYGEETY,1
TIKPGGNQTY,1
AMSPFGGNTY,1
RISPFGGYTY,1
AIAPYGRGTY,1
AILPYGNRTY,1
AIDPWGGKTY,1
AINYYGGLTY,1
SISPFGYNTY,1
PIGWDGGYTY,1
ALSPWGLGTY,1
AISNYGDWTY,1
ATFPYGSYTY,1
AITPYGCRTY,1
AIRWHGDETY,1
AISKVGNNTY,1
AISPYGTGTY,1
AITPWGSFTY,1
AISQYGDDTY,1
TISPFGQGTY,1
AIAPFCKYTY,1
AMGPSGYYTY,1
AISEDGWGTY,1
TISPWGYRTY,1
AISPYDYYTY,1
AITPYGYHTY,1
TISPFGKYTY,1
AICMWCGSTY,1
AIHYNGGSTY,1
AIRPFGYFTY,1
RISPFGDYTY,1
