Count_CDR2,count
AIRWNGVETY,1196060
AIRWNGVSTY,69931
AIRWNGGSTY,54146
AIRWNGDETY,40195
AIGWDGEYTY,33396
AIRWNGLDTY,24326
AIGWDGGYTY,15621
AIRWNGSSTY,14170
AIRWNGSATY,13611
AISEYGYATY,12592
AIRWNGDYTY,8006
AIRWNGFYTY,7785
AITEYGYATY,6382
AISEYGYGTY,4938
AIRWNGSFTY,4658
AIKWNGYYTY,2982
AISPYGEYTY,2372
AIRWNGNYTY,1950
AIRCNGVETY,1513
AIRWSGNQTY,1452
AISEYGWGTY,1443
AINWSGSRTY,1191
AISPFGYSTY,1069
AIAPFGGYTY,1028
AIAPFGEYTY,1023
AIAPFGLSTY,1011
AIRWNGRYTY,962
AILWNGVETY,942
AIRWDGYATY,941
AIAPYGEYTY,884
AINWNGKYTY,864
AISPYGGYTY,818
AIRWNCVETY,805
AINWNGKSTY,754
AIRWNGHYTY,742
AIRWDGFATY,711
AIRLNGVETY,695
AISPYGSYTY,693
AISPYGRYTY,621
AIRWNGVESY,558
AIQWNGVETY,552
AISPYGNYTY,519
AIRWNGSYTY,499
AIAPFGQNTY,498
TIRWNGVETY,493
AIRMWGGSTY,489
AISPFGGYTY,470
AIRWNGVETH,428
AIAPWGSFTY,403
AIDPYGLYTY,399
AIRWNGHSTY,367
AIRPFGLETY,366
AIAPFGISTY,366
AIAPFGYSTY,352
AISPFGDSTY,347
AISPFGDHTY,344
AIAPFGYQTY,334
AIRWNGIYTY,334
AISPYGYYTY,333
SIRWNGVETY,332
AISPLGYSTY,319
AIAPFGSHTY,318
AISEYGYSTY,309
AISPFGYRTY,295
AISPWGNYTY,292
AISPYGDYTY,292
AISPYGKYTY,290
AIAMWGGSTY,287
AISPFGSYTY,283
AISWDGSYTY,274
AIEYYGGSTY,265
AISPFGRYTY,256
AIGPFGNGTY,240
AIRWNGDATY,236
AIVMWGGSTY,235
AISPFGNYTY,235
AIRWNGMETY,235
AIRWAGDYTY,229
AIMMWGGSTY,225
AIGPYGSYTY,222
AISPFGGWTY,217
AITFWGGSTY,215
AISPYGDWTY,212
VIRWNGVETY,210
AMRWNGVETY,207
AISPYGAYTY,206
AIRWAGDNTY,205
AIRWYGVETY,197
AINYNGYRTY,193
AISPYGEITY,189
AIAPFGASTY,180
AISPFGYNTY,167
AISPFGFSTY,166
AIRWNSVETY,166
AIKWNGRYTY,166
AINWNGGSTY,162
AIAPYGSYTY,160
AISPFGKYTY,159
AIAYMGGSTY,158
AISPYGYRTY,157
AISPDGSGTY,156
AIKWNGLYTY,156
AISPFGEYTY,152
AILYMGGSTY,152
AIRYMGGSTY,151
AISPFGYGTY,150
AISPYGSRTY,149
AISMWGGSTY,147
AIRWHGVETY,146
AIIYMGGSTY,142
AISPFGGRTY,140
AIVYMGGSTY,140
AISEYGSYTY,138
AIVYVGGSTY,138
AIAPFGSYTY,137
AISPFGNSTY,136
AINYMGGSTY,134
AILMWGGSTY,134
AISPFGASTY,133
AISPNGEWTY,133
AIPYMGGSTY,132
AISPFGSSTY,131
AIRPFGGDTY,131
AIRWNDVETY,129
AIMYMGGSTY,129
AISPFGLSTY,128
AISPFGNRTY,128
AISWDGNYTY,127
AIDDYGRYTY,125
AIRWDGVETY,124
AISDYGDWTY,123
AISPFGYKTY,122
AISPEGSYTY,121
AIQWNGSNTY,121
AISYMGGSTY,120
AISPWGGYTY,119
AINPYGNATY,119
AISPDGYKTY,115
AIDPYGDVTY,113
AISPYGSHTY,113
AIRWNGVDTY,112
AISPFGEWTY,112
AISPDGSKTY,111
AICMWGGSTY,110
AISPFGGFTY,109
AILYVGGSTY,107
AIDPYGRYTY,107
AISPFGYATY,107
AITMWGGSTY,105
AISPDGYNTY,104
AIRWNGLSTY,103
AISPFGGTTY,102
AIIMWGGSTY,100
AISPFGGNTY,99
AISPYGGRTY,99
AISPDGKVTY,98
AIRWNGLETY,97
AIRWNGVSSY,97
AISPFGNWTY,97
AIRWDGEYTY,97
AISPFGIGTY,96
AISPYGGLTY,96
AISEFGWNTY,95
AISPYGLYTY,94
AISPFGYTTY,94
AISPFGSNTY,94
AISPYGTYTY,93
AISPLGGYTY,93
AIRWSGVETY,92
AIKMWGGSTY,92
AISPYGNRTY,92
AIGPDGKYTY,92
AISPRGEATY,92
AISYVGGSTY,91
AISPYGYSTY,90
AIDMWGGSTY,90
AISPYGQYTY,90
AISPFGDYTY,89
AIAPFGSSTY,88
AISPRGDWTY,87
AIAPYGGYTY,87
AISPFGGLTY,87
AIRCNGVSTY,86
AISPFGLETY,84
AISPWGGWTY,84
AICYMGGSTY,84
AISPFGFNTY,84
AICYKGGSTY,83
AIAPFGWSTY,83
AISPYGDFTY,82
AIQMWGGSTY,82
AISPAGNYTY,81
AISPFGLNTY,81
AIGPFGDWTY,80
AISEFGGYTY,80
AISPFGDWTY,80
AISPYGSKTY,80
AIRRNGVETY,80
AISPYGLRTY,79
AIIYVGGSTY,79
AIRYNGGSTY,79
AISPFGYETY,78
AISPFGSRTY,78
AISYYGGSTY,77
AISPWGGHTY,77
AISPDGYSTY,76
AISPDGKTTY,76
AISPSGKSTY,75
AISPFGQGTY,75
AISEYGEYTY,75
AIRCNGGSTY,75
AISPGGGWTY,74
AISPYGGGTY,74
AISPFGQNTY,74
AISPNGKWTY,74
AISPFGKSTY,74
AISPNGLDTY,74
AISPYGEWTY,73
AIGMWGGSTY,73
AISPDGWTTY,73
AIRWNVVETY,73
AIDEYGRYTY,73
AISPNGKRTY,73
AISPDGSYTY,73
AISPFGDQTY,73
AIRYTGGSTY,72
AIAPFGYHTY,70
AIMYNGGSTY,69
AISPFGLTTY,69
AIAPFGYNTY,68
AISPFGGDTY,68
AIAPFGKYTY,68
AISPFGYHTY,67
AILWNGVSTY,66
AIAPWGGRTY,66
AISPFGISTY,65
AISPYGDKTY,64
AISPYGGWTY,63
AISPSGGQTY,62
AITPYGGYTY,62
AIRYAGDFTY,61
AISPGGLYTY,61
AISPFGSLTY,61
AISPFGDVTY,61
AINYYGGSTY,61
AISPFGENTY,61
AITYMGGSTY,60
AIKWNGDYTY,60
AISPYGEETY,60
AISPGGGTTY,60
AISPFGLDTY,60
AIAPFGRTTY,60
AINPYGRRTY,60
AISPFGNQTY,60
AISPFGNNTY,59
AIPMWGGSTY,59
AIRWKGVETY,59
AISPNGYSTY,59
AIAPFGKSTY,59
AISPNGYTTY,59
AIAYYGGSTY,58
AISYTGGSTY,58
AISPFGDKTY,58
AISPFGYQTY,57
AISPFGRRTY,57
AISPFGDRTY,57
AIDYMGGSTY,57
AIRWDGYYTY,57
AISPFGLKTY,56
AIAYVGGSTY,56
AISPYGEKTY,55
AISPLGDWTY,55
AIRWNGVETC,55
AISPDGNLTY,55
AIAPFGLTTY,55
AITPFGDQTY,54
AIIYSGGSTY,54
AISPDGAVTY,54
AINMWGGSTY,54
AISPLGNSTY,54
EIRWNGVETY,54
AISPRGNWTY,53
AISPFGRTTY,53
AISPFGRSTY,53
AISPYGDRTY,53
AISYDGSYTY,53
AISPNGSYTY,53
AISPFGSHTY,53
AIRWNGAETY,53
AIDPYGSYTY,53
AISPFGGSTY,52
AIQYMGGSTY,52
AISPFGDLTY,51
AISPLGDQTY,51
AISPNGDSTY,51
AILPYGGYTY,51
AIIYKGGSTY,50
AIVMRGGSTY,50
AIAPFGYKTY,50
AISPFGRATY,50
AIRWNGVKTY,50
AISPYGNLTY,50
AISPFGEITY,50
AISPFGSFTY,49
AISPYGGETY,49
AISPYGDQTY,49
AIAPFGYRTY,49
AIGPFGDYTY,49
AISPFGQYTY,48
AIRLNGVSTY,48
AIMYVGGSTY,48
AISPFGSQTY,48
AISPFGGATY,48
AISPDGNNTY,47
AISEYGFYTY,47
AIGPYGSWTY,47
AISEYGEWTY,47
AIAPLGHSTY,47
AISPNGYRTY,47
AIRWNGCSTY,47
AISPFGHVTY,47
AISPNGTNTY,46
AIRLNGGSTY,46
AISPTGSYTY,46
AITPYGSYTY,46
AISPFGQRTY,46
AITPFGNFTY,45
AISPYGFNTY,44
AISPNGGYTY,44
AISDNGLKTY,44
AIRYVGGSTY,44
AISPRGNETY,43
AISPFGLRTY,43
AISEYGGKTY,43
AISYKGGSTY,43
AIRCNGDETY,42
AIRWSGAYTY,42
AISPFGRNTY,42
AIAPFGSWTY,42
AISYSGGSTY,42
AISPSGKNTY,42
AIAPYGGRTY,42
AISPFGNITY,42
AISPFGEVTY,41
AILWNGGSTY,41
AISPFGLGTY,41
AISPFGFTTY,41
AIIYNGGSTY,41
AIDVYGQNTY,41
AIDYYGGSTY,41
AISPNGRYTY,41
AIAPYGRYTY,41
AIRWNGVATY,40
AIAPYGEWTY,40
AISPGGYLTY,40
AISPRGDLTY,40
AILPSGGYTY,40
AISPLGSYTY,40
AISPFGGITY,40
AINPYGSYTY,40
SIRWNGDETY,40
AIRWNGVEIY,40
AIRWNGVETN,40
AITPWGSYTY,40
AIAPFGHKTY,40
AIHYMGGSTY,40
AISPFGRFTY,40
AIRWNCVSTY,40
AISPDGRYTY,40
AISDYGRYTY,40
AISPYGERTY,40
AISPFGNDTY,39
AINYVGGSTY,39
AISPSGSRTY,39
AICYVGGSTY,39
AISEYGGYTY,39
AIRWNGYETY,39
AISPYGLTTY,39
AISPRGGGTY,39
AISEYGDLTY,38
AIRWGGSYTY,38
AIRYKGGSTY,38
AITPYGEYTY,38
AISPRGDRTY,38
AISDYGEYTY,38
AITYYGGSTY,38
AIAPFGLRTY,38
AISPFGEKTY,37
AISPYGGATY,37
AIRWNGVETD,37
AIRMHGGSTY,37
AIRWNGMDTY,37
AISANGLKTY,37
AISPDGRETY,37
AIGPFGSGTY,36
AISPFGRVTY,36
AISPFGAYTY,36
AISPWGYHTY,36
AIRPWGGSTY,35
AISPFGSWTY,35
AIGPYGYTTY,35
AISPNGYETY,35
AISPNGFYTY,35
AIRSFGGHTY,35
AISPFGERTY,35
AISPGGDHTY,35
AISPYGHYTY,35
AIGPFGRGTY,35
AIGYMGGSTY,35
AISPNGYNTY,34
AITPDGNYTY,34
AIRWNSVSTY,34
AISPFGSKTY,34
AIDPYGDRTY,34
AISPDGQATY,34
AIQWNGVSTY,34
AISPDGSRTY,34
AIRWNGDDTY,34
AIGWYGEYTY,34
AISPFGHSTY,34
AIFYMGGSTY,34
AISPGGGYTY,34
AITPYGRYTY,34
AISEYGYVTY,34
AISSYGRYTY,34
AIAPFGRRTY,34
AISPYGGSTY,34
AISPYGDSTY,34
AIRLNGDETY,34
AIGWDCEYTY,34
AISPYGNKTY,33
AISPYGEHTY,33
AISPSGSLTY,33
AISPFGGHTY,33
AITPFGEITY,33
AISPWGDLTY,33
AISPFGQKTY,33
AINPFGGYTY,33
AILWNGDETY,33
AISPLGGSTY,33
AIFPDGRTTY,33
AIAPFGNRTY,33
AIDPYGTYTY,33
AISPDGYWTY,33
AIRYAGYYTY,33
AILYKGGSTY,33
AITPFGGYTY,33
AITPFGSYTY,33
AISPFGNLTY,32
AISPWGYATY,32
AISPGGEVTY,32
AISPFGKLTY,32
AISPGGGVTY,32
AISEYGAYTY,32
AISPNGKHTY,32
AISDYGTRTY,32
AISPFGRGTY,32
AIRWAGEYTY,32
AISPYGKITY,31
AISPNGEYTY,31
AISPFGINTY,31
AIGPFGWSTY,31
AILPYGSYTY,31
AIGWDGEYIY,31
AIAPYGKYTY,31
AISPFGKETY,31
AISDYGLTTY,31
AIGPFGNYTY,31
AIGPPGEYTY,31
AIRWNCGSTY,31
AIDPYGKYTY,31
AIAPFGGQTY,31
AISPFGRITY,30
AIIYYGGSTY,30
AISDYGELTY,30
AISPFGESTY,30
AISYNGGSTY,30
AISPNGNYTY,30
AISPSGSYTY,30
AISPFGRHTY,30
AISPFGSTTY,30
AISPSGDATY,30
AITPYGKYTY,30
AIRTFGGDTY,30
AISEYGTYTY,30
AIAPFGRGTY,30
AIRSFGGETY,29
AILWNGLDTY,29
AIAPFGRKTY,29
AIGPYGLYTY,29
AISPFGNATY,29
AINPYGTYTY,29
AISPSGGYTY,29
AIRWNGVGTY,29
AITYVGGSTY,29
AISPSGFDTY,29
AIDPYGGYTY,29
AISPSGYLTY,29
AITPFGDLTY,28
AISPSGNLTY,28
AISPFGKRTY,28
AIIMRGGSTY,28
TIRWNGVSTY,28
AISPLGDSTY,28
AIGPFGSYTY,28
AISPGGGKTY,28
AIGPFGSSTY,28
AIQYVGGSTY,28
AISPYGTFTY,28
AIRWNGDYSY,28
AIEFRGGNTY,28
AISPYGTWTY,28
AISPYGSSTY,28
AILPYGRYTY,28
AIGPFGDSTY,28
AIGPFGGSTY,27
AIDDYGRSTY,27
AIDPYGAYTY,27
AISPLGGWTY,27
AIMMRGGSTY,27
AISPYGSLTY,27
AISPYGFTTY,27
AISPWGSHTY,27
AISPAGDHTY,27
AISDYGSYTY,27
AIAPFGRNTY,27
AISPYGSWTY,27
AIGPFGDRTY,27
AISPFGFDTY,27
AIGPFGGYTY,27
AISPYGGITY,27
AISPDGWYTY,26
AISPFGELTY,26
AIKWNGSYTY,26
AISPYGNVTY,26
AIRYYGGSTY,26
AISPFGSATY,26
AIFYYGGSTY,26
AISPLGNKTY,26
AIAPFGRSTY,26
AIGPYGNYTY,26
AINWRGYRTY,26
AIGWDDEYTY,26
AISPSGSITY,26
AISPFGNETY,26
AISPFGGVTY,26
AISPFGDNTY,25
AIRPWGYQTY,25
AIDPYGFYTY,25
AIRWNGVENY,25
AISPFGRQTY,25
AINWNGSYTY,25
AISPFGEFTY,25
AISPFGQETY,25
AISPDGRWTY,25
AIEMRGGSTY,25
AISYDGKYTY,25
AIAPFGNLTY,25
AIAPFGGTTY,25
AIFPYGGYTY,25
AIGPYGITTY,25
AIEYMGGSTY,24
AIFPYGQLTY,24
AINPFGDRTY,24
AISPYGNWTY,24
AILYYGGSTY,24
AIRYAGGSTY,24
AIVPTGNRTY,24
AISPQGGQTY,24
AIAPFGRQTY,24
AISPLGTYTY,24
AIAPFGNSTY,24
AISPYGDLTY,24
AIGPFGGGTY,24
AISPWGYETY,24
AISEYGKYTY,24
AIRWNGIATY,24
AIDPFGNYTY,24
AIAPFGQYTY,23
AIAPFGIRTY,23
AISWRGDRTY,23
AISPGGKYTY,23
AISPRGNRTY,23
AIGPNGETTY,23
AISPSGTYTY,23
AISPWGYRTY,23
AIVYKGGSTY,23
AISPFGGETY,23
AISEYGRYTY,23
AISEYGIYTY,23
AISPNGQGTY,23
AISPSGDHTY,23
AIDWDGEYTY,23
AISSYGDYTY,23
AIRMNGGSTY,23
AILPYGDITY,23
AISYRGDWTY,23
AIRWNGVQTY,23
AISPLGQQTY,22
AISPTGHQTY,22
AIGPFGEWTY,22
AISPFGLQTY,22
AIAPFGHGTY,22
AISPIGGKTY,22
AISWRGYHTY,22
AISPYGKFTY,22
AIKYMGGSTY,22
AISPYGQTTY,22
AISPNGQWTY,22
AISPFGTQTY,22
AISPNGKYTY,22
AIAPIGSRTY,22
AINFMGGSTY,22
AIKPDGSYTY,22
AIQWNGGSTY,22
AIRWNGGETY,22
AIGPFGRKTY,22
AISPNGYDTY,22
AIYYMGGSTY,22
AISPFGLHTY,22
AIGPFGSQTY,22
AISPFGLATY,22
AIRAYGNYTY,22
AISPFGGQTY,22
AISPFGWSTY,22
AISANGTTTY,21
AISPFGKATY,21
AISPKGDGTY,21
AITYKGGSTY,21
AISPFGFKTY,21
AISPFGRETY,21
AIRYSGGSTY,21
AISPFGDATY,21
AIRCNGSSTY,21
AISPNGYYTY,21
AISPYGWRTY,21
AIFPYGSYTY,21
AIMYYGGSTY,21
AINPYGEYTY,21
AIAPFGGRTY,21
AIRTFGSTTY,21
AICYSGGSTY,21
AISYDGYSTY,21
AISDFGNYTY,21
AIRYNGIYTY,21
AISPLGNRTY,21
AISASGGRTY,21
AIRWNGLYTY,21
AISDYGLGTY,21
AISPIGEVTY,21
AISPFGYDTY,21
AISPYGSFTY,21
AISPFGHWTY,21
AISPNGDYTY,21
AILPYGDWTY,21
AIGPFGERTY,21
AISPYGDNTY,21
AISPYGDVTY,21
AIRWNGGATY,20
AISPNGKSTY,20
AIAPWGSYTY,20
AIRPDGYETY,20
AIYPYGGYTH,20
AILPYGSKTY,20
AISGTGNRTY,20
AIGPFGEYTY,20
AISHNGGSTY,20
AINPYGNYTY,20
AISEWGYRTY,20
AISDNGHITY,20
AIRFAGTETY,20
AIVPYGRRTY,20
AIRWNSGSTY,20
AIGPFGNITY,20
AISPYGTKTY,20
AISPFGSVTY,20
AIDPYGEWTY,20
AISPWGFRTY,20
AINYKGGSTY,20
AISPLGDATY,20
AIGPFGHTTY,20
AISPFGFETY,20
AIRAFGGRTY,20
AISPFGANTY,20
AISPYGGQTY,19
AISPYGNNTY,19
AIAPFGYTTY,19
AISPFGKHTY,19
AISANGLSTY,19
AIGPFGGTTY,19
AISPNGAYTY,19
AILFMGGSTY,19
AIDPYGNSTY,19
AIGYVGGSTY,19
AISPDGRKTY,19
AISPNGQYTY,19
AINWNGGYTY,19
AITPFGLETY,19
AIRWNGVSTH,19
AIDVYGKYTY,19
AISPYGQWTY,19
AISDYGNYTY,19
AISPNGLYTY,19
AISPWGGKTY,19
AISPFGRLTY,19
AISPWGLGTY,19
AIAPYGGITY,19
AIAPFGLQTY,19
AIRWAGYSTY,19
AIGPFGRSTY,19
AIFPYGAYTY,19
AISPRGDYTY,19
AIRWKGSGTY,19
AIDPYGYYTY,19
AISPYGSETY,19
AISPFGNTTY,19
AISPYGARTY,18
AISPLGRYTY,18
AITPFGAYTY,18
AISPEGARTY,18
AISPTGYNTY,18
AISDNGQYTY,18
AIDPYGNYTY,18
AIGPFGYETY,18
AISPFGNKTY,18
AISPFGIRTY,18
AISFYGGSTY,18
AIRCNGLDTY,18
AISPRGGYTY,18
AIAPFGHQTY,18
AITPSGSGTY,18
AIGPYGDYTY,18
AISSYGGYTY,18
AISPFGTSTY,18
AIRWNGYYTY,18
AISPIGNWTY,18
AIRLNGLDTY,18
AIGPQGYYTY,18
AISPYGKRTY,18
AIRCNGSATY,18
AISPWGFKTY,18
AIRWNGVETS,18
AISPFGQTTY,18
AIKYVGGSTY,18
AIRPFGANTY,17
AISANGYTTY,17
AIRPFGYDTY,17
AISPGGQSTY,17
AIAPRGGYTY,17
AIIPYGSYTY,17
AIGLDGGYTY,17
AIRYLGGSTY,17
AIAPFGGWTY,17
AITPFGYKTY,17
AISPYGTRTY,17
AISPFGHYTY,17
AIGPFGSLTY,17
AISPYGSITY,17
AIRWNCDETY,17
AIAPFGDRTY,17
AIRPFGYNTY,17
AIPYVGGSTY,17
AIRFSGWSTY,17
AIYPYGEYTY,17
AISPRGDTTY,17
AINWRGSYTY,17
AIGWDGGYSY,17
AIGPFGSFTY,17
AISPYGNSTY,17
AISPGGNVTY,17
AISPGGQYTY,17
AIDPFGERTY,17
AIRPFGYRTY,17
AISPDGNTTY,17
AISPWGYGTY,16
AIGPFGEQTY,16
AISYLGGSTY,16
AISPYGAETY,16
AISPFGVHTY,16
AIAPFGDSTY,16
AISPYGEFTY,16
AIAPFGDQTY,16
AIGPYGQYTY,16
AISPNGTTTY,16
AISPGGLETY,16
AISPGGTGTY,16
AISDNGSYTY,16
AISDYGDYTY,16
AIIYLGGSTY,16
AISPDGKFTY,16
AMGWDGEYTY,16
AISPGGAYTY,16
AIFYKGGSTY,16
AISPNGYLTY,16
AISPNGTRTY,16
AIAPFGDFTY,16
AILPNGSQTY,16
AIDPYGSKTY,16
AISPFGQITY,16
AIGPLGYSTY,16
AIAPLGISTY,16
AISPNGGWTY,16
AISPDGNATY,16
AISPRGQDTY,16
TIRWNGGSTY,16
AIRPFGSETY,16
AISPFGNFTY,16
AIRPYGRYTY,16
AIAPNGNSTY,16
AISGYGSYTY,16
AISPRGDVTY,16
AITPYGNYTY,16
AINPYGRYTY,16
AISPFGTNTY,16
AISPFGIQTY,16
AITPFGERTY,15
AILPYGKKTY,15
AISPNGLSTY,15
AISPRGQLTY,15
AIAPGGKKTY,15
AISPYGQFTY,15
AMRWNGGSTY,15
AISPEGGWTY,15
AILPYGGWTY,15
AIGPFGGRTY,15
AIKWNGHYTY,15
AIKYKGGSTY,15
AIRSNGVETY,15
AIRWNGDETH,15
AISPYGYHTY,15
AIRSFGYRTY,15
AISPYGHLTY,15
AISPFGQATY,15
AISPFGWNTY,15
AISDFGEKTY,15
AISPFGDITY,15
TIRWNGDETY,15
AIAPYGAYTY,15
AINPFGGRTY,15
AIYPYGSYTY,15
AIFPDGRQTY,15
AILPYGSFTY,15
AISPYGIRTY,15
AIRPFGLGTY,15
AIDPFGENTY,15
AIAYAGGSTY,15
AISEYGRFTY,15
AIRPDGYSTY,15
AISPSGLSTY,15
AIGPEGNNTY,15
AISEYGSTTY,15
AISANGSYTY,15
AIVPFGGYTY,15
AISEYGGRTY,15
AIQGYGGITY,15
AINPYGKYTY,15
AISPFGDGTY,15
AISPGGSRTY,15
AISPYGGKTY,15
AISPFGGGTY,15
AIGPNGSYTY,15
AISPFGTDTY,15
AIEFRGGQTY,15
AIGPFGRTTY,15
AIGPYGDVTY,15
AIGPFGEVTY,15
AIGPFGNTTY,15
AISPRGGWTY,15
AIRWAGWNTY,15
AISPRGHWTY,15
AIGPYGRYTY,15
AINPYGRITY,15
AITPFGNRTY,15
AIRPFGDVTY,14
AIGPSGNDTY,14
AIVYTGGSTY,14
AISEAGDHTY,14
AIGPYGRTTY,14
AIGPFGNLTY,14
ARRWNGVETY,14
AIMYMGGSTH,14
AISPDGYLTY,14
AIAPWGRRTY,14
AIAPFGKRTY,14
AIAPFGTYTY,14
AICYTGGSTY,14
AITPFGISTY,14
AIDDYGGRTY,14
AISPFGTYTY,14
TIRWNGLDTY,14
AIGPFGSRTY,14
AISPIGSRTY,14
AIAPFGRYTY,14
AITPGGRSTY,14
AISSFGDVTY,14
AISPYGRKTY,14
AISPFGNHTY,14
AIRWNCSSTY,14
AINSRGDRTY,14
VIRWNGVSTY,14
AIAPNGYRTY,14
AIGPTGHGTY,14
AIVFMGGSTY,14
AISPYGYNTY,14
AISSFGDTTY,14
AISEYGNYTY,14
AISDYGEWTY,14
AISPFGSITY,14
AISPNGNITY,14
AIMFYGGSTY,14
AIGPGGGGTY,14
AIMYKGGSTY,14
AISPWGGFTY,14
AIGPVGGYTY,14
TIGWDGEYTY,14
AISPGGLGTY,14
SIRWNGVSTY,14
AIIPFGGYTY,14
AISPYGYKTY,14
AISEYCYATY,14
AISPSGKKTY,14
AIYPYGGQTY,14
AISEYGEVTY,14
AINPYGLYTY,14
AIAPYGDWTY,14
AIRSFGRETY,14
AISPIGYGTY,14
AISPYGHRTY,13
AIGARGDLTY,13
AISWRGKHTY,13
AIGWDCGYTY,13
AIGCDGEYTY,13
AISPFGSGTY,13
AIGSFGGNTY,13
AIVYNGGSTY,13
AISENGYYTY,13
AIAPFGYDTY,13
AINYTGGSTY,13
AIRWNGGSTH,13
AICWDGEYTY,13
AITPFGSSTY,13
AISPSGRYTY,13
AIGPFGHYTY,13
AIRWNCLDTY,13
AISPGGSSTY,13
AISPSGSTTY,13
AIVPYGRYTY,13
AISPFGVTTY,13
AIYPNGGGTY,13
AIDPYGELTY,13
AIAPFGQSTY,13
AISPYGNHTY,13
AIMPWGGSTY,13
AISPFGEDTY,13
AIRAFGGGTY,13
AISPTGRYTY,13
AISPFGWKTY,13
AILWNGSSTY,13
AIGWNGVETY,13
AIAPFGNYTY,13
AIDWDGGYTY,13
AISSYGRRTY,13
AIAPFGFRTY,13
AISPFGIKTY,13
AITPGGLGTY,13
AITPFGSHTY,13
AISPYGGDTY,13
AITPGGEYTY,13
AIAPFGHWTY,13
AISPNGHITY,13
AISPFGGKTY,13
AITPFGEFTY,13
AINPYGGYTY,13
AISPWGGNTY,13
AINSFGNSTY,13
AIEFMGGSTY,13
AISPYGWNTY,13
AIRPFGWSTY,13
AISPLGNYTY,13
AIAPYGNYTY,13
AIRWHGVSTY,13
AISPFGFRTY,13
AISSFGDGTY,13
AIGPFGTRTY,13
AISPTGNRTY,13
AISPFGKVTY,13
AIKPFGGDTY,13
AISPFGFQTY,13
AISPYGESTY,13
AIRLWGGSTY,13
AISMRGGSTY,13
AIAPNGIHTY,13
AISPNGGSTY,13
AISEYGLYTY,13
AISPGGLDTY,13
AIRLSGNWTY,12
AILPYGYRTY,12
AISPSGTRTY,12
AISEYGYYTY,12
AIYYYGGSTY,12
AISDYGKYTY,12
AIGYKGGSTY,12
AIRWNAVETY,12
AINPDGQNTY,12
AITFYGGSTY,12
AITEYGYVTY,12
AINQYGRTTY,12
AIDLYGNYTY,12
AIRHRGGQTY,12
AICYNGGSTY,12
AINPFGNYTY,12
AIDYKGGSTY,12
AISDYGLYTY,12
AISPAGNTTY,12
AINWGGARTY,12
AISPSGDRTY,12
AIDYVGGSTY,12
AILPRGSRTY,12
AIDPFGKNTY,12
AISPYGGTTY,12
AIGPFGYTTY,12
AISPYGDITY,12
AIDPFGEYTY,12
AISPYGRVTY,12
ATRWNGVETY,12
AIRWYGGSTY,12
AIGPDGDYTY,12
AISPWGSTTY,12
AITPFGTYTY,12
AISPLGNWTY,12
AIVFYGGSTY,12
AIDYAGTETY,12
AIYPYGNRTY,12
AIEPFGGKTY,12
AIAPFGYETY,12
AISPRGEYTY,12
AILWNGSATY,12
AIQYKGGSTY,12
AISPFGKDTY,12
AISPIGGRTY,12
AIDSYGNYTY,12
AITPFGESTY,12
AISPRGQYTY,12
AISPNGYGTY,12
AITYTGGSTY,12
AITPFGNSTY,12
AILPYGGFTY,12
AISPGGLRTY,12
AISPVGGRTY,12
AISPYGSVTY,12
SIRWNGGSTY,12
AISDYGAYTY,12
AIRPFGWDTY,12
AISPFGQVTY,12
AISPYGNFTY,12
AISPGGYQTY,12
AISDFGGYTY,12
AISPLVGSTY,12
AITPYGGDTY,12
AIAPFGGKTY,12
AISPRGRTTY,11
AISEAGYHTY,11
AISPSGGSTY,11
AISPGGSWTY,11
AISPFGNVTY,11
AILWNGFYTY,11
AIAPFGSATY,11
AIRYAGWSTY,11
AIRWYGVSTY,11
AISPSGGRTY,11
AISDYGYNTY,11
AISPLGLSTY,11
AIAPWGYRTY,11
AIRMGGGSTY,11
AIEYVGGSTY,11
AISPIGQWTY,11
AIQWNGSLTY,11
AISDYGRSTY,11
AIGFMGGSTY,11
AIRCNGDYTY,11
AISPFGKFTY,11
AITPFGEWTY,11
AISPFGSETY,11
AISPYGRRTY,11
AISYDGKTTY,11
AIGPFGNFTY,11
AISPSGFSTY,11
AINPYGDTTY,11
AIYYKGGSTY,11
AISNRGDWTY,11
AIRWNGVETF,11
AIRPIGSYTY,11
AITPFGHKTY,11
AISPHGSDTY,11
AISPTGLNTY,11
AISPYGAVTY,11
AIRYAGSYTY,11
AISPGGSITY,11
AIGPFGNVTY,11
AIEPYGRYTY,11
AIVYYGGSTY,11
AITPIGYGTY,11
AISPYGAHTY,11
AISPSGYGTY,11
AIGPLGGITY,11
AIDTYGNYTY,11
AIMFMGGSTY,11
AISPAGYRTY,11
AISPWGEATY,11
AISARGEWTY,11
AITPFGEYTY,11
AIAPFGARTY,11
AIGDFGSYTY,11
AIVPSGNRTY,11
AISPVGLGTY,11
AITPYGNGTY,11
AITPSGKRTY,11
AIDWRGNFTY,11
AIGWGGEYTY,11
AIDPYGRATY,11
AIRWRGGGTY,11
AISPFGKTTY,10
AISPNGHWTY,10
AISPIGEATY,10
AISPFGETTY,10
AIGLDGEYTY,10
AILPYGAYTY,10
AIRSFGTRTY,10
AISPFGEQTY,10
AISPAGNVTY,10
AINPYGSKTY,10
AISPGGTYTY,10
AISPNGYKTY,10
AICFMGGSTY,10
AISPTGYYTY,10
AISPNGLGTY,10
AIDYAGGSTY,10
AITPFGKSTY,10
AIADNGYRTY,10
AISPSGNFTY,10
AISPYGWPTY,10
AIIPFGGTTY,10
AISPFGNGTY,10
AISPHGGYTY,10
AITPFGFNTY,10
AITPFGRETY,10
AIDWNGKYTY,10
AIGPYGESTY,10
AISPLGTRTY,10
AIRYVGGYTY,10
AIRWNGVPTY,10
AIRPFGYHTY,10
AIGPFGGHTY,10
AISPVGFSTY,10
AISPRGDFTY,10
AIGWDGEYTH,10
AINPYGAYTY,10
AITPFGKITY,10
AIDFMGGSTY,10
AIQWNGLDTY,10
AIGWDGEYAY,10
AINDYGTHTY,10
AIQPFGSNTY,10
AIRMEGGSTY,10
AISPVGRGTY,10
AISPYGTITY,10
AISPFGKITY,10
AITPYGGSTY,10
AISPYGTTTY,10
AISPYGSNTY,10
AISPSGNYTY,10
AIAYKGGSTY,10
AILPYGDYTY,10
AIAPYGLSTY,10
AISDNGNITY,10
AIAPSGDKTY,10
AIKPNGTDTY,10
AITPYGQETY,10
AIYPYGNYTY,10
AIAMRGGSTY,10
AIGPFGSKTY,10
AIAPFGSNTY,10
AISPYGYGTY,10
AISPNGFRTY,10
AIRMAGGSTY,10
AIAPYGGTTY,10
AIRWNGEETY,10
AIRYAGYSTY,10
AMRWNGDETY,10
AISPSGFNTY,10
AIRPYGEYTY,10
AITPFGNYTY,10
AITPFGDRTY,10
AISPNGSGTY,9
AIRWNGRYAY,9
AINTSGGVTY,9
AVRWNGVETY,9
AISPLGKSTY,9
AIIPTGGRTY,9
AISPLGKHTY,9
AISPYGQSTY,9
AISPFGQWTY,9
AIRILGLGTY,9
AIDSFGKYTY,9
AIAPSGYKTY,9
AIVPYGGYTY,9
AIYPYGEWTY,9
AITPFGYTTY,9
AITPYGHSTY,9
AIRLNGSATY,9
AIDPFGGNTY,9
AIDPYGQVTY,9
AIDDYGEYTY,9
AISPGGHWTY,9
AISWRGARTY,9
AINPFGEDTY,9
AIRWYGDETY,9
AISPFGRKTY,9
AISPFGAQTY,9
AIGEYGRYTY,9
AISPYGNITY,9
AISPFGQSTY,9
AIAPFGNHTY,9
AISPGGRYTY,9
AINPYGDYTY,9
AILPYGESTY,9
AIAPFGKQTY,9
AISPFGTRTY,9
AIHWDGNTTY,9
AISPSGTWTY,9
AISPWGAYTY,9
AISPSGYNTY,9
AISHRGDRTY,9
AIGPFGLGTY,9
AISPYGKVTY,9
AIRPFGSRTY,9
AIYPYGGGTY,9
AISPYGEDTY,9
AISPRGHFTY,9
AISPYGHDTY,9
AIYYVGGSTY,9
AISPNGESTY,9
AISTNGGVTY,9
AIETFGGRTY,9
AITPTGGYTY,9
AINHRGDSTY,9
AINPYGRDTY,9
AISPFGATTY,9
AISPFGARTY,9
AICMRGGSTY,9
AIKPFGGHTY,9
AIVYLGGSTY,9
AINDYGSNTY,9
AIRWNGMSTY,9
AIRWTGVETY,9
AISPAGDYTY,9
AISPYGHSTY,9
AISPYGHHTY,9
AITPFGGSTY,9
AITPYGGLTY,9
AISPNGYATY,9
AIHPYGEYTY,9
AIRWNDVSTY,9
AINPYGDSTY,9
AISPLGHATY,9
AIDPFGGYTY,9
AISPSGKRTY,9
AIVPFGGRTY,9
AITPFGYNTY,9
AISPVGYDTY,9
AISEYGDYTY,9
AILPFGSITY,9
AISNNGSSTY,9
AIIYTGGSTY,9
AISPDGYFTY,9
AIRWNCSATY,9
AIDVYGYRTY,9
AIFPYGRYTY,9
AIRPLGGWTY,9
AIGPYGGYTY,9
AIAPFGSTTY,9
AISPFGSDTY,9
AIGPFGKHTY,9
AISPFGFGTY,9
AIAPFGWHTY,9
AISSTGGWTY,9
AIQPFGDRTY,9
AILPYGTYTY,9
AIGPYGGNTY,9
AISEYGRRTY,9
AISDYGFYTY,9
AIDVYGRYTY,9
AISPAGAHTY,9
AITPFGGATY,9
AIGPNGKATY,9
AILPYGKRTY,9
AISPYGVDTY,9
AIAPFGGDTY,9
AISPFGALTY,9
AISPNGFSTY,9
AIDPFGVNTY,9
AISPIGYKTY,9
AILPDGSYTY,9
AISPFGHQTY,8
AIPYKGGSTY,8
AISPWGTGTY,8
AIYPDGHKTY,8
AISPGGRQTY,8
AIRSFGGGTY,8
AISPVGYRTY,8
TIRWNGSATY,8
AIGPFGRFTY,8
AINPYGQITY,8
AIRPIGSSTY,8
AILPDGSATY,8
AISPYGNTTY,8
AISPYGRFTY,8
AIYPYGGYTY,8
AISPFGWRTY,8
AISPLGYATY,8
AITPFGRYTY,8
AIKYYGGSTY,8
AISPYGIGTY,8
AITEYGNYTY,8
AMRWNGVSTY,8
AISPLGSITY,8
AISPYGLSTY,8
AIAPNGKYTY,8
AIDYRGGYTY,8
AIAPFGLHTY,8
AITPFGYQTY,8
AIAPFGLNTY,8
AIKPFGDRTY,8
AISPYGTQTY,8
AISPWGRYTY,8
AIKPGGNQTY,8
AIIPWGGSTY,8
AISPLGWQTY,8
AISPIGKETY,8
AISPNGYITY,8
AIKPNGAYTY,8
AISPSGNNTY,8
AIRPFGGRTY,8
AITPDGYGTY,8
AISPFGVGTY,8
AISYMGGYTY,8
AISPSGGNTY,8
AIRMRGGSTY,8
AITPFGENTY,8
AIDDYGNYTY,8
AIGPFGDVTY,8
AIIFMGGSTY,8
AISPFGKNTY,8
AISDYGYRTY,8
AISPIGSKTY,8
AIQWNGGLTY,8
AIDPYGSETY,8
AISPIGTVTY,8
AMRWNGSSTY,8
AITPDGEYTY,8
AIDQYGRYTY,8
AIAPRGGFTY,8
AIHPYGGYTY,8
AISPGGDRTY,8
AISPYGLKTY,8
AIGPRGDGTY,8
AIIMSGGSTY,8
AINPYGDGTY,8
AITEYGSYTY,8
AISPLGLKTY,8
AIGYNGQLTY,8
AISPVGNSTY,8
AISPRGEGTY,8
AISPYGKTTY,8
AILPYGKYTY,8
AITPFGSTTY,8
SIGWDGEYTY,8
AIRMSGGSTY,8
AISPLGYRTY,8
AITPFGSWTY,8
AIGWYGGYTY,8
AISPFGHKTY,8
AISPGGAFTY,8
AISPQGNYTY,8
AIGPFGYQTY,8
AISPRGNFTY,8
AISPFGHRTY,8
AIGPYGYYTY,8
AISPLGRKTY,8
AIQWNGDETY,8
AIRPLGGTTY,8
AISPTGYTTY,8
AIRPNGYSTY,8
AIRFAGYETY,8
AITPYGYRTY,8
AISPLGKLTY,8
AINPYGSFTY,8
AISPYGKLTY,8
AISPFGVETY,8
AINYFGGSTY,8
AIRFSGAYTY,8
AINPYGGATY,8
AIGPGGGLTY,8
AIAPFGLGTY,7
AISEYGYCTY,7
AITPFGSETY,7
AITEYCYATY,7
AIGPFGSTTY,7
AIKIDGKTTY,7
AIDPYGKNTY,7
AITPFGSQTY,7
AIQYSGGSTY,7
AIAPFGQFTY,7
AIDDYGSYTY,7
AIRWNGDSTY,7
AIDYWGGSTY,7
AINMQGGSTY,7
AISPFGGPTY,7
AISDYGIDTY,7
AISETGDYTY,7
AIIPYGRYTY,7
AISPDGLYTY,7
AILPYGNYTY,7
AIAPSGSITY,7
AITPFGLGTY,7
AISPRGKLTY,7
AISPLGYQTY,7
AITPYGNFTY,7
AISYRGDVTY,7
AIRPFGQETY,7
AIDEYGDFTY,7
AITPFGNWTY,7
AINPYGSNTY,7
AIRWNGLDTH,7
AIRMIGGSTY,7
AILPYGSWTY,7
AISPSGKLTY,7
AITPYGAYTY,7
AIAYFGGSTY,7
AIGPGGSSTY,7
AILPPGGQTY,7
AIDWNGFYTY,7
AIYPYGRYTY,7
AISPTGKYTY,7
AISDNGNYTY,7
AIRCNGSFTY,7
AIRWNGNETY,7
AISPNGRNTY,7
AINENGSHTY,7
AIRWDGDETY,7
AIRRNGGSTY,7
AIRPWGNQTY,7
AIGPVGDKTY,7
AISNRGGITY,7
AIHYKGGSTY,7
AISPWGNSTY,7
AISGYGRYTY,7
AIRPIGGETY,7
AIAPFGRFTY,7
AIFPYGNYTY,7
AISPGGYSTY,7
AIQEYGRYTY,7
AISNNGYRTY,7
AIHGYGGRTY,7
AISPLGGHTY,7
AISPIGSLTY,7
AISPYGYTTY,7
AITPFGYRTY,7
AIGEYGLYTY,7
AIGPYGHTTY,7
AITPSGDRTY,7
AIGPFGYSTY,7
AISPWGDFTY,7
AIRPFGYETY,7
AISPGGKRTY,7
AITPFGYDTY,7
AISPFGVRTY,7
AINPYGNLTY,7
AIRPYGKYTY,7
AIHPYGGRTY,7
AIAPFGNNTY,7
AIAPGGYYTY,7
TIRWNGSSTY,7
AISEYGVYTY,7
AIYPYGKYTY,7
AINWRGQYTY,7
AITPFGTITY,7
AIGPFGDKTY,7
AIGPLGAITY,7
AIAPWGRSTY,7
AITPYGIRTY,7
AILPYGDATY,7
AIQMRGGSTY,7
AISEYGSLTY,7
AISHNGTSTY,7
AISPYGVRTY,7
AIGCDGGYTY,7
AINWNGERTY,7
AIGPFGNNTY,7
AISPYGRHTY,7
AINPRGGQTY,7
AISSTGGGTY,7
AISPGGNSTY,7
AITPYGRGTY,7
AIGPYGSLTY,7
AIRPNGKITY,7
AIGRDGEYTY,7
AISTSGGRTY,7
AIGPFGLATY,7
AINYSGGSTY,7
AISEYGSRTY,7
AISPRGDETY,7
AIMFWGGSTY,7
AILPYGEFTY,7
AISEYGTLTY,7
AIRHSGWGTY,7
AIDWRGNYTY,7
AIRWNGGYTY,7
AIAPFGALTY,7
AISPFGTATY,7
AIRPFGSSTY,7
AIKTFGGYTY,7
AISEYGDVTY,6
AIAFYGGSTY,6
AISPTGSNTY,6
AITPFGLHTY,6
AIAPFGVRTY,6
AISPLGLGTY,6
AIGPYGDATY,6
AISPIGYRTY,6
AITPFGEHTY,6
AITPFGKYTY,6
AINYRGEYTY,6
AIAPNGSRTY,6
AIRWNGSATH,6
AISEYGKFTY,6
AITPFGNETY,6
AITPFGSFTY,6
AIAPFGLKTY,6
AISPWGLETY,6
AITPTGRYTY,6
AIAPWGNYTY,6
AISPSGGATY,6
AINTYGNYTY,6
AIRWIGSSTY,6
AIYPYGDRTY,6
AINQYGRYTY,6
AIGDYGSNTY,6
AISPSGNRTY,6
AIMYLGGSTY,6
AIYPLGDGTY,6
AIGRFGGVTY,6
AIRPWGDQTY,6
AINPYGDRTY,6
AIRWDGGSTY,6
AIKLYGTRTY,6
AIADYGRSTY,6
AIWYLGGSTY,6
AIAPWGDNTY,6
AITPLGKSTY,6
AIGPFGDFTY,6
AINENGEHTY,6
AMRWNGSATY,6
AISSFGRDTY,6
AIVPFGNRTY,6
AIRYAGSFTY,6
AISDYGGYTY,6
AIVPFGNYTY,6
AICYYGGSTY,6
AIGPFGSHTY,6
AIGWDGKYTY,6
AITPFGFKTY,6
AISDYGYYTY,6
AILPYGRTTY,6
AIRCNGFYTY,6
EIRWNGGSTY,6
AIDPYGNNTY,6
AIGPRGYRTY,6
AILFYGGSTY,6
AISTNGFRTY,6
AIDPYGIYTY,6
AISPIGSYTY,6
AITPFGGVTY,6
AIRPFGDSTY,6
AIDSFGGWTY,6
AIAPDGDYTY,6
AISPYGNDTY,6
AISEFGEFTY,6
AISPLGKQTY,6
AIVPKGGHTY,6
AISDYGDGTY,6
AISPSGAFTY,6
AISPWGYNTY,6
AIIPYGNYTY,6
AIAPYGSFTY,6
AISPDGYYTY,6
TIRWNGDYTY,6
AISPFGAGTY,6
AISPVGYSTY,6
VIGWDGEYTY,6
AISPYGTNTY,6
AISSFGDNTY,6
AIGWDGCYTY,6
AIRPFGNYTY,6
AISPFGADTY,6
AIAPNGRRTY,6
AISEYGRTTY,6
AISPLGFTTY,6
AINPYGGDTY,6
AITPFGWSTY,6
AIAPSGLSTY,6
AIGPFGFQTY,6
AIGPFGIETY,6
AIGPYGSSTY,6
AITPFGGRTY,6
AIAEYGNTTY,6
AIEPGGGRTY,6
AIVYAGGSTY,6
AISPFGYYTY,6
AILPYGSRTY,6
AIRWNGSVTY,6
AISPIGKGTY,6
AITPYGYNTY,6
AISPYGFDTY,6
AIPWNGVETY,6
AIVPFGDWTY,6
AIRWNSDETY,6
AIAPNGNRTY,6
AIRPYGSYTY,6
AISTSGARTY,6
AISPLGRDTY,6
AISPSGNDTY,6
AIMYTGGSTY,6
AIGPFGGLTY,6
AISPIGAYTY,6
AISPSGIKTY,6
AIRPFGYSTY,6
AILPRGGYTY,6
AIIFYGGSTY,6
AITPFGSKTY,6
AITEYGHNTY,6
AIFPYGDITY,6
AIVWDGEYTY,6
AILPDGRQTY,6
AINPYGSRTY,6
AIAPFGDTTY,6
AIRPDGEWTY,6
AISEYCYGTY,6
AILPYGDLTY,6
AIGPFGAYTY,6
AIRTFGYSTY,6
AIFPYGEWTY,6
AIGPTGYLTY,6
AISPFGRDTY,6
AISPYGATTY,6
AINYAGDSTY,6
AISEFGSRTY,6
AISPRGNITY,6
AISSFGRRTY,6
AISPQGDNTY,6
AITPFGFRTY,6
AINSFGGRTY,6
AINPYGDFTY,6
AIAPFGRHTY,6
AIGPYGGTTY,6
AIFPYGNGTY,6
AIAPRGNRTY,5
AISDYGDDTY,5
AISPIGHNTY,5
AILPYGRRTY,5
AILPYGNFTY,5
AIGPYGYSTY,5
AINEYGGRTY,5
AISWRGELTY,5
AIVPFGGDTY,5
AIAPFGKETY,5
AIHPYGNYTY,5
AIYPLGHGTY,5
AISDYGSHTY,5
AISYWGGSTY,5
AIRIWGGSTY,5
AILPYGEYTY,5
AIEFRGGYTY,5
AIGPFGLTTY,5
AILWNGDYTY,5
AINTRGGQTY,5
AIRGNGVETY,5
AISGKGLATY,5
AIGPFGFETY,5
PIRWNGVETY,5
AIGYYGGSTY,5
AIAPFGTRTY,5
AIGPHGNNTY,5
AISPLGGGTY,5
AIAPFGRLTY,5
AIYPYGDNTY,5
AIAPYGLQTY,5
AISPYGHFTY,5
AILPSGGETY,5
AIGPYGWTTY,5
AISPRGYNTY,5
AISPFGFHTY,5
AINPYGYYTY,5
AIRYAGRYTY,5
AIQWNGSATY,5
AIAPFGRETY,5
AISEYGYHTY,5
AIKTFGGNTY,5
AIRSFGDGTY,5
AITPFGQSTY,5
AISDYGGNTY,5
AIDPFGGPTY,5
AIRPFGKWTY,5
AIGPFGLSTY,5
AIAPFGYGTY,5
AISSFGDSTY,5
AITPVGGRTY,5
AISPNGSSTY,5
AIYPYGSRTY,5
AIAPYGAETY,5
AIAPFGNDTY,5
AIRWNGSTTY,5
AILPYGRKTY,5
AISPFGIETY,5
AIRMCGGSTY,5
AITPFGSLTY,5
AISDYGEITY,5
AIAPYGYRTY,5
AIRWHGDETY,5
AILPYGDRTY,5
AIRWNGVEPY,5
AINFRGGYTY,5
AIAPRGARTY,5
AITPFGNHTY,5
AIAPFGDYTY,5
AIAPTGLQTY,5
AIRWHGGSTY,5
AISPNGSTTY,5
AIGPSGQWTY,5
AIAPNGSLTY,5
AISPWGRTTY,5
AISPDGQYTY,5
AIYPYGSKTY,5
AISPRGARTY,5
AISGHGLATY,5
AIKPFGLGTY,5
AIGPYGNNTY,5
EIRWNGDETY,5
AISPFGKKTY,5
AIPYNGGSTY,5
AIGPYGERTY,5
AIAPYGDYTY,5
AISPFGQQTY,5
AILPNGGGTY,5
AIIPSGGHTY,5
AITPFGDKTY,5
AISSFGRYTY,5
AISPIGRLTY,5
AISDYGTYTY,5
AIRWNDSSTY,5
AISPIGLSTY,5
AISPQGVQTY,5
AISNRGNRTY,5
AIGPKGDTTY,5
AIYPYGSATY,5
AILMRGGSTY,5
AIRWNGSETY,5
AITPYGNWTY,5
AISPLGYYTY,5
AISPYGSTTY,5
AIGPWGDYTY,5
AISPGGLKTY,5
AIRPFGRSTY,5
AIGASGKYTY,5
AITPSGDFTY,5
AIGPFGYNTY,5
AIGWDGDYTY,5
AIGWDGGYTH,5
AILPFGWETY,5
AISPFGTETY,5
AITPFGDDTY,5
AISPYGGNTY,5
AIRWSGNHTY,5
AIAPSGHETY,5
AITPFGQFTY,5
AIAPGGRYTY,5
AISPWGSKTY,5
AIKWDGSYTY,5
AIDPFGSNTY,5
AIPYYGGSTY,5
AISPNGSWTY,5
AITPLGLKTY,5
AIAPNGYKTY,5
AISPFGAITY,5
AIVPYGNYTY,5
AIQPYGSKTY,5
AIYPNGSYTY,5
AIAPFGGFTY,5
AIRPFGHSTY,5
AITPFGETTY,5
AILPYGTTTY,5
AMRWNGLDTY,5
AISNLGGYTY,5
AIRWNGVLTY,5
AIFPNGKGTY,5
AISNNGESTY,5
AIGEYGYATY,5
AITPFGYSTY,5
AISPYGDPTY,5
AIAPFGSKTY,5
AIKPNGVDTY,5
AISPGGFSTY,5
AIVPRGEYTY,5
AISPYGYDTY,5
AINDYGSYTY,5
AISPEGYFTY,5
AIRPFGGYTY,5
AISPYGDHTY,5
AINPGGWGTY,5
AIRWNGVEAY,5
AITPFGLDTY,5
AITYWGGSTY,5
SIRWNGLDTY,5
AIRPYGEWTY,5
AITPLGDNTY,5
AINPYGDWTY,5
AISNNGFSTY,5
AIYPYGGRTY,5
AISPFGHETY,5
AISPYGQLTY,5
AIRPFGFNTY,5
AIMMAGGSTY,5
AIRPFGEYTY,5
AISPIGRYTY,5
AIAPYGNRTY,5
AISPFGITTY,5
AIGPGGWSTY,5
AISSTGGSTY,5
AISPGGDITY,5
AISPSGGGTY,5
AIGPLGNETY,5
AIRMQGGSTY,5
AIAPRGYRTY,5
AIAYGGGSTY,5
AIRWNGVVTY,5
AIRWIGVETY,5
AIFYVGGSTY,5
AISEYGNFTY,5
AIRRNGVSTY,5
AISPFGHFTY,5
AIAPFGNVTY,5
AIDAFGNYTY,5
AISPLGDITY,5
AITPFGAQTY,5
AISGNGYTTY,5
AIAPLGGYTY,5
AIGWDGGYIY,5
AISPSGTSTY,5
AIADNGYETY,5
AIAPNGWSTY,5
AILPYGYKTY,4
AIQPYGSRTY,4
AIDTYGRYTY,4
AIRWNGGSAY,4
AIRPWGYKTY,4
AICWDGGYTY,4
TISEYGYGTY,4
AIRWYGLDTY,4
AISDYGDTTY,4
AITPFGSNTY,4
AISPLGYTTY,4
AITPFGGNTY,4
AIYPYGTYTY,4
AISPYGRPTY,4
AIGPFGDITY,4
AIAPFGWKTY,4
TISEYGYATY,4
AITPFGIGTY,4
AISPNGSRTY,4
AIHGYGFRTY,4
AIRWNGPDTY,4
AIAPYGSHTY,4
AITPYGKVTY,4
AISPWGDNTY,4
AISYRGNETY,4
AIRWDGVSTY,4
AIHPYGSYTY,4
AIRPYGYNTY,4
AISSYGHYTY,4
AIGPRGARTY,4
AIGPQGGYTY,4
AIRWNGGLTY,4
AIDEYGDYTY,4
AIIYAGGSTY,4
AISEYGTGTY,4
AIIPYGGYTY,4
AITPDGYKTY,4
AISPGGNKTY,4
AISEFGRFTY,4
AIQPGGGRTY,4
AISEYGDWTY,4
AISPLGWRTY,4
AIGPTGLNTY,4
AITPYGQYTY,4
AISPVGFDTY,4
AIRWNRVSTY,4
AIEPYGSNTY,4
AIDPYGYRTY,4
AIGPFGKYTY,4
AIRMMGGSTY,4
AITPLGKATY,4
AIGPEGFNTY,4
AISPLGRNTY,4
AIAPFGSDTY,4
AITPFGTSTY,4
AIRWNGVSTC,4
AIAPFGQWTY,4
AICYFGGSTY,4
AIAPYGRRTY,4
AIEYAGGSTY,4
AIAPNGWRTY,4
AIDPFGSYTY,4
AISPRGGLTY,4
AIVPTGGRTY,4
AIYPLGFGTY,4
AISPLGINTY,4
AISYRGGKTY,4
AISPRGNYTY,4
AINWNGRYTY,4
AISDYGYLTY,4
AISASGARTY,4
AISPAGWSTY,4
AISNSGYNTY,4
AISPHGNYTY,4
AINMSGGSTY,4
AITDYGQRTY,4
AIRPYGSWTY,4
AISPRGSGTY,4
AITPFGSATY,4
AIGPYGLRTY,4
AIQPFGYRTY,4
AIRYSGLHTY,4
AISNRGGRTY,4
AIGSYGVRTY,4
AINPRGGWTY,4
AISKYGKTTY,4
AILPYGGNTY,4
AMGWDGGYTY,4
AILPYGFKTY,4
SIGWDGGYTY,4
AILPYGISTY,4
AIRWNGSSTH,4
AISPEGKYTY,4
AITPIGTSTY,4
AIAPFGKFTY,4
AISPRGADTY,4
AIQPYGSYTY,4
AIVPRGGATY,4
AISPSGHQTY,4
AILPPGGDTY,4
AISPIGWRTY,4
AISPYGRTTY,4
AINENGNHTY,4
AISGNGSKTY,4
AIRWKGDETY,4
AISPRGDGTY,4
AISPVGARTY,4
AISTSGGNTY,4
AITPIGSTTY,4
AIRPNGFYTY,4
AIEPFGYNTY,4
AISPGGGFTY,4
AINDNGLKTY,4
AIAPYGYYTY,4
AIRCSGNQTY,4
AISEYGARTY,4
AISPYGISTY,4
AIGPHGRYTY,4
AISPWGFGTY,4
AISPVGSITY,4
AIRFMGGSTY,4
AIGPYGKYTY,4
AIVPFGGLTY,4
AIRWHGSSTY,4
AINPFGYKTY,4
AILPNGYGTY,4
AIGPFGGNTY,4
AIQAYGNYTY,4
AITPFGDSTY,4
AITPKGRNTY,4
AITPFGEKTY,4
AITPFGHLTY,4
AINDYGDWTY,4
AIAPEGNSTY,4
AISNSGGATY,4
AIRWNGASTY,4
AIKSFGNSTY,4
AISPLGFSTY,4
AIASRGDYTY,4
AIQWNGSSTY,4
AISPFGHDTY,4
AIFPYGDFTY,4
AISPLGGTTY,4
AIDPYGDFTY,4
AIRLNGSSTY,4
AISPYGVTTY,4
AIAPDGYFTY,4
AISPSGRLTY,4
AISPFGTVTY,4
AIAPFGHLTY,4
AISPFGHITY,4
AISPSGYYTY,4
AIAPYGSITY,4
AILPNGSATY,4
AISPAGNDTY,4
AISPIGKQTY,4
AISEYGSFTY,4
AITPLGNYTY,4
AISSYGSYTY,4
AIRPQGAYTY,4
AITPFGAGTY,4
AISPRGTYTY,4
AIRWHGSATY,4
AISPLGSSTY,4
AISPYGKKTY,4
AILPYGSITY,4
AIQPYGGYTY,4
AIGPLGSITY,4
AISERGNYTY,4
AILYSGGSTY,4
AIEYKGGSTY,4
ALRWNGVETY,4
AIRMWGGYTY,4
AISPWGQRTY,4
AIDPYGDYTY,4
AINPYGGLTY,4
AIHPFGSGTY,4
AISEYGYATH,4
AISPRGQQTY,4
AISPHGSWTY,4
AIKWNGYYSY,4
AIKIAGGDTY,4
AISPLGTITY,4
AISPAGQRTY,4
AISPRGTSTY,4
AIGPLGGRTY,4
AIGPFGTETY,4
AISSYGYRTY,4
AIGPWGGYTY,4
AINSYGNYTY,4
AIGPFGDLTY,4
VIRWNGGSTY,4
AISPGGYKTY,4
AISSYGNYTY,4
AILPYGNLTY,4
AILPNGGYTY,4
AILPYGRFTY,4
AISPIGDFTY,4
AINWRGNYTY,4
AIAFMGGSTY,4
AISPDGSNTY,4
AIAYTGGSTY,4
AISPFGHTTY,4
AISSYGNSTY,4
AITPLGYKTY,4
AILCNGVETY,4
AILPYGANTY,4
VIRWNGDETY,4
AITDGGNYTY,4
AITPFGYATY,4
AIAPKGYRTY,4
AISTYGDYTY,4
AILYCGGSTY,4
AISPYGVQTY,4
AIAPLGETTY,4
AINPRGDFTY,3
AIGWDSEYTY,3
AINPYGSDTY,3
AISPGGSYTY,3
EIRWNGVSTY,3
AITDYGDNTY,3
AITPFGVETY,3
AIGPWGKYTY,3
AIKFMGGSTY,3
AISPNGVYTY,3
AITPFGQQTY,3
AISPYGLGTY,3
AIAPFGQGTY,3
AIGPLGGWTY,3
AIRPFGKSTY,3
AIGPFGGFTY,3
AIQWNGSFTY,3
AIYPYGIKTY,3
AIYPYGFGTY,3
AIGYSGGSTY,3
AITPYGGATY,3
AISNRGEWTY,3
AIRWNSDYTY,3
AIEVNGGNTY,3
AINYSGFQTY,3
AIVPFGNLTY,3
AISPFGHATY,3
AIVMWGGSTH,3
AIIPFGGSTY,3
AIRPRGGDTY,3
AISPFGVATY,3
AISTRGNWTY,3
AIAPLGLSTY,3
AIKPYGSWTY,3
AIGPFGHNTY,3
AINEYGYRTY,3
AITPFGARTY,3
AIVPYGTRTY,3
AIYPYGDLTY,3
AMRWNGDYTY,3
AIGRFGGYTY,3
AISWRGWHTY,3
AIFPYGYTTY,3
AISPVGSDTY,3
AISPFGQTTF,3
AISYRGGTTY,3
AICYAGGSTY,3
AITPGGGVTY,3
AISPRGGETY,3
AIQYSGQYTY,3
AISPRGQHTY,3
AICMSGGSTY,3
AISPAGEGTY,3
AINPYGWHTY,3
AIHPYGSDTY,3
AIRWYGVDTY,3
AITPFGFDTY,3
AISPLGEYTY,3
AISPFGKGTY,3
AISPWGDGTY,3
AIEFRGNITY,3
AISPYGIKTY,3
AISENGRYTY,3
AITKYGYATY,3
AINPYGYSTY,3
AIHPYGDLTY,3
AIAPFGWETY,3
AISPFGHNTY,3
AISAYGYGTY,3
AIRPIGGNTY,3
AIGPYGAYTY,3
AINWSGSHTY,3
AISDYGNGTY,3
AIGSDGEYTY,3
AITPVGKGTY,3
AIHPYGQDTY,3
AINHRGDFTY,3
AIGPLGDITY,3
AIRWNSLDTY,3
AINPFGSYTY,3
AIHYYGGSTY,3
AIDSFGGYTY,3
AIGWDGGHTY,3
AISPIGLGTY,3
AIDPYGWRTY,3
AINEYGYATY,3
AITPTGGNTY,3
AINPYGVNTY,3
AIGPTGYGTY,3
AIAPYGQYTY,3
AISPYGRITY,3
AIKPYGEYTY,3
AISPLGSQTY,3
AISPWGYDTY,3
AINPFGRYTY,3
AINYSGSQTY,3
AIHPYGAYTY,3
AILPWGSYTY,3
AISPYGLNTY,3
VIRWNGLDTY,3
AIMIWGGSTY,3
AIRCNGRYTY,3
AITPFGDYTY,3
AIAPFGETTY,3
AMSEYGYATY,3
AISPLGNTTY,3
AISPRGGFTY,3
AINPLGGRTY,3
AILPYGNWTY,3
AIAPFGSRTY,3
AILPYGSATY,3
AIRWKGVSTY,3
AIGWNGVSTY,3
AIHPFGYGTY,3
AIRWNGGSIY,3
AISPSGWSTY,3
RYDGTVWKPI,3
AIAPDGYNTY,3
AIRPRGGNTY,3
AITPYGNHTY,3
AIAPFGFKTY,3
AISKSGGGTY,3
AIRLFGRHTY,3
AITEYGYATH,3
AILPFGYSTY,3
AILPYGNTTY,3
AITPLGRLTY,3
AIAPWGGTTY,3
AITECGYATY,3
AITDYGSYTY,3
AIYPYGGITY,3
AIQGYGGSTY,3
AISPYGRSTY,3
AIAPSGGSTY,3
AIRWSGSSTY,3
AIHTYGFRTY,3
AIRPYGTYTY,3
AITPYGDRTY,3
AIHPYGARTY,3
AINPFGHKTY,3
AILPYGIATY,3
AITPFGIRTY,3
AIHPWGGRTY,3
AIVPVGGHTY,3
AIAPFGEWTY,3
AIRWNSSATY,3
AITPFGQWTY,3
AIHPYGGDTY,3
AIDYFGGSTY,3
AILPYGQYTY,3
AIGSFGRSTY,3
AIRLNGNLTY,3
AITPFGQRTY,3
AITPFGADTY,3
AIGPYGTYTY,3
AISSYGEYTY,3
AIRPYGDETY,3
AISPYGHITY,3
AINPYGYRTY,3
AITPYGRRTY,3
AIAPNGRYTY,3
AISPYGGFTY,3
AILPVGWGTY,3
AITPYGGITY,3
AIDPYGWYTY,3
AITPSGAFTY,3
AISPAGSYTY,3
AIAPYGDKTY,3
AIRPFGFSTY,3
AIQPYGGLTY,3
AISFMGGSTY,3
AISGIGGKTY,3
AINMLGGSTY,3
AIKPFGGYTY,3
AIGWDGNYTY,3
AINTYGKYTY,3
AISPWGNLTY,3
AIVPRGGGTY,3
AISQDGIRTY,3
AISPFGHGTY,3
AILPFGYGTY,3
AIAPSGAKTY,3
AISHGGGYTY,3
AISPKGYATY,3
AILPYGDFTY,3
AIIEYGYATY,3
AIRWNSSSTY,3
AIEPYGYYTY,3
AISARGDWTY,3
AITPNGRYTY,3
AIRWNVGSTY,3
AIVPFGGKTY,3
AIKPYGSFTY,3
AIDPFGWNTY,3
AMRWNGFYTY,3
AISPIGSWTY,3
AITPYGDITY,3
AINPYGYDTY,3
AIADFGYRTY,3
AIDVYGLYTY,3
AINPFGEKTY,3
AINPYGNNTY,3
AIRWAGSSTY,3
AIGSFGDQTY,3
AIAPFGHHTY,3
AIAPRGTRTY,3
AIKPYGGLTY,3
AISDYGKSTY,3
AISPWGYSTY,3
AIVPLGGRTY,3
AIAPFGGGTY,3
AISSRGDFTY,3
AIPYWGGSTY,3
AIGPFGTYTY,3
AILPFGYRTY,3
AISPDGHYTY,3
AILYTGGSTY,3
AISPHGSYTY,3
AISPYGRLTY,3
AISARGNWTY,3
AISEYGHFTY,3
AIAPIGKETY,3
AIGPDGKFTY,3
AISPFGWETY,3
AIVPFGNNTY,3
AIRWNGLDAY,3
AIAPFGHFTY,3
AISDTGSYTY,3
AIGDYGTKTY,3
AIIPFGYKTY,3
AISKYGYATY,3
AITPFGHNTY,3
AISPLGKYTY,3
AIAPFGHVTY,3
AISPSGYATY,3
AIRPFGWGTY,3
AISPNGHYTY,3
AIFPYGDYTY,3
AIRWNGVSTN,3
AIRWSGVSTY,3
TITEYGYATY,3
AIRPFGKNTY,3
AISPWGDYTY,3
AIRPIGRYTY,3
AISPYGWETY,3
AIGPFGHSTY,3
AIRWHGDYTY,3
AIAPLGLNTY,3
AIDPFGGSTY,3
AIGPFGNHTY,3
AISKSGGYTY,3
AIRWNGDKTY,3
AINPYGQSTY,3
AISKSGGATY,3
AILLNGVETY,3
AISPGGYDTY,3
AIVPYGAYTY,3
AIRWNGVSIY,3
AITPSGIETY,3
AIRPWGNDTY,3
AIKFYGGSTY,3
AISPIGRRTY,3
AIAPFGTSTY,3
AIKTYGDVTY,3
AIGPFGKRTY,3
AILWNGSFTY,3
AISPLGSLTY,3
AIRPFGSDTY,3
AITPYGDSTY,3
AIKPYGNFTY,3
AISPYGSQTY,3
AINYNGGSTY,3
AIKWNCYYTY,3
AIRWNGGFTY,3
AIQYRGNYTY,3
AIAPFGSQTY,3
AIAPFGLDTY,3
AINPFGSATY,3
AIGPLGYGTY,3
AIGPVGSYTY,3
AIKVYGDRTY,3
AIMYAGGSTY,3
AIGDYGRATY,3
AIKPYGSYTY,3
AIGPYGGATY,3
AIRWNCDYTY,3
AICFYGGSTY,3
EIGWDGEYTY,3
AITPFGDATY,3
AITPFGVQTY,3
AISPFGEATY,3
AIAPTGYYTY,3
AITPFGSGTY,3
AIIPGGGTTY,3
AIRNSGFYTY,3
AISDYGQRTY,3
AISEYGSNTY,3
AIFPYGARTY,3
AIVPYGTETY,3
AISMSGGSTY,3
AIFPYGSRTY,3
AIIPGGDRTY,3
AITPLGYRTY,3
AIAPYGGWTY,3
AISPGGKHTY,3
AILPYGGRTY,3
AIRLNGFYTY,3
AILPFGLRTY,3
AITDYGYYTY,3
AISTRGSYTY,3
AILYNGGSTY,3
AIRPYGGYTY,3
AIHPYGYLTY,3
AILPFGVQTY,3
AIRPSGDRTY,3
AIGPFGFNTY,3
AIHPRGAYTY,3
AIRWNGVYTY,3
AISPYGSDTY,3
AISTSGGVTY,3
AIHPYGYKTY,3
AISPIGYSTY,3
AINPYGGRTY,3
AISPWGSGTY,3
AITPSGLYTY,3
AITPRGGYTY,3
AIIPFGYNTY,3
AIHPYGSLTY,3
AILPYGSLTY,3
AIRWNGSPTY,3
AIQPYGGDTY,3
AIRWNGGDTY,3
AIGPFGFSTY,3
AIRWNGYATY,3
AIGPNGYYTY,3
AISPWGTYTY,3
AIVPRGGETY,2
AISPWGGTTY,2
AITPRGRNTY,2
AINPSGIKTY,2
AIVPWGDLTY,2
AIAPFGAKTY,2
AIMYWGGSTY,2
AIKMRGGSTY,2
AINRNGKYTY,2
AIAYNGGSTY,2
AIKPFGTRTY,2
AINPYGGWTY,2
AISPLGWHTY,2
AIDPFGYYTY,2
AITPTGYNTY,2
AIGPFGYYTY,2
AILPYGSTTY,2
AIGPFGKTTY,2
AIGPFGFDTY,2
AIKPYGSRTY,2
AITQFGGSTY,2
AIRWNGSSAY,2
AIVPQGVQTY,2
AIGPFGLPTY,2
AISIPGYGTY,2
AIRPFGHYTY,2
AISPAGENTY,2
AIKPWGNQTY,2
AIDPYGYQTY,2
AITPWGLQTY,2
AISPFGYLTY,2
AIRPYGNYTY,2
AIAPFGWRTY,2
AIRWNGGSNY,2
AIRCNGNYTY,2
AITPFGHETY,2
AINPFGYRTY,2
AIAPVGDKTY,2
AISPRGYRTY,2
AIEISGGRTY,2
AIVPYGDYTY,2
AIGLRGNDTY,2
AIAPIGYGTY,2
AIIPIGGRTY,2
AIGPSGYNTY,2
AIRPFGRGTY,2
AIAPFGNGTY,2
AIQYYGGSTY,2
AITPLGSSTY,2
AINWNVKSTY,2
AIARWGYETY,2
AISKVGNDTY,2
AIHPYGSWTY,2
AIAPFGLSTH,2
AITPFGNNTY,2
AIRWSDNQTY,2
AISWRGNYTY,2
AILWNGSYTY,2
AISAPGYTTY,2
AIVPRGGRTY,2
AIDPFGTNTY,2
AISYRGSYTY,2
AIKTSGSRTY,2
AISLFGEYTY,2
SIRWNGFYTY,2
AIRPIGRETY,2
AIQFRGNETY,2
AIKPYGEKTY,2
AIAPFGDGTY,2
AIAPLGYYTY,2
AISPVGNLTY,2
SISPYGEYTY,2
AIGPRGSRTY,2
AIGPNGSLTY,2
AIRWNGGSTN,2
AIKPFGFSTY,2
AITPFGTRTY,2
AIRYAGDYTY,2
AISNYGRYTY,2
AINPGGNYTY,2
AISPWGRHTY,2
AITPIGFSTY,2
AITYLGGSTY,2
AINWNCKYTY,2
AISGFGDYTY,2
AISGFGGNTY,2
AIRWNDDETY,2
ALRWNGVSTY,2
AIRPKGDRTY,2
AIDVYGNRTY,2
ARRGNGVETE,2
AIRSSGYETY,2
AIRPYGTETY,2
AIADYGNYTY,2
AITPKGFKTY,2
AIKPNGRNTY,2
AIRSFGNYTY,2
AIGPAGNDTY,2
AISDPGGYTY,2
AIVPYGEYTY,2
VISEYGYATY,2
AISPWGQYTY,2
AIYPYGDWTY,2
AIKPYGEFTY,2
TIRWNGFYTY,2
AIFPYGTYTY,2
AIRMCGGSTF,2
AIGPYGEATY,2
AIVPYGKSTY,2
AIHPYGSRTY,2
AIGPWGYNTY,2
AIVPWGGHTY,2
AIRWSGGSTY,2
AITEYGHDTY,2
AIKPFGLTTY,2
SINNGGGLTY,2
AIRWNGDYTH,2
AIVPFGKYTY,2
AILPYGYYTY,2
AIYPYGIRTY,2
AINPFGNWTY,2
AIEPYGDSTY,2
AISPYGDGTY,2
AIEEYGRYTY,2
AIRPYGLSTY,2
AIFPYGSNTY,2
AISPFGTWTY,2
AIKIDGKVTY,2
AIAPFGWDTY,2
AIGWDVEYTY,2
AVGWDGEYTY,2
AIRWNDGSTY,2
AIYPYGYYTY,2
AILPYGSSTY,2
AITPFGIDTY,2
AIRPFGLDTY,2
AISCRGDFTY,2
AISDFGYGTY,2
AIFPLGSGTY,2
AISAYGYATY,2
AIKPYGDWTY,2
AINPYGRPTY,2
AIAPFGINTY,2
AIRPYGIRTY,2
AICPKGYATY,2
AIGPLGGSTY,2
AIGPFGLHTY,2
AIHPYGWKTY,2
AISPKGYSTY,2
AIRWNGLDTN,2
AISPFGTKTY,2
AIRPNGYRTY,2
AISPLGHKTY,2
AISSYGQYTY,2
AITPYGSITY,2
AITPYGRETY,2
AIRFSGLSTY,2
AILWNGRYTY,2
AILPYGLNTY,2
AISPYGFSTY,2
AIKCNGYYTY,2
AITPFGIETY,2
AISPLGRRTY,2
AISENGYSTY,2
AINPYGFKTY,2
AIRWNGDENY,2
AIPPYGLWTY,2
AIDPYGSRTY,2
AIYPYGLNTY,2
AISEYGWCTY,2
VIRWNGHYTY,2
AINPYGHLTY,2
AIGRDGGYTY,2
AISPYGYLTY,2
AIGGFGARTY,2
AISPSGHDTY,2
AITEYGYSTY,2
AIKYTGGSTY,2
AITPFGLTTY,2
AIGWGGGYTY,2
AITPFGRITY,2
AIAPFGLETY,2
AIRWNGDYAY,2
AIAPFGMSTY,2
AIRPNGVETY,2
AIDPFGTYTY,2
AIAPFGSITY,2
AIEYSGGSTY,2
AIYPIGFGTY,2
AITPFGHHTY,2
AIKLNGYYTY,2
AITPFGFTTY,2
AIHPFGGYTY,2
AIADYGGYTY,2
AISYFGGSTY,2
AISEYGCATY,2
AIGPLGSSTY,2
AITFMGGSTY,2
AIGAPGIGTY,2
AIYPYGKGTY,2
AIAPAGAWTY,2
AIRPWGLSTY,2
AIGWNGEYTY,2
AISDYGYVTY,2
AIAPFGHRTY,2
AIAPFGRITY,2
AIYPYGSLTY,2
AIQCMGGSTY,2
AIYPYGQYTY,2
AINEYGDYTY,2
AISEFGRHTY,2
AIGPSGRSTY,2
AILYFGGSTY,2
AITPGGGATY,2
AISEYGYNTY,2
AIWWNGVETY,2
AIRSFGSETY,2
AISPWGKYTY,2
AIEPYGSYTY,2
AISSFGEYTY,2
AIVPSGGYTY,2
AIYPYGSWTY,2
AISPNGNWTY,2
AIRPFGFRTY,2
AITPQGSLTY,2
AIGPFGGITY,2
AIEYRGGYTY,2
ALLYVGGSTY,2
AIAPLGTYTY,2
AITEYGYATN,2
AIDWNGKTTY,2
AIRWNGDETN,2
AIKPFGKLTY,2
ARRWNGVSTY,2
AIVPRGGLTY,2
AIGPFGKETY,2
AIRLNGSFTY,2
AISGFGDNTY,2
AIGPDGNYTY,2
AIGPYGSNTY,2
AIAPSGSTTY,2
AICEYGYATY,2
AISPSGSGTY,2
AIAYCGGSTY,2
AIDPYGDLTY,2
AINPYGSWTY,2
AITPFGASTY,2
AIHPDGYYTY,2
AIRWNGKSTY,2
AIGPYGNFTY,2
AITPKGRNTH,2
AIYPYGGTTY,2
AITPYGRFTY,2
AIGPFGEETY,2
AIEPYGSSTY,2
AIRWNCSFTY,2
AISMRGGSTF,2
AIRWYGNYTY,2
AITPFGDFTY,2
AITPFGGITY,2
AIRWNGFYTH,2
AINSYGNLTY,2
AISDYGIYTY,2
AIRWNRGSTY,2
AIKTFGGSTY,2
SIRWSGNQTY,2
AIKPPGSYTY,2
AISPSGYRTY,2
AIRPAGRYTY,2
AIAPFGGSTY,2
AIQPFGNYTY,2
AISGYGDYTY,2
AINPFGDFTY,2
AISPNGKFTY,2
AIYPFGGGTY,2
AIDPYGQYTY,2
AIFPYGRRTY,2
AISPFGVQTY,2
AISEFGSWTY,2
AIDTFGGYTY,2
AIVPRGGVTY,2
AIRWYCVETY,2
AIKWNGVETY,2
AISPYGSPTY,2
AITPFGRLTY,2
AITPFGKLTY,2
AIQPFGRGTY,2
AIDPYGRKTY,2
AISPTGLYTY,2
AIRMKGGSTY,2
AISPLGYKTY,2
AISHSGARTY,2
AIMMSGGSTY,2
AIRWSGDETY,2
AINPNGYRTY,2
AIVPFGSYTY,2
AIQNSGNYTY,2
AIAPLGYSTY,2
AIVPFGLSTY,2
AISPNGDETY,2
AIRTYGHYTY,2
AISPWGSLTY,2
AISPFGTLTY,2
AIRPFGDYTY,2
AIHYVGGSTY,2
AIKIFGFKTY,2
AIAPFGHYTY,2
AISPRGSYTY,2
AIRFSGYSTY,2
AIRWNGRATY,2
AIKPYGYLTY,2
AISPYGGHTY,2
AIRPHGGSTY,2
AIRSNGVSTY,2
AIGPYGDRTY,2
AITDYGLSTY,2
VIGWDGGYTY,2
AISGTGGRTY,2
AIIYYGDYTY,2
AIMYSGGSTY,2
AILPFGKYTY,2
AIRWNGNQTY,2
AIIYCGGSTY,2
AILYAGGSTY,2
AIKPDGKYTY,2
AIAPWGYHTY,2
AISPAGRDTY,2
AITMRGGSTY,2
AINPEGQNTY,2
AISEYSYATY,2
AINPYGYKTY,2
AIPYKGFSTY,2
AISEDGYATY,2
AITPQGFGTY,2
AIAPFGIKTY,2
AISWDGGYTY,2
AINPYGYATY,2
AIQPFGNKTY,2
AILPYGKQTY,2
AIDYVGGYTY,2
AIKPFGSYTY,2
AISPYGAFTY,2
AIRLFGKYTY,2
AIRWSGDYTY,2
AIVYGGGSTY,2
AIVPFGYQTY,2
AITPKGRYTY,2
AINPAGQWTY,2
AIIYFGGSTY,2
AIQNSGGHTY,2
AITPYGQSTY,2
AIAPFGITTY,2
AIRWDGLDTY,2
AITPDGNHTY,2
AIGPFGRITY,2
AIRPDGSYTY,2
AIAPFGYATY,2
SIGPFGDRTY,2
AIHPYGYYTY,2
AITPFGKRTY,2
AISPVGGYTY,2
AIKPYGQWTY,2
AIGPFGTHTY,2
AIFPFGKGTY,2
AIIPFGNWTY,2
AIEFRGDQTY,2
AITPEGYFTY,2
AISPQGFSTY,2
AIAPLGWSTY,2
AIRWNGDYIY,2
AIYPYGDYTY,2
AICYLGGSTY,2
AIDWGGRYTY,2
AIAPLGRYTY,2
AISEYGDFTY,2
AISNYGAYTY,2
AIRWDGSSTY,2
TIGWDGGYTY,2
AISSRGGYTY,2
AIGPVGSQTY,2
AIRWDCFATY,2
AIRWKGLDTY,2
AITPNGDYTY,2
AITPFGQNTY,2
AIVPRGDYTY,2
AIKWSGYYTY,2
AIVPWGTHTY,2
AIEPFGGNTY,2
AISNFGRYTY,2
AIGPNGYDTY,2
AIQPFGKDTY,2
AISKFGNFTY,2
AILPYGWNTY,2
TISPFGQYTY,2
AITPFGINTY,2
AIRPNGYYTY,2
AIGPYGLSTY,2
AISYKGDLTY,2
AISYRGSKTY,2
AISPFGTHTY,2
AISPLGYETY,2
AIVPLGGYTY,2
AIRPYGQLTY,2
AIAPKGLSTY,2
AIGPWGNSTY,2
AISGAGYKTY,2
AIRPSGDWTY,2
AIKPWGGSTY,2
AIVPYGSYTY,2
AISPFGIDTY,2
AIGPFGISTY,2
AINEYGIYTY,2
AISTYGGYTY,2
AIGSFGDITY,2
AITPYGRSTY,2
AIQPYGLRTY,2
AISTSGYSTY,2
AIAPWGRTTY,2
AIAPEGLSTY,2
AISTGGDHTY,2
AITPRGQFTY,2
AITPYGGFTY,2
AITPSGKYTY,2
AISEYGYDTY,2
AIAPFGNTTY,2
AISDIGKQTY,2
AIEPYGELTY,2
AITPEGNYTY,2
AINDFGYRTY,2
AILPYGDGTY,2
AIRPDGYWTY,2
AISWDGEYTY,2
SIRWNGDYTY,2
AIRRYGVDTY,2
AIGWDGECTY,2
AISPAGLRTY,2
AIRWRGYGTY,2
AISGAGGKTY,2
AIRWNGCYTY,2
AIQPFGKETY,2
AIRLGGTNTY,2
AIRNKGNYTY,2
AIYPYGDFTY,2
AISQWGNYTY,2
AITPFGAKTY,2
AISPQGNNTY,2
AIYPFGDGTY,2
AIRYSGLTTY,2
AISPYGEYTH,2
AISGGGRSTY,2
AIRPFGDFTY,2
AIFPYGEWAY,2
AIYPLGEGTY,2
AISEYCWGTY,2
AISPIGGWTY,2
AIRWDGSATY,1
AIDPYGKKTY,1
AIRWNGFYAY,1
AIRWNSRYTY,1
AISPAGSGTY,1
RDMMWGGSTY,1
AIQEYGEFTY,1
AISNYGGYTY,1
AITEYGDYTY,1
AIKPFGRSTY,1
AIAPPGKFTY,1
AIAPFGKNTY,1
AIAPNGDHTY,1
AIRPFGQWTY,1
AIRCNGVDTY,1
AIRWAGDSTY,1
VINWNGKSTY,1
AIRSFGYSTY,1
AIDTYGYPTY,1
AIGSDGGYTY,1
AIGANGTTTY,1
AIRPYGSLTY,1
AIFPDGRYTY,1
AIKWNGYYTD,1
AIRSFGGWTY,1
AIRWNAVSTY,1
AITEYGHFTY,1
AITPEGLYTY,1
AIKPYGRYTY,1
AIQPYGYSTY,1
AIQWNGRYTY,1
AISEYCYSTY,1
AIAPLGASTY,1
AISPFGYHPY,1
AIQRRGGYTY,1
AILWNGMETY,1
AISQWGLGTY,1
AMRWSGNQTY,1
AIAWDGGYTY,1
AIGPFGRQTY,1
AIRWNSFYTY,1
AIASWGSFTY,1
AISPLCWQTY,1
AISPLGSRTY,1
AISEYGDRTY,1
AIAPDGDWTY,1
AISPIGQGTY,1
AISPFGYCTY,1
TISGYGSYTY,1
AISPFGSRTH,1
AIRSYGESTY,1
AIGLRGNETY,1
AIKSFGGETY,1
AISEYGYFTY,1
AISPWGFSTY,1
AISTFGLRTY,1
AIRPNGDNTY,1
AINWSGRRTY,1
AIGPYGHYTY,1
AIPFMGGSTY,1
AISPYGKDTY,1
AIAPFGGITY,1
AIRPNGKHTY,1
AISPIGRNTY,1
AIDWNGVYTY,1
AITFWGCSTY,1
AISPRSGGTY,1
AINWNGKLTY,1
AINPYGLCTY,1
AIRLSGNFTY,1
AIHDYGTYTY,1
AIRWNCDEAY,1
AQIMYGHDTY,1
VITEYGYATY,1
AILMCGGSTY,1
AISPVGAKTY,1
PITPLGYRTY,1
AISPFGDDTY,1
AISPYVSETY,1
AIDPFGDSTY,1
AIAPFGTTTY,1
AIQNSGGNTY,1
AIKPYGRRTY,1
AISPFGGMTY,1
AIAPDGYYTY,1
AIRPYGSHTY,1
AISPFVDSTY,1
AIVPLGGYTN,1
AMRWNGSFTY,1
AIRWNGGSTC,1
AIDTYGGYTY,1
AIRWYGNSTY,1
AIAPFCEYTY,1
AISPYGLPTY,1
AIKAWGQYTY,1
AISPIGKFTY,1
AIGFYGGYTY,1
AITYNGGSTY,1
AITFWDGSTY,1
AISEYGYATC,1
AISPRGSWTY,1
AISTFGSWTY,1
AIELRGGLTY,1
AIRWNDSFTY,1
AIGPFGYHTY,1
AMRPFGWDTY,1
AIRCNDVETY,1
AISPFGGATF,1
AIGWDGGYAY,1
AIDPYGHSTY,1
RDKPVWRLTY,1
AIAPNGYYTY,1
AIKPFGSNTY,1
AIKPYGDSTY,1
AINEYGDRTY,1
AIHPLGSGTY,1
AISEYGYGTH,1
AISPFGTTTY,1
AIRWSGSRTY,1
AILYLGGSTY,1
AIRWNGVTTY,1
AIYPYGYKTY,1
AISECGYGTY,1
AICPLGNETY,1
AIKCNGDYTY,1
AITPGGYYTY,1
AIDYRGGFTY,1
AINYMCGSTY,1
AINWNCKSTY,1
AIPWNGSATY,1
AISPRGKYTY,1
SIAPFGSYTY,1
AISPCGLRTY,1
TISEYGWGTY,1
AIRWNCGATY,1
AINPFGNHTY,1
AIRPLGWKTY,1
AISPIGKYTY,1
AISPNGCWTY,1
AIAPRGDYTY,1
AIRPFGHRTY,1
RYIRMVAAPN,1
AINCNGGSTY,1
AIQPRGGGTY,1
AILFWGGSTY,1
AITPQGGLTY,1
AIRWNGGTTY,1
AIGWDGVETY,1
AICPWGFKTY,1
AIRARGEYTY,1
AIQLRGDFTY,1
AIRWNSSFTY,1
SISPYGERTY,1
AISPFSRYTY,1
AITPGGGYTY,1
AIKPYGDYTY,1
AMAPFGQNTY,1
AIVPIGSYTY,1
AISQGGGRTY,1
AIKSFGRRTY,1
AIRLHGVETY,1
AISTYGEYTY,1
AISPRGRYTY,1
AINWRGKYTY,1
AIAPFGVQTY,1
AIGSFGGYTY,1
AISRWGDWTY,1
AICMWGGNTY,1
AINWRGTHTY,1
AISPRGYVTY,1
AIVPNGDYTY,1
AIRWNGNYIY,1
AISPHGNRTY,1
AIGWDGGYTF,1
AISPPGNSTY,1
AISSSGKSTY,1
AISPYCTYTY,1
AMSPNGYSTY,1
AISPYCSRTY,1
AISQYGGWTY,1
AINPFGDTTY,1
AISDYGQYTY,1
AITPFGHGTY,1
AIQWNGFYTY,1
VIRWNGSATY,1
AINPYGHYTY,1
AIRPLGYTTY,1
AICTWGGSTY,1
AISNYGSYTY,1
AIHDYGNYTY,1
AIKWSGSRTY,1
AISWYGSYTY,1
AIRWAGKYTY,1
AIIPFGGWTY,1
AIVPFGNFTY,1
AIVPFGARTY,1
AISPIGSGTY,1
AITYSGGSTY,1
AMAPFGEYTY,1
AIRWNGLGTY,1
AIIVRGGSTY,1
AIRWKGDYTY,1
AINGSGSRTY,1
TITFWGGSTY,1
AILMHGGSTY,1
AITPSGRYTY,1
AINYGGGYTY,1
GIKFYGGSTY,1
AILPFGSFTY,1
AIWPYGNYTY,1
AITPRGGRTY,1
AISPYCSHTY,1
AISPEGSSTY,1
AIQPFGERTY,1
SISPFGYSTY,1
AITPFGFSTY,1
AIFPDGRKTY,1
AIRSNGSSTY,1
AMNPYGYYTY,1
AIHGYGSYTY,1
AIKAWGQVTY,1
AINLSGSRTY,1
AIRYTGCSTY,1
AISPQGEQTY,1
AIKPYGNWTY,1
AISPNGYFTY,1
TIAPFGSYTY,1
AISPEGKFTY,1
AIRSYGVKTY,1
AMVMRGGSTY,1
AITEYGRYTY,1
AIIYNGGLTY,1
AIWMRGGSTY,1
RISPFGDATY,1
AISPLGRTTY,1
AIAPWGDRTY,1
AISPFGCYTY,1
AIHPYGYATY,1
AINPVGYRTY,1
AIDVYGYYTY,1
AIRPLGYNTY,1
AISNWGKYTY,1
AISPLGRGTY,1
AIDVYGDSTY,1
AINDYGFYTY,1
AIRWNGDQTY,1
AITEYGRDTY,1
AIAPFSYHTY,1
AISRIGKYTY,1
AIDPYGMYTY,1
AMSEYGYGTY,1
RVTEYGSYTY,1
AITDGGYYTY,1
AILPYGLRTY,1
AVRWNGGSTY,1
AIIPGGGRTY,1
AIRSYGMETY,1
AIMMRGGSTF,1
AISPFGTSIY,1
AIQPFGNRTY,1
AIGPFGRYTY,1
AILPYGRLPI,1
AISQFGDHTY,1
AIRWNVDYTY,1
AINPGGSYTN,1
AIIPYGDYTY,1
AIVPRGDRTY,1
AISPYCAYTY,1
AIQWDGFATY,1
VIYYMGGSTY,1
AIGEFGYYTY,1
AIKIFGRITY,1
AINPFGSDTY,1
AISPGGWHTY,1
AISQFGDRTY,1
AISWDGCYTY,1
AIRFRGGATY,1
AIKPLGYYTY,1
AISPGVSSTY,1
AISVYGRYTY,1
AIRWNGSSTD,1
AITPFGDATH,1
AIKPYGYKTY,1
AITPFGKFTY,1
AISPYGQKTY,1
AIYPLGYGTY,1
AITPLGGLTY,1
AIGCGGEYTY,1
AISGIGSKTY,1
AIGWDGAYTY,1
AISNRGHITY,1
AIRPNGDRTY,1
SIRWNGSFTY,1
EIRWNGNYTY,1
AIAPNGYLTY,1
AIAPYGHFTY,1
AIQWNGRSTY,1
AIRPYGESTY,1
AISPWGGSTY,1
ARRWNGDETY,1
AISDYGRRTY,1
AIAPRGRYTY,1
AIRPYGYGTY,1
AIRWDGYVTY,1
AIVPYGHYTY,1
AIGGYGRYTY,1
AISPTSSYTY,1
AISPVDNDTY,1
AISPNGTHTY,1
AIAPFGQNTH,1
AIPFYGGSTY,1
VISPYGNWTY,1
AINPFGNNTY,1
AISPFGRYPY,1
AISPYGEYTN,1
RDKPVWWLYL,1
AIAPWGQYTY,1
AIRWNGGSPY,1
AISTFGNYTY,1
AINPYGKYTF,1
AICYIGGSTY,1
AIYPYGLPTY,1
AIGPNGSGTY,1
TISPDGNLTY,1
AIAPFGKWTY,1
AIDPFGKYTY,1
AIKWNGFYTY,1
AISPFCSKTY,1
AIRPYGSDTY,1
AISEFGSYTY,1
RISPFGYKTY,1
AIGWNGGETY,1
AIGWNGSATY,1
AIQSYGNYTY,1
AISDYGNWTY,1
AIVPRGNWTY,1
AISPWGNHTY,1
AISPFCHTTY,1
AISPFGCWTY,1
AINPFGGNTY,1
AIRPFGVRTY,1
AIAPLGQYTY,1
AITPFGRSTY,1
AIRWNGSATN,1
AIAPFGYSNY,1
AIAPFCDTTY,1
AIRWNGESTY,1
AISPLGDVTY,1
AINWNDKSTY,1
TIAPFGISTY,1
AISPYGYATY,1
AISPAGRSTY,1
GITPGGEYTY,1
AITPSGQFTY,1
AISHRGGWTY,1
AITEYGYTTY,1
AINRNGSYTY,1
AIRPFGTETY,1
RIVPFGDWTY,1
AISEYGDHTY,1
AINNHGGLTY,1
AIGPFGQNTY,1
AISDSGELTY,1
AISHNCTSTY,1
TIRWSGNQTY,1
AIRPNGYGTY,1
AISPFCGFTY,1
AIRRNGVDTY,1
VISPVGSITY,1
AIAQFGALTY,1
AIRWKSVETH,1
AIQWNGHYTY,1
AIRWHGVETC,1
AITLWGGSTY,1
SIRWHGVETY,1
AIRWNGEYTY,1
AITAYGYATY,1
AIKRYGRVTY,1
RDRSVWSVTY,1
AIQPSGGNTY,1
AINHRGDYTY,1
AIMMWGRSTY,1
AIRYAGVSTY,1
AILPYCSYTY,1
AIYPYGRATY,1
AIVMWGGWTY,1
AIRCDGVETY,1
AIRPNGIYTY,1
AIRPFGLTTY,1
EIRWNGVEIY,1
AIRMPGGSTY,1
AIEPFGFNTY,1
AIMMWDGSTY,1
AIPYFGGSTY,1
AISENGCYTY,1
AIFPFGKFTY,1
AIKWNGYRTY,1
TISNRGDWTY,1
AISHRGNWTY,1
AINDYGSHTY,1
ARRWNGDYTY,1
AISPFCSYTY,1
AIRWNGVEPS,1
AINPYGYPTY,1
AIGPFGLDTY,1
AISQYGKYTY,1
RYIRMGIKTY,1
AITEYGYYTY,1
AMSPYGSHTY,1
AIRWNGHYTH,1
RIAPFGYSTY,1
AISPYCEYTY,1
AIYPYGGSTY,1
AIADYGSYTY,1
AIAMWGCSTY,1
AITRFGGYTY,1
AILPYGNKTY,1
AIDPFGDVTY,1
AISPYGKSTY,1
AIYPFGFGTY,1
AIRPNGSYTY,1
AISPFGVSTY,1
AISPEGGATY,1
AQIMFGLSTY,1
AIRIYGSRTY,1
AISPYCDWTY,1
RISPFGNNTY,1
AILPYGRATY,1
AIAPFGLSTC,1
AIRRTGEYTY,1
AISYVGGYTY,1
AIRMWCGSTY,1
AIAPTGDYTY,1
AISTSGYRTY,1
AISEYGWGTH,1
AIAQYGEYTY,1
AIYPYGGDTY,1
AIGYAGGSTY,1
AIVYVGCSTY,1
AIGPGGGCTY,1
AISTSGGHTY,1
AISPFGCLTY,1
AIRMLGGSTY,1
AIRWNGSANY,1
AIRWNGNSTY,1
AIRWHGVENY,1
AITPFGTKTY,1
AISPWGGWTD,1
AIRWNGISTY,1
AIRPFGSFTY,1
AIYPYGNGTY,1
AIGPRGQDTY,1
AIGNIGRKTY,1
AIRPFGTRTY,1
SIRWNGDATY,1
AISSLGGYTY,1
AISEYGYKTY,1
AIKPHGSDTY,1
AIRPFGNSTY,1
AISERGAYTY,1
AISDYGQLTY,1
RISPYGTYTY,1
ATGWDGEYTY,1
AINPYGLKTY,1
AIRPLGKYTY,1
AIAPTGNYTY,1
AISPLGQYTY,1
AISPAGLNTY,1
AIGPLGLSTY,1
SISPLGSYTY,1
AIMYCGGSTY,1
AIKPFGGNTY,1
AINPGGSYTY,1
AISNSGDWTY,1
AIKPYGGYTY,1
AISPNSYSTY,1
AINPFGQNTY,1
AISQYGDNTY,1
AITPFGRHTY,1
AIYPFGYGTY,1
AINTSGGNTY,1
AISPYGGCTY,1
AIKTFGGQTY,1
AIGSFGDVTY,1
AIGPFGNDTY,1
AIVPYGHYIY,1
AKGWDGGYTY,1
AIAMWGDLTY,1
AIRWNGEVTY,1
AILPYGIRTY,1
AIDEYGVSTY,1
AILPDGHYTY,1
AIRWYGEETY,1
SISPFGGYTY,1
AITPFGSITY,1
AIGGYGGYTY,1
AIRWNSVENY,1
AISPSGIWTY,1
ALRWNGLDTY,1
AIEEFGSKTY,1
AIRWNGGSTF,1
AIDPYGRHTY,1
AISYRGGSTY,1
AIGWDGSYTY,1
AIRWNDFYTY,1
AIKPFGYKTY,1
AITPFGIKTY,1
AITPFGYNSY,1
AIDIYGSYTY,1
AIRWNGSATC,1
ATRWNGGSTY,1
AIFPFGNYTY,1
AIRLNGHSTY,1
AISPRGQWTY,1
AISDIGKGTY,1
AILPSGGYTD,1
AIATFGGYTY,1
AIRWHGHSTY,1
AIAPYGQVTY,1
AIRWTGLETY,1
TISPYGEYTY,1
AISPSGSVTY,1
AISPIGYNTY,1
AIAMAGGSTY,1
AIYPRGLGTY,1
AIKISGGYTY,1
AISYMGGSTH,1
AINWSGSRTD,1
AIIYMGGSTH,1
AISPFGIHTY,1
AITEYGDATY,1
AIVPKGCHTY,1
AIGDYGYKTY,1
VMRWNGVETY,1
AIAPYGEYIY,1
AIAPFGFTTY,1
AINWSGSCTY,1
AIRWDGVATY,1
AIHDYGSYTY,1
AISPFGTITY,1
AIAPFGIDTY,1
AIDDYGYYTY,1
AISQFGQRTY,1
AIIYMGCSTY,1
AISPFGEGTY,1
AISEYGLGTY,1
AISPYGRGTY,1
AIKPFGYNTY,1
PISPFGKYTY,1
AISPYGKQTY,1
AINDYGWRTY,1
RDTDVGWFNL,1
AICPDGYSTY,1
AISQYGSYTY,1
AITPYGAYTH,1
AMGPFGYETY,1
AIRRNGLDTY,1
AIRWNGIYTH,1
AISQGGYQTY,1
AIRWGGYYTY,1
TISGNGSKTY,1
AIQMSGGSTY,1
AINPAGYRTY,1
AIGPVGKATY,1
AILPRCGWTY,1
SIRWNGSATY,1
RYDGTVCQPI,1
TISPFGKYTY,1
AIVYMGGSTH,1
AISPFGTGTY,1
RISPFGFTTY,1
AIAPYGISTY,1
AICPFGDATY,1
SIEYMGGSTY,1
AIRWYGYATY,1
AINWRGYCTY,1
SIAPRGGFTY,1
AIAPFGASTH,1
AIGEYGDYTY,1
AIESRGGYTY,1
RIMMWGGSTY,1
VIKWNGYYTY,1
AINMWGGYTY,1
VILWNGVETY,1
AISPAGTYTY,1
AIAPFGQQTY,1
AISPCGYNTY,1
AIFPYGKFTY,1
AISPRGIETY,1
AIRWHGVETS,1
AIDSYGGYTY,1
AIQNSCGNTY,1
AINPYGSETY,1
AINSFGDRTY,1
AISPCGGYTY,1
AISSFGRNTY,1
AIAPFGGYNY,1
AINCNGKYTY,1
AIAKVGGYTY,1
TIRWNGSFTY,1
AIRWNGHDTY,1
AIRWNGFYNY,1
AISEYGHYTY,1
AIGYNGGSTY,1
AIRRKGGSTY,1
AIGPFGSNTY,1
AITPFGRNTY,1
TIDYMGGSTY,1
AISPWGYKTY,1
AIRWNCHSTY,1
AIRPFGYQTY,1
AILPRGGWTY,1
AIRLFGKSTY,1
AIRPFGKFTY,1
AISPRGYETY,1
SIKWNGYYTY,1
AINPFGFNTY,1
AIRPNGVSTY,1
AIRWSGSATY,1
AISPLGTHTY,1
AIGWDGGCTY,1
AICWGGEYTY,1
AIRWSGLDTY,1
AIQWNGDYTY,1
AIGPFGYWTY,1
AISPEGNNTY,1
AISPGGRKTY,1
AISPNGWRTY,1
AIKMWGYSTY,1
AISPFCDLTY,1
AISPNGGGTY,1
AIGWDGGDTY,1
AITMWGCSTY,1
AIGPIGYSTY,1
SIWPYGDYTY,1
AISPCGNYTY,1
AIKYSGGSTY,1
RYRCGVVQPI,1
AITPFGGGTY,1
TISWRGDRTY,1
AISQYGSRTY,1
AISPYGDATY,1
AIGPFGQGTY,1
AIAPWGFRTY,1
VIRCNGGSTY,1
AIAPTGYSTY,1
AIAPFGHNTY,1
AISEYGSITY,1
AIVPFVDWTY,1
AIKPYGTYTY,1
AIAQFGEYTY,1
AIRMWGNSTY,1
AISPVGLKTY,1
AIQWNGVETH,1
EISEYGWGTY,1
AIVPSGYKTY,1
TIRCNGLDTY,1
VIRWNGSFTY,1
AIAPWGGNTY,1
SIYYVGGSTY,1
AISEYGGHTY,1
AIRLGGTYTY,1
AINWSCSRTY,1
AITEYGQWTY,1
AIAPFGKITY,1
AIPWMGGSTY,1
AILPIGSQTY,1
AISDYGYWTY,1
AIRWSGNLTY,1
AISPFGMETY,1
AISMWGGYTY,1
AISPDGAVTF,1
AINPYGDLTY,1
AIGWDGYATY,1
AIRLDGFATY,1
AISTGGAYTY,1
AIQTYGKYTY,1
AIRWNGCATY,1
AITPVGSYTY,1
AIVPRGGYTY,1
AISPRGATTY,1
RDKPVWLLTY,1
AIRWNDSATY,1
RDNPFGLKTY,1
AISAYGEWTY,1
AIGPYGEYTY,1
AIGWNGGYTY,1
AISPLGNNTY,1
AIRWGGFATY,1
AIKYAGGSTY,1
AIKWNGMYTY,1
AIHPYGYRTY,1
AIYPYGNKTY,1
AIRWTGVQTY,1
RDKPGRLSYL,1
AISPGGRHTY,1
AINPFGRSTY,1
AIRWNGMYTY,1
VITYYGGSTY,1
AIRLNGVETH,1
AIRPFGPETY,1
AIKPNGSHTY,1
AIAPFGEYTH,1
AISPDGEYTY,1
AIDPFGRETY,1
AINPFGNRTY,1
AIGPVGTYTY,1
AISPGGLGTH,1
AIWPYGDYTY,1
VISPFGGYTY,1
AIHWRGNFTY,1
AIRPYGLETY,1
AIAPNGSFTY,1
AINLNGKSTY,1
AIRPLGYHTY,1
AINCNGKSTY,1
AITYYGGSTH,1
AILMWGRSTY,1
AITYYGSYTY,1
AITWNGKYTY,1
AMGPFGDYTY,1
AIETFGGHTY,1
AILPYGNRTY,1
AIRWNVDETY,1
AIAPWGYSTY,1
AITPYGQNSY,1
AIAPKGYQTY,1
AISQDGKVTY,1
AIKPFGWSTY,1
AINPYGHVTY,1
AISPYCDYTY,1
AIKPYGTFTY,1
AIEPYGEYTY,1
AIGPFCYETY,1
AIYPYGKNTY,1
AISPTGAYTY,1
AIDPYGLHTY,1
AIRPFGKYTY,1
AIVPFGSNTY,1
AMSPYGGYTY,1
AIRPSGKYTY,1
ATSPNGEYTY,1
RISPYGKFTY,1
AISPDGGETY,1
AIRWYGDYTY,1
TIGPFGRNTY,1
AIYPYGYGTY,1
RIDDYGRYTY,1
AITPVGYRTY,1
AIRWDCYATY,1
AIAPYGLYTY,1
AIAPIGEYTY,1
SIRWYGVETY,1
AILPCGGYTY,1
AISPGGVYTY,1
AIGACGDLTY,1
AIRWYGVESY,1
AISEYDYGTY,1
AISMWGGKTY,1
AIEPFGSRTY,1
AISPWGEYTY,1
AISRVGSDTY,1
AISEYGWDTY,1
AITEYGYAIY,1
SIGPPGEYTY,1
AIYPYGGCTY,1
AIGEYGSYTY,1
AITPFGSTTN,1
AISPYCQYTY,1
AIAPLGYTTY,1
AISPKGFRTY,1
AIAPFCWSTY,1
AIDPFGAYTY,1
AIYPFGLRTY,1
AIRWNGSSTN,1
AIVPYGLYTY,1
AILPYCGYTY,1
AIRLFGSSTY,1
AILPYGRLTY,1
AITPFGDHTY,1
AIAPYGKLTY,1
AIDPFGDYTY,1
AISPYGQNTY,1
AITYKGGSTF,1
AIPPYGRYTY,1
AISPGGQGTY,1
AIGPSGSSTY,1
AIAPFCYSTY,1
AIKPNGRYTY,1
AIGPYGSYIY,1
AIYPYGNITY,1
AISPEGGCTY,1
AIRLMGGSTY,1
AIRWAGNNTY,1
AIRYGGGSTY,1
AITPRGGQTY,1
AISSFGDITY,1
EIAPFGQNTY,1
AINENGSYTY,1
AIFPYGSFTY,1
AIRPTGGRTY,1
AIAPCGISTY,1
AIIPLGRYTY,1
AIKMWGCSTY,1
AIHLFGYGTY,1
AIIPYGSKTY,1
VISPFGNSTY,1
AIVPYGYSTY,1
AICMLGGSTY,1
AINPFGLETY,1
AISTYGYYTY,1
AIRWHGVATY,1
AIRPAGYLTY,1
SIRCNGVETY,1
AISPLGRSTY,1
AILPYGHYTY,1
AIRSNGVDTY,1
AIRWNGVSNY,1
RIMMRGGSTY,1
AIRLSGNLTY,1
VIRLNGVETY,1
TISPSGYNTY,1
AIRRNGSATH,1
AIAPFGWGTY,1
AINPYGQYTY,1
AIAPFCISTY,1
AIAPSGSKTY,1
PIGPFGWSTY,1
AIRWNGNYAY,1
SISPFGGRTY,1
AIRPQGKYTY,1
AIYPLGIGTY,1
AIRPSGRRTY,1
AINYTGYSTY,1
AISPRGDLTH,1
AIGWDGEYPY,1
AISPKGYHTY,1
VISPYGQYTY,1
AIAPWGRLTY,1
AIAPYGTYTY,1
AIRWNGSSNY,1
AIDEYGYYTY,1
EIRWNGSYTY,1
SIGLRGNDTY,1
AIRWDGYETY,1
AISPDGRQTY,1
AIGPFGKSTY,1
AITPFGVGTY,1
AISDFGLYTY,1
AIRPYGLRTY,1
AINFMGYSTY,1
AISEFGYYTY,1
TISPRGGWTY,1
AISQFGDSTY,1
SIRWYGVSTY,1
AIKPFGQGTY,1
RDNLMGGSTY,1
AINWSGSRTH,1
AIGYDGSYTY,1
AISPWGHRTY,1
AIRWNGLSTH,1
AISPNCEWTY,1
AIIPFGDYTY,1
AIRWNCNYTY,1
AISPFGESAY,1
AISPLGKTTY,1
AIAPFGRNTH,1
AISPWGWSTY,1
AIRPFGNNTY,1
AIGPYGDFTY,1
AIVYCGGSTY,1
AIRWNGDEIY,1
AIRRNGVATY,1
AIGPFGIHTY,1
AISPPGYRTY,1
AIVPFGEYTY,1
AIPPYGLDTY,1
AISQYGYGTY,1
AITPRGEGTY,1
AIRPDGFYTY,1
AIAPFGCKTY,1
EIRWNGLDTY,1
AIRWYGSATY,1
AIRPYGAYTY,1
AILPFGLETY,1
AIRGNGVSTY,1
ARRWNGSATY,1
AITPVGYSTY,1
AIGPFGGDTY,1
AIAPYGKFTY,1
AIRSYGVSTY,1
AIGPFGKLTY,1
RDKPVWCLTY,1
AITPFGLSTY,1
AISHDGIRTY,1
AISPRGCKTY,1
AITPYGQNTY,1
AISQTGLNTY,1
AITPFGHRTY,1
AISTFGLTTY,1
AIRWNGDETF,1
AIRPGGGYTY,1
AITPFGSRTY,1
TISPFGYATY,1
AILMQGGSTY,1
AISPWGGLTY,1
TISPFGDWTY,1
SISPGGTYTY,1
AISPFGRYTF,1
SIRWNCVETY,1
AILPYGIHTY,1
AIQPYGNYTY,1
ALYYMGGSTY,1
AISWDGSHTY,1
AIRFVGYETY,1
AIRWNGSCTY,1
AIQPYGWRTY,1
AIRWNGVNTY,1
AIIPYGGSTY,1
AILSYGGWTY,1
AILPYGAKTY,1
AILWNCLDTY,1
AILPYVYKTY,1
AIIPGGGHTY,1
AITDIGYYTY,1
AISQWGGWTY,1
AIDPFGYSTY,1
AISPFGLGSY,1
AISPFSYSTY,1
AIRLGGSYTY,1
EIRWNGSATY,1
AISDPGYYTY,1
TISEYGYSTY,1
AIAPWGNFTY,1
AISPRGDHTY,1
AIAPYGYNTY,1
AIRMWSGSTY,1
AIAPFGRATY,1
AITPTGSYTY,1
AISDNCLKTY,1
AITPNGSYTY,1
AIGEYGYGTY,1
AIRWNGLDTD,1
AIKPYGGVTY,1
AIAPFGKTTY,1
AIYPFGNGTY,1
AIDPFGVYTY,1
RIKPYGSYTY,1
AIKPSGESTY,1
AIAQFGASTY,1
SIAPFGHKTY,1
AITPYGWRTY,1
AISPRGYATY,1
AISPIGHGTY,1
AIGPFGFHTY,1
AIGPEGARTY,1
AITQYGQETY,1
AILPFGFSTY,1
AINWNGVETY,1
AILPSGGWTY,1
AISDYGERTY,1
AIRPYGVETY,1
AIRPSGYYTY,1
AILWNCVETY,1
AINPFGARTY,1
AIGDYGRYTY,1
AISEYGYETY,1
AIQPGGGHTY,1
AINPYCNATY,1
AIAPYGATTY,1
AIGPYGGQTY,1
AIGDYGQYTY,1
AISPWCGWTY,1
AIAPVGYTTY,1
AISVNGTTTY,1
AIRPFGAITY,1
AIRWYGVATY,1
AIKCNGRYTY,1
AIRPYGYYTY,1
AILPYGGLTY,1
VISPYGDYTY,1
AIQWYGGVTY,1
AIQWDGYATY,1
AISQFGDQTY,1
AIALYGEYTY,1
AILPYGKTTY,1
AINPTGYSTY,1
AISQNGYTTY,1
AIRWDGFETY,1
AIYPFGKYTY,1
RISPFGGSTY,1
AISPLGYGTY,1
AILPYGTLTY,1
RISPAGWSTY,1
AIRLNGDYTY,1
AITPFGYETY,1
AIRWNGNATY,1
AIAPPGLYTY,1
AIGPIGKVTY,1
AISPYGDCTY,1
AINPTGYNTY,1
AISPLCSSTY,1
AISPYGYFTY,1
AIAPIGYSTY,1
AIRWTGYSTY,1
AIRWNGEKTY,1
AISPYGELTY,1
TISPFGSYTY,1
AISYRGHYTY,1
AITPLGSYTY,1
AIRWDGGYTY,1
AITTYGGSTY,1
SISEYGYATY,1
AIRWNCFYTY,1
AISPLGSHTY,1
AISQYGNYTY,1
AIRPFGHFTY,1
AISPAGYHTY,1
AIRWYGSSTY,1
AICYMCGSTY,1
AISPAGLDTY,1
AIDTFGNYTY,1
AINPYGRKTY,1
AIHPRGGYTY,1
AIIPFGNRTY,1
AIGWDVGYTY,1
AIRPSGLYTY,1
AIGPLGNGTY,1
AIDVYGQTTY,1
AISPIGGVTY,1
AIRWNGANTY,1
AIGPFGQYTY,1
AISPRGKQTY,1
AICPRGEATY,1
AISPFGHHTY,1
AICMRCGSTY,1
AIRSFGGRTY,1
AIYPYGSNTY,1
VIRWNGDYTY,1
AISQRGNWTY,1
AISPHGSSTY,1
AINSYGSYTY,1
RIKYKGGSTY,1
PIRWNGFYTY,1
AIAPWGGYTY,1
AINTYGSYTY,1
AIRPFGGSTY,1
AISPYGCYTY,1
AISEYGSKTY,1
AITPFGQYTY,1
AITPFGVSTY,1
AILWDGFATY,1
AIVPYGRHTY,1
AINPYGGSTY,1
AIRRNGSATY,1
AISANGAYTY,1
AIRPYGIHTY,1
AIRWNGDETC,1
AIASYGKYTY,1
AISYRGNSTY,1
AIKLFGKRTY,1
AIAPWGCLTY,1
AISSDGKVTY,1
AIAPFCYTTY,1
RISPYGKYTY,1
AITYSSGSTY,1
AIMYMCGSTY,1
AIRPFGAHTY,1
AISPYGQRTY,1
AISPFCGDTY,1
AISEYGERTY,1
VIMYYGGSTY,1
AIRPRGGSTY,1
AIRPRGDTTY,1
AIQMLGGSTY,1
AITPIGWKTY,1
AISPFVIGTY,1
AIKVYGNRTY,1
AITPYGYYTY,1
AXRWNGVETY,1
AILPSGRSTY,1
AIGPNGYRTY,1
AIKWNSYYTY,1
AIDPYCDVTY,1
AISPFGIRTH,1
AIMYGGGSTY,1
AITPYGDYTY,1
AIGPLGINTY,1
AISPIGRVTY,1
AIQFMGGSTY,1
AILWRGGGTY,1
AIKPYGYYTY,1
AIVPYGYRTY,1
AIRPKGYSTY,1
AVGWDGGYTY,1
AIQPYGRFTY,1
AITPLGYSTY,1
AIRWTGVSTY,1
AIRRNGSSTY,1
AINPYGNFTY,1
AIRPNGNGTY,1
AIRYFGGRTY,1
AISPFGAHTY,1
AIRWDGSFTY,1
VIRWNGSSTY,1
AISPLGFPTY,1
AIDLYGNHTY,1
AIAPFGCNTY,1
AISPIGYDTY,1
AIRLDGYATY,1
AIRYNSGSTY,1
AIAPFCLGTY,1
AISPIGWWTY,1
AIRLFGAETY,1
AIGWVGEYTY,1
AIRWNDDYTY,1
AIADYGYYTY,1
AISPDGKVAY,1
AIKPFGGETY,1
AISKYGYSTY,1
AIRPSGGYTY,1
AIGTFGSYTY,1
AIAPFGGNTY,1
PISPFGSNTY,1
AIIEYGWGTY,1
AIRPMGGSTY,1
AIDPFGYRTY,1
AISPFGLPTY,1
AIAYMGGSTH,1
AIAPFGMKTY,1
AILMWDGSTY,1
AINWRGYHTY,1
AIGWDGEYTF,1
RDKPAWWLYL,1
AIDAYGHYTY,1
AIRMQGGSTD,1
AIRRIGIETY,1
AISPNCYTTY,1
AIGEYGYSTY,1
AIRWDSYATY,1
AIVYSGGSTY,1
AISTAGNYTY,1
SIAPYGGYTY,1
AISPSGGKTY,1
AISEYGQYTY,1
VIAPLGHSTY,1
AIRPIGRGTY,1
AIDYLGGSTY,1
AISPNGYHTY,1
AISPFGLLTY,1
AISPWGVSTY,1
AIAWDGEYTY,1
AISPVGNYTY,1
AIGDYGEYTY,1
AIKPNGVYTY,1
AIRFIGAYTY,1
AIAMWGRSTY,1
AIKWGGVRTY,1
AIRWNGLDNY,1
AIGMWGSSTY,1
AIRWSGFYTY,1
AILPYGFRTY,1
AIGPFGNSTY,1
AISGYGNYTY,1
AIQPFGAGTY,1
AIPYTGGSTY,1
AIRPYGSFTY,1
AIAPNGLSTY,1
AIHPLGWGTY,1
VISPFGDHTY,1
AIDDYCRYTY,1
AIRNGGGWTY,1
SISPDGSKTY,1
AINPAGNYTY,1
AIKPFCQGTY,1
AIAPFGVTTY,1
ALAPFGHKTY,1
AIQYVGFSTY,1
AIYPFGHKTY,1
AISPNCEYTY,1
AIGPYGKHTY,1
AIRPFGGWTY,1
AIGPNGEWTY,1
AISPRGNSTY,1
AIKPYGQYTY,1
AIRWNGVEIH,1
TIRWYGVETY,1
AIRVYGSSTY,1
AILFMGGSTH,1
AINEYGYGTY,1
VIRPFGSSTY,1
AIAPFGKDTY,1
AIRRNGIYTY,1
AIRSNGDETY,1
VIAPFGLSTY,1
AIQPYGRYTY,1
AISPYGWTTY,1
AIVPGGGYTY,1
AIAKNGSYTY,1
AINWNDKYTY,1
AIRRNGDETY,1
TIKWNGYYTY,1
PISPFGHHTY,1
ARRWNGDETD,1
AIRWNGVKTD,1
AIRGNGGETD,1
AIRWTGVEPA,1
ALRWTGVEPA,1
AISPWGDKTY,1
ALRWNGVEPT,1
AINRSGSRTY,1
AIRMWGRSTY,1
ARRWNGVETA,1
AIRPWGSLTY,1
ARRWNGVETD,1
ARRGNGGETA,1
ARRGNGVETD,1
ARRWNGGETD,1
ARRGTGGDTA,1
AIRWNVVSTY,1
AIYPYGSFTY,1
AIRCNCVETY,1
ARRGNGGETY,1
ARRGNGGETE,1
AIEPFGSYTY,1
AIGWDGEYNY,1
AISSYGAYTY,1
AIRLNGNYTY,1
AIVPFGSWTY,1
ARRWNGVDTY,1
AIQYTGGSTY,1
AIRPYGYKTY,1
AIAPFGRKTH,1
AIADYGRYTY,1
AIYPIGSSTY,1
AILPYGSNTY,1
AISPAGYNTY,1
RISPYGNYTY,1
ARRWTGVDPA,1
ARRWTGVATE,1
ARNWSGSRTE,1
AIKPFGEETY,1
