Count_CDR2,count
AIRWNGVETY,926838
AISEYGYATY,255028
AISEYGYGTY,92422
AITEYGYATY,81915
AIRWNGVSTY,59107
AIRWNGDETY,40019
AISEYGWGTY,28958
AISPYGEYTY,25190
AIGWDGEYTY,25152
AIAPFGGYTY,18579
AIAPFGEYTY,17053
AIAPYGEYTY,14788
AIAPFGLSTY,14503
AISPFGYSTY,12208
AIRWNGSATY,12051
AIGWDGGYTY,11796
AIRWNGDYTY,8988
AIAPWGSFTY,8345
AIAPFGQNTY,8171
AIRWNGGSTY,7360
AIAPFGYSTY,6468
AIAPFGYQTY,6282
AIAPFGISTY,6105
AISPLGYSTY,5601
AISEYGYSTY,4302
AIAPFGSHTY,4031
AIEYYGGSTY,3631
AIRWNGLDTY,3438
AISPWGNYTY,3342
AIKWNGYYTY,3317
AITFWGGSTY,3216
AIRWNGSFTY,2486
AIAPFGASTY,2460
AIPYMGGSTY,1977
AISPFGFSTY,1957
AIVMWGGSTY,1802
AISPFGGYTY,1675
AISDYGDWTY,1649
AIRWNGSSTY,1603
AISEFGWNTY,1542
AIAPFGWSTY,1492
AIRCNGVETY,1462
AIAPFGSYTY,1385
AIAMWGGSTY,1340
AISPFGASTY,1293
AIAPFGYHTY,1224
AISPFGDSTY,1196
AINWSGSRTY,1107
AIAPFGYNTY,1048
AILWNGVETY,1029
AIAPFGKSTY,896
AISPYGGYTY,890
AISPFGYATY,890
AINWNGKYTY,870
AIRWSGNQTY,865
AISPYGSHTY,850
AIRWNGRYTY,845
AIAPLGHSTY,791
AIAPYGSYTY,771
AIRWNCVETY,757
AIAPFGLTTY,751
AISEFGGYTY,746
AIRWDGYATY,733
AISPFGYGTY,721
AIRLNGVETY,714
AISPYGSYTY,712
AINWNGKSTY,711
AISPFGIGTY,672
AISPFGYNTY,668
AIRWDGFATY,648
AIRWNGFYTY,611
AISPYGYYTY,596
AIAYMGGSTY,588
AIAPYGGYTY,584
AISPYGNYTY,580
AISPYGRYTY,571
AISEYGFYTY,540
AISPFGKSTY,513
AISPYGDYTY,511
AISEYGSYTY,500
AISPWGGYTY,497
AISEYGYVTY,493
AIRWNGNYTY,471
AIAPFGGQTY,470
AIRMWGGSTY,448
AIRWNGSYTY,433
AIAPFGKYTY,430
AISPFGENTY,429
AISPFGISTY,429
AISPYGDWTY,426
AIAPFGRTTY,423
AIVMRGGSTY,415
AISPFGQGTY,414
AIAPLGISTY,409
TIRWNGVETY,406
AIRPFGLETY,394
AIQWNGVETY,392
AIRWNGVESY,385
AIDPYGLYTY,359
AISEYCYATY,345
AISPFGDHTY,345
AIAPFGRNTY,332
AISPYGKYTY,331
AISPFGNYTY,331
AIAPFGSWTY,328
AIAYYGGSTY,321
AIRWNGHSTY,311
AISPWGYATY,298
SIRWNGVETY,295
AISPFGGWTY,289
AISPFGYRTY,286
AIRWNGIYTY,280
AISEWGYRTY,275
AIRWNGVETH,274
AISPFGSYTY,273
AISWDGSYTY,269
AISDYGLGTY,269
AIRWNGDATY,265
AISPFGRYTY,259
AIAYVGGSTY,248
AISPFGYQTY,246
AIMMWGGSTY,237
AIPMWGGSTY,236
AIAPFGQYTY,235
AISPYGYSTY,226
AISPFGDYTY,222
AITMWGGSTY,220
AISPFGFNTY,219
AISPFGSSTY,212
AIAPFGGTTY,205
AIGPYGSYTY,203
AIAPFGLQTY,203
AISPLVGSTY,200
AIRWAGDYTY,199
AISPFGGFTY,199
AINYNGYRTY,191
AISPYGAYTY,190
AISPFGSHTY,190
AIGPFGNGTY,189
AISPWGGWTY,189
AISPLGGSTY,188
AINWNGGSTY,187
AISPFGLSTY,185
AITPYGEYTY,180
AISPDGSGTY,180
AIKIDGKTTY,179
AIIYMGGSTY,170
AISPFGEYTY,169
AIRWAGDNTY,169
AIGPFGWSTY,167
AISPFGKYTY,166
AIAPFGHGTY,165
AIDMWGGSTY,162
AISPFGGRTY,162
AISMWGGSTY,157
AISPYGEITY,156
AISPGGDHTY,155
AISPIGYGTY,154
TISEYGYATY,153
AIAPFGYTTY,152
AMRWNGVETY,151
AIRWNGMETY,151
AISPFGNSTY,151
AIIMWGGSTY,150
VIRWNGVETY,148
AISPFGHSTY,148
AISPRGEATY,148
AISPYGYRTY,145
AILYMGGSTY,144
AITEYGYVTY,144
AISWDGNYTY,143
AIRWNGHYTY,142
AIRWYGVETY,139
AISPDGWTTY,138
AIIMRGGSTY,138
AICMWGGSTY,136
AIRWHGVETY,136
AIDPYGDVTY,135
AISPYGSRTY,135
AISPWGSTTY,134
AISPFGYTTY,133
AIVYMGGSTY,133
AICYMGGSTY,133
AINYMGGSTY,131
AISPEGSYTY,129
AISPDGYKTY,128
AILYVGGSTY,127
AISPYGQYTY,126
AIKWNGRYTY,126
AIQWNGSNTY,126
AIDDYGRYTY,125
AIMYMGGSTY,125
AISPFGNRTY,123
AIVYVGGSTY,121
AIAPWGSYTY,119
AISPNGEWTY,117
AISPFGDWTY,117
AISPDGSKTY,116
AILMWGGSTY,115
AISPFGEWTY,114
AISPFGYKTY,114
AISYMGGSTY,114
AINPYGNATY,112
AIGPQGYYTY,112
AISEYGGYTY,112
AIAPYGGITY,112
AISEAGYHTY,111
AIKWNGLYTY,110
AISPFGGTTY,110
AISPLGWQTY,110
AISPFGGNTY,109
AIRPFGGDTY,109
AITEYCYATY,109
AISPFGNNTY,108
AISPYGLRTY,108
AISEYGYYTY,107
AISPYGLYTY,105
AIRYMGGSTY,104
AIAPFGSSTY,104
AIPYKGFSTY,103
AISSFGDGTY,102
AISEYCYGTY,101
AISPFGGSTY,100
AISPYGGLTY,100
AISDYGYNTY,99
AISPYGTYTY,98
AIRWNSVETY,98
AISPFGRNTY,97
AISPDGYNTY,97
AISEYGYCTY,96
AIDPYGGYTY,96
AISPFGYETY,96
AISPFGNWTY,95
AIKMWGGSTY,94
AIQMWGGSTY,94
AIAPYGRYTY,94
AIIYVGGSTY,93
AIYPYGEYTY,93
AISPYGGGTY,93
AISPDGYSTY,90
AISEYGSTTY,89
AISEYGEYTY,88
AISPLGGYTY,88
AIRCNGVSTY,88
AISPFGYHTY,86
AIRYNGGSTY,86
AIRWDGVETY,85
AIGPDGKYTY,85
AIAPFGGRTY,85
AISPYGEWTY,85
AIRWNDVETY,85
AISPFGLTTY,85
AISYVGGSTY,85
AISPLGNSTY,84
AIRWNGVDTY,83
AIRWSGVETY,82
AIRWDGYYTY,82
AIRWNGVSSY,80
AIRYTGGSTY,80
AISEYGYATH,79
AISYYGGSTY,79
AISPYGGRTY,78
AISPFGLNTY,78
AIRWNGLSTY,78
AISPDGKVTY,77
AISPFGLGTY,76
AISPYGSKTY,76
AISPYGNRTY,76
AIGPLGYSTY,75
AIKTFGGYTY,75
AINHRGDSTY,75
AIRWNVVETY,74
AIRPFGYHTY,73
AISPFGDQTY,72
AISPYGDRTY,72
AISPRGDWTY,72
AIQYMGGSTY,72
AIAPFGQFTY,72
AIDPYGRYTY,71
AISPFGSRTY,71
AITPYGGYTY,71
AISPYGDFTY,71
AIGPFGDWTY,70
AISPAGNYTY,69
AISPFGRSTY,69
AISPFGEITY,69
TISEYGYGTY,68
AISPDGSYTY,68
AISSYGNSTY,67
AISPDGAVTY,67
AISPFGQNTY,67
AINPYGRRTY,66
AIRWDGEYTY,66
AISPFGSNTY,66
AISPFGDRTY,66
AISPFGGLTY,65
AISPFGLETY,65
AITPFGDQTY,65
AISPFGLRTY,65
AISPFGSQTY,65
AIGPFGDYTY,65
TITEYGYATY,65
AISPFGSTTY,64
AISPFGDKTY,64
AISEYGYETY,64
AISEYGYDTY,64
AISPYGEETY,63
AISPNGYSTY,63
AISEYGEWTY,63
AIIYSGGSTY,63
AIRPFGYNTY,63
AIAPFGYKTY,62
AIDEYGRYTY,62
AISPWGGHTY,62
AISDYGDYTY,62
AISPNGLDTY,62
AISDYGEWTY,62
AISPGGGTTY,62
AICYKGGSTY,62
AISPNGKRTY,61
AIREYGYATY,61
AISPDGNLTY,61
AISPYGYNTY,60
AIRPYGYNTY,60
AINYYGGSTY,60
AITPDGNYTY,60
AIAPFGYRTY,60
AISPNGKWTY,60
AIMYNGGSTY,60
AIGYMGGSTY,60
AIDYMGGSTY,60
AISPFGRTTY,59
AITYMGGSTY,59
AIRYAGDFTY,59
AILWNGVSTY,58
AIPYWGGSTY,58
AIAPYGEWTY,58
AIRLNGVSTY,58
AISDNGLKTY,58
AISANGLKTY,57
AIRWNGLETY,57
AIRRNGVETY,57
SISEYGYATY,57
AISPSGKSTY,57
AISPNGDSTY,57
AISPFGGDTY,56
AIAPWGGRTY,56
AITEYGYYTY,56
AISPFGQYTY,56
AISPNGSYTY,55
AISPFGNQTY,55
AISPSGSRTY,55
AISPDGKTTY,55
AIGPYGYTTY,55
AILPYGGYTY,55
AIGMWGGSTY,55
AIAPFGHKTY,54
EIRWNGVETY,54
AISPYGDSTY,54
AISPRGDLTY,54
AISPGGLYTY,54
AIRWNGYETY,53
AIAPFGLRTY,53
AISPTGSYTY,53
AISPYGGWTY,53
AISPLGDWTY,53
AISPNGYTTY,52
AIRYNGIYTY,52
AISPNGFYTY,51
AIAPFGHWTY,51
AIRWNGAETY,51
AISPYGERTY,51
AILPSGGYTY,51
AIRCNGDETY,51
AISPYGDKTY,50
AIIYKGGSTY,50
AISPYGFNTY,50
AIMYVGGSTY,50
AISPFGDLTY,49
AISPFGRATY,49
AINPYGGYTY,49
AISPRGNETY,49
AIDPYGSYTY,48
AIRWKGVETY,48
AINSRGDRTY,48
AISPSGKNTY,48
AISPRGNWTY,48
AIDVYGQNTY,48
AIAPFGWHTY,48
AIRWNGVEIY,48
AIFPYGSFTY,47
AIVPYGRRTY,47
AISPGGGWTY,47
AISYKGGSTY,47
AIDPYGYYTY,47
AISPNGTNTY,47
AISPFGSFTY,47
AIAPFGNLTY,46
AISPFGRRTY,46
AIGEYGYATY,46
AISPFGDVTY,46
AITPYGSYTY,46
AISPYGHYTY,46
AMSEYGYATY,46
AISPGGEVTY,45
VISEYGYATY,45
AISDYGEYTY,45
AISPSGGQTY,45
AITPYGKYTY,45
AIRPFGWSTY,45
AISPFGINTY,45
AISPFGLQTY,45
AISPLGNKTY,45
AIYYMGGSTY,44
AIAPYGDWTY,44
AIGPPGEYTY,44
AINMWGGSTY,44
AISPFGLDTY,44
AISSYGRYTY,44
AISPFGDNTY,44
AISPLGYQTY,44
AISPNGYRTY,43
AIQYVGGSTY,43
AIRWNCVSTY,43
AISECGYATY,43
AISPFGEVTY,43
AISYTGGSTY,42
AISPFGRFTY,42
AISDYGLTTY,42
AIDYYGGSTY,42
AIRMHGGSTY,42
AIAPYGKYTY,42
AISPFGHVTY,42
AIRWNGVKTY,41
AISAYGYATY,41
AISPNGYNTY,41
AISPGGGVTY,41
AIGPFGDSTY,41
AISPYGDQTY,41
AIGPFGRSTY,41
AISEYGTYTY,41
AIGPYGSWTY,41
AISPYGNLTY,41
AISPFGGITY,40
AISPRGDYTY,40
AISPFGLKTY,40
AISEYGDLTY,40
AISPFGFDTY,40
AISYSGGSTY,40
SIRWNGDETY,40
AISPFGKLTY,40
AISPNGDYTY,40
AISEYCWGTY,40
AISPDGSRTY,39
AISPFGQETY,39
AISHRGDRTY,39
AISYDGSYTY,39
AISPFGQRTY,38
AISPYGNSTY,38
AITPFGEYTY,38
AIDPFGNYTY,38
AIRWNGVATY,38
AISPYGIRTY,38
AISPNGRYTY,38
AISPYGKFTY,38
AISPLGDSTY,38
AISPYGSWTY,38
AIRWNGVETC,38
AISDYGYYTY,37
AISPYGGETY,37
AIGPFGSSTY,37
AIAPFGNYTY,37
AISPYGSFTY,37
AISPRGGGTY,37
AICYVGGSTY,37
AILWNGDETY,36
AISPFGRQTY,36
AIYPYGLNTY,36
AINSFGGRTY,36
AIGPFGSGTY,36
AINPYGSYTY,36
AISPGGGYTY,36
AIGPFGGYTY,36
AISDYGRYTY,36
AIFPDGRTTY,36
AISPWGLGTY,36
AIRYVGGSTY,35
AISPSGSLTY,35
AIDPYGDRTY,35
AISPFGQKTY,35
AIFYMGGSTY,35
AISPFGSLTY,35
AISPSGSYTY,35
AISPFGSWTY,34
AIKYMGGSTY,34
AISPFGAYTY,34
AISPDGRETY,34
AISPRGDRTY,34
AINYVGGSTY,34
AISPYGKITY,34
AISEYGGKTY,34
AISPWGYHTY,34
AISPFGGETY,34
AIYPYGGYTH,34
AISPYGTRTY,34
AIRLNGDETY,34
AITYKGGSTY,34
AITPFGEITY,34
AIAYAGGSTY,34
AIRYKGGSTY,34
AINPYGRYTY,33
AISDYGNYTY,33
AIRWNGVETN,33
AIEYMGGSTY,33
AISPFGNDTY,33
AISPFGGHTY,33
AISPFGGATY,33
AIRPFGHSTY,33
AISPFGFTTY,33
AISPYGEKTY,33
AINENGSHTY,32
AISPLGDQTY,32
AIQPYGWRTY,32
AISPSGDHTY,32
AIYPFGGGTY,32
AIGWDCEYTY,32
AINPFGDRTY,32
AISPAGNTTY,32
AISPFGNLTY,32
AILYKGGSTY,32
AIDDYGRSTY,32
AISPSGDATY,31
AITPYGRYTY,31
AILPYGRYTY,31
AISPFGRHTY,31
AISPYGDLTY,31
AISPFGSKTY,31
AISPNGGYTY,31
AISPYGGSTY,31
AIAPFGRRTY,31
AISPYGGATY,31
AIIEYGYATY,31
AIRSFGGETY,31
AIAPFGDSTY,30
AIRWNGYYTY,30
AISPFGHYTY,30
AISPGGGKTY,30
AIRWGGSYTY,30
AISPFGSGTY,30
AITPFGSYTY,30
AISPYGEHTY,30
AIGPFGDRTY,30
AIRSFGGHTY,29
AIKWNGDYTY,29
AIIYNGGSTY,29
AIGPFGRGTY,29
AISPVGLGTY,29
AISSYGDYTY,29
AISEYGCGTY,29
AISPNGKHTY,29
AISPGGNVTY,29
AIAPIGYGTY,29
AISDNGHITY,29
AISPFGRETY,29
AIMMRGGSTY,29
AIRWAGEYTY,28
AIAPDGYFTY,28
AISPFGNETY,28
AIGPYGLYTY,28
AIRPWGGSTY,28
AISPYGGQTY,28
AIDPYGNYTY,28
AISPFGELTY,28
AISPFGERTY,28
AILYYGGSTY,28
AISEYGWDTY,28
AISPYGNVTY,28
AISPFGLHTY,28
AINPYGKYTY,28
AISHNGGSTY,28
AISPDGYLTY,28
AISPNGQGTY,28
AISPRGQYTY,28
AITPGGRSTY,28
AISPYGTFTY,28
AIDPYGTYTY,28
AISPDGRYTY,27
AISPFGTSTY,27
AIDPFGGYTY,27
AISPYGESTY,27
AISPFGNITY,27
AIAPFGKNTY,27
AIRWNCDETY,27
AISPFGEFTY,27
AINEYGYATY,27
AISSYGGYTY,27
AIGPYGRTTY,26
AISPWGDLTY,26
AIGPYGWTTY,26
AIPYVGGSTY,26
AITPFGGYTY,26
AILPYGDITY,26
AIGPYGNYTY,26
AISPFGNTTY,26
AISPNGYETY,26
AISPLGSYTY,26
AIEFRGGNTY,26
AIGWYGEYTY,26
AISPWGYETY,26
AIAPFGIRTY,26
AIGPFGNTTY,26
AISPYGSETY,26
AISPSGSITY,26
AITPWGSYTY,26
AISPYGLTTY,26
AISPNGNYTY,26
AITPFGYSTY,26
AISPDGNNTY,26
AISDYGYRTY,26
AISPSGNLTY,26
AISPFGRVTY,25
AISPNGLSTY,25
AISPFGQTTY,25
AISPFGDATY,25
AISEYGAYTY,25
AIAPRGGFTY,25
AISPSGKRTY,25
AIAPFGNSTY,25
AITPFGLETY,25
AINFMGGSTY,25
AIAPNGIHTY,25
AISPNGQWTY,25
AIAPFGGWTY,25
AISPYGSLTY,25
AITKYGYATY,25
AIKYVGGSTY,25
AISEYGKYTY,25
AISPGGYLTY,25
AIGPFGSYTY,25
AISEYGLYTY,25
AISPFGNATY,25
AIGPYGQYTY,24
AIRWNGVETD,24
AISPYGSSTY,24
AISPNGEYTY,24
AIDPYGNSTY,24
AISDFGNYTY,24
AIRYSGGSTY,24
AIAPFGMSTY,24
AISPIGGKTY,24
AIAPYGGRTY,24
AIGPFGSLTY,24
AISPYGKRTY,24
AISPRGNRTY,24
AISPYGNFTY,24
AISDYGTRTY,24
AITEYGYETY,24
AIVYTGGSTY,24
AISPSGYLTY,24
AISPLGTYTY,24
AIAYKGGSTY,24
AISDYGELTY,24
AISEYGWCTY,24
AISKYGYATY,24
AISPNGKYTY,24
AIRWNGVENY,24
AIRWNGDYSY,24
AIDPYGFYTY,24
AISPDGYWTY,24
AIREYGYGTY,23
AITEYGYATH,23
AIVYKGGSTY,23
SISEYGYGTY,23
AIRLWGGSTY,23
AITPYGNYTY,23
AISPFGNFTY,23
AIFPYGGYTY,23
AIDPYGAYTY,23
AISPYGQWTY,23
AIGPFGNYTY,23
AISPKGDGTY,23
AIFPYGSYTY,23
AISPDGYFTY,23
AILPYGSYTY,23
AISPGGQYTY,23
AIGPNGETTY,23
AISPFGKHTY,23
AISPFGARTY,23
AISPWGYRTY,23
AISEYVYATY,23
TIRWNGVSTY,23
AISPGGAYTY,23
AITYYGGSTY,22
AISPFGTNTY,22
AIRWNGIATY,22
AIRWNGVETS,22
AISPWGSHTY,22
AISPFGTDTY,22
AISPNGKSTY,22
AIRWKGSGTY,22
AITPFGNFTY,22
AISPRGGWTY,22
AIGPFGGRTY,22
AINPFGGYTY,22
AIRPWGYQTY,22
AISDYGSYTY,22
AIDPYGSKTY,22
AISPSGGYTY,22
AIDEYGDFTY,22
AIRYYGGSTY,22
AIGPFGLGTY,22
AISSYGYRTY,22
AISPYGDNTY,22
AIETFGGRTY,22
AISPFGKDTY,21
AISPFGRITY,21
AIMYYGGSTY,21
AIVPTGNRTY,21
AISEYGNYTY,21
AISPFGFKTY,21
AITPFGDLTY,21
AISPFGANTY,21
AIFYYGGSTY,21
AIGCDGEYTY,21
AIMPWGGSTY,21
AISPFGKATY,21
AISPYGYHTY,21
AISYNGGSTY,21
AIRPFGYRTY,21
AISPFGYDTY,21
AIGPYGITTY,21
AIGYVGGSTY,21
AINWRGSYTY,21
AISPNGYYTY,21
AISPFGRGTY,21
AIRYAGYYTY,21
AISQYGEYTY,21
AITPFGRETY,20
AINYKGGSTY,20
AISPFGTYTY,20
AISPFGDGTY,20
AIAPFGNGTY,20
AITPFGYKTY,20
AINPYGRDTY,20
AIDPFGENTY,20
AISDNGSYTY,20
AIGPFGTRTY,20
AIAPFGDRTY,20
AIRPDGYETY,20
AIHYMGGSTY,20
AISEYGRFTY,20
AISPFGKETY,20
AISPNGYITY,20
AISPYGQSTY,20
AISPDGNTTY,20
AISPFGLATY,20
AISPYGNNTY,20
AISPNGYLTY,20
AISEYGYGTH,20
AIRPFGYSTY,20
AISPNGNITY,20
AISPFGWETY,20
AIVMWGGSTH,20
AIRAYGNYTY,20
AISPLGNWTY,20
AISWRGYHTY,19
AIIYYGGSTY,19
AIAPWGRRTY,19
AIAPFGRSTY,19
AISGTGNRTY,19
AINPYGTYTY,19
AITPFGKSTY,19
AIQPFGSNTY,19
AISYDGYSTY,19
AISPYGNKTY,19
AIAPFGCYTY,19
AIRWSGAYTY,19
AISPYCEYTY,19
AIRMGGGSTY,19
AIRYAGSYTY,19
AISPYGNWTY,19
AIRPFGYQTY,19
AISPNGLYTY,19
AIRTFGGDTY,19
AISPFGNKTY,19
AIVYNGGSTY,19
AIGPFGHTTY,19
AISPYGYGTY,19
AISPTGRYTY,19
AIKIDGKVTY,19
AINWRGYRTY,19
AISPGGKYTY,19
AIGPFGSQTY,19
AISPDGRWTY,19
AIKWNGSYTY,19
AISEYGYATN,19
AIRPDGYSTY,18
AIAPFCQNTY,18
AITPFGEFTY,18
TISPYGEYTY,18
AIRWNGDDTY,18
AIRWAGYSTY,18
AIDPYGEWTY,18
AIDWDGEYTY,18
AISPYGARTY,18
AISPFGEKTY,18
AISPRGQLTY,18
AISPLGDATY,18
AIYPYGGYTY,18
AIKYKGGSTY,18
AIGPFGEWTY,18
AITPFGYNTY,18
AIAPFGHNTY,18
AISPGGSWTY,18
AIAPWGDNTY,18
AIGPFGGSTY,18
AINPYGDSTY,18
AIAPNGNSTY,18
AISPFGQSTY,18
AISPDGQATY,18
AISPNGTRTY,18
AIRPFGSRTY,18
AIAPFGHQTY,18
AISPWGGKTY,18
AISPYGEFTY,18
AISPSGFDTY,18
AISPYGHLTY,18
AIFPYGQLTY,18
AIGLRGNDTY,18
AIAQFGGYTY,18
AIGPLGAITY,17
AIVPFGGYTY,17
AISPNGESTY,17
AIRPFGWDTY,17
AISPFGIQTY,17
AISPFGESTY,17
AISYRGDWTY,17
AIRHSGWGTY,17
AIAPFGNRTY,17
AIRPYGEYTY,17
AISPYGTKTY,17
AIDVYGKYTY,17
AISPAGYRTY,17
AITPFGAYTY,17
AIGPYGDYTY,17
AIDPYGKYTY,17
AIFPDGRQTY,17
AIAPYCEYTY,17
AIYPNGGGTY,17
AIAPFGTYTY,17
AISPGGSSTY,17
SITEYGYATY,17
AISPFGNGTY,17
AISPWGYGTY,17
AIAPFGQSTY,17
AIQWNGDETY,17
AISEYGYTTY,17
AIRMIGGSTY,17
AISSYGRRTY,17
AISPFGFETY,17
AISPYGDVTY,17
AISEYGIYTY,17
AISPFGIRTY,17
AISASGGRTY,17
AIGPFGYETY,17
AIQWNGVSTY,16
AISPYGAETY,16
AINWNGGYTY,16
AIDPFGKNTY,16
AINSFGNSTY,16
AISTNGGVTY,16
AISPLGRYTY,16
AIRWNSVSTY,16
AINWNGSYTY,16
AIAPFGLHTY,16
AISPFGSVTY,16
AITPVGGRTY,16
AISPTGKYTY,16
AIGPFGEYTY,16
AIIPYGNYTY,16
AIRCNGDYTY,16
AISPYGHRTY,16
TIRWNGDETY,16
AIFPYGAYTY,16
AIGPFGSRTY,16
AISPFGGGTY,16
AIRWNGVSTH,16
AIGLDGEYTY,16
AISPFGATTY,16
AIDWNGKYTY,16
AISWRGDRTY,16
AISPLGGWTY,16
AITYVGGSTY,16
AIAPGGKKTY,16
AISPYGGKTY,16
AISNNGSSTY,16
AIRFSGAYTY,16
AISPAGDHTY,16
AISPFGSATY,16
AIDSFGKYTY,16
AISPYGGDTY,16
AISPRGDVTY,16
AISEYGLGTY,16
AISPFGGVTY,16
AISSYGSYTY,16
AISEYGDVTY,16
AISDNGQYTY,15
AIRPNGYSTY,15
AIAPFGRKTY,15
AISPFGKRTY,15
AIRAFGGRTY,15
AIAPFCLSTY,15
VISEYGYGTY,15
AIGPFGGGTY,15
AILPYGTYTY,15
AICEYGYATY,15
AIGPSGNDTY,15
AISPYGWRTY,15
AISPRGHFTY,15
AIAPFGRQTY,15
AITEYGNYTY,15
AIAPYGLSTY,15
AISPNGTTTY,15
AISECGYGTY,15
AISPSGFNTY,15
AITPLGKSTY,15
AISPWGGFTY,15
AISPYGSITY,15
AIKWNGHYTY,15
AIQWNGGLTY,15
AISPFGGQTY,15
AIAPFCEYTY,15
AIFYKGGSTY,15
AICWDGEYTY,15
AIMYKGGSTY,15
AISPYGFTTY,15
AISPYGTWTY,15
AIRPFGYETY,15
AISPFGHWTY,15
AITPSGDRTY,15
AISPSGTYTY,15
AIGWDDEYTY,15
AISPFGWNTY,15
AITPFGNYTY,15
AIDSYGNYTY,15
AIRPWGNQTY,15
AICYTGGSTY,15
AIGYNGQLTY,15
AISPYGNITY,15
AISPGGLETY,15
AISPRGGYTY,15
AISPNGYDTY,15
AITPFGESTY,15
AISPSGTRTY,15
AIVPYGNYTY,15
AISPDGWYTY,15
AIGPFGEVTY,14
AIVFYGGSTY,14
VITEYGYATY,14
AIRWNGGETY,14
AISPEGARTY,14
AISDYGFYTY,14
AIEMRGGSTY,14
AIDPFGEYTY,14
AIRCNGGSTY,14
AIYPYGGGTY,14
AIGPYGRYTY,14
AMGWDGEYTY,14
AISPYGHHTY,14
AIAPRGNRTY,14
AILWNGSATY,14
AIDFMGGSTY,14
AILPYGSFTY,14
AIAPRGGYTY,14
AISAYGYGTY,14
AITPYGNGTY,14
AIGPFGGTTY,14
AIAPFGRGTY,14
AIGPVGGYTY,14
AISEYGRYTY,14
AISPNGHITY,14
AITEYGYSTY,14
TISEYGWGTY,14
AISPFCYSTY,14
AISPFGRLTY,14
AISPYGTTTY,14
AISPYGQLTY,14
AIAPFGYDTY,14
AIGPFGYNTY,14
AITPFGISTY,14
AILPNGGGTY,14
AIAPFGDFTY,14
AIDPYGNNTY,14
AIQPYGLRTY,14
AIAQFGLSTY,14
AIAPFGSNTY,14
AISPIGKETY,14
AITAYGYATY,14
AISPYGGITY,14
AISPFGVHTY,14
AIFPYGRYTY,14
AIAPFGYGTY,14
AIAPFGRYTY,14
AITYTGGSTY,14
AISPDGRKTY,14
AINPYGQITY,14
AIHWDGNTTY,14
AIDVYGYRTY,14
AISPYGQTTY,14
AIAPFGDYTY,13
AISEYGNFTY,13
AIGPFGNITY,13
AISPLGYYTY,13
AIHPYGEYTY,13
AMRWNGVSTY,13
AISPFGQATY,13
AICYNGGSTY,13
AISPYGVDTY,13
AILPYGDYTY,13
AISPIGSRTY,13
AISPSGRYTY,13
AISEYGRTTY,13
AIRLNGSATY,13
AIVPFGNYTY,13
AIQMRGGSTY,13
AITPYGGLTY,13
ATRWNGVETY,13
AIYPYGNYTY,13
AISPIGEVTY,13
AIRMSGGSTY,13
AISPYGWNTY,13
AILPYGKRTY,13
AISPFGTQTY,13
AIAPWGYRTY,13
AISEHGYATY,13
AIGPFGERTY,13
AILPYGDWTY,13
AISGHGLATY,13
SIRWNGVSTY,13
AITPFGGSTY,13
AISPGGSRTY,13
AIGPYGDVTY,13
AINPYGRITY,13
AISPIGGRTY,13
AISFYGGSTY,13
AISPDGNATY,13
AIRYAGDYTY,13
AINPYGNYTY,13
AIDYAGTETY,13
AISPRGNFTY,13
AIAPYGSHTY,13
AISPLGYATY,13
AIAPIGSRTY,13
AIQYYGGSTY,13
AIEPYGRYTY,13
AIAPFGITTY,13
AIDWGGRYTY,13
AISEYGYAAY,13
AISPNGQYTY,13
AISPGGQSTY,13
AIRPFGFSTY,13
AISPFGWRTY,13
AIRMNGGSTY,13
AIIEYGYGTY,13
AISKYGYGTY,13
AIRPYGKYTY,13
AISPFGIETY,13
AISPSGSTTY,13
AIGPDGDYTY,12
AIRYAGGSTY,12
AIIPFGGYTY,12
AIREYGWGTY,12
AITPFGNRTY,12
AISPYGGNTY,12
AISSTGGWTY,12
AIRPFGDVTY,12
AISMRGGSTY,12
AIAPSGGSTY,12
AIQYKGGSTY,12
AISPFGHQTY,12
AITPFGLHTY,12
AISPYGYKTY,12
AIRYAGWSTY,12
AIVPWGSFTY,12
AISPRGDFTY,12
AISEYSYATY,12
AISWRGKHTY,12
AISPGGTGTY,12
AIGYKGGSTY,12
AISGYGSYTY,12
AIHYKGGSTY,12
AISPSGNFTY,12
AICFMGGSTY,12
AIYPYGGQTY,12
AIAPYGGTTY,12
AIGPFGRTTY,12
AIGPYGLRTY,12
AISPSGLSTY,12
AIEYVGGSTY,12
AIAPFGARTY,12
AIGPNGSYTY,12
AICMRGGSTY,12
AISTYGEYTY,12
AIRCNGSATY,12
AISPYGVRTY,12
AILWNGDYTY,12
AISPYGNHTY,12
AISPFGFRTY,12
EISEYGYATY,12
AINEYGYGTY,12
AINWGGARTY,12
AIGPFGYQTY,12
AIKPFGGDTY,12
AIVPYGEYTY,12
AIRWNGDETH,12
AMSEYGYGTY,12
AISPFGSITY,12
AIKPDGSYTY,12
AIDYWGGSTY,12
AIRPYGTYTY,12
AISPAGDYTY,12
AITPFGVETY,12
AISPSGKKTY,12
AIGPVGDKTY,12
AILPYGSKTY,12
AIRWNGVQTY,12
AIRHRGGQTY,12
AIAPFGFRTY,12
AISDFGEKTY,11
AISPWGFKTY,11
AIAPYGAYTY,11
AIQGYGGITY,11
AIGEFGYYTY,11
AISYDGKYTY,11
AISPWGRHTY,11
AIGFMGGSTY,11
AIAPFGLNTY,11
AISPQGGQTY,11
AISENGYYTY,11
AIAQYGEYTY,11
AITPFGEWTY,11
AITPDGEYTY,11
AISPFGKNTY,11
AIRWNGGATY,11
AISPTGSNTY,11
AIRPFGYDTY,11
AITPYGHSTY,11
AISPGGRKTY,11
AISPRGDETY,11
AIMFYGGSTY,11
AISYDGKTTY,11
AIAPFGGKTY,11
AIAPNGSRTY,11
AISEYGYANY,11
AISPSGGSTY,11
AISERGNYTY,11
AIAPWGGYTY,11
AISEYGCATY,11
AISPLGQQTY,11
AINPFGGRTY,11
AITPFGHKTY,11
AINPYGEYTY,11
AISPSGTWTY,11
AISANGTTTY,11
AISPFGFQTY,11
AISPFGWKTY,11
AITEYGSYTY,11
AIRFAGTETY,11
AIGWDGGYSY,11
AIAPSGYKTY,11
AIRWAGWNTY,11
AIRPIGGETY,11
AISPGGGFTY,11
AITPFGFKTY,11
AIGPFGSFTY,11
AIRWNGVPTY,11
AIRLSGNWTY,11
AIPYKGGSTY,11
AILPYGYKTY,11
AIHPYGGDTY,11
AISPGGLRTY,11
AITPGGEYTY,11
AISPRGGSTY,11
AISPFGRKTY,11
AISPFGAQTY,11
AINPYGSWTY,11
AISPFGWSTY,11
AISEYGYAIY,11
AILPNGSQTY,11
AISEYGKFTY,11
AIAPFGDTTY,11
AIAPFGNHTY,11
AIRSNGVETY,11
AITPFGSSTY,11
AIRWNCSATY,11
AISPIGYKTY,11
AIRPFGNYTY,11
AISPTGHQTY,11
AISPYGTITY,10
AIRWNCDYTY,10
AISPYGHDTY,10
AISPFGETTY,10
AIMYMGGSTH,10
AIAPNGKYTY,10
AIRMKGGSTY,10
AIAPFGSDTY,10
AIGPRGDGTY,10
AITEYGHFTY,10
AITPDGYGTY,10
AISSRGGYTY,10
AIAPFGNNTY,10
AISGIGGKTY,10
AISPFGHKTY,10
AILPYGKKTY,10
AIAPEGNSTY,10
AIGPYGGYTY,10
AISEYDYATY,10
AITPFGNETY,10
AISPFGEQTY,10
AIAPFCISTY,10
AIAQFGEYTY,10
AITPFGTITY,10
AIGPFGHYTY,10
AIGEYGYGTY,10
AINPYGAYTY,10
AITPFGSLTY,10
AIGCDGGYTY,10
AIYPYGSGTY,10
AISPSGIKTY,10
AITPLGDNTY,10
AIDLYGNYTY,10
AISPVGGRTY,10
AIGPYGESTY,10
AISPVGYRTY,10
AIGPNGSLTY,10
AISPRGSGTY,10
AITPFGSGTY,10
AIRMEGGSTY,10
AISDYGYLTY,10
AIVPFGQNTY,10
AISPIGQWTY,10
AISPRGHWTY,10
AISTSGARTY,10
AISPFGVSTY,10
AIYPDGHKTY,10
AICMSGGSTY,10
AIIFYGGSTY,10
ARRWNGVETY,10
AISDYGYSTY,10
AIAPLGSFTY,10
AIGPFGSHTY,10
AIAPNGYRTY,10
AIRPRGGNTY,10
AIAPFGNVTY,10
AISSFGDNTY,10
AIIPYGSYTY,10
AISQFGYSTY,10
AIAPFGDQTY,10
AIGPFGNFTY,10
AIDDYGGRTY,10
AISPNGAYTY,10
AIRMRGGSTY,10
AINPYGDFTY,10
AISPGGHFTY,10
AIRSFGTRTY,10
AITEFGYATY,10
AISANGSYTY,10
AIAPFGETTY,10
AIAPYGNYTY,10
AIDTYGNYTY,10
AIAPFGYETY,10
AIGPFGSKTY,10
VIRWNGDETY,10
AIEFRGGQTY,10
AISYRGGKTY,10
AIRMAGGSTY,10
AISPNGGWTY,10
AIGPFGNNTY,10
AIGPYGSLTY,9
AISTSGGRTY,9
AIDPYGRATY,9
AITPYGRGTY,9
AISPNGGSTY,9
AISEYGWGTH,9
SISPFGGRTY,9
AISPRGNITY,9
AITECGYATY,9
AIGPFGGITY,9
AITDYGYYTY,9
AIRFSGLSTY,9
AIIPWGGSTY,9
AISPFGSDTY,9
AISPFGQITY,9
AILPYGGWTY,9
AIAPLGGYTY,9
AIGPFGDVTY,9
AIRLNGGSTY,9
AISPYGWPTY,9
AISPNGNWTY,9
AITPFGYQTY,9
AIAPFGKQTY,9
AISPLGNRTY,9
AISPGGFSTY,9
AISPIGHNTY,9
AIGPFGLTTY,9
AIVPFGGRTY,9
AISPGGYSTY,9
AISPYGTQTY,9
AISARGNWTY,9
AITPSGSGTY,9
AINPYGGDTY,9
AISPFGIKTY,9
AIGPFGRKTY,9
AILPNGYGTY,9
AISANGYTTY,9
AINQYGRYTY,9
AIRPFGQETY,9
AISPAGNVTY,9
AIGPHGRYTY,9
AIQPYGSRTY,9
AIYPLGDGTY,9
AISSTGGGTY,9
AISPGGNSTY,9
AISPDGYYTY,9
AITPFGERTY,9
AIKWNGVETY,9
AITPLGYKTY,9
AISPSGHDTY,9
AIRWNGSTTY,9
AIADFGYRTY,9
AISPFGSETY,9
AILPYGDLTY,9
AIVPFGGDTY,9
AIRYVGGYTY,9
AISGAGGKTY,9
AISPFGNHTY,9
AISPFGYYTY,9
AIGARGDLTY,9
AISPWGFRTY,9
AITPFGNSTY,9
AIRYLGGSTY,9
AIDSFGGWTY,9
AISANGLSTY,9
AIGPFGGLTY,9
AILPYGEFTY,9
AISPFGVETY,9
AISPRGEYTY,9
TISPFGYSTY,9
AINDYGDWTY,9
AITPGGLGTY,9
AISPGGTYTY,9
AIGPYGGNTY,9
TIRWNGSATY,9
AIGPYGGTTY,9
AIAPNGNRTY,9
AILMRGGSTY,9
AISPGGSITY,9
AIAPFGRLTY,9
AIEFRGNITY,9
AIYYKGGSTY,9
AIHPFGSGTY,9
TIAPFGEYTY,9
AIYPYGSYTY,9
AIRWRGGGTY,9
AISNRGDWTY,9
AINWNGERTY,9
AIGPFGGHTY,9
VISEYGWGTY,8
AIAPWGRSTY,8
AISPYGYTTY,8
AILPYGAYTY,8
AIAPFGGDTY,8
AIVPFGLSTY,8
AIYPYGDYTY,8
AISDYGKYTY,8
AISPYGHSTY,8
AILPYGTTTY,8
AISPWGAYTY,8
AISPYGISTY,8
AIRSFGGGTY,8
AISPFGVTTY,8
AISSYGEYTY,8
AISEYGQYTY,8
AIVYYGGSTY,8
AIRWNDVSTY,8
AITPFGYTTY,8
AMRWNGDETY,8
AIDDYGNYTY,8
AICYSGGSTY,8
AISDYGGYTY,8
AIDPFGVNTY,8
AISPWGTGTY,8
AIRWHGVSTY,8
AITEYGYTTY,8
AISHSGARTY,8
AINQYGRTTY,8
AISPFGKTTY,8
AIYYYGGSTY,8
AISPLGLSTY,8
AIRPFGDSTY,8
AISPVGNSTY,8
AISPFGHTTY,8
AISEYGTLTY,8
AITPFGSWTY,8
AISPSGGATY,8
AISPIGEATY,8
AILPFGSITY,8
AISPSGDRTY,8
AISPLGYTTY,8
AIRILGLGTY,8
AISEYGDYTY,8
AINPFGRSTY,8
AISNNGYRTY,8
AITPYGNFTY,8
AITPFGSETY,8
AISPAGQRTY,8
AISPSGFSTY,8
AIAPWGNYTY,8
AISYRGDVTY,8
AIDWDGGYTY,8
AILPNGGYTY,8
AIAPFGEYTH,8
AIDDYGEYTY,8
AISPSGNNTY,8
AISEYGARTY,8
AIGPFGDFTY,8
AIRPIGSSTY,8
AIGSYGVRTY,8
AIRPFGSETY,8
AIKPFGDRTY,8
AISARGEWTY,8
AISPRGDTTY,8
AISPNGYGTY,8
AISPYGRVTY,8
AIGPGGGGTY,8
AMRWNGSATY,8
AIVPFGDWTY,8
AIGPFGNVTY,8
AIDYKGGSTY,8
AIHPYGGYTY,8
AIRWNGVGTY,8
AISPFGTVTY,8
AISPWGGNTY,8
AISPFGDITY,8
AIEYKGGSTY,8
AITPFGRYTY,8
AIEISGGRTY,8
AISPSGYYTY,8
AISPWGSLTY,8
AISPLGYRTY,8
AITEYGYGTY,8
AISKYGKTTY,8
AISPSGTSTY,8
AISPYGSVTY,8
AISKYGWGTY,8
SISPYGEYTY,8
AITPYGQETY,8
VIRWNGVSTY,8
AISEYGDATY,8
AISPYGRTTY,8
AISPSGHQTY,8
AINPYGSNTY,8
AITPYGDSTY,8
AIRWNGLYTY,8
AIRPFGGYTY,8
AIGPFGKHTY,8
AIAPFGRHTY,8
AIAPFGTSTY,8
AISARGDWTY,8
AISDYGAYTY,8
AIKPNGAYTY,8
AINPYGLYTY,8
AIGPYGYYTY,8
AIRPFGEYTY,8
AIRPFGANTY,7
AITYNGGSTY,7
AIEYYGCSTY,7
AIRSFGNYTY,7
AITPQGSLTY,7
AIVPFGISTY,7
AISDNGNYTY,7
AIGSFGDITY,7
AINPYGDGTY,7
AISPVGYSTY,7
AISEYGEVTY,7
AINPYGDTTY,7
AISEYGYATD,7
AIGPHGNNTY,7
AICYYGGSTY,7
AIGPRGARTY,7
AISPSGNDTY,7
AISPYGDPTY,7
AISPYGNTTY,7
AISPLGNYTY,7
AIAPFGKETY,7
AISPYGGTTY,7
AISNRGNRTY,7
AIDPYGKNTY,7
AIAPFCGYTY,7
AISPLGHATY,7
AIGPFGNSTY,7
AIAPFGHFTY,7
AIVPFGEYTY,7
AIDPYGSETY,7
AISPFGKFTY,7
AIAPNGRRTY,7
AITPYGDITY,7
AISPYGVQTY,7
AISPNGHWTY,7
AIAPFGGYTH,7
AIRWNGNETY,7
AITPFGGGTY,7
AIAPLGETTY,7
AIRWNCGSTY,7
AISPLGFSTY,7
AIAPYGQNTY,7
AIIMSGGSTY,7
AIRSFGYRTY,7
AIAPFGGGTY,7
AITPSGQFTY,7
AISPSGGRTY,7
AISPGGSYTY,7
AIAPYGYYTY,7
AITFMGGSTY,7
AIGPFGEQTY,7
AIDYRGGYTY,7
AISPFGFGTY,7
AISPYGYATY,7
AIRFAGYETY,7
AIGDYGSNTY,7
AISPDGHYTY,7
AILPYGYRTY,7
AIAPFCYSTY,7
AIGEYGRYTY,7
AIGPLGDITY,7
AIRWNGMDTY,7
AVRWNGVETY,7
AITPYGGSTY,7
AIHPYGYKTY,7
AITPFGENTY,7
AITPYGGDTY,7
AITPTGRYTY,7
AISSTGGSTY,7
AISEAGDHTY,7
AIKPYGSYTY,7
AIDYAGGSTY,7
AISPGGAFTY,7
AISPYGDITY,7
AISPYGTNTY,7
AISNSGGATY,7
AISPRGRYTY,7
AIIPFGYKTY,7
AIAPYGSITY,7
AIAQWGSFTY,7
AIAPFGSQTY,7
AIKTYGDVTY,7
AIVPYGGYTY,7
AIDPFGGPTY,7
AISSFGDTTY,7
AIAPFGTRTY,7
AIDPFGKYTY,7
AIRPSGGYTY,7
AISPLGLGTY,7
AITPFGYRTY,7
AIIFMGGSTY,7
AISPLGDITY,7
AIGPTGHGTY,7
AISPGGLDTY,7
AIRWHGDETY,7
AIGLDGGYTY,7
AILWNGGSTY,7
AIGWDGEYIY,7
AIGPLGNNTY,7
AILPYGNYTY,7
AISDYGDTTY,7
AIYYVGGSTY,7
AISYLGGSTY,7
AIAPYGNRTY,7
AIRPNGDRTY,7
AISPYGEYTH,7
AIRLDGFATY,7
AIGWNGEYTY,7
AITPYGNWTY,7
AIGPFGIETY,7
AILPYGKYTY,7
AISSYGSTTY,7
AISPLGNTTY,7
AISPLGSITY,7
AILPFGWETY,7
AIYPYGEWTY,7
AITPRGDHTY,7
AISPIGNWTY,7
AIGPYGHTTY,7
AMSPYGEYTY,7
AITPKGRNTY,7
AISPGGRYTY,7
AIVYAGGSTY,7
AIRYSGLHTY,7
AITPFGTRTY,7
AIAPYGYQTY,7
AISPFGTETY,7
AILFMGGSTY,7
AISPYGYDTY,7
AISPYGSNTY,6
AITEYSYATY,6
AISPRGGETY,6
AISPLGLKTY,6
AIAPFGNTTY,6
AIRWNGMSTY,6
AIRMQGGSTY,6
AISDNGNITY,6
AIRWNGEETY,6
AIEPFGGKTY,6
AIFPYGNGTY,6
AIKIFGFKTY,6
AIDVYGNRTY,6
AIDEYGDYTY,6
AISPNGSWTY,6
AIGWDCGYTY,6
AIGPYGSSTY,6
AISPFGRDTY,6
AIDQYGRYTY,6
AINPYGGATY,6
AIVPFGGKTY,6
AITPFGGATY,6
AIADNGYRTY,6
AISAYGWGTY,6
AISPFGQWTY,6
AISPIGSYTY,6
AIQPFGKETY,6
AIRPFGSSTY,6
AISDYGDCTY,6
AITPEGLYTY,6
AISPFGNVTY,6
AIGPFGDLTY,6
AIVFMGGSTY,6
AITPFGQFTY,6
AISEYGSFTY,6
VIAPFGEYTY,6
AINPYGSFTY,6
AITDYGYATY,6
AISKSGGGTY,6
AISPEGKYTY,6
AISPQGNYTY,6
AIEYSGGSTY,6
AINMQGGSTY,6
TIGWDGEYTY,6
AITFYGGSTY,6
AINPYGYYTY,6
AIIYTGGSTY,6
AIDWRGNFTY,6
TISEYGYSTY,6
AIKPGGNQTY,6
AISPIGRYTY,6
AINPYGSKTY,6
AIAPFCYQTY,6
AIAPYGAETY,6
AIIEYGWGTY,6
PIRWNGVETY,6
AINPSGIKTY,6
AISPIGSKTY,6
AIRWNSDETY,6
AISPTGLNTY,6
AISEYGYNTY,6
AIKPFGFSTY,6
AIYPYGSATY,6
AICEYGYGTY,6
AIRWTGVETY,6
AITPFGAQTY,6
AIGPFGRFTY,6
AIGPYGLSTY,6
AIVPYGRYTY,6
AIAPYGEFTY,6
AITPFGSKTY,6
AILPYGGFTY,6
AINYTGGSTY,6
AIMFMGGSTY,6
AILPYGRKTY,6
AINPFGYSTY,6
AIRPFGLGTY,6
AITPKGRNTH,6
AISPRGGLTY,6
AIAPFGWGTY,6
AITPNGRYTY,6
AINPYGDWTY,6
AIGWNGVETY,6
AISPFGQVTY,6
AISPFGGPTY,6
AIAPFGVRTY,6
AIYPLGHGTY,6
AISEYGRSTY,6
AIGPFGYTTY,6
AIRPIGSYTY,6
AILPYGSWTY,6
AIRPFGWGTY,6
AIQWNGSLTY,6
AIIPSGGHTY,6
AIQYSGGSTY,6
AIRWNGCSTY,6
AISDFGGYTY,6
AISPYGLKTY,6
AIRWIGVETY,6
AISPLGTRTY,6
AISPEGGWTY,6
AIPYNGGSTY,6
AINDYGTHTY,6
AISEYGGRTY,6
AIEFRGGYTY,6
AISPGGYQTY,6
AIGPNGKATY,6
AIHPYGNYTY,6
AIDWRGNYTY,6
AISPYGRHTY,6
AIHGYGGRTY,6
SISEYGWGTY,6
AISPFGTRTY,6
AIVMLGGSTY,6
AMAPYGEYTY,6
AITPFGDSTY,6
AIYPRGLGTY,6
AISNRGEWTY,6
AISYRGNSTY,6
AIYPYGYYTY,6
AISPLGGGTY,6
AISPYGQFTY,6
AISPYGATTY,6
AILPYGANTY,6
AIADYGNYTY,6
AISPTGNRTY,6
AISPSGNYTY,6
AIRWNGDSTY,6
AITPFGTYTY,6
AISPYGIGTY,6
AISPRGARTY,6
AISPNGKFTY,6
AIRWYGDETY,6
AINPFGNYTY,6
AINYGGGYTY,6
AIGPFGLSTY,6
AIRPLGGTTY,6
AIDPYGQVTY,6
AICYFGGSTY,6
AIRWDGVSTY,6
AIRCNGLDTY,6
AIRSFGRETY,6
AIGWYGGYTY,6
AISYMGGYTY,6
AIYPLGEGTY,6
AISPFGEDTY,6
AISSRGDFTY,6
AIDYVGGSTY,6
AIRPFGKWTY,6
AITPFGLSTY,6
AIQPFGDRTY,6
AINPFGDTTY,6
AISPGGQGTY,6
AITPLGLKTY,6
AIRWNGGYTY,6
AITPFGLDTY,6
AISPFGHRTY,6
AISSYGNYTY,5
AIRWNSDYTY,5
AIGPFGIHTY,5
AIGPFGKLTY,5
AILPYGESTY,5
AISPGGDRTY,5
AINDYGSYTY,5
AIFPNGKGTY,5
AITPFGKITY,5
AIRPWGNDTY,5
AIFPYGEWTY,5
AINPDGQNTY,5
AITPFGQSTY,5
AINPTGYNTY,5
AISPLGRKTY,5
AITPYGDYTY,5
AIDDYGSYTY,5
AIRTFGSTTY,5
AISPFGYLTY,5
AISEYGDWTY,5
AIDVYGRYTY,5
AINHRGDFTY,5
AIRWRGYGTY,5
AINWRGQYTY,5
AIGEYGLYTY,5
AISPQGVQTY,5
AISPGGYKTY,5
AITEYGDATY,5
AIGPFGHSTY,5
AISPKGYSTY,5
AITPTGYNTY,5
AIAPYGRRTY,5
AILYTGGSTY,5
AIKPFGGHTY,5
AIQNSGGHTY,5
AILPDGSYTY,5
AIAQFGYQTY,5
AIGPFGAYTY,5
AISPGGYDTY,5
AISPIGSLTY,5
AITPLGYRTY,5
AILPRGGYTY,5
AIGPLGNETY,5
AILPYGDFTY,5
AIGPSGRSTY,5
AIGDFGSYTY,5
AIDSFGGYTY,5
AINDYGSNTY,5
AIAPRGDWTY,5
AINENGNHTY,5
AISPNGFRTY,5
AITPYGTITY,5
AISASGARTY,5
AISPAGSGTY,5
AIHPLGSGTY,5
AMSEYGWGTY,5
AIVPFGDYTY,5
AIVPFGSYTY,5
AIGWDGCYTY,5
AIKWDGSYTY,5
AICWDGGYTY,5
AISPVGYDTY,5
AISEYGYATS,5
AIAPIGRYTY,5
AINPYGGLTY,5
AISPYGRGTY,5
AIAPIGKETY,5
AINMLGGSTY,5
AIEYAGGSTY,5
AIRRNGVSTY,5
AINPYGSDTY,5
AILPYGSRTY,5
AISPWGTYTY,5
AIRPWGSLTY,5
AIRCNGRYTY,5
AILFYGGSTY,5
AISPAGEGTY,5
AISPFGKVTY,5
AISPYGFSTY,5
AISPSGNRTY,5
AIKCNGYYTY,5
AISPSGYGTY,5
AITEYGYAAY,5
AIGPNGYDTY,5
AIAPFGKRTY,5
AISPFGVGTY,5
AIAPSGSITY,5
AIRAGGGFTY,5
AITPKGRYTY,5
VIRWNGSATY,5
AISPKGYATY,5
AIRPYGESTY,5
AIKMRGGSTY,5
AISDYGQRTY,5
AINYAGDSTY,5
AISPYGSTTY,5
AIRPFGGRTY,5
AISPHGSYTY,5
AITPEGNYTY,5
AISQYGYATY,5
AIGPWGGYTY,5
AILPYGRTTY,5
AISQDGIRTY,5
AIRFSGYSTY,5
AITPSGKRTY,5
AISPRGGFTY,5
AITPYGRETY,5
AILPRGGWTY,5
AISGYGRYTY,5
AIRWNGGSTH,5
AIAPDGYNTY,5
AIRFSGWSTY,5
AIGPVGSYTY,5
AIKSFGRRTY,5
AIGPYGERTY,5
AIAPFGSATY,5
AILPYGNLTY,5
AIEYYCGSTY,5
AISPIGKYTY,5
AITPIGYGTY,5
AISPWGYDTY,5
AICEYGWGTY,5
SIAPFGQNTY,5
AISQYGYGTY,5
AIRPDGYYTY,5
AINPYGSRTY,5
AIGWDGEYTH,5
AINSYGSYTY,5
AIIPFGGTTY,5
AISPHGSDTY,5
AIRWYGVSTY,5
AIDPFGGNTY,5
AIKPYGRYTY,5
AISPGGLGTY,5
AIRWNCSFTY,5
AINPFGNRTY,5
AIHPYGSYTY,5
AIVPFGSHTY,5
AIWYLGGSTY,5
AIRYAGYSTY,5
AITPSGSRTY,5
AITEYVYATY,5
AILYLGGSTY,5
AIAPYGYSTY,5
AIRWNGVSIY,5
AILPFGVQTY,5
AIMYTGGSTY,5
AISPYGINTY,5
AIAPFGVSTY,5
AIGPFGSTTY,5
AIRPFGDFTY,5
AITPNGSYTY,5
AIAPCGSFTY,5
AISPIGYSTY,5
AIRPYGRYTY,5
AISPNGYKTY,5
AILPYGDRTY,5
AISPDGKFTY,5
AIAMRGGSTY,5
AISDYGYATY,5
AIHPYGQDTY,5
AIRWNGSVTY,5
AISPRGEGTY,5
AIAQFGISTY,5
AIFPYGDITY,5
VIRWNGDYTY,5
AIRWNGVEPY,5
AINYFGGSTY,5
AISPDGQYTY,5
AIKPWGGSTY,5
AIIYAGGSTY,5
EITEYGYATY,5
AISPYGDHTY,5
AIGPTGYLTY,5
AISDYGLYTY,5
AIAQFGSHTY,5
AIRYFGGRTY,5
AISPRGQDTY,5
AIAPNGSLTY,5
AITPFGSFTY,5
AIAPFGLGTY,5
AISPNGHYTY,5
AIGPFGFETY,5
AISPYGRPTY,5
AIYPYGTYTY,5
AISEFGEFTY,5
AIYPFGKYTY,5
TIAPFGGYTY,5
AILPYGEWTY,5
AIMYSGGSTY,5
AIRWNVVSTY,5
AIMMAGGSTY,5
AIAPRGYRTY,5
AIAPSGDKTY,5
AISPIGDFTY,5
AIDSYGGYTY,5
AISPLGKLTY,5
AITPFGGNTY,5
AILPYGYNTY,5
AIRLNGDYTY,5
AITPFGDRTY,5
AITLWGGSTY,5
AIFPYGDYTY,5
AIGSFGGNTY,5
AIIPRGNWTY,4
AISDYGRSTY,4
AISGYGDYTY,4
AISPFGVATY,4
ATSEYGYATY,4
AISEYGWSTY,4
AIVPFGGLTY,4
AISPFGYVTY,4
AILPYGTLTY,4
AITPFGGFTY,4
AIAPNGWSTY,4
AITEYGCATY,4
AIGPFGFSTY,4
AILYAGGSTY,4
AITPFGEHTY,4
AISHGGGYTY,4
AISPGGDITY,4
AIDPFGERTY,4
AISPRGQQTY,4
AIGPFGYSTY,4
AISPWGDNTY,4
VIAPFGLSTY,4
AITPFGHNTY,4
AISYRGNLTY,4
AISPFGGKTY,4
AISNLGGYTY,4
AIFPYGARTY,4
AISPTGYNTY,4
AIRYAGSFTY,4
AIGYSGGSTY,4
VIAPFGQNTY,4
AIRWSGNHTY,4
AIIPGGDRTY,4
AISRIGFGTY,4
AISPRGYETY,4
AIGPFGFNTY,4
AISTRGNWTY,4
AITPYGYYTY,4
AIVPSGNRTY,4
AMTEYGYATY,4
AISPNGLGTY,4
AISPIGQGTY,4
AISPFGFHTY,4
TIRWNGDYTY,4
AISPRGDGTY,4
AISPYGKVTY,4
RYDGTVWKPI,4
AIVYSGGSTY,4
AISPSGYNTY,4
AIAPFGYQTH,4
AIAPYGATTY,4
AINPFGNNTY,4
AIAPLGLNTY,4
AIDPFGVYTY,4
AIRMPGGSTY,4
AITPFGDFTY,4
AIQWNGDYTY,4
AITPFGFNTY,4
AIVYFGGSTY,4
AISPFGTATY,4
AIDPFGSNTY,4
AMGWDGGYTY,4
AINPYGLKTY,4
AISPYGHFTY,4
AIIPFGYNTY,4
AISEYCYSTY,4
AILWNGSFTY,4
AIAPSGHETY,4
AISYYGDWTY,4
AIIPYGRYTY,4
AIRPFGFNTY,4
AIGPYGTYTY,4
AILCNGVETY,4
AIEPFGGYTY,4
SIGWDGEYTY,4
AIYPYGIRTY,4
AIAPFGKKTY,4
AIAPFGLDTY,4
AISNYGAYTY,4
AISQFGDSTY,4
AISPRGTYTY,4
AISPWGDGTY,4
AIGWGGGYTY,4
AIKPYGNFTY,4
AISPVGARTY,4
AITPRGNLTY,4
AIAPFGLKTY,4
AIAPCGGYTY,4
AITPFGWSTY,4
AITPFGHRTY,4
AITPLGNYTY,4
AISPWGDFTY,4
AISEYGYGTD,4
AITPFGHETY,4
VIAPFGGYTY,4
AIAPIGYSTY,4
AISPFGEATY,4
AISPSGKLTY,4
AITPSGLYTY,4
AIRPFGKFTY,4
AIYPFGNGTY,4
AINNGGGLTY,4
AIAPTGNYTY,4
AIAPFGEYIY,4
AIGWDGEYAY,4
AISEYGSWTY,4
AISEYSYGTY,4
AITPFGSQTY,4
AIPFYGGSTY,4
AISPGGLKTY,4
AITPVGKSTY,4
AIQWNGSATY,4
AITEYGYATN,4
AIDPYGWYTY,4
AISHNGTSTY,4
AIGPLGGRTY,4
AISTFGYSTY,4
AITPFGQQTY,4
AISPYGKTTY,4
AIVPFGYQTY,4
VIAPYGEYTY,4
AIGPLGGWTY,4
AIGWGGEYTY,4
AIGPLGGITY,4
AITPTGSYTY,4
AINYNGGSTY,4
AISPWGIHTY,4
AIRPWGDQTY,4
AISPFGKGTY,4
AIGPWGYNTY,4
AITPRGQFTY,4
AISPYGYLTY,4
AISPFGHETY,4
AINTYGNYTY,4
AISPDGLYTY,4
AISDYGDGTY,4
AIQPGGGRTY,4
AILYNGGSTY,4
AIKYYGGSTY,4
AISPYGVYTY,4
AISDTGSYTY,4
AISPWGDYTY,4
AILPDGRQTY,4
AISPQGDNTY,4
AIAPRGARTY,4
AISPNGYATY,4
AINPRGGWTY,4
AISDYGEITY,4
AIAPFGMTTY,4
AISPSGAFTY,4
AITPFGFRTY,4
AIHPYGYYTY,4
AISEYGERTY,4
AISSFGDVTY,4
AIAPYGDYTY,4
AISPLGSLTY,4
AISGIGSKTY,4
AITPYGDRTY,4
AISWRGELTY,4
AIRPHGGSTY,4
AISEYGYKTY,4
AIAPAGAWTY,4
AIGPFGDKTY,4
AIQPFGHSTY,4
AIASFGEYTY,4
AISPFGITTY,4
AISSFGEYTY,4
AISTSGGVTY,4
AITEYGHATY,4
AINPAGNYTY,4
AIHPFGYGTY,4
AITPSGIETY,4
AITPFGDKTY,4
AISPRGATTY,4
TIAPWGSFTY,4
AIRAFGGGTY,4
AISDIGKQTY,4
AITPSGWSTY,4
AITPVGKGTY,4
AIKSFGNSTY,4
AIRSFGFRTY,4
AINDYGWRTY,4
AISPSGRLTY,4
AIYPYGIKTY,4
AIAPWGRTTY,4
AISPFGIDTY,4
AIYPYGSFTY,4
AIVPYGSYTY,4
AIRWNGSATH,4
AISERGAYTY,4
AITPYGGHTY,4
AISPFGAITY,4
AISPNGFSTY,4
AIRSFGDGTY,4
AITPGGGATY,4
AIAPFGHVTY,4
AITPFGYDTY,4
AIMFWGGSTY,4
AIAPYGKLTY,4
AISPHGGYTY,4
AISPIGGWTY,4
AIAPNGRYTY,4
AITPFGETTY,4
AIRMCGGSTY,4
AIGPFGSVTY,4
AISPIGYDTY,4
AILPFGYGTY,4
AILPDGSATY,4
AIGWDGDYTY,4
AISPIGRLTY,4
AITPFGFETY,4
AIGWDGEYPY,4
AIVPRGGRTY,4
AISAPGYTTY,4
AITPTGGNTY,4
AISEYGRRTY,4
AISWRGARTY,4
AIYPYGRRTY,4
AITPFGRLTY,4
AINPRGGQTY,4
AIAPFCSHTY,4
AIRPFGNNTY,4
AINPLGGRTY,4
SIGWDGGYTY,4
AIRPNGYRTY,4
AIRMMGGSTY,4
AISPNGGGTY,4
TIGWDGGYTY,4
AISPLGSSTY,4
AINEYGDRTY,4
AIMMSGGSTY,4
AINPYGGWTY,4
AISEFGRFTY,4
AIGPFGHWTY,4
AINPFGSYTY,4
AIGPFGNLTY,4
AIRPFGSWTY,4
AIQAYGNYTY,4
AITPFGSHTY,3
AIRPYGGYTY,3
AIAPFGALTY,3
AISPQGQYTY,3
AMRWNGGSTY,3
AISEYGTFTY,3
AIGASGKYTY,3
AINPYGDRTY,3
AINPFGEDTY,3
AIRYSGLTTY,3
AIRLFGRHTY,3
AINYSGGSTY,3
AISPWGRTTY,3
AITPLGYSTY,3
AIVPGGGYTY,3
AIAPFGIKTY,3
AIYPYGSNTY,3
AIRPFGHYTY,3
AITDYGDNTY,3
AIAPFGRFTY,3
AITPFGHLTY,3
AISPLGGHTY,3
SIAPYGEYTY,3
AIGPFGKYTY,3
AISEYVYGTY,3
AIVPRGGETY,3
AIGGYGGYTY,3
AIHPDGYYTY,3
AIALFGGYTY,3
AIAPWGFRTY,3
EIRWNGDETY,3
AISEYGSHTY,3
AIGWDGKYTY,3
AIAQFGYTTY,3
AITPYGIRTY,3
AIKPFGLTTY,3
AIAPFGVYTY,3
AIAPFGHHTY,3
AIRWNGDENY,3
AIDPYGDLTY,3
AIRPFGLTTY,3
AISTYGDYTY,3
AIELRGGLTY,3
AISPLGWHTY,3
AIQEYGRYTY,3
AISPSGYRTY,3
AIGPYGDATY,3
AINPTGYSTY,3
AIPPYGRYTY,3
AAIAPFGGYT,3
AISPFGYITY,3
AITDYGQRTY,3
AISNRGGITY,3
AIYPYGGDTY,3
AIGPFGRYTY,3
AITPQGGLTY,3
AISEFGCNTY,3
AIRPYGYLTY,3
AINPYGGSTY,3
AIAMWGCSTY,3
AINYRGEYTY,3
AISQLGYSTY,3
AICFYGGSTY,3
AISPVGNYTY,3
AIAPPGLYTY,3
AITEYDYATY,3
AISSFGRDTY,3
AISPYGEYIY,3
AIGPFGTHTY,3
AIGPFGTYTY,3
AIAPFGNDTY,3
AITPFGRNTY,3
TIAPFGYSTY,3
AIGPRGSRTY,3
AIRWNGSRTY,3
TISPLGYSTY,3
AIEPGGGRTY,3
AISDYGSHTY,3
AILPSGGETY,3
AIAFYGGSTY,3
AINPYGGRTY,3
AISPLGYSTN,3
AIRLNGFYTY,3
AISPWGNHTY,3
AIRPIGRETY,3
AITPFGSATY,3
AIEPYGYYTY,3
AIRNGGSWTY,3
AISPRGTSTY,3
AITPFGGRTY,3
AIGPYGEATY,3
AIGPFGGNTY,3
AIYPLGGGTY,3
AIPWNGVETY,3
AIFPYGDFTY,3
AIVWDGEYTY,3
AISPNGSRTY,3
AISPAGNDTY,3
AITPYGYNTY,3
AIQEYGEFTY,3
AIDPFGYRTY,3
AILPYGFRTY,3
AISPYGVTTY,3
AIRWNGVSTC,3
AISDYGRGTY,3
AIAPLGRYTY,3
AIRWSSNQTY,3
AIVPRGEYTY,3
AIRNKGNYTY,3
AIHPRGAYTY,3
AITPFGAGTY,3
AIKAFGSSTY,3
AIRPYGSYTY,3
AITYLGGSTY,3
AIAPYGDKTY,3
AIGPGGWSTY,3
AIGPWGNSTY,3
AIADNGYETY,3
AISTLGYSTY,3
AILWNGLDTY,3
AISTSGYRTY,3
AIYPYGNRTY,3
AIGPTGLNTY,3
AIQTYGKYTY,3
AIGPNGYRTY,3
AISPLGRTTY,3
AITPFGHITY,3
AIVPRGGGTY,3
AIAPWGNFTY,3
AIRPSGDRTY,3
AISDYGTYTY,3
AIRWNGLDTH,3
AIGPDGKFTY,3
AISTSGGNTY,3
AIVPRGGVTY,3
AITPFGYATY,3
AITPLGKATY,3
AIMYMGSSTY,3
AIADYGRYTY,3
AISPTGYTTY,3
AIEEYGRYTY,3
AIGLRGNETY,3
AINPYGWHTY,3
AITPFGYHTY,3
AIRTFGYSTY,3
AIIPYGEYTY,3
AITPSGKYTY,3
AIRGNGVETY,3
AIRWKGVSTY,3
AIYFMGGSTY,3
AISPNGRNTY,3
SIAPFGEYTY,3
AIKLYGTRTY,3
AISPSGSGTY,3
AIAPKGYRTY,3
AISPYGKSTY,3
AIGPFGLPTY,3
AISPFGALTY,3
AISPEGYFTY,3
AITPYGGFTY,3
AIAPSGEYTY,3
AIYPYGKGTY,3
AISPFGLPTY,3
AISPYGRKTY,3
AIRWKGDETY,3
AISPFGTLTY,3
AILPYGGRTY,3
RIMMWGGSTY,3
AISEYGYGNY,3
AIRWNGYATY,3
AILPYGNFTY,3
AIVPYGHYTY,3
AIGPYGKHTY,3
AIAYNGGSTY,3
AIAPFGIATY,3
AIIYCGGSTY,3
AISPIGAYTY,3
AISEFGWNTH,3
AIRWNGVEAY,3
SISPYGDWTY,3
AISQFGFSTY,3
AISPWGSGTY,3
SISPFGYSTY,3
AINPYGNNTY,3
AISPYGYFTY,3
AISEHGYGTY,3
AIRWNGVLTY,3
AIRPNGYTTY,3
AISPWGRYTY,3
AITFLGGSTY,3
AIVPRGDRTY,3
AINWNCKYTY,3
AIAPNGYYTY,3
AIAPFVGYTY,3
AISPYGNDTY,3
AINPWGYNTY,3
AINPYGVNTY,3
AIVPFGNRTY,3
AISPLGRNTY,3
AISGNGYTTY,3
AIGYNGYRTY,3
AISPGGYRTY,3
AITEYGQWTY,3
AISPLGRGTY,3
AITPIGSTTY,3
AITFCGGSTY,3
AITPDGYKTY,3
AISPWGNLTY,3
TIAPFGLSTY,3
AIAPFGWETY,3
AIRWNGSETY,3
AMAPFGLSTY,3
AISPIGKQTY,3
AIMYLGGSTY,3
VIGWDGGYTY,3
AISPCGNYTY,3
AIGPFGFQTY,3
AIEFRGDQTY,3
AISPVGRGTY,3
AIRLNGLDTY,3
AIQPFGAGTY,3
AISPYDEYTY,3
AISPIGLSTY,3
AIGPFGDITY,3
AIRRYGVETY,3
AIGSFGDVTY,3
AISEYGYGAY,3
AISGKGLATY,3
AIAPFGLSTC,3
AIGPFGLATY,3
AIAPTGLQTY,3
AIHPYGWKTY,3
AISPFGTGTY,3
AITEYGYANY,3
AISPNGSSTY,3
AIRPIGRYTY,3
AILPYGKTTY,3
AIRPYGIRTY,3
AIGPFGKRTY,3
AISPNGSGTY,3
AIGPYGEYTY,3
AIYPLGYGTY,3
AISDYGIYTY,3
AITPFGARTY,3
AIKPFGGWTY,3
AIGDYGRYTY,3
AINPFGGNTY,3
AISPIGYRTY,3
AILWNGSYTY,3
AISRWGDWTY,3
AISPRGYNTY,3
AISPRGSYTY,3
AITPFGLGTY,3
AIRPDGSYTY,3
AITPFGQWTY,3
AISEYGHATY,3
AIRWNGEYTY,3
AISSFGRRTY,3
AIRNIGNYTY,3
AIAPWCSFTY,3
AISPFCFSTY,3
AIQMSGGSTY,3
AIGPGGSSTY,3
AIPYYGGSTY,3
AISPLGYETY,3
AISPIGKRTY,3
EISEYGYGTY,3
AISEYGWGTD,3
AISEYGYATC,3
AIAQFGASTY,3
AIAPHGEYTY,3
AIKPDGKYTY,3
AIVPFGYSTY,3
AIRWNGDEIY,3
AISETGDYTY,3
AIAPEGLSTY,3
AISEDGYATY,3
AILPYGWNTY,3
AIDPYGQYTY,3
AISPFCASTY,3
AIIYFGGSTY,3
AITEDGYATY,3
AITPSGAFTY,3
AIFYVGGSTY,3
AISMSGGSTY,3
AISPWGFSTY,3
AISPYGLNTY,3
AIYPYGNNTY,3
VIAPFGYQTY,3
AINNGGGYTY,3
AIGRFGGYTY,3
AIRSSGYETY,3
AIGPIGYSTY,3
AISDYGYWTY,3
AISPWGYNTY,3
AIAPYGEYIY,3
AICYCGGSTY,3
AINDNGLKTY,3
AIYPYGSRTY,3
AITPYGQSTY,3
AIHPYGGRTY,3
AIAPTGYSTY,3
AISEYGDGTY,3
AIRWNGVSTN,3
AIRWNGASTY,3
AISPIGSNTY,3
AIRPLGYSTY,3
AISPAGLNTY,3
AINFRGGYTY,3
AITPFGVSTY,3
AIGEYGNYTY,3
AIFPYGKFTY,3
AIGSDGEYTY,3
AITYYGGSTF,3
AIAPSGKYTY,3
AIGPWGKYTY,3
AIRPWGYKTY,3
AISPYGFDTY,3
AIIPFGGWTY,3
AISPHGSSTY,3
AISPYGRLTY,3
AITPYGYRTY,3
AIRPYGSWTY,3
EIRWNGVSTY,3
AITEYGWGTY,3
AIADYGGYTY,3
AIGPFGKSTY,3
AISPGGHWTY,3
AIRCNGSSTY,3
AISPWGEATY,3
AIDPYGIYTY,3
AISDYGDDTY,3
AISPYCSYTY,3
AIRPYGYDTY,3
AITEYGYATD,3
AISEFCWNTY,3
AIAPCGEYTY,3
AINPYGDYTY,3
AIGPYGGATY,3
AISPAGLRTY,3
AISDYGIDTY,3
AIDPFGSYTY,3
AIGPFGISTY,3
AISPYGIKTY,3
AIAPVGYTTY,3
AISPTGYYTY,3
AIAPFGSLTY,3
AISPTGAYTY,3
AIAEYGYATY,3
AIRANGEYTY,3
AISPQGFSTY,3
AIIYLGGSTY,3
AIKYLGGSTY,3
AISPNGWRTY,3
AIRPYGTETY,3
AMAPWGSFTY,3
AIMYWGGSTY,3
AISPIGTVTY,3
AIRPFGSDTY,3
AISPYGHITY,3
AILPYGRLTY,2
AISQYGYYTY,2
AIRMWGGKTY,2
AIAPFGFNTY,2
TIRWSGNQTY,2
AISDYGRWTY,2
AISWRGWHTY,2
AIEPWGSFTY,2
AIHYYGGSTY,2
AIAEYGNTTY,2
AILPVGWGTY,2
AIRYAGRYTY,2
AISPFCYHTY,2
AKRWNGVETY,2
AIAPSGSFTY,2
AIGYNGGSTY,2
AINPFGYKTY,2
AIVPYGAYTY,2
AIKLNGYYTY,2
AIYPYGRYTY,2
AISPWCNYTY,2
AISIPGYGTY,2
AINDYGSHTY,2
AITPIGYSTY,2
AIRWHGDYTY,2
AIMYAGGSTY,2
AITEYGYATC,2
SIKWNGYYTY,2
AIVWDGGYTY,2
AISPRGQWTY,2
SITFWGGSTY,2
AILPYGSHTY,2
AISPAGRSTY,2
AIASFGYQTY,2
AIAPRGSFTY,2
AIKPNGTDTY,2
TISPDGKVTY,2
AITPFGFSTY,2
AIAYGGGSTY,2
AIAPNGYLTY,2
AIGWDGGCTY,2
AIGWDSGYTY,2
AISDYGGSTY,2
AISPYGQNTY,2
AISYRGGTTY,2
AIRWHGSATY,2
AIRPYGAYTY,2
AITPAGRSTY,2
AIGEYGWGTY,2
ALRWNGVETY,2
AIQYRGNYTY,2
AIGPEGNNTY,2
AIGSFGDQTY,2
AIALWGSFTY,2
AIYPYGRTTY,2
AIAPKGLSTY,2
AIYPYGQYTY,2
AIVMSGGSTY,2
AIYPYGGFTY,2
AISPYGSYIY,2
AINPYGYSTY,2
AIKTFGGNTY,2
AISENGRYTY,2
AIDPYGRKTY,2
AIRCSGNQTY,2
AISEYGVYTY,2
VIRWNCVETY,2
AIHPYGDLTY,2
AITEYGHNTY,2
AIRPFGAHTY,2
AIRPFGWKTY,2
AISPWGNSTY,2
AIGPFGTETY,2
TIRWNGSYTY,2
AIAPFGGFTY,2
AISQFGSSTY,2
AISYRGSKTY,2
AISPWGFGTY,2
AIRPSGGDTY,2
AIAPLGNSTY,2
AIAPYGTYTY,2
AISDYGTGTY,2
AIRLFGKYTY,2
AIAPYGHFTY,2
TISPFGHQTY,2
AISPWGQYTY,2
AIRPYGLRTY,2
AISPRGRTTY,2
AIRQFGLETY,2
AMRWNGSSTY,2
AIRWNCSSTY,2
AIGPFGWRTY,2
AIGWDGAYTY,2
AISEYGYATF,2
AISPLGWRTY,2
AISQFGASTY,2
AIIPLGYSTY,2
SIEYYGGSTY,2
AIRWYGVDTY,2
TITFWGGSTY,2
AIGPKGDTTY,2
AIRPLGRDTY,2
AISGAGYKTY,2
AIGSYGNYTY,2
AIGPYGKYTY,2
AIGPFGEETY,2
AIKPYGGLTY,2
AIAPFCWSTY,2
AISNRGGRTY,2
VISPFGGFTY,2
AIRWNGDETC,2
AIAPNGYKTY,2
AIMYGGGSTY,2
AIAPYGCYTY,2
AISDFGLYTY,2
AINWSGSSTY,2
AIGRDGEYTY,2
AISPDCYNTY,2
AISPLGYATF,2
AIDYFGGSTY,2
AIDPYGDFTY,2
AISPIGYCTY,2
AIRMLGGSTY,2
AISEYGSLTY,2
AITEYGYAIY,2
AISPLGRDTY,2
AIGWDSEYTY,2
AIASFGQNTY,2
AISSYGNRTY,2
AIRWNGVSTD,2
AIRPWGYDTY,2
AINEYGGRTY,2
AISPWGSKTY,2
AIGKAGHYTY,2
AIKPYGEFTY,2
AIRYKGGYTY,2
AISPFGHNTY,2
AIAPFGQGTY,2
AIDPYGYRTY,2
SIAPFGISTY,2
AISPAGAHTY,2
AISHRGGWTY,2
AIALFGLSTY,2
AISEYRYGTY,2
AIGSDGGYTY,2
VIGWDGEYTY,2
AIRPFGRSTY,2
AIDPYGDYTY,2
AIPYIGGSTY,2
AISPAGENTY,2
AIKAYGEATY,2
AISPHGNYTY,2
AISPFCQGTY,2
AITPFGNNTY,2
AIRSNGVSTY,2
AISPFGVRTY,2
AITPRGGQTY,2
AIRPLGFDTY,2
AISPFGKKTY,2
AMAPFGYSTY,2
AIAPFVYSTY,2
AIYPLGIGTY,2
SISEYGYSTY,2
AIYPYGIDTY,2
AITPFGKYTY,2
AISPCGEYTY,2
AIQPFGNKTY,2
AIKWSGSRTY,2
AIAQFGYNTY,2
AITPSGDFTY,2
AISPYGNYTH,2
AIVYGGGSTY,2
AILPYGGSTY,2
AISQGGYRTY,2
AISEYGWGIY,2
AISPSGKHTY,2
AIKTSGSRTY,2
AIAPFGLETY,2
AIAPLGQYTY,2
AISEFGSYTY,2
AISTFGGYTY,2
AILYCGGSTY,2
AISPDGTDTY,2
AIAQFGQNTY,2
AIFPYGTYTY,2
AISPLGKTTY,2
AIRWNGVSAY,2
AISPFCIGTY,2
AITPFGSTTY,2
AISSTGGPTY,2
AISEYGYRTY,2
AIAPNGWRTY,2
AIRMWGGYTY,2
AIRPRGGSTY,2
AITDYGQYTY,2
AITPYGQNTY,2
AIRPYGSHTY,2
RYSIWVVQPI,2
AISEDGWGTY,2
AIRPKGDYTY,2
AIGPGGGLTY,2
AIDWNGFYTY,2
AICYLGGSTY,2
AISYRGSYTY,2
AISPFGTHTY,2
AISPNGYRTF,2
AISPVGLKTY,2
AINPYGQSTY,2
AIAYFGGSTY,2
AIAPFGVTTY,2
AIHPYGYRTY,2
AIAPNGSFTY,2
AISPYGLSTY,2
AIMMWGGYTY,2
AILPYGRRTY,2
AISKYGIYTY,2
AIDPYCQVTY,2
AISQAGQYTY,2
AISPSGSVTY,2
AISTFGGFTY,2
AISPYGGFTY,2
AIAPFGGYAY,2
TIRWNGGSTY,2
AISPWVNYTY,2
AISPFGHFTY,2
AIKAYGSRTY,2
AIGWDGGDTY,2
AITPLGSYTY,2
AILFWGGSTY,2
AIRCNCVETY,2
AIRWFGVETY,2
AISDIGYYTY,2
AIHPYGYATY,2
AIVPYGDYTY,2
AILPYGSITY,2
AISPYGWETY,2
AIAPFGIYTY,2
AIKPYGSWTY,2
AIGEYGQYTY,2
AIQPFGNRTY,2
AISPFGHGTY,2
AIVPFGARTY,2
AIAPYGLQTY,2
AIPYTGGSTY,2
AIAMCGGSTY,2
AITQYGYATY,2
AIAPKGYQTY,2
AIVPFGLTTY,2
TIPYMGGSTY,2
AIFPYGNFTY,2
AIRWNRVETY,2
AIAPFGIHTY,2
AISPFGCYTY,2
AIDPFGDYTY,2
AIASRGDYTY,2
AINPFGTSTY,2
AIGWDGNYTY,2
AIAPFGIDTY,2
AISEYGYGIY,2
AITPYGGATY,2
AIIPYGGYTY,2
AIRCNGNYTY,2
AIATWGSFTY,2
AIAPFGWRTY,2
AIKIAGGDTY,2
AITPFGSNTY,2
AIAQFGYSTY,2
AIRWIGSSTY,2
AIRPIGGNTY,2
AISKYGYSTY,2
AIAPLGDYTY,2
AITPGGFKTY,2
AIGPVGYSTY,2
AIADYGRSTY,2
AINPGGYYTY,2
AISPRGSWTY,2
AITPFGIETY,2
AIRWDGYVTY,2
AIRWNAVETY,2
AISHRGNWTY,2
AISTFGRYTY,2
AIAENGRYTY,2
AISPSGYATY,2
AIAFMGGSTY,2
AINMSGGSTY,2
AIGPSGSSTY,2
AISPFGTKTY,2
AILPYGRATY,2
AIAPFGINTY,2
AISEFGCYTY,2
AIGPSGRTTY,2
AIRWNGRYAY,2
AIEPFGSRTY,2
AISPIGKFTY,2
AISPFGLHSY,2
AISEYGSRTY,2
AILWDGYATY,2
AIQPFGKRTY,2
AISPQGNNTY,2
AIARWGYETY,2
AISGNGSKTY,2
AISPFGYSTH,2
AINCNGKYTY,2
AIDEYGVSTY,2
AINEYGDYTY,2
AIQWDGYATY,2
AIAPFGESTY,2
AISPFGAGTY,2
TISEFGWNTY,2
AIVMRGRSTY,2
AISPIGLGTY,2
AMAPFGGYTY,2
AITPYGNHTY,2
AIVPFGKYTY,2
AINSYGNYTY,2
AISPYGCYTY,2
AISASGDRTY,2
AIRPFGLDTY,2
AIYPYGKFTY,2
AIRFRGGNTY,2
AICDYGEYTY,2
AIGPFGHNTY,2
AITEYGRYTY,2
AISPHGEYTY,2
AISEYAYATY,2
AIYPIGFGTY,2
AIAKNGSYTY,2
AISPLGEYTY,2
AISPYGSDTY,2
AIRWNGVYTY,2
AITPYGSFTY,2
AISTFGASTY,2
AIGPLGYGTY,2
AIRWYGLDTY,2
AITPYGQYTY,2
AIKPYGNYTY,2
AITPFGHSTY,2
AISPNGDETY,2
AIKPFGYRTY,2
AIAPLGEYTY,2
AILMWGGLTY,2
AIRWYGYATY,2
AIGPFGNHTY,2
AISPFGGETH,2
AIIPTGGRTY,2
AITPFGNHTY,2
AISPIGRRTY,2
AIAPDGDYTY,2
AISSFGRNTY,2
AIYPYGDNTY,2
AISPYGRRTY,2
AIGPYGRHTY,2
AISPVCLGTY,2
AISPWGGTTY,2
AIRWDCFATY,2
AIDPFGYSTY,2
AISDYGDLTY,2
AITPGGGVTY,2
AIRPSGRRTY,2
AIHTYGKYTY,2
AIAPLGLSTY,2
AISGFGDNTY,2
AIAPFGYSTH,2
AIFPYGSNTY,2
AIRPYGSRTY,2
AVAPYGEYTY,2
AINTSGGVTY,2
GIRWNGVETY,2
AISEYGWVTY,2
AISPNGSTTY,2
AISPWCGYTY,2
AIDTYGGYTY,2
AISPNGYFTY,2
AIFPYGSYTH,2
AISPWDNYTY,2
AIRRNGSATY,2
AIVPWGTHTY,2
AIYPYGAYTY,2
AIYPYGKNTY,2
AIRPYGNFTY,2
AIQPYGSKTY,2
AIGPLGLSTY,2
AIGPFGQNTY,2
AISPLGYSTH,2
AISPYGRFTY,2
AITEYGDYTY,2
AIEEFGSKTY,2
AISPLGKQTY,2
AISPHGYKTY,2
AIRPYGDETY,2
SISPFGLTTY,2
AITPFGTKTY,2
AIQPYGRFTY,2
AIVPYGTETY,2
AIGDYGDYTY,2
AIAPFGYSAY,2
AISDPGGYTY,2
AITPRGGYTY,2
AITPLGYNTY,2
AISQFGISTY,2
AISECGWGTY,2
AITPFGIRTY,2
AISPWGNYTH,2
AITPIGTSTY,2
AISSYGHYTY,2
AILPYGLDTY,2
AISPYGAHTY,2
AISPLGYKTY,2
AIAPYGKRTY,2
AISPFGQQTY,2
AIKIFGRITY,2
AIFPFGNYTY,2
RIAPFGYSTY,2
AISPGGNKTY,2
AIRWSGDETY,2
AISPRGYRTY,2
AISNYGGYTY,2
AITFWGCSTY,2
TIKWNGYYTY,2
AIRWNGRSTY,2
AIDPYGMYTY,2
AIVYLGGSTY,2
AINPFGDFTY,2
AIGPFGLHTY,2
AIPYMGCSTY,2
AITPFGGITY,2
AISPLGTITY,2
AIGPSGLNTY,2
AIEYYGGSTH,2
AIFPLGSGTY,2
AIIPFGRNTY,2
AIGFYGGSTY,2
AISTWGNYTY,2
AISTFGSTTY,2
AITEYGYRTY,2
AINPYGHLTY,2
PISEYGWGTY,2
AISPYGWTTY,2
AIAPFGISTH,2
AIGEYGSYTY,2
AIGDYGTKTY,2
AISPYGAVTY,2
AIRPNGIYTY,2
AIIPGGGTTY,2
AINYSGFQTY,2
AIGPFGYHTY,2
AISDYGKSTY,2
AISDYGNGTY,2
AISYWGGSTY,2
AISYKGDLTY,2
AITPYGGITY,2
AIHDYGNYTY,2
AIQCNGVETY,2
AINPYGIATY,2
AIKPNGRYTY,2
AIRWYGSATY,2
AIAPFGCRTY,2
AINDFGYRTY,2
AITPFGQYTY,2
AITPFGLATY,2
AILPYGYHTY,2
AIKLFGKYTY,2
VISEYGYSTY,2
AISPLGKHTY,2
AISLFGEYTY,2
AIRCNGSFTY,2
AIAPSGAKTY,2
AISPRGNYTY,2
AISKSGGATY,2
AIIPGGGRTY,2
SIAPFGYQTY,2
AIKPYGDWTY,2
AISPVGGYTY,2
AITPFGNWTY,2
AISEFGSRTY,2
AIQWNGLDTY,2
AMAPFGEYTY,2
AIQPFGNYTY,2
AIRWNGVETF,2
AISPIGKGTY,2
AISPSGGNTY,2
SIRWNGSATY,2
AISPVGFSTY,2
AISEYGWRTY,2
AISPIGRVTY,2
AINWNCKSTY,2
AISPFCENTY,2
AIQNSGGNTY,2
AIKAWGQVTY,2
AISPYGEYAY,2
AIRWDGDETY,2
AIAPFCASTY,2
VIRWNGGSTY,2
AISPWGKYTY,2
AISPFCYATY,2
AISEYSYSTY,2
AISEYDYGTY,2
AIGARGDFTY,2
AIRLNGDATY,2
AISPWGYVTY,2
AISPAGLDTY,2
AISPNGVYTY,2
AITPFGAKTY,2
AISEYGDRTY,2
AISEYGYGTS,2
AIGWDGEYNY,2
AINPFGWGTY,2
AIGPWGDYTY,2
AIEPFGFNTY,2
AIRPFGTRTY,2
AISSRGDFIY,2
AISPWGEYTY,2
AIQLWGGSTY,2
AIADYGSYTY,2
AISPFVYSTY,2
AISEYGDFTY,2
AIRPWGDYTY,2
AISNSGYNTY,2
AIVPQGVQTY,2
AIGRDGGYTY,2
AIAPSGSTTY,2
AISPCGYRTY,2
VISPYGEYTY,2
AIRLNGNLTY,2
AINPLGYSTY,2
AIRWYGGSTY,2
AISPAGRDTY,2
AISEYGGGTY,2
AIRPAGRYTY,2
AIAPIGGYTY,2
AIAMAGGSTY,2
AISTFGKSTY,2
AILWNGRYTY,2
AISNYGDYTY,2
AILPYGIATY,2
AIQPFGSGTY,2
AIGTYGEYTY,2
AIPEYGYATY,2
AMSPYGESTY,2
AITPTGGYTY,2
AIAYTGGSTY,2
AISDIGKGTY,2
EIRWNGSATY,2
AIAPFGHDTY,1
AIRCNGFYTY,1
AILPPGGDTY,1
ATRWNGDETY,1
AINPAGYRTY,1
RISPGGDHTY,1
AIVVCGQYTY,1
VIKWNGYYTY,1
AIAPFGQITY,1
AISQWGNYTY,1
AISPYGDCTY,1
AISEFGRRTY,1
AINEYGWGTY,1
AISPFGVQTY,1
AIAYVGSSTY,1
AIAMWGSSTY,1
AITQYGGYTY,1
AIQFRGNETY,1
AISEYGDETY,1
AITPFGQRTY,1
AISQYGNSTY,1
AIGPFGHATY,1
AIGTNGETTY,1
AIRSYGVETY,1
AIRWNGSATN,1
AISPFGNDTH,1
AIRCDGFATY,1
RDKPVWCAYL,1
AIRWNGPDTY,1
AISPLGINTY,1
AISPYGKDTY,1
AIFPYGQYTY,1
AINPFGRHTY,1
AINPEGQNTY,1
RISPYGGYTY,1
AIQWSGNQTY,1
TISPFGGNTY,1
AIAPSGLSTY,1
AISPFCKYTY,1
AISPIGFGTY,1
AISPFGICTY,1
RYIRMGIKTY,1
AISPFGHITY,1
AIAPYGLTTY,1
TISPFGESTY,1
AIRNSGFYTY,1
AIRPRGQGTY,1
AMAPFGQNTY,1
AITDIGYYTY,1
AIGPFGFRTY,1
AISWRGNYTY,1
AIQWNGSFTY,1
AISPWGHRTY,1
AISPYGWKTY,1
AIQPYGGYTY,1
RYCRMVRYTY,1
AILPYGEYTY,1
AINPFGGSTY,1
RISPRGGYTY,1
AISRFGYSTY,1
AIEYYGGSAY,1
AISQFGGYTY,1
AIRWNGLDTD,1
AITPFGIKTY,1
AINHYGGSTY,1
AIGPFGYRTY,1
AINWNGCSTY,1
TIHYMGGSTY,1
AIDWNGKTTY,1
AILPWGSYTY,1
AIGSYGDYTY,1
AIKIDGYRTY,1
AIFPFGAYTY,1
AICPYGNYTY,1
AIRWNGVSNY,1
AILPYGKQTY,1
AINPDGAVTY,1
AIRLNGIYTY,1
AIDYRGGHTY,1
AIASFGRRTY,1
AIRWNGVKTC,1
AIIPNGYNTY,1
AIAPLGYSTY,1
AIRWNGVSPY,1
AIAPWGSFTH,1
EIAPFGISTY,1
AIRWAGKYTY,1
AIAPFGFSTY,1
AIRLNCNLTY,1
AIRWNCLDTY,1
AIFPFGESTY,1
SILYVGGSTY,1
AISPYGSPTY,1
AIQPYGYSTY,1
AISTYGRYTY,1
AIGPYGYSTY,1
VISDYGDYTY,1
AVSEYGYSTY,1
AIALLGHSTY,1
PIAPLGYTTY,1
AIDQYGAYTY,1
AILCNGSSTY,1
AINPFGQGTY,1
TIRWNGHSTY,1
AILPYGYGTY,1
AISNRGHITY,1
AIEPYGDSTY,1
AICYIGGSTY,1
AIIPGGRSTY,1
VIRWNGLDTY,1
AIAPWGGTTY,1
AMAYMGGSTY,1
AIAPAGYNTY,1
RISPFGYKTY,1
AIQPFGLETY,1
AIRVYGSGTY,1
AMAPFGSHTY,1
AISEYGSNTY,1
AIRWNGCATY,1
AITPFGECTY,1
AIAPFGYQAY,1
AIRWNVDETY,1
TITMWGGSTY,1
AIEYYRGSTY,1
AIGWDREYTY,1
AISLGGDHTY,1
AIRLNGRYTY,1
AISPQGEQTY,1
AIRWNGSATC,1
AIAPYGGIAY,1
AISPFGKSTH,1
VISPFGYNTY,1
VIMMWGGSTY,1
AISPFGYCTY,1
AIVMCGGSTY,1
AIGPYGDRTY,1
AIRWNGKYTY,1
AIRPFCGDTY,1
VISPLGYSTY,1
AISPYDGYTY,1
AISPYGSHAY,1
AIAPFGIPTY,1
AISPSGSHTY,1
AMVYVGGSTY,1
AISPVGNLTY,1
AIRLNGSPTY,1
AILPPGSQTY,1
AISPSGWSTY,1
SILWNGVETY,1
AIREYGYSTY,1
AIEYYGDSTY,1
AIRPKGYSTY,1
AITPVGRYTY,1
AIAPRGRYTY,1
AIRLSGNFTY,1
AIRPFGDYTY,1
AVTEYGYATY,1
AINPGGSYTN,1
AIRPDGDSTY,1
AISPYCQSTY,1
AIGPFGENTY,1
AILPPGGQTY,1
EIRYAGYYTY,1
AIAPFGSITY,1
AIRYVGCSTY,1
AISEFGYGTY,1
AINPYGRKTY,1
AIYPFGLRTY,1
TISDNGLKTY,1
AISRYGDETY,1
AIDPYGGRTY,1
AIRWHGGETY,1
AIVPYGTRTY,1
ARRWNGDETY,1
AITPFGSRTY,1
AIRPYGEWTY,1
AISPYGRSTY,1
AIRQYGYNTY,1
AISQYGYDTY,1
AISPFGRHNY,1
AISGAGIKTY,1
AITEYGYATS,1
RVSPLGKLTY,1
AISMRGCSTY,1
AISPRGKLTY,1
AVGWDGGYTY,1
RDKPAWWLTY,1
AIGWDGRYTY,1
AIRPYGIHTY,1
AIHGYGSYTY,1
RDKRYGLTTY,1
AIRPSGLSTY,1
AISTRGNFTY,1
AISPAGYGTY,1
AIGSFGDYTY,1
AIRCNGVDTY,1
VISPFGFSTY,1
AIDPFGYYTY,1
AIRCNVVETY,1
AIHPYGSDTY,1
AIAMLGGSTY,1
AINPFGHKTY,1
AISPAGWSTY,1
AIAPFGDHTY,1
AISTYGNYTY,1
AISEFGIRTY,1
AIAPFGGYTN,1
AIKPFGQYTY,1
AISYYGLYTY,1
AIAPFRYSTY,1
TINWNGKYTY,1
AISPFGADTY,1
AIRWSGNKTY,1
AISPLGKSTY,1
AIKIDGNTTY,1
VIAPFGGQTY,1
AIRWNGTATY,1
TIAPFGQNTY,1
AITPFGRGTY,1
AIKAWGQYTY,1
AITPFGGVTY,1
AINPAGQNTY,1
ARRWNGVSTY,1
ATSEYGYSTY,1
AINPYGLRTY,1
AICEYGTYTY,1
AIAPFGFTTY,1
AIKMSGGSTY,1
AIRSNGSATY,1
SITPNGSYTY,1
AIGPNGENTY,1
AINPFGRQTY,1
AISEYGYFTY,1
AIKPGGNHTY,1
AIDTFGNYTY,1
AIGPNVYRTY,1
AIGPRGYRTY,1
AISPYGDDTY,1
AITPNGYYTY,1
AIRWYGEETY,1
AIAQYGDWTY,1
VIGPQGYYTY,1
AIRWYGFATY,1
AISFMGGSTY,1
AIAQFGKYTY,1
AIAPFGDNTY,1
AIRWNGYSTY,1
AIRWNGVESH,1
LIRWNGVETY,1
AIRWNGDYTH,1
AIQYTGGSTY,1
AISPYCSRTY,1
AIGTYGGSTY,1
AIKPFGKTTY,1
AIAPFGYATY,1
AINSNGGSTY,1
AISPFGHATY,1
AIKWNGYYTH,1
AISPHGSWTY,1
AITPYGSITY,1
RYDRMGSRTY,1
AISEYGYHTY,1
AISPHGLYTY,1
VIPYMGGSTY,1
PISPFGGLTY,1
AINWGGSRTY,1
AILPYGSTTY,1
RDNPVWLCDL,1
AIAPFCRTTY,1
AIGWDGSYTY,1
TISPWGYATY,1
AINPYGAYTN,1
AISPVGAKTY,1
SISPDGYKTY,1
AISEYGWGAY,1
RISPFGFTTY,1
AISPNGYNTH,1
AISPAGSYTY,1
AIRMIGGYTY,1
AIAPGGYYTY,1
AISAYGCGTY,1
AIYPYGDITY,1
AIRPFGIKTY,1
AILWNGSSTY,1
AIRPDGYNTY,1
AISPRGAHTY,1
AIQWNDSFTY,1
AIRPFGSNTY,1
RISPGGRYTY,1
AIVPLGGYTY,1
AIGPLGFRTY,1
AIRWNGDETS,1
SISYKGGSTY,1
AIRPFGKSTY,1
AILPFGLSTY,1
AICPFGWSTY,1
AISPAGSWTY,1
AIPYMGISTY,1
AILPFGCDTY,1
AIAPYGYHTY,1
AIAPHGGFTY,1
VISDYGDWTY,1
AIAPWGQYTY,1
AISPIGHGTY,1
AISAYGDGTY,1
AIHGYGFRTY,1
AIRSNGDETY,1
TISPLGNSTY,1
AIYPYGYGTY,1
AISYMGCSTY,1
AITPFGHGTY,1
AISPGGSGTY,1
AITSFGRATY,1
AIIDYGFYTY,1
AISPNGKWIY,1
AMSPWGNYTY,1
ATRWNGVATY,1
AISEYGNYTH,1
RDRSVWSLYL,1
TISPFGYATY,1
AIGQLGYSTY,1
AISTFGDKTY,1
AIGWDGEYTN,1
AIRWNGLATY,1
AIPYMGGSTN,1
TISPNGYATY,1
AIGPFGDGTY,1
AIGPFGRITY,1
AIRWIGEATY,1
AIGYMGGATY,1
AISNYGSYTY,1
AIVPYGQYTY,1
AIRYVGWSTY,1
AIKPFGLGTY,1
AIRPKGDRTY,1
AITPYGAYTY,1
AIAQFGRTTY,1
AIRMWGYSTY,1
AISPPGSRTY,1
TIAPYGEYTY,1
AISDYGLDTY,1
AIRWNGSYTH,1
AISPYCNYTY,1
AIIPYGSHTY,1
AIFPDGHQTY,1
AILWDGVETY,1
AISPCGGYTY,1
AVAPFGGYTY,1
AIEYCGGSTY,1
AIRSNGVDTY,1
AITENGYATY,1
AIRPFGDLTY,1
AITDYGYNTY,1
AIRPDGYWTY,1
AILSMGGSTY,1
AIAPFGNITY,1
AILPYGGNTY,1
AIRPFGQWTY,1
AIPFWGGSTY,1
AISNNGESTY,1
AITYWGGSTY,1
AITPEGYFTY,1
AISGYGYATY,1
AIAPYGQYTY,1
AIAPFGGYIY,1
AIGPRGACTY,1
AIAPFGWSNY,1
AIAPWGSVTY,1
RISPWGGWTY,1
TISPWGNYTY,1
AIRWSCNQTY,1
AIQWNGDATY,1
AIAPYGEYTH,1
AISSFGYSTY,1
AINPRGEATY,1
AIKPFGHTTY,1
AILPYGDGTY,1
AIRYNGDSTY,1
AILPYGRNTY,1
AIAPLGHYTY,1
AISPSGHSTY,1
AIDEYCRYTY,1
AINPFGKSTY,1
AIQPFGWRTY,1
AIAPFGHYTY,1
AIRIWGGSTY,1
AIRPNGNGTY,1
AISDYGYVTY,1
AISPDGHKTY,1
SIRWNGSSTY,1
AISPYGNGTY,1
AIFPYGYKTY,1
AITPYGKETY,1
AMSPFGDYTY,1
AIRPAGYLTY,1
AIDPFGTYTY,1
AITWNGYYTY,1
TIIEYGYGTY,1
AISPYGEDTY,1
AIDMWCGSTY,1
AIRPYGNYTY,1
AIKWNCYYTY,1
AINTYGKYTY,1
AIKSFGGETY,1
AIGPVGKATY,1
AIADYGAYTY,1
VITPFGRETY,1
SIAPFGWSTY,1
AKSPFGYSTY,1
AIRWHGGSTY,1
AIRWHGLDTY,1
AIVPSGGYTY,1
AIEPYGSSTY,1
AIRSTGGSTY,1
AIRWNCIYTY,1
AIRCHGVETY,1
AIRWIGIETY,1
AMRWNGFYTY,1
AIGPYGHDTY,1
VICYKGGSTY,1
SIAPLGISTY,1
AIASWGSFTY,1
ATAPYGYYTY,1
AIRLNGSYTY,1
AICMWCGSTY,1
AIGWNGGYTY,1
AIVPFGWSTY,1
AISPTGLHTY,1
AIKPFGNHTY,1
AIAPYGKFTY,1
AISEYGTGTY,1
PIRWNGGSTY,1
SKSRAGIYTY,1
AIPWNGGSTY,1
AILPDGYSTY,1
AIIFWGGSTY,1
AILPYGSNTY,1
AIIPFGKSTY,1
AICWDGNYTY,1
AILWNCVETY,1
AIGPYGNNTY,1
AISKVGNDTY,1
AIMMWGRSTY,1
AIATFGQNTY,1
VISPFGYSTY,1
AISPICNWTY,1
AISAYGYSTY,1
TISPRGDWTY,1
AISDYGYGTY,1
EIAPYGEYTY,1
TISPYGDRTY,1
AITPLGSSTY,1
AINWGGAHTY,1
AITPFGDHTY,1
AIAPFGWDTY,1
SIRWNGSFTY,1
AIRPYGRFTY,1
AISQTGSYTY,1
AITPWGSFTY,1
PISYYGGSTY,1
AIDQYGSYTY,1
AISECGYRTY,1
AIRRIGVETY,1
AIRPGGAYTY,1
AIADYGYYTY,1
AIEPYGSNTY,1
AIRFRGGATY,1
AISPYGRITY,1
AIAPFGWRTH,1
AISQYGGGTY,1
AIKPSGRSTY,1
AIGEFGWNTY,1
AIAPFGWSTD,1
AINPFGRYTY,1
AISEYGYAPY,1
AISDYDDWTY,1
AIAPYGRNTY,1
AIPPYGLWTY,1
AIGWDGGSTY,1
AIAPFCKSTY,1
TIKPFGFSTY,1
AIKPFGYTTY,1
AITQFGECTY,1
AMRWNGVDTY,1
AISPFGDDTY,1
AIRWNGHETY,1
AIMPCGGSTY,1
AIHPYGKYTY,1
AIAPFGSTTY,1
AIKPYGRRTY,1
AIAYMGVSTY,1
AIRWNGISTY,1
AISPFGQLTY,1
AIRWNGDESY,1
AISPFGYHPY,1
AIAQFGYHTY,1
AIAEYGYYTY,1
AIRWNGLDIY,1
AISQFGYRTY,1
AIKPYGGYTY,1
AMRCNGVETY,1
SIRCNGVETY,1
AMKWNGYYTY,1
AISYYGGDTY,1
AISPLGHYTY,1
AIRWSGLDTY,1
AMAPLGHSTY,1
AIRWNGSFTN,1
AIAPFGWKTY,1
AIRWNGDGTY,1
AISPCGYATY,1
AIAPFGQNIY,1
SISPYGYYTY,1
AIMYKGGYTY,1
AMRWDGYYTY,1
AISTNGFRTY,1
AINMWGRSTY,1
AIAPRGRETY,1
AIVPYGRHTY,1
AIAPFGFETY,1
AITPFGASTY,1
AISPFGVNTY,1
AIKPYGNPTY,1
EITPYGGDTY,1
AIRWTGVSTY,1
AIAPWGRLTY,1
AICMWGGNTY,1
AIGSFGRSTY,1
AIRPNGFYTY,1
AISEYCSTTY,1
VIRWDGYATY,1
AIRRNGGSTY,1
AISECGYSTY,1
AIAPFGEHTY,1
AIRCNGDATY,1
AIGPVGSRTY,1
AIKPFGKFTY,1
AIGPFGNCTY,1
ATSPYGDWTY,1
AIKTFGGSTY,1
AIVPYGKYTY,1
AISDKGKKTY,1
AIEPYGEYTY,1
AIMIRGGSTY,1
AIAPFVLSTY,1
AIVPFGSWTY,1
AIAPSGGYTY,1
AIYPYGDFTY,1
AISPVGNDTY,1
AINPYGDDTY,1
RISPFGSTTY,1
AIMYVGCSTY,1
AIRCAGDYTY,1
AILPSGGWTY,1
AITPFGINTY,1
AISRSGKFTY,1
AIRPFGGFTY,1
AISNFGRYTY,1
AITPFGKFTY,1
SISPNGNITY,1
AIRPSGSYTY,1
AIGWDGGYTD,1
AISTFGERTY,1
AISSFGDSTY,1
AIAPFGAKTY,1
AIYPYGSDTY,1
VISPDGAVTY,1
AIAPFGQETY,1
AIQRYGIDTY,1
AIYPYGDRTY,1
AISPWGNYAY,1
AIALFGASTY,1
AIGPWGASTY,1
AISPFGMATY,1
AISTDGSKTY,1
AIIPFGFSTY,1
AITFWGRSTY,1
AIAPRGTRTY,1
AILWNVVSTY,1
AINPYGNHTY,1
AIHPRGGYTY,1
AIAPYGISTY,1
AIQPYGGLTY,1
AIHPYGSLTY,1
AIQPYGSYTY,1
AIRWHGVATY,1
AISQGGSWTY,1
AIAPFAQNTY,1
AISPIGWRTY,1
AIAKVGSYTY,1
AIAWYGDYTY,1
AILPPGHQTY,1
AIRLYGYNTY,1
AISAYGYATS,1
AISEYGYASY,1
AIAQFGWSTY,1
AIRPMGGSTY,1
AINSFGDGTY,1
AISEYCVYTY,1
EIAPFGQNTY,1
AIAPFGQNNY,1
AITPIGWKTY,1
VIRWNGSFTY,1
AISSYGQYTY,1
AISPFGVDTY,1
AIRWNGDYAY,1
AMSPYGQYTY,1
AISPFGGWTD,1
AISPFSYSTY,1
AIATFGLSTY,1
AIAPCGSYTY,1
AITPWGISTY,1
AINPFGYRTY,1
AISQYGYPTY,1
RINPGGWGTY,1
AISPFGCTTY,1
AIAPFGSYNY,1
PIRWNGSATY,1
AIDTFGGYTY,1
AISPWGNDTY,1
AISKSGGYTY,1
AIRPYGYGTY,1
AIRPYGLSTY,1
TILWNGVETY,1
AIIPFGYGTY,1
AISPFGTWTY,1
AIAPQGISTY,1
AISNYGRYTY,1
AIQNSGQYTY,1
AINPRGDFTY,1
AIASLGHSTY,1
AIRPGGRRTY,1
AISPFGGSTN,1
AIAPFGATTY,1
AIKPYGNWTY,1
AISPYCSWTY,1
AIDPYCLYTY,1
VISPYGWNTY,1
AIHWSGSRTY,1
AIAPWGGFTY,1
TISPFGYQTY,1
AXRWNGVETY,1
AISQFGEWTY,1
AIVPRGGLTY,1
AISPFCSNTY,1
AISPDGNQTY,1
SIRWNVVETY,1
AINLNGKYTY,1
AIAPFCSYTY,1
AIKPYGNRTY,1
AILMMGGSTY,1
AISQFGEVTY,1
AIQLNGSLTY,1
AITPFGRSTY,1
AISMCGGSTY,1
AILPYGISTY,1
AIGPFGYATY,1
AIGFWGGSTY,1
AIRWNGGSNY,1
AIAPCGLSTY,1
AIAPLGASTY,1
AIAPNGINTY,1
AIIMCGNSTY,1
AITPFGYETY,1
AIQGTGDYTY,1
AIAPFGASNY,1
AISPFCEYTY,1
AITPDGYNTY,1
SISPFGASTY,1
AIGPWGNYTY,1
AXSEYGYATY,1
VISPFGQSTY,1
AIAPWGDRTY,1
RVAPAGYNTY,1
AIRPYGDWTY,1
AISPIGDYTY,1
AIKPNGVDTY,1
AIRWNGDYIY,1
AISPGGYYTY,1
AIPYMGGYTY,1
AISQLGDWTY,1
AIDPFGTNTY,1
AIAPWSSFTY,1
AISYYGEYTY,1
AIFPYGRRTY,1
AIKPYGYYTY,1
AICPYGYDTY,1
AMRWNGVESY,1
AIAPFGPSTY,1
AISSFGKYTY,1
AISPRGYATY,1
AIATFGYQTY,1
AISPFCNITY,1
AIAPVGDKTY,1
AIKFMGGSTY,1
AISPNCTNTY,1
RVSYMGGSTY,1
AIAPFGHCTY,1
AIWYMGGSTY,1
AIALFGISTY,1
AISPFDASTY,1
AINYSGSQTY,1
AIKPSGESTY,1
AIAPWGYHTY,1
ARSEYGYATY,1
AINWRGTHTY,1
AASPYGPWTY,1
AIAWDGGYTY,1
AIRPLGRGTY,1
TIVMWGGSTY,1
AIGPNGEWTY,1
AISPEGGATY,1
AINPYGDFTH,1
AIDVYGDSTY,1
AISPCGYKTY,1
AISEYGSKTY,1
AIDPFGWNTY,1
AIYPFGHKTY,1
AINPYGMYTY,1
AISPFGISTD,1
AIKISGGYTY,1
AISPYGEIIY,1
AIPYMGDSTY,1
AINPRGGHTY,1
AVSEYGYGTY,1
AITPRGRNTY,1
AIAPFGGLTY,1
AINPFGGDTY,1
AISPSGSRAY,1
AIEPWGSYTY,1
AILPFGHSTY,1
AISQYGEITY,1
AIYPYGSKTY,1
SIAPFGSHTY,1
AIGDYGRATY,1
AIYPYGSLTY,1
RDTDVGWLTY,1
AISPWCYGTY,1
AIRWSGGSTY,1
RYSRAVVTPY,1
RISPNGDSTY,1
AILPNGSQNY,1
AINDYGSYTH,1
AIPWNGDETY,1
AISDIGHGTY,1
AIKPFGQGTY,1
AIVPWGGHTY,1
AIIPFGNTTY,1
AIEYRGGYTY,1
TISPYGNYTY,1
AIHYVGGSTY,1
AIAPFVQNTY,1
AIVPFGNLTY,1
SISPYGNYTY,1
AIVPFGHGTY,1
AIRWDCYATY,1
AIGWDGGYTH,1
AIQPSGGNTY,1
AIRPYGDYTY,1
AIIPFGCYTY,1
AISSYCYRTY,1
AISPSCDHTY,1
AIRPIGYGTY,1
AIAPFGILTY,1
RDNPFWLCDL,1
SISEFGGYTY,1
AIRMWGRSTY,1
RIIPFGKLTY,1
AISPYGMYTY,1
AITPFGKLTY,1
VIRWNGHSTY,1
PIGRAGDHTY,1
AITPKGFKTY,1
RYCRMVNGPN,1
RDRPGGLFNL,1
AINPFGRRTY,1
AILPFGDSTY,1
AIAPFGQQTY,1
AIAPCGLTTY,1
AINWRCTHTY,1
AIVPWGDLTY,1
AIAPYGSNTY,1
AITPFGQNTY,1
AIRWNGSSTH,1
AIWPYGNYTY,1
AIGPFGRNTY,1
AIRPWGLSTY,1
AISPLGNVTY,1
AITPFGIGTY,1
AITPFGFDTY,1
AIGPDGNYTY,1
AIEPFGSHTY,1
AIRCNGVETH,1
SISPFGDSTY,1
AIAPCGKYTY,1
SISYMGGSTY,1
AITFWGGSAY,1
AINWSGSRTD,1
AINPFGDYTY,1
VIRWNGFYTY,1
AIGPSGYNTY,1
AITPYGYATY,1
AISPYGSYTH,1
AITEYRYATY,1
AISQAGQSTY,1
AIAPFGLSTH,1
AIRWNGDKTY,1
AIASFGISTY,1
AIAPFGCSTY,1
AINWSGSLTY,1
AIRWNGDVTY,1
AISTYGLRTY,1
AISWNGVETY,1
EISPFGLTTY,1
AIRLFGAETY,1
AIYPYGNGTY,1
AIAPFGRITY,1
ATRWIGLETY,1
AIAPFGSHAY,1
AIGYAGGSTY,1
AIGEYGDYTY,1
AIRPNGKITY,1
RYDLSGNFTY,1
AIATFGYSTY,1
AISPFGQTTF,1
AISEYGSATY,1
AIAPLGISTH,1
AIAPFGWPTY,1
AIAPFGDKTY,1
AIKVYGDRTY,1
AISPYCSHTY,1
AIVPYGGNTY,1
AMAPFGYQTY,1
AINEYGKYTY,1
AIRPNGYHTY,1
AIVMWGSSTY,1
AIRRNGVKTY,1
AIKPFGSKTY,1
AIKPYGTYTY,1
AIRPFGKYTY,1
SIAPFGLSTY,1
AISPVGGWTY,1
SIRWNGDYTY,1
AITEYGYAPY,1
SIAPFGGYTY,1
AIKPYGKYTY,1
AISQFGKDTY,1
EIRWNGFYTY,1
ATSEYGWGTY,1
AISPIGGLTY,1
TISPTGRYTY,1
ATGWDGGYTY,1
AMAPFGISTY,1
AIVPRGNWTY,1
AIAPFGLSTF,1
AIHDYGSYTY,1
AMAPFGTYTY,1
AIGPQGGYTY,1
AILPYGHYTY,1
AILPKGDRTY,1
AISDYGGNTY,1
AIEFRGGKTY,1
RVSPFGGTTY,1
AIKWYGYYTY,1
AIPPYGHYTY,1
AISPIGGSTY,1
AIAPLGQNTY,1
AITEHGYATY,1
AITDYGDYTY,1
AINSYGTYTY,1
AISTFGRVTY,1
AIRPFGCDTY,1
AISPRGDCTY,1
GIRYNGGSTY,1
AIKPHGSDTY,1
AISQYGGITY,1
AISDYGDWTN,1
AISNNGDSTY,1
AILWNGVENY,1
AISEYGYGTN,1
AIVVRGGSTY,1
AIAMWGRSTY,1
AIVPFCYQTY,1
AILCNGDETY,1
AIGWDGGNTY,1
AIGPRGGGTY,1
AISQWGYATY,1
AINWNGSRTY,1
AIQPFCHSTY,1
AIRWQGMSTY,1
AIRLDGYATY,1
AIGWHGEYTY,1
AIETLGGRTY,1
RVGPFGRSTY,1
AILWDGFATY,1
AIGDYGYKTY,1
AINPYGYNTY,1
AIEPFGWRTY,1
AIRCNGVQTY,1
AIGWDGGYIY,1
AMSPFGYSTY,1
AIRPWGNYTY,1
AIATFGISTY,1
AISPFCQETY,1
VIAYVGGSTY,1
AIGQQGYYTY,1
AILPYGIFTY,1
AIGPAGNDTY,1
AINDAGYYTY,1
AIGWDVEYTY,1
VIEYYGGSTY,1
AISPYCTWTY,1
AILPFGHQTY,1
AIQPFGQYTY,1
AIKPYGKRTY,1
AIQPSGGYTY,1
AISPLGRRTY,1
AITMWGSSTY,1
AINWNDGSTY,1
AISPDGEYTY,1
AIAPDGGYTY,1
AIAPIGLSTY,1
AISEVGGYTY,1
AIAPIGSHTY,1
AISPCGGTTY,1
AISEYSWGTY,1
AILWYGVETY,1
AIEYDGGSTY,1
AISPVGLDTY,1
AISPGGKRTY,1
AILYVGGYTY,1
AIAPYGSFTY,1
AIAPWGGSTY,1
AIRWNVSSTY,1
AIAPDGKYTY,1
AITPNGDYTY,1
AISGHCLATY,1
AIDEYGYYTY,1
AISEYGYSTN,1
AIAPRGYRTN,1
AIAPFGMRTY,1
AIYPFGSNTY,1
AMGPPGEYTY,1
AIGPFGSNTY,1
AISWRGYNTY,1
AISPHGSKTY,1
AISPGGEVTF,1
AIRWNGLDAY,1
AITPYGRFTY,1
AISPPGNYTY,1
AISQFGYQTY,1
AISPFGDKTH,1
AITPIGSSTY,1
AISEYRYATY,1
AIDLYGDVTY,1
AIAPYGEYTN,1
AISPNGRYTH,1
AINWRGNYTY,1
AINWSGGRTY,1
AMVMWGGSTY,1
AISGGGRSTY,1
AIQYKGFSTY,1
AIEPFGYHTY,1
AMSPYGDYTY,1
AISPGGRQTY,1
AIRWNGSNTY,1
AIQGYGHYTY,1
AISPIGRNTY,1
AIFMWGGSTY,1
AIRRNGRYTY,1
AIAPYGVSTY,1
AISPYGDYIY,1
RISPFGWSTY,1
AISPFGDCTY,1
AIRCNGLYTY,1
AIASFGGYTY,1
AIAFWGGSTY,1
AISPKGSFTY,1
AIAQYGSYTY,1
AISEYGNATY,1
AISPYDTYTY,1
AIAPHGNRTY,1
AIRPNGNYTY,1
AISEYGHGTY,1
AIRLNGVEIY,1
AIGPLGSSTY,1
AIAPFSEYTY,1
AIGWKGVETY,1
RVSPYGEWTY,1
TIAPFGGQTY,1
AIRWNGVEYY,1
AIRPYGRLTY,1
AINPYGNITY,1
AIKPYGSFTY,1
AINWSGTRTY,1
AIPMLGGSTY,1
RDVMWGGSTY,1
AISHDGSYTY,1
AIEYKGCSTY,1
AIRWNDDYTY,1
AITPFGDATY,1
AIGPSGQWTY,1
AIRLNGVESY,1
AIKPFGKLTY,1
AIEISGGSTY,1
AITFWDGSTY,1
AIAPYGEHTY,1
AIVMWGRSTY,1
AIVPFGYHTY,1
AIPPYGLDTY,1
AIAPFGYNTS,1
AIAPWVSFTY,1
AIATFGWSTY,1
AIKWNCLYTY,1
SIAPYGRYTY,1
AINRNGKYTY,1
AISSFGKHTY,1
AIYPIGRSTY,1
AITPFGRHTY,1
ARAPFGQNTY,1
AIYPYCEYTY,1
AISPVGSITY,1
AISPYGNYTF,1
AIFPFGKFTY,1
AIAPYGQSTY,1
AISPFGYPTY,1
AIGGYGKYTY,1
AIAPYGGQTY,1
AISDYGMGTY,1
AIFPYGNYTY,1
AISYYGTRTY,1
AIYPFGHRTY,1
AISPYGWGTY,1
AISEYDWGTY,1
AISPFGWGTY,1
SIAPFGYSTY,1
AIRWNGGSTD,1
AMSPNGQGTY,1
AISEYGYQTY,1
AIRWNGESTY,1
AIHPWGGRTY,1
AMAPFGSYTY,1
AIRPSGDWTY,1
AICPFGKATY,1
AIKPYGSRTY,1
AISEYGWGTC,1
TIAPFGSHTY,1
AIAPWGGETY,1
RYDRLVIQPI,1
SIPMWGGSTY,1
AINPGGSYTY,1
AIFPFGNGTY,1
AIKYSGGSTY,1
AIVMWGCSTY,1
AISELGWNTY,1
AIHPYGARTY,1
AITPFGADTY,1
AIAPFGKFTY,1
AISEFGYSTY,1
AISPLCYSTY,1
AIAPFGISIY,1
AIAPLGHSAY,1
AIASYGEYTY,1
AISPFGSYAY,1
AIAPLGYYTY,1
AINWNGYYTY,1
RYARMVIGPI,1
TITYYGGSTY,1
AINPYGYRTY,1
AIRWNSGSTY,1
AISPFCGNTY,1
AIQWNCVETY,1
AISNMGGSTY,1
AIAPGGEKTY,1
AIRWNGEWTY,1
AIRWNVLETY,1
AISDYGNWTY,1
AINSNGYRTY,1
AINFRGGSTY,1
AIRWDGYAIY,1
AISKYGKYTY,1
SIRWNGGSTY,1
AIRWGGYATY,1
AISPYGECTY,1
AIELRGTHTY,1
AIQPFGKDTY,1
AISPGGKHTY,1
AILPFGKYTY,1
AISWDGEYTY,1
AITDYGSYTY,1
RISERGNYTY,1
AIAPFSYSTY,1
AIRWSGSRTY,1
AIMYMGCSTY,1
TIAQFGEYTY,1
AISTSGDHTY,1
AINPFGSATY,1
AMAPFGLTTY,1
AISPDGYNTF,1
EISPFGNNTY,1
VIAPWGSFTY,1
RYIRLVAAPI,1
AISPCGQDTY,1
AIHTYGFRTY,1
TISPFGYNTY,1
AIAPTGYATY,1
AMAPFGASTY,1
AISPSSYLTY,1
AIYPFGNKTY,1
AITPLGYTTY,1
AIRRNGVATY,1
AIHTYGDYTY,1
AIGWAGEYTY,1
AIVPFGNNTY,1
AIRPFGLSTY,1
AISPDGAVMY,1
AISPFCYGTY,1
VILWNGVETY,1
AISPWGDQTY,1
AICPTGYSTY,1
RYCRMALHTY,1
AISEFGLFTY,1
AIRWNGRATY,1
AIQYSGQYTY,1
AINPFGHWTY,1
AIVPLGISTY,1
AISPYGSQTY,1
AIADFGWRTY,1
AILMWGVSTY,1
AILPYGSATY,1
AIDAFGNYTY,1
AISEYGLSTY,1
EISEAGYHTY,1
ARRWNGVDTS,1
AIMMWGGWTY,1
AISGFGGNTY,1
AIRGYGYETY,1
AIRLMGGSTY,1
AIRWDGSSTY,1
AIQSYGWRTY,1
PIKPYGYKTY,1
AIPFMGGSTY,1
AITPIGYDTY,1
AIRFMGGSTY,1
AIAPFGQNTH,1
AIEPFGRNTY,1
AITPFGEKTY,1
AITPGGGTTY,1
AIAPFCYNTY,1
AMSPFGNYTY,1
AISPYGPRTY,1
AIIMRGDSTY,1
AISWNGVYTY,1
AIRWNGSFTS,1
AIGPLGGSTY,1
AISEYGYVTC,1
AIHPYGSWTY,1
AISPIGKATY,1
AIRWNVYETY,1
AIYPLGFGTY,1
GITPFGLETY,1
AIDDYGYYTY,1
AIVPRGGYTY,1
AIAPYGNSTY,1
AIRWDGFATH,1
AIIPFGDYTY,1
AITPSGSLTY,1
AISQFGIGTY,1
AIMMWCGSTY,1
AISPYGKKTY,1
AISEYGYGTC,1
AIRPFGSFTY,1
AIVPRGGATY,1
AITPQGFGTY,1
AIDPYGELTY,1
AISPLGYSSY,1
AISQFGSWTY,1
AIAPFGYPTY,1
AIRPNGVETY,1
AIHPFGGYTY,1
AIEPYGSYTY,1
AITMWGGSTF,1
AIRWNGSATS,1
AIAPTGDYTY,1
EISPYGEYTY,1
AISQFGAYTY,1
AIKWNCRYTY,1
AIYPYGGWTY,1
AIPYMCGSTY,1
GISEYGWGTY,1
AIKPIGKETY,1
AISPYGGCTY,1
AINPYGYDTY,1
AICPFGDWTY,1
AIAPFGDGTY,1
TISDYGDWTY,1
AIGAPGIGTY,1
AISEFGGYIY,1
AISPVGYNTY,1
AIRPYGDDTY,1
AITPFGYGTY,1
RISPNGYKTY,1
AIRPFGPETY,1
SISDNGLKTY,1
GIAPFGYSTY,1
AILYMGGTTY,1
AIAYMGSSTY,1
AIQPFGGYTY,1
AISPLDYSTY,1
AIAPFGRATS,1
AISPYGLHTY,1
AIRYIGGSTY,1
AIRWDGFVTY,1
AISYMGVSTY,1
AISAYGDATY,1
AIRPHGRRTY,1
AITPFGSITY,1
AINDYGQSTY,1
AIQPYGSLTY,1
AISYRGNETY,1
AISPFGSMTY,1
AIRWNGNFTY,1
AISPLGYPTY,1
AISPFDERTY,1
AINENGSYTY,1
VITPYGSFTY,1
AISDYGQLTY,1
AIKWGGVRTY,1
VISPFGEYTY,1
AINPFCDRTY,1
AISPWGVSTY,1
AISPSGGGTY,1
AITPDGYGTH,1
AMRWDGFATY,1
EIDPYGRYTY,1
AIRPYGNWTY,1
AIRWAGSSTY,1
AIMMWGSSTY,1
TISDYGEWTY,1
AISPYGSGTY,1
AITEYGISTY,1
AIAPWGSFAY,1
TIAPFGASTY,1
AISEYGWGTN,1
AISPDGFATY,1
AIRLDGVETY,1
AIGTHGKGTY,1
AIEPFGYNTY,1
AIYPFGQGTY,1
AISPYCAYTY,1
AITYFGGSTY,1
AISQFGEKTY,1
AIGTFGNGTY,1
MIRWNGVETY,1
AIRCNGHSTY,1
ATSPYGEYTY,1
TISPWGGYTY,1
AIAPYGGSTY,1
AISLFGLQTY,1
AIAPCGYSTY,1
AILPRGSRTY,1
AIRWNGYGTY,1
AISPRGQHTY,1
AISPWGHFTY,1
AISPLSYSTY,1
AISPYGQRTY,1
AISPWGGSTY,1
AIAPLGWSTY,1
ALRWNGVDTY,1
AIRWHGVDTY,1
AIVPYGYRTY,1
AIYMSGGSTY,1
AIRSFGGRTY,1
AIALFGSHTY,1
AISPWGNYIY,1
AIGPTDHGTY,1
PISPFGYRTY,1
AITPYGKVTY,1
SIVMWGGSTY,1
AILYMGGSTS,1
RISPYGSYTY,1
AIKIYGKTTY,1
AISSFGNWTY,1
AISPFGTTTY,1
TIHPYGYKTY,1
AIQPYGGDTY,1
RVKAYGEATY,1
AIEPFGYLTY,1
AIDPFGAYTY,1
AIGPFGNDTY,1
AISTRGSYTY,1
AIVPYGKLTY,1
AIKIDGKGTY,1
AINPLGTYTY,1
AIRRNGVDTY,1
AIRWNGSFIY,1
AIVMWCGSTY,1
AISPTGLYTY,1
AISPYGDGTY,1
AISPNGVETY,1
AIKPFGAETY,1
TISPFGGYTY,1
VIHPFGSGTY,1
AIRWDGFAIY,1
TISEWGYRTY,1
RVSPYGNYTY,1
AISPFGYNTH,1
AISPYGGHTY,1
AINHRGDYTY,1
AINPLVGSTY,1
AIDEYGSYTY,1
AIAPWGSLTY,1
AISPWGSYTY,1
AISEFSGYTY,1
VINSFGGRTY,1
AINTRGGQTY,1
SIGPYGSYTY,1
AISDYGDWTH,1
AISEFGWNTD,1
AILWNDVSTY,1
VIRWNGVETD,1
AIGPDGWTTY,1
AIAPFGHKTD,1
AIAPYGYATY,1
AIRWTGVDTY,1
AIFPFGGFTY,1
RISPNGVYTY,1
AISPFCYQTY,1
AILWNGHSTY,1
AISPWGNNTY,1
AIGPEGFNTY,1
AITPIGRATY,1
AIIPIGGRTY,1
AIRPFGMETY,1
AIGSEGYYTY,1
AILPYGLNTY,1
AISPHGSDSY,1
AIKYAGGSTY,1
AISTYGDFTY,1
ARSEYGYGTY,1
EIRWNGVENY,1
AIRWNGDTTY,1
AISPWGSFTY,1
AILPYGQYTY,1
AITPVGYSTY,1
AITPYGSLTY,1
AISEYGEATY,1
AIAPFCGQTY,1
AILPYGDYAY,1
AIRPYGYYTY,1
TIRWDGFATY,1
AITQYGKYTY,1
AIDPCGNYTY,1
TISPFGFSTY,1
AISPFGDSAY,1
AISPWGLETY,1
AIRWNDSATY,1
EIAPFGYQTY,1
AIRSLGRDTY,1
AIRWNASATY,1
AITPGGLCTY,1
AIRWNGDETN,1
AIAPFGHRTY,1
AIRPNGSETY,1
AIRWCGVDTY,1
AIGPFCGHTY,1
ALRWNGVETS,1
AILPYGRFTY,1
AIGPYGDQTY,1
AIIPYGKYTY,1
AIKPFGWSTY,1
AIRWNGQDTY,1
AIAPLGHPTY,1
AISPDGCTTY,1
AIDPWGLLTY,1
AIAPYGINTY,1
AIYPYGNKTY,1
AISQWGGWTY,1
AIQWNGYYTY,1
AISEYGSSTY,1
AISQFGGTTY,1
AITPLGGLTY,1
SISPFGFSTY,1
AINPFGNSTY,1
AIGPGGGMTY,1
AIRWNSVSSY,1
AIRWNGDHTY,1
AISEYGYSTH,1
AISPYGSHTH,1
AIGPNGYYTY,1
TITPFGGYTY,1
AIRWNDDETY,1
AIQWNGIYTY,1
PIIYKGGSTY,1
AISPYGNYIY,1
AIMYCGGSTY,1
AIGPLGLNTY,1
AINWSSSRTY,1
AIHPYCYRTY,1
AIRLNCVETY,1
AITPRGNYTY,1
AIKPHGSSTY,1
AIAPVGQNTY,1
AIRWNGVVTY,1
AISEFGSRTD,1
AISQNGYTTY,1
AIRPNGAYTY,1
AISEYAYGTY,1
AISDYGDWTS,1
DIRWNGVETY,1
AIREYGDATY,1
AIAQFGRNTY,1
AITMWGRSTY,1
AIYPYGGITY,1
AIRFVGTETY,1
AIAPYGIYTY,1
AIAPYGYRTY,1
AITYMGGSTD,1
AIRWNGIETY,1
AIVQTGNRTY,1
AITEYGYNTY,1
AIKPYGYLTY,1
AIRPFGGSTY,1
AIAPFGGHTY,1
AIAPYVEYTY,1
AIRWNCVDTY,1
AISPYGCSTY,1
AIKWNGYFTY,1
AITPFGDYTY,1
TITPFGNSTY,1
SIAPFGASTY,1
ALRWNGVSTY,1
AISPFGNCTY,1
AIGPVGSQTY,1
AIKCNGDYAY,1
AIIPYGDRTY,1
TISPYCHLTY,1
AIGWDGESTY,1
VIAPFGRNTY,1
