Count_CDR2,count
AIRWNGVETY,636196
AISEYGYATY,142900
AITEYGYATY,76350
AISEYGYGTY,56980
AIRWNGLDTY,52274
AISPYGEYTY,35319
AIRWNGGSTY,33916
AIAPFGEYTY,15730
AIAPYGEYTY,15650
AIGWDGEYTY,13853
AIRWNGVSTY,13578
AIRWNGSSTY,13516
AIAPFGGYTY,12552
AIRWNGDETY,10956
AISEYGWGTY,10882
AIAPFGLSTY,10156
AISPFGYSTY,8664
AIRWNGFYTY,6479
AIGWDGGYTY,5920
AIAPFGQNTY,5611
AIRWNGSATY,5284
AIAPWGSFTY,4672
AIAPFGISTY,4316
AIAPFGYSTY,3696
AIAPFGYQTY,3583
AISEYGYSTY,3273
AISPLGYSTY,3267
AISPWGNYTY,3125
AIAPFGSHTY,2779
AIRWNGDYTY,2750
AIEYYGGSTY,2698
AITFWGGSTY,2316
AIRWNGSFTY,2286
AIAPFGASTY,1669
AIRWNGNYTY,1555
AIVMWGGSTY,1467
AISDYGDWTY,1385
AISPFGFSTY,1385
AISPFGGYTY,1278
AIPYMGGSTY,1274
AIKWNGYYTY,1247
AISPFGDSTY,1104
AISPFGASTY,1070
AIAPFGSYTY,1031
AIRWNGHYTY,938
AIAPFGYHTY,876
AIAMWGGSTY,857
AIAPFGWSTY,763
AIAPFGKSTY,757
AISPYGSHTY,732
AIRCNGVETY,630
AISPFGYGTY,626
AISPFGYATY,624
AIAPLGHSTY,620
AIAPYGSYTY,612
AIAPFGLTTY,608
AISPYGGYTY,559
AIAPFGYNTY,558
AIRWSGNQTY,539
AISEFGWNTY,531
AINWSGSRTY,531
AISEFGGYTY,514
AISPFGIGTY,508
AISPYGYYTY,494
AISPFGYNTY,493
AIAPYGGYTY,493
AISPFGKSTY,464
AIRWDGYATY,453
AISPYGDWTY,434
AISPFGENTY,429
AISPYGSYTY,427
AILWNGVETY,426
AISEYGFYTY,422
AISPYGDYTY,417
AISPFGISTY,409
AIAYMGGSTY,406
AISPWGGYTY,391
AIAPFGKYTY,381
AIAPFGGQTY,380
AIAPFGRTTY,372
AIRWDGFATY,365
AISEYGSYTY,361
AINWNGKSTY,360
AINWNGKYTY,351
AISPYGNYTY,333
AISPYGRYTY,323
AISPFGQGTY,323
AIVMRGGSTY,310
AIRWNCVETY,304
AIAPFGSWTY,292
AIAPFGQYTY,287
AIRWNGRYTY,283
AIRLNGVETY,275
AIRWNGVESY,274
AIAYYGGSTY,272
AISPFGDYTY,271
AISPFGNYTY,266
AIQWNGVETY,249
TIRWNGVETY,245
AIAPFGRNTY,244
AITPYGEYTY,240
AISEYGYVTY,237
AISPYGKYTY,235
AIRWNGSYTY,232
AISPFGDHTY,227
AIAPLGISTY,224
AIGPQGYYTY,219
AISPWGYATY,214
AISPGGDHTY,201
AIDPYGLYTY,200
AISPFGYQTY,198
AIRMWGGSTY,195
AISPYGYSTY,187
AIAYVGGSTY,185
AISPFGSYTY,184
AISPFGGFTY,174
AIRWNGVETH,172
AISPFGSHTY,170
AISPLGGSTY,164
AISWDGSYTY,164
AIAPFGGTTY,163
AISEWGYRTY,162
AISDYGLGTY,160
AISPRGEATY,159
AISPFGYRTY,159
AISPFGEYTY,158
AISEAGYHTY,153
AIRPFGLETY,150
AISPFGFNTY,150
AISPFGGWTY,143
AISPFGRYTY,142
AISPWGGWTY,141
AITEYGYVTY,135
AIDMWGGSTY,134
AIAPFGLQTY,131
AIGPYGSYTY,131
AISPDGSGTY,130
AITMWGGSTY,130
AISPLVGSTY,128
AIRWNGMETY,121
AISPFGSSTY,120
AISEYCYATY,119
AISPDGWTTY,119
AIPMWGGSTY,116
AIGPFGNGTY,116
AISPYGAYTY,115
AIAPYGGITY,113
VIRWNGVETY,112
AIIMRGGSTY,111
AIMMWGGSTY,109
AISDYGDYTY,108
AISPFGLSTY,108
AMRWNGVETY,108
AISPFGKYTY,105
AIVYMGGSTY,105
AISEYGYYTY,101
AISPWGSTTY,100
AIAPFGHGTY,98
AISEYGSTTY,97
AIGPFGWSTY,96
AISPFGYTTY,94
AIRWNGVDTY,93
SIRWNGVETY,93
TISEYGYATY,93
AIYPYGEYTY,91
AISPFGRNTY,91
AISPLGGYTY,90
AIAPWGSYTY,90
AINYMGGSTY,90
AIRWYGVETY,89
AISPYGEITY,89
AISPFGHSTY,87
AIRWNGIYTY,87
AISPIGYGTY,85
AISPFGGSTY,85
AIAPFGYTTY,83
AIDDYGRYTY,80
AINWNGGSTY,79
AIIMWGGSTY,79
AILYMGGSTY,78
AIIYMGGSTY,78
AIRWNGHSTY,77
AISWDGNYTY,77
AISPYGSRTY,76
AISPYGYRTY,76
AISEYGGYTY,76
AIRWHGVETY,75
AISMWGGSTY,75
AIRWNSVETY,74
AISPFGGRTY,73
AIRWNGDATY,73
AISPEGSYTY,73
AISPYGGGTY,72
AIRWNDVETY,72
AISPNGEWTY,72
AISPFGLNTY,71
AISPFGLGTY,70
AIRWAGDNTY,70
AISYMGGSTY,70
AISPFGNSTY,70
AISPLGNSTY,70
AIDPYGGYTY,70
AIRWAGDYTY,69
AILMWGGSTY,69
AINPYGNATY,68
AISPDGKVTY,68
AIPYKGFSTY,66
AITEYCYATY,66
AISPYGQYTY,65
AISPYGGLTY,65
AISPFGDWTY,65
AISPFGGNTY,64
AISPLGWQTY,64
AISYYGGSTY,63
AISPFGEWTY,63
AISPDGSKTY,63
AITEYGYYTY,62
AIVYVGGSTY,62
AIRWNGLETY,61
AIGPDGKYTY,60
AIRYMGGSTY,59
AIDPYGDVTY,59
AISPFGGTTY,58
AIRWDGVETY,58
AILYVGGSTY,57
AISEYGEWTY,57
AISPFGYKTY,57
AISPDGSYTY,57
AISPFGRSTY,56
AISPDGYKTY,56
AICMWGGSTY,56
AIAPIGYGTY,55
AIIYVGGSTY,55
AISPLGYQTY,55
AISPDGYSTY,54
AISPYGLYTY,54
AISPFGSNTY,54
AIAPFGQFTY,54
AIKIDGKTTY,53
AIRCNGLDTY,53
AIRWSGVETY,53
AIGPYGYTTY,52
AIRRNGVETY,52
AIGPLGYSTY,51
AIRYNGGSTY,51
AIDPYGRYTY,51
AICYMGGSTY,51
AISPYGEWTY,51
AISPFGNRTY,51
AIRWNGMDTY,51
AISPFGYETY,51
AISPFGDNTY,50
AISPFGNWTY,49
AISPFGNNTY,49
AIKMWGGSTY,49
AISPNGKWTY,48
AISPFGYHTY,48
AISPRGDWTY,48
AINYNGYRTY,48
AIDEYGRYTY,47
TITEYGYATY,47
AISPYGSKTY,47
AILWNGLDTY,47
AISPFGGLTY,47
AISPYGTYTY,47
AISPNGYSTY,46
AISPDGYNTY,45
AISPFGLETY,45
AISPYGDFTY,44
AISPFGLTTY,44
AIQMWGGSTY,44
AISPYGLRTY,44
AISPYGNRTY,44
AITPYGGYTY,43
AIDYMGGSTY,43
AIAPFGSSTY,43
AISPYGYNTY,43
AISPFGDQTY,43
AIGPFGDWTY,43
AISEYGEYTY,42
AISPYGEETY,42
AISPLGDWTY,42
AISPYGGRTY,42
AISEYGYDTY,42
AISAYGYATY,42
AISPFGDRTY,41
AISEYGYATH,41
AISEYGYCTY,41
AIMYMGGSTY,40
AIAPFGNLTY,40
AIAPFGHWTY,40
AISPYGDKTY,40
AISPFGGATY,40
AISPDGNLTY,40
AIAPFGGRTY,40
AIGYMGGSTY,40
AITYMGGSTY,39
AIAPYGRYTY,39
AISPDGKTTY,39
AISPFGLDTY,38
AISEYCYGTY,38
AIRWDGYYTY,38
AISPFGQYTY,38
AISEYGTYTY,38
AISPSGKSTY,37
AIKWNGRYTY,37
AINSRGDRTY,37
AIRPFGGDTY,37
AISDYGYNTY,37
AISPGGGTTY,37
AISPFGRATY,37
AISPFGLKTY,37
AIDPYGYYTY,37
AISPWGGHTY,37
AIAPYGEWTY,37
AISSFGDGTY,37
AISPFGLRTY,36
AISPDGAVTY,36
AIQWNGSNTY,36
AISPGGGWTY,36
AISPAGNYTY,36
AIKWNGDYTY,36
AIAPFGHKTY,36
AIRWNVVETY,35
AISPYGHYTY,35
AISPYGGWTY,35
AISPFGRRTY,35
AIKWNGLYTY,35
AISPFGGITY,35
AICYKGGSTY,35
AIAPWGGRTY,34
AISPSGKNTY,34
AISPYGERTY,34
AISYDGSYTY,34
EIRWNGVETY,34
AITPFGEYTY,34
AIQYMGGSTY,34
AIMYNGGSTY,34
AISPFGSLTY,34
AISPYGDQTY,33
AINHRGDSTY,33
AISPWGLGTY,33
AISPNGRYTY,33
AISDYGEWTY,33
AIAPFGYKTY,32
AISDYGYYTY,32
AIGPYGSWTY,32
AIDPYGSYTY,32
AISPFGSRTY,32
AIPYWGGSTY,32
AISPFGEVTY,32
AIGPFGDYTY,32
AIYYMGGSTY,32
AISPTGSYTY,32
AISPWGYETY,31
AISPYGEKTY,31
AIRWNGAETY,31
AISPRGNWTY,31
AIRWNGVKTY,31
AIGPPGEYTY,31
AISPFGSTTY,31
AISPGGLYTY,31
AIRCNGGSTY,30
AISYVGGSTY,30
AIIYKGGSTY,30
AISPFGQNTY,30
AISPNGYTTY,30
AISDNGLKTY,30
AIDVYGQNTY,30
AIRWNGVATY,30
AIAPFGWHTY,30
AISPRGDLTY,30
AITYKGGSTY,30
AISPNGLDTY,29
AISPFGHVTY,29
AISPNGKHTY,29
AIGMWGGSTY,29
AISPFGDLTY,29
AISPFGNDTY,29
AIRWNGVETN,29
AIMYVGGSTY,29
AISYTGGSTY,29
AISPRGDRTY,29
AISPFGRFTY,29
AINYYGGSTY,29
AISPDGYWTY,29
AISPDGSRTY,29
AISPFGNQTY,29
AINMWGGSTY,29
AIIYSGGSTY,29
AISPNGDSTY,28
AITPDGNYTY,28
AISPSGGQTY,28
AIRWNGVETC,28
AISPNGDYTY,28
AISPFGLQTY,28
AISSYGNSTY,28
AIRWNCLDTY,28
AITPYGKYTY,28
AISPFGDKTY,27
AISEYGAYTY,27
AIRWNGLSTY,27
AITPGGRSTY,27
AILPSGGYTY,27
AIEYMGGSTY,26
AISPYGDRTY,26
AISPYGEHTY,26
AISPNGKRTY,26
AIGEYGYATY,26
AISPNGGYTY,26
AISPDGRYTY,26
AISPYGLTTY,26
AISPFGRTTY,26
AISPFGSQTY,26
AISEYGDLTY,26
AISPLGDQTY,26
AISPYGFNTY,26
AISPFGLATY,25
AIAYAGGSTY,25
AISPFGQRTY,25
AINPYGRRTY,25
AISPYGDSTY,25
VISEYGYATY,25
AISPDGYFTY,25
AISPFGFTTY,25
AIRWNGVEIY,25
AISPLGDSTY,25
AISPSGSLTY,24
AIAPYGKYTY,24
AISEYGGKTY,24
AIDYYGGSTY,24
AIAPDGYFTY,24
AISANGLKTY,24
AISEYGYETY,24
AIAPFGTYTY,24
AISSYGDYTY,24
AISPFGTSTY,24
AIAPYGDWTY,24
AISYSGGSTY,24
AINYVGGSTY,24
AITKYGYATY,24
AIAPFGDSTY,24
AISPFGDVTY,24
AIDPYGFYTY,24
AISPFGNITY,24
AINPYGGYTY,23
AISPFGSFTY,23
AIAPYGGRTY,23
AIRPFGYHTY,23
SISEYGYATY,23
AIRWKGVETY,23
AISPFGEITY,23
AIQWNGLDTY,23
AIFPYGSYTY,23
AIFYMGGSTY,23
AIAPFGNSTY,22
AIFPDGRTTY,22
AISDYGEYTY,22
AISPYGNLTY,22
AISQYGEYTY,22
TISEYGYGTY,22
AIHYMGGSTY,22
AIDPYGDRTY,22
AINENGSHTY,22
AIKTFGGYTY,22
AISPAGDHTY,21
AISPRGDYTY,21
AIAPRGGFTY,21
AIGPFGSYTY,21
AISSYGGYTY,21
AISPGGGYTY,21
AICYVGGSTY,21
AIDFMGGSTY,21
AISPNGTNTY,21
AISPWGDLTY,21
AISPRGGGTY,21
AISDYGRYTY,21
AILYKGGSTY,21
AISPYGGETY,21
AISPNGSYTY,21
AISPYGSFTY,21
AIAPFGLRTY,20
AIGPFGSGTY,20
AIMMRGGSTY,20
AIAPFGDRTY,20
AISPFGKETY,20
AITPFGESTY,20
AISPYGDVTY,20
AMSEYGYATY,20
AISPFGINTY,20
AISPLGSYTY,20
AIRWNGVETD,20
AISPLGNKTY,20
AIYPFGGGTY,20
AIGPYGNYTY,20
AIRPFGYNTY,20
AILPYGSYTY,20
AISPRGNETY,20
AISPYGTKTY,20
AISPFGKATY,20
AIRYNGIYTY,20
AITPFGDQTY,20
AIRWNGLDTH,20
AISKYGYATY,20
AIAPFGYRTY,20
AISDFGNYTY,20
AISPYGKFTY,19
AITPWGSYTY,19
AIGPFGGTTY,19
AISPGGYLTY,19
AIKYMGGSTY,19
AISPFGSWTY,19
AISEYGYATN,19
AIGPFGDSTY,19
AISECGYATY,19
AILPYGGYTY,19
AIAPFGMSTY,19
AISPNGYRTY,19
AIVPYGRRTY,19
AIYPYGLNTY,19
AIRYVGGSTY,19
AISPFGDATY,19
AISPNGKYTY,19
AIREYGYATY,19
AISDYGSYTY,18
AISPYGNSTY,18
AISYNGGSTY,18
AIGPFGRKTY,18
AISPSGSRTY,18
AIRPDGYETY,18
AISPFGSKTY,18
AISPFGQETY,18
AITEFGYATY,18
AISPNGEYTY,18
AISPFGQTTY,18
AIRLNGGSTY,18
AISPDGRETY,18
AIDPYGKYTY,18
AIDPYGNSTY,18
AISPFGYDTY,18
AISPFGRITY,18
AITEYGYATH,18
AISPVGLGTY,18
AIGWYGEYTY,18
AISHRGDRTY,18
AIQYVGGSTY,18
AIRWNGCSTY,18
AIKWNGSYTY,18
AISPFGRHTY,18
AISPYGTFTY,18
AINPYGSWTY,18
AISPFGGDTY,18
AISPFGFKTY,17
AIGPFGRSTY,17
AITPYGSYTY,17
AISPFGERTY,17
AIVYTGGSTY,17
AISPFGNGTY,17
AISSYGRYTY,17
AIDPYGAYTY,17
AISPNGFYTY,17
AISPFGQSTY,17
AIRTFGGDTY,17
AIGPFGRGTY,17
AISPYGYHTY,17
AITPFGNFTY,17
AITPFGLETY,17
AISPNGQWTY,17
VITEYGYATY,17
AITPFGDLTY,17
AIPYVGGSTY,17
AISPYGKITY,17
AISPYGTRTY,17
AISPFGHYTY,17
AISPWGSHTY,17
AIRWNGLYTY,17
AISHNGGSTY,17
AISPYGIRTY,16
AISPYGKRTY,16
AISPDGRKTY,16
AIAPFGFRTY,16
AIKYVGGSTY,16
AISPFGHQTY,16
AISPGGEVTY,16
AISPFGRVTY,16
AISPNGYYTY,16
AITPLGLKTY,16
AIRYKGGSTY,16
AISDNGHITY,16
AISPYGDLTY,16
AIDPYGEWTY,16
AISPRGQLTY,16
AISPSGDATY,16
AISPFGAYTY,16
AISPWGGFTY,16
AIGPFGSQTY,16
AISPWGYHTY,16
AIIEYGYATY,16
AIDDYGRSTY,16
AIRLNGLDTY,16
AISPDGNTTY,16
AISPFGNLTY,16
AISPRGDVTY,16
AISDYGNYTY,16
AISEYGRFTY,16
AISPFGIRTY,16
AITPYGRYTY,16
AIAPSGGSTY,16
AIRWGGSYTY,16
AIDPFGGYTY,16
AIAPFGNYTY,16
AIRPFGWSTY,16
AIFPYGQLTY,16
AIAPFGDFTY,16
AISPFGSVTY,15
AIGPYGQYTY,15
AIRYSGGSTY,15
AISPNGNYTY,15
AISPNGLSTY,15
AIRWNGVSSY,15
AIEFRGGNTY,15
AIGEFGYYTY,15
AIGLRGNDTY,15
AISPRGGYTY,15
AISPNGGSTY,15
AISPWGYRTY,15
AIGPFGNYTY,15
AISPGGGVTY,15
AISYKGGSTY,15
AINPYGDSTY,15
AISPYCEYTY,15
AIRMHGGSTY,15
AIAPFGRKTY,15
AISPEGARTY,15
AISEYGDYTY,15
AISPGGSSTY,15
AISPYGSETY,15
AILPYGTYTY,15
AISPFGSGTY,15
AIVYKGGSTY,15
AINPFGGYTY,15
AIAPFGDQTY,15
AITYVGGSTY,15
AINPYGSYTY,15
AITPFGYTTY,15
AIRWKGSGTY,14
AISPFGNETY,14
AIRWNGVETS,14
AISPFGRQTY,14
AIYPYGDRTY,14
AIGPNGETTY,14
AIGPFGNTTY,14
AISEYGRYTY,14
AISPFGNATY,14
AILPNGSQTY,14
AISPLGGWTY,14
AISPLGNWTY,14
AISPSGTYTY,14
SITEYGYATY,14
AINEYGYATY,14
AINPYGKYTY,14
AISPDGYYTY,14
AIEPYGRYTY,14
AISPLGYATY,14
AIRCNGVSTY,14
AIGPFGSSTY,14
AISPNGYNTY,14
AISPYGARTY,14
AIGPYGWTTY,14
AISPSGDHTY,14
AISPNGNITY,14
AISPQGGQTY,14
TIRWNGLDTY,14
AISPYGNWTY,14
AISPFGSETY,14
AIMYKGGSTY,14
AIGPFGSHTY,14
AINWNGSYTY,14
AITYYGGSTY,14
AISPLGTYTY,14
AIAPFGETTY,14
AISPFGEFTY,14
AISPFGGETY,14
AISGTGNRTY,14
AIAPYGLSTY,14
TIRWNGGSTY,14
AISPYGSWTY,14
AISPDGNNTY,14
AIRYTGGSTY,14
AIVPFGGYTY,14
AISDYGELTY,14
TISPYGEYTY,14
AISPFGDGTY,14
AIRWNCGSTY,14
AIIYYGGSTY,14
AIAPWGRRTY,14
AIAPNGIHTY,13
AISPFGFDTY,13
AISAYGYGTY,13
AIVPYGEYTY,13
AIAPFGNNTY,13
AIGPFGERTY,13
AIAPFGGWTY,13
AISPFGRGTY,13
AIGPFGHTTY,13
AISPNGYDTY,13
AITEYGYETY,13
AISPIGEVTY,13
AILWNGGSTY,13
AISPYGWRTY,13
AIRWDGEYTY,13
AISPFGKNTY,13
AISPFGNTTY,13
AISDYGLTTY,13
AISDYGYRTY,13
AISPLGYYTY,13
AISPYGGSTY,12
AITPFGSYTY,12
AISPGGSWTY,12
AISPSGGYTY,12
AISPFGTNTY,12
AISPFGKTTY,12
ARRWNGVETY,12
AIRPFGYRTY,12
AISYDGYSTY,12
AIMPWGGSTY,12
AISANGSYTY,12
AIRYAGDFTY,12
AIDPYGTYTY,12
AISPYGGATY,12
AIGPYGDYTY,12
AISPSGFNTY,12
AISPFGFETY,12
AINPYGRITY,12
AILPYGDITY,12
AIGPFGNITY,12
AISPFGEKTY,12
AIAYKGGSTY,12
AISPSGFDTY,12
AISPWGFRTY,12
AISPFGKHTY,12
AISPSGSYTY,12
AISPGGHFTY,12
AITPYGNYTY,12
AIAPFGRSTY,12
AISYDGKYTY,12
AISPYGNVTY,12
AIRFAGTETY,12
AIAPFGNRTY,12
AISDNGQYTY,12
AISPDGQATY,12
AIRCNGDETY,12
AITPFGGYTY,12
AISPSGYLTY,12
AISPFGKLTY,12
AISDFGEKTY,12
AIIYNGGSTY,12
AITPFGNYTY,12
AISPRGGWTY,12
AINWNGGYTY,12
AISPFGATTY,12
AISPFGGGTY,12
AIGPFGSLTY,12
AISPFGHWTY,12
AISPGGTGTY,12
AISPYGGQTY,12
AISPSGKKTY,12
AISPFGSATY,12
AISPFGESTY,12
AIVPFGEYTY,12
AISPNGTTTY,12
AIGPYGITTY,12
AISPFGLHTY,12
AISPYGQWTY,11
AISPWGGKTY,11
AINSFGNSTY,11
AINPYGNYTY,11
AISPGGLETY,11
AISPDGNATY,11
AISDNGNITY,11
AITAYGYATY,11
AISPRGHFTY,11
AMSEYGYGTY,11
AISPFGQKTY,11
AIRPYGEYTY,11
AIAPYGNYTY,11
AISPYGGTTY,11
AIGPYGEYTY,11
AIGPFGEVTY,11
AISPFGGQTY,11
AIRPDGYSTY,11
AISPKGDGTY,11
AISPRGNRTY,11
AISPNGQGTY,11
AIMYYGGSTY,11
AISDYGKYTY,11
AIGEYGYGTY,11
AIGPFGGYTY,11
AIDPFGNYTY,11
AISPSGNLTY,11
AITEYGHFTY,11
AISPNGGWTY,11
AISPFGGVTY,11
AITPFGEITY,11
AISPNGLYTY,11
AMRWNGLDTY,11
AIRWAGEYTY,11
AISPSGFSTY,11
AINSFGGRTY,11
AISPFGANTY,11
AIGPFGLGTY,11
AIDWDGEYTY,11
AITEYGNYTY,11
AISPTGYNTY,11
AIRWNGVENY,11
AISPYGFTTY,11
AISPYGTWTY,11
AISPYGHRTY,11
AINFMGGSTY,11
AISPGGDRTY,11
AIRWNGDDTY,11
AISDYGDGTY,11
AISPFGTYTY,11
AIRWNGGATY,11
AISEYGYGTH,11
AISDYGFYTY,11
AIRPYGYNTY,11
AIAPFGKNTY,11
AIRYYGGSTY,11
AISPFGGHTY,11
AISPDGWYTY,11
AIAPNGNSTY,11
AIRSFGGHTY,11
AINPYGLYTY,11
AIDSYGNYTY,11
VISPYGEYTY,10
AITPFGKSTY,10
AISPFGRETY,10
AISEYVYATY,10
AIDYRGGYTY,10
AISWRGYHTY,10
AISYRGDWTY,10
AISPNGYETY,10
AISPWGFKTY,10
AISPYGHLTY,10
AISPSGSITY,10
AISPLGRYTY,10
AISPNGTRTY,10
AISEYGGRTY,10
AISPSGTRTY,10
AIAPFGRGTY,10
AISPYGSLTY,10
AISPIGGKTY,10
AIRTFGSTTY,10
AIAPNGSRTY,10
AIGPYGLYTY,10
AISPRGQDTY,10
AISPIGYKTY,10
AISPYGDNTY,10
AIAPFGHQTY,10
AIRWHGLDTY,10
AIAQYGEYTY,10
AIFPYGGYTY,10
AISDYGTRTY,10
AIFPYGAYTY,10
AIAPLGSFTY,10
AIRSNGVETY,10
AIREYGYGTY,10
AISEYGKYTY,10
AISPIGNWTY,10
AITEYGYSTY,10
AIGPFGEWTY,10
AIRWNGDYSY,10
AIVMWGGSTH,10
AISPGGNVTY,10
AIEMRGGSTY,10
AITPFGGSTY,10
AILPYGDWTY,10
AISPYGQTTY,10
AISPRGQYTY,10
AIAPEGNSTY,10
AITYTGGSTY,10
AIAPFGRRTY,10
AIRPFGHSTY,10
AISPFGWETY,10
AITPGGEYTY,10
AISPFGNKTY,10
AITPFGYKTY,10
AISPYGSSTY,10
AISPYGHSTY,10
AIDPYGNYTY,10
AISPYGEYIY,9
AISEDGYATY,9
AIGPFGRTTY,9
AIAPYGDYTY,9
AISPSGHDTY,9
AISPFGVHTY,9
AIGPFGGRTY,9
AISPDGYLTY,9
AIGWDDEYTY,9
AISPRGNFTY,9
AIRPIGSYTY,9
AISPFGTDTY,9
AIGWDCEYTY,9
AIRSFGGETY,9
AISPEGKYTY,9
AIRPWGYQTY,9
AIRWNGYETY,9
AIGPFGEYTY,9
AISPNGESTY,9
AISEYGLYTY,9
AIGPFGDFTY,9
AIGPFGEQTY,9
AIYYYGGSTY,9
AITPFGERTY,9
AILWNGDETY,9
AISDYGAYTY,9
AIYPYGGGTY,9
AIHWDGNTTY,9
AIKPDGSYTY,9
AIGWDCGYTY,9
AIAPFGRLTY,9
AISPRGDTTY,9
AITPYGHSTY,9
AISWRGDRTY,9
AIRWNGGETY,9
AINPYGDWTY,9
AIGPFGDVTY,9
AISEYGEVTY,9
AIRWSGAYTY,9
AISKYGYGTY,9
AISPSGNYTY,9
AIAPFCGYTY,9
AISPEGGWTY,9
AIFYKGGSTY,9
AISDYGRGTY,9
AISPYGSITY,9
AIRWAGYSTY,9
AIAPRGDWTY,9
AIAPFGNGTY,9
AIRWNCSSTY,9
AIAPFGRFTY,9
AISPSGYYTY,9
AINPYGDYTY,9
AISPFGFQTY,9
AIRWNAVETY,9
AISPSGSTTY,9
AIGPFGLSTY,9
AINYKGGSTY,9
AIRLWGGSTY,9
AISPAGNTTY,9
AIVYNGGSTY,9
AIQWNGFYTY,9
AIYYVGGSTY,9
AISPFGEQTY,9
AIAPIGSRTY,8
AISETGDYTY,8
AIAPFGCYTY,8
AISNRGDWTY,8
AISEAGDHTY,8
AISPNGYGTY,8
AIGPYGRTTY,8
AIDVYGKYTY,8
AISTNGGVTY,8
AIGPFGSFTY,8
AISPGGAYTY,8
AISEYGDATY,8
AILPYGSKTY,8
AIGLDGEYTY,8
AIRWTGVETY,8
AIVPFGLSTY,8
AISPFGIQTY,8
AIQPYGWRTY,8
AISPRGEYTY,8
AIFPYGSFTY,8
AISPYGNHTY,8
AIAPFGLKTY,8
AILPYGRYTY,8
AIRWNGDSTY,8
AIYPNGGGTY,8
AISEYGNYTY,8
AIAPWGDNTY,8
AIEFRGGQTY,8
AISPVGGRTY,8
AIAPSGYKTY,8
AIVPTGNRTY,8
AITPFGSETY,8
AILYYGGSTY,8
AISPSGKRTY,8
AIYPYGGYTH,8
AISPQGNYTY,8
AILPYGNYTY,8
AIRPWGGSTY,8
AIDEYGDFTY,8
AISEYGCGTY,8
AISPLGDATY,8
AISPFGSITY,8
AINPFGGRTY,8
AITPFGEHTY,8
AILYNGGSTY,8
AISPLGNRTY,8
AISPYGGITY,8
AINEYGYGTY,8
AIAPFGHNTY,8
AISPFGIETY,8
AICYTGGSTY,8
AISPYGNKTY,8
AIGPVGDKTY,8
AISEYGDVTY,8
AIAPYCEYTY,8
AISPGGQYTY,8
SIRWNGLDTY,8
AISPFGELTY,8
AISPFGIKTY,8
AISDNGSYTY,8
AISPSGRYTY,8
AIGPDGDYTY,8
AIRWNGYYTY,8
AIAPRGNRTY,8
AIRCNGSSTY,8
AISPYGNFTY,8
VISEYGYGTY,8
AICYNGGSTY,8
AIGPFGHYTY,8
AIFYYGGSTY,8
AIIPFGGYTY,8
AISECGYGTY,8
AIDPYGSKTY,8
AINPTGYSTY,8
AIGPNGSYTY,8
AIAPNGYRTY,8
AIRLNGDETY,8
AISPGGRYTY,8
AISSYGYRTY,8
AISPFGGPTY,8
AIAPFGSNTY,8
AISPLGFSTY,8
AIDDYGGRTY,8
AIHPFGSGTY,8
AIRHSGWGTY,8
AISEYGIYTY,7
AISPGGKYTY,7
AIGPFGYSTY,7
AISPHGGYTY,7
AIRWNSGSTY,7
AISASGGRTY,7
AIVPFGGRTY,7
AIDPFGERTY,7
AIQPYGLRTY,7
AISPFGWNTY,7
AISPLGTRTY,7
AITPFGRETY,7
AIDPFGVYTY,7
AIDWNGKYTY,7
AIGPLGGRTY,7
AINPYGEYTY,7
AIAPFGYETY,7
AILWNGSSTY,7
AIAPFGNDTY,7
AISFYGGSTY,7
AIAPFGEYIY,7
AIDYWGGSTY,7
AISPNGAYTY,7
AINPYGSKTY,7
AIEYVGGSTY,7
AINPFGDRTY,7
AIGFMGGSTY,7
AISPNGSTTY,7
AIGPTGHGTY,7
AIRYAGYYTY,7
AISPYGEYTH,7
AITPFGKITY,7
AIDPFGENTY,7
AITPFGEWTY,7
AIHPYGGYTY,7
AIGPYGESTY,7
AISPYGQSTY,7
AISPFGITTY,7
AMSPYGEYTY,7
AIRWNGVETF,7
AISPIGGRTY,7
AITPFGQSTY,7
TISPFGYSTY,7
AITPFGNSTY,7
AIGPGGGGTY,7
AISPYGTITY,7
AINWNGERTY,7
AISPNGYLTY,7
AIMYTGGSTY,7
AIRMNGGSTY,7
AIDVYGYRTY,7
AICEYGYATY,7
AIVPTGGRTY,7
AIAPFGRQTY,7
AITEDGYATY,7
AIRPIGGETY,7
AISPYGNNTY,7
AIAPWGRSTY,7
AISPNGKFTY,7
AISPDGRWTY,7
AIAPFGQSTY,7
AISSTGGGTY,7
AIGPSGNDTY,7
AISPWGNSTY,7
AIRWYGLDTY,7
AIAPFGDYTY,7
AITPFGSHTY,7
AITPFGISTY,7
AIAPYGSITY,7
AISPYGWNTY,7
AIRWDGLDTY,7
AIYPYGGYTY,7
AISPFGRDTY,7
AIAPSGSITY,7
AIAPFGIRTY,7
AITPFGYNTY,7
AITECGYATY,7
AISPTGNRTY,7
AISPFGKRTY,7
AIAPFGGKTY,7
AIDPYGNNTY,7
TIAPFGGYTY,7
AIIFMGGSTY,7
AISPFGTATY,7
AIGARGDLTY,7
AMRWNGGSTY,7
AIGYVGGSTY,7
AIFPNGKGTY,7
AIDQYGRYTY,7
AIAEYGNTTY,7
AITPFGYRTY,7
AISYLGGSTY,7
AIKIDGKVTY,7
AIDPYGIYTY,7
VIRWNGLDTY,7
AIRPFGWDTY,7
AIQWNGGSTY,7
AIRWNGVQTY,7
AISANGYTTY,7
AIAPWGNYTY,7
AIRWNCVSTY,7
AIFPDGRQTY,6
SIRWNGDETY,6
AILPNGGGTY,6
AINTRGGQTY,6
AIRPFGSRTY,6
TIRWNGVSTY,6
AISPNGYITY,6
AIMFYGGSTY,6
AISPFGQATY,6
AISPTGRYTY,6
AIGPLGAITY,6
AIRWNGGSTH,6
AISPYGEFTY,6
AILPYGRTTY,6
AIGPFGYETY,6
AIHPYGEYTY,6
AISYDGKTTY,6
AIETFGGRTY,6
SISEYGYGTY,6
AIAPYGTYTY,6
AITPTGGYTY,6
AISPFGSDTY,6
AICWDGEYTY,6
AITPLGKSTY,6
AIDPFGSYTY,6
AIAPYGEFTY,6
AISPDGKFTY,6
AISDYGLYTY,6
AIAPYGAETY,6
AIRLNGVSTY,6
AIGPYGHTTY,6
AISPYGQLTY,6
AIAPYGISTY,6
AIAPRGGYTY,6
AISPFGEATY,6
AISPGGGKTY,6
AISPLGRNTY,6
AILFYGGSTY,6
AILPYGSFTY,6
AITPFGHKTY,6
AISPAGDYTY,6
AIRWNGVGTY,6
AIKPFGDRTY,6
ATRWNGVETY,6
AISPYGNITY,6
AIAPYGSHTY,6
AISPLGNYTY,6
AIAPFGNVTY,6
AISPGGTYTY,6
AIQPFGSNTY,6
AISPVGNSTY,6
AISNNGSSTY,6
AIDPFGEYTY,6
AISPYGYKTY,6
AIGPYGDVTY,6
AISARGEWTY,6
AILPYGESTY,6
AISMRGGSTY,6
AIDWGGRYTY,6
AIGPFGDRTY,6
AIRWNGSPTY,6
AISPYGSDTY,6
AMTEYGYATY,6
AIYPDGHKTY,6
AINQYGRTTY,6
AISPYGRPTY,6
AIGPFGLTTY,6
AIAPFGKRTY,6
AIRPWGYKTY,6
AISTSGGVTY,6
AIRWRGGGTY,6
AIRHRGGQTY,6
AIVPYGGYTY,6
AISPWGYGTY,6
AIRMEGGSTY,6
AINPYGRYTY,6
AIRYAGGSTY,6
AISPSGHQTY,6
AMGWDGEYTY,6
AIGPFGGSTY,6
AIRPFGYSTY,6
AIAPFGDTTY,6
AISPLGQQTY,6
AICMSGGSTY,6
AINWGGARTY,6
AIRWNGLDIY,6
AIAPFGSQTY,6
AISPGGSRTY,6
AIGEYGDYTY,6
AIGWDGEYIY,6
AIRYAGYSTY,6
AIAPYGQYTY,6
AIRWNGVYTY,6
AIEPFGGKTY,6
AIYPYGEWTY,6
AISEHGYATY,6
AISPYGDPTY,6
AISPTGHQTY,6
AITPFGNRTY,6
AITPYGGDTY,6
AISANGTTTY,6
AIEYKGGSTY,6
AILMRGGSTY,6
AISPWGIHTY,6
AISPAGYRTY,6
AIAPYGYYTY,6
AITPFGHLTY,6
AITPFGEFTY,6
AIYPYGIRTY,6
AIAPRGARTY,6
AIRWYGSSTY,6
AINYTGGSTY,6
AISDYGGYTY,6
AISPYGAHTY,6
AISPFGWSTY,6
AIRPFGYDTY,6
AIGPVGGYTY,6
AITPFGSTTY,6
AINPRGDFTY,6
AISPFCYSTY,6
AITPFGTYTY,6
AIGPFGNVTY,6
AIGPYGLRTY,6
AISPYGQFTY,6
AISPWGRHTY,6
AISEYGRTTY,6
AISEYGDWTY,6
AITPEGLYTY,6
AITPFGAYTY,6
AIRYLGGSTY,6
AIGWDGDYTY,6
AIADNGYRTY,6
AIDYKGGSTY,6
AIGPFGISTY,5
AIKPNGAYTY,5
AINWRGYRTY,5
AINYNGGSTY,5
AISPTGYTTY,5
AINPSGIKTY,5
VIRWNGGSTY,5
AISPYGRLTY,5
AIGDFGSYTY,5
AIYPLGEGTY,5
AIGPFGGGTY,5
AIRPNGYSTY,5
AIVPYGTRTY,5
AISEYGYAIY,5
AISPFGIDTY,5
AIQYKGGSTY,5
AIGPGGSSTY,5
AIGPYGTYTY,5
AISPFGARTY,5
AINPYGGRTY,5
AIAYTGGSTY,5
AITEYGYATN,5
AIGPFGFETY,5
AISPAGNVTY,5
AISPTGSNTY,5
AISPIGTVTY,5
AILWNGSATY,5
TIAPFGEYTY,5
AISEYGWGTH,5
AISPFGVTTY,5
AIGDYGSNTY,5
AISPSGLSTY,5
AISPSGTWTY,5
AIRMSGGSTY,5
AIGPFGSRTY,5
AISPTGYYTY,5
EISEYGYATY,5
AIVYLGGSTY,5
AISEYGLGTY,5
TISEYGWGTY,5
AISEYGCATY,5
AISPLGTITY,5
AISPNGSRTY,5
AISASGARTY,5
AIRWNGSTTY,5
AITPFGSFTY,5
AITPFGNWTY,5
AISPFGTTTY,5
AISPFGAQTY,5
AIGLRGNETY,5
AISPFGHKTY,5
AISARGNWTY,5
AISPFGKFTY,5
AISPSGGRTY,5
AISPIGDFTY,5
AISEYGYATC,5
AINPYGTYTY,5
AISPYGAETY,5
AILPYGQYTY,5
AITPFGKYTY,5
AIRPYGTYTY,5
AISPLGKLTY,5
AISSTGGWTY,5
AISPVGARTY,5
AIDPFGVNTY,5
AISPYGTTTY,5
AIQGYGGITY,5
AIRWNGVSTH,5
AIRPYGRYTY,5
AIRPRGGNTY,5
AIIYAGGSTY,5
AISPSGGSTY,5
SISPYGEYTY,5
AIAPFGGYTH,5
AISPGGLDTY,5
AISANGLSTY,5
AIRFSGAYTY,5
AIRPYGKYTY,5
AIEPYGSYTY,5
AIDPFGKNTY,5
AISPNGKSTY,5
AIAPFGLNTY,5
AIAPGGKKTY,5
AISWRGKHTY,5
AIAQFGEYTY,5
AIVPWGSFTY,5
AISPSGKLTY,5
AILPYGDYTY,5
AIAPFGLGTY,5
AIRAFGGRTY,5
AIMYLGGSTY,5
AIKPYGGLTY,5
AIKYKGGSTY,5
AITEYVYATY,5
AISPSGGATY,5
AISPYGHHTY,5
AITPYGGLTY,5
AISPVGYDTY,5
VIRWNGVSTY,5
AISPYGHFTY,5
AISPYGYGTY,5
AIRCNGSATY,5
AITEYGYTTY,5
AITPFGFNTY,5
AIIPYGNYTY,5
AIRPFGRSTY,5
AISPGGAFTY,5
AISPLGEYTY,5
AISTSGGRTY,5
AISPLGYRTY,5
AIVPYGNYTY,5
AISEYGWDTY,5
AIAPCGEYTY,5
AISEYGSFTY,5
AIHPYGGDTY,5
AISPRGNITY,5
AISPGGHWTY,5
AISEYGYAAY,5
AISEYGYANY,5
AIRWNSLDTY,5
AIGPFGYNTY,5
AIFPYGRYTY,5
AIGPWGKYTY,5
AITPYGDSTY,5
AISPYGATTY,5
AISPFGFGTY,5
AISEYGYATD,5
AIAPYGYSTY,5
AISPLGLSTY,5
AISEYCYSTY,5
AIRAYGNYTY,5
AISQYGYATY,5
AICFYGGSTY,5
AIGWDGEYTH,5
TIRWNGSSTY,5
AISDYGRSTY,5
AISPYGEDTY,5
AISSFGDVTY,5
AIQWNGGLTY,5
AISEYCWGTY,5
AISPFGKVTY,5
AIAPFGSRTY,5
AILPYGEFTY,5
AIDSFGKYTY,5
AILPYGAYTY,5
AIAQFGGYTY,5
AILPDGSATY,5
AILPYGSRTY,5
AIGEYGWGTY,5
AIRWNGPDTY,5
AIRPWGDQTY,5
AITPYGNHTY,5
AITPFGSLTY,5
AISPWGEYTY,5
AIAPYGEYIY,5
AILPYGKRTY,5
AIAPYGAYTY,5
AISPFGKDTY,5
AILPYGKYTY,5
AIRLNGSSTY,5
AISPIGKETY,5
AISPYGHDTY,5
AVRWNGVETY,5
AICMRGGSTY,5
AIAPNGKYTY,5
AISPTGLNTY,5
AINPFGYSTY,5
AISSYGSYTY,5
AISPFGGKTY,5
AITPDGYGTY,5
AISERGNYTY,5
AITPFGAQTY,5
AIRWHGGSTY,5
AIRWSGLDTY,5
AICYSGGSTY,5
AISENGYYTY,5
AIDEYGDYTY,5
AICFMGGSTY,5
AITPFGTITY,5
AISPDGLYTY,5
AILPYGIATY,5
AITPFGFRTY,5
AISPNGYKTY,5
AISPNGLGTY,5
AIRWYGGSTY,5
AISSFGDNTY,5
AIAQFGYSTY,5
AIAPFGNHTY,5
AISNNGYRTY,5
AISEYGYTTY,5
AISPFGDITY,4
AITPGGQFTY,4
AIRFAGYETY,4
AIRWAGSSTY,4
AIEFRGDQTY,4
AIIPTGGRTY,4
AITPFGRYTY,4
AISSFGDSTY,4
AIYPYGSYTY,4
AISPGGDITY,4
AIAPFGYGTY,4
AITEYGYAAY,4
AIRPYGTETY,4
AISPFGHDTY,4
AISPEGGATY,4
AIRMKGGSTY,4
AIAPTGLQTY,4
AISPGGNKTY,4
AISEYGQYTY,4
AIGPLGDITY,4
AINFRGGYTY,4
AIRWNGVEPY,4
AIAPSGEYTY,4
AINDYGSNTY,4
AISEYDYATY,4
AINPRGGWTY,4
AISEYGWCTY,4
AISPWGDGTY,4
AISHSGARTY,4
AIMYMGGSTH,4
AISKSGGYTY,4
AIYPNGSYTY,4
AISSYGQYTY,4
AISPFGQWTY,4
AISPLGRDTY,4
AITDYGQRTY,4
AITPGGLGTY,4
AILPYGSWTY,4
AITPYGGITY,4
AIGPYGEATY,4
AIGPFGTRTY,4
AITPIGYGTY,4
AILPYGIRTY,4
AIAQFGLSTY,4
AIRPFGQETY,4
AIGPFGNFTY,4
AISPRGHWTY,4
AIMYSGGSTY,4
AIRYAGDYTY,4
AISPNGFRTY,4
AISPVGRGTY,4
AISSYGRRTY,4
AITEYGYGTY,4
AIDWRGNYTY,4
AIAPYGYRTY,4
AIQWNGSLTY,4
AISPYGKDTY,4
AINDYGTHTY,4
AIIYTGGSTY,4
AIAFYGGSTY,4
AILWNGNYTY,4
AIGPRGDGTY,4
AIGPYGSSTY,4
AISPYGVRTY,4
AISDNGNYTY,4
AIRFSGWSTY,4
AITPFGSSTY,4
AISPNGQYTY,4
AISPFGTGTY,4
AILPYGKKTY,4
AIGPNGYDTY,4
AIMMAGGSTY,4
SISPFGGRTY,4
AILPPGGQTY,4
AIRPFGGRTY,4
PIRWNGVETY,4
AISPGGYQTY,4
AINPYGDGTY,4
AIRPFGDSTY,4
AISPFGVSTY,4
AIRPFGANTY,4
AISPNGYATY,4
AISPVGNDTY,4
AISPTGLYTY,4
AISPGGSITY,4
AISPYGSVTY,4
AIDLYGNYTY,4
AISYRGDVTY,4
AISPRGQQTY,4
AIVPFGISTY,4
AIRPFGKWTY,4
AISPHGSYTY,4
AIAPFGARTY,4
AISPFGNVTY,4
AIRPWGNQTY,4
AIGPFGGHTY,4
AISPFGNHTY,4
AINPYGQSTY,4
AIRWNSVSTY,4
AISPLGGHTY,4
AITQYGYATY,4
AIGWDGCYTY,4
AIGPFGIETY,4
AIEPYGSNTY,4
AISPYGNTTY,4
AIAPFGRYTY,4
AISPIGSLTY,4
AINPYGQITY,4
AIMYAGGSTY,4
AITPFGADTY,4
AISEYGNFTY,4
AILPPGGDTY,4
AISPYGGKTY,4
AITFYGGSTY,4
AISPYGRVTY,4
AITFMGGSTY,4
AISPFGFRTY,4
AIRWIGVETY,4
AISSYGSTTY,4
AISPYGGNTY,4
AISPFGQVTY,4
AISPRGSGTY,4
AIQPYGSRTY,4
AILPYGNRTY,4
AILWNGVSTY,4
AITPEGNYTY,4
AIRWNCSATY,4
AIEYSGGSTY,4
AIGPNGKATY,4
AIHYKGGSTY,4
AINEYGGRTY,4
AISERGAYTY,4
AISPSGNFTY,4
VIAPYGEYTY,4
AIAPSGDKTY,4
AISPSGYATY,4
AISPWGDFTY,4
ATSPYGEYTY,4
AISEYGRRTY,4
AIAPYGEYTH,4
AIQYYGGSTY,4
AIAPFCEYTY,4
AITEYGSYTY,4
AICEYGYGTY,4
AISPFGVRTY,4
AIYPYGNYTY,4
AINPYGNLTY,4
AIAPFGEYTH,4
AIRPFGYETY,4
AIFYVGGSTY,4
AIGPFGFQTY,4
AITPLGYKTY,4
AIAPFGSATY,4
AINPGGSYTY,4
AIDWDGGYTY,4
AINQYGRYTY,4
AISPSGTSTY,4
AISPRGDETY,4
AIKPFGGDTY,4
AIRWNGIATY,4
AIGPFGHSTY,4
AIGSFGGNTY,4
AIGPFGAYTY,4
AINPFGRSTY,4
TIAPYGEYTY,4
TIRWNGDETY,4
AIYPLGHGTY,4
AIYPYGGQTY,4
AIRPFGDVTY,4
AIAPNGYKTY,4
AIAPYGNRTY,4
AISPFGKGTY,4
AIHPYGSYTY,4
AITYNGGSTY,4
AIAPFGKQTY,4
AILPYGYRTY,4
AIEFMGGSTY,4
AIQWNGSATY,4
AINDYGDWTY,4
AIEFRGGYTY,4
AITPYGQETY,4
AISPWGTGTY,4
AIRWNGLDTN,4
AIFPYGEWTY,4
AINENGNHTY,4
AIAPSGHETY,4
AIGPYGGNTY,4
AIAPSGLSTY,4
AISPYGDITY,4
AIDPFGGPTY,4
AIQWNGSSTY,4
AIQYSGGSTY,4
AISPQGVQTY,4
AITEYGCATY,4
AISPGGYDTY,4
AINPYGYYTY,4
AILFMGGSTY,4
AIGWNGVETY,4
AISPNGNWTY,4
AIRWNGVEAY,4
AISPFGVATY,4
AISPYGSTTY,4
AIQPFGKETY,4
AIRPFGEYTY,4
AIGPFGLATY,4
AIDTYGNYTY,4
AITPLGDNTY,4
AINMSGGSTY,4
AITPFGYSTY,4
AIAPFGGDTY,4
AIGPYGYYTY,4
AINPFGNRTY,4
AILPYGGNTY,4
AISPVGSITY,4
AIRWNGRYAY,4
AIDYVGGSTY,4
AIIYLGGSTY,4
AISPFGNFTY,4
AIGYNGQLTY,4
TISEYGYSTY,4
AITDYGYYTY,4
AIQWNGVSTY,4
AISTYGEYTY,4
AITDYGDNTY,4
ALRWNGVETY,4
AIHGYGFRTY,4
AIDPYGKNTY,4
AISPYGEYAY,4
AIRWNGIETY,4
AIGPFGFSTY,3
AIMFWGGSTY,3
AIIYCGGSTY,3
AISPLGLKTY,3
AITPFGQYTY,3
AISEFGSRTY,3
AIGPFGKLTY,3
AISSRGDFTY,3
AITPSGKRTY,3
AITLWGGSTY,3
AIKWNGVETY,3
AISPGGWHTY,3
AIRPNGSYTY,3
AISPRGSYTY,3
AIGPFGGNTY,3
AIAPFGGSTY,3
AIAPFCLSTY,3
AINPYGGDTY,3
AILWNGSFTY,3
AIRAFGGGTY,3
AIGSFGDITY,3
AISPFCFSTY,3
AIKPYGNFTY,3
AIAPFGHHTY,3
AIVYGGGSTY,3
AIFPYGDYTY,3
AISEYGYGTS,3
AIRWHGVSTY,3
AISPGGRKTY,3
AISEDGYGTY,3
AINPGGWGTY,3
VIGWDGEYTY,3
AIAPYGDKTY,3
AITPYGDFTY,3
AILPYGKTTY,3
AIKIFGFKTY,3
AISEHGYGTY,3
AISPLGYTTY,3
AISPAGEGTY,3
AIRWNSDETY,3
AISYFGGSTY,3
AIGCDGGYTY,3
AISPYGGDTY,3
AISWRGWHTY,3
AISPFGDSTH,3
AITPFGRNTY,3
AIADFGYRTY,3
AISPFGTLTY,3
AIGPYGLSTY,3
AITPYGRGTY,3
AIGPLGGYTY,3
AIRWKGLDTY,3
AISEYGHATY,3
VIAPFGISTY,3
AITPYGAYTY,3
AISPYGFDTY,3
AILPYGRKTY,3
AIHPFGYGTY,3
AISPVGGYTY,3
AIHPDGYYTY,3
AITPFGSATY,3
AILPDGSYTY,3
AISPTGKYTY,3
AITPYGNFTY,3
AISSRGGYTY,3
AIYPLGGGTY,3
AIAPKGYQTY,3
AISEYGYGNY,3
AIDPYGSETY,3
AIHYVGGSTY,3
AIGWYGGYTY,3
AITFCGGSTY,3
AIKPYGNYTY,3
AITPSGAFTY,3
AILPRGGWTY,3
AILPYGDATY,3
SIAPYGEYTY,3
AISECGWGTY,3
AIRWNCDETY,3
AILPYGEWTY,3
AITEYSYATY,3
AISPSGSGTY,3
AISPRGYETY,3
AISPNGFSTY,3
SIAPFGGYTY,3
RYDGTVWKPI,3
AIVPFGDWTY,3
AINPYGSRTY,3
AIGSYGVRTY,3
EIRWNGGSTY,3
AISPGGLRTY,3
AINNGGGLTY,3
AISPVGFSTY,3
AISPWGKYTY,3
AIAPFGITTY,3
AIVPFGASTY,3
AITPGGGVTY,3
AIAPFGILTY,3
AIFPYGSNTY,3
AIKPNGRYTY,3
AIGPFGLHTY,3
AIIPGGGRTY,3
AMAPFGEYTY,3
AITPFGDATY,3
AISPFGRKTY,3
AISPNGDETY,3
AITPYGDITY,3
AIIPYGEYTY,3
AITPSGDRTY,3
AIFPYGDFTY,3
AITPFGSWTY,3
AIRPFGFNTY,3
AIGPWGGYTY,3
AIAPFGLHTY,3
AISPFGVETY,3
AIRYAGSFTY,3
AIAPRGYRTY,3
AIPYYGGSTY,3
AIAEYGYATY,3
AISPYGGFTY,3
AILPYGLNTY,3
AITPSGDFTY,3
AIMMSGGSTY,3
AIAPLGNSTY,3
AIGPYGKHTY,3
AILFWGGSTY,3
AISGHGLATY,3
AITPYGDRTY,3
AISPFGFHTY,3
AIRCNGSFTY,3
AISEYGKFTY,3
AIRPFGSSTY,3
AITEYGYAIY,3
AIGPYGNNTY,3
AISPAGQRTY,3
AITEYGYATS,3
AIRGNGVETY,3
AIVPRGGGTY,3
AIDPYGDFTY,3
TIAPFGQNTY,3
AIRWNGISTY,3
VIRWNGDETY,3
TIAPFGISTY,3
AISPWGLETY,3
AITPLGYRTY,3
AISPSGRLTY,3
AIMYWGGSTY,3
AIYYKGGSTY,3
AINPAGNYTY,3
AIAPFGLSTH,3
AISPYGKKTY,3
AISEYGSLTY,3
AIAPFGWKTY,3
EISEYGYGTY,3
AIAPYGGTTY,3
AISPSGYRTY,3
AIGPFGHNTY,3
AISSFGEYTY,3
AILYAGGSTY,3
AISPQGEQTY,3
AIRMRGGSTY,3
AISQFGYSTY,3
AITEYGDATY,3
AISPYGYDTY,3
AIVYCGGSTY,3
AIADYGNYTY,3
AIAPFCSHTY,3
AIKPWGGSTY,3
AISDYGNGTY,3
AIRMQGGSTY,3
AILWNGDYTY,3
AIHDYGNYTY,3
AISNRGGITY,3
AIGPYGRYTY,3
AIKCNGYYTY,3
AIAPNGWSTY,3
AISPDGKYTY,3
AISRIGFGTY,3
AISPLGLGTY,3
AISNYGGYTY,3
AIRMCGGSTY,3
AIASYGEYTY,3
AISEYGDFTY,3
AITPFGHSTY,3
AISPAGLRTY,3
AIAPFGQGTY,3
AIDYAGGSTY,3
AINYRGEYTY,3
AIDSYGGYTY,3
AISPYVEYTY,3
AIDDYGEYTY,3
AIRMGGGSTY,3
AIAPLGHYTY,3
AISPYGRFTY,3
AILPYGAKTY,3
AIGPFGTETY,3
AIYFMGGSTY,3
AIGPYGSLTY,3
AIRWNCFYTY,3
AIDPFGDYTY,3
AIAPFGYDTY,3
AIGNIGRKTY,3
AIVPSGNRTY,3
AISPFGTQTY,3
AIAPNGSLTY,3
AISEYGYGIY,3
AISPWGEATY,3
AISPFGVGTY,3
AISPSGYGTY,3
AIGEYGRYTY,3
AIRPYGAYTY,3
AIKIAGGDTY,3
AISPGGGSTY,3
AILPFGLRTY,3
AIDEYGVSTY,3
AISPGGRQTY,3
AINPYGSFTY,3
AITPFGLHTY,3
AIRPFGYQTY,3
AINPYGAYTY,3
AISPNGHYTY,3
AIRYSGLTTY,3
AIKAYGSRTY,3
AISPSGYNTY,3
AIGPIGYSTY,3
AISGGGRETY,3
AITFWGCSTY,3
AIGPRGARTY,3
AISPGGLGTY,3
AITPFGSQTY,3
AIRWNGEETY,3
AIAPFGNTTY,3
AIEPGGGRTY,3
AITEYGYATD,3
AIDWRGNFTY,3
TISPLGYSTY,3
AILPFGSITY,3
AITPNGSYTY,3
AIRPYGGYTY,3
AISPYGLNTY,3
AISPNGSGTY,3
AIRWNGLDNY,3
AINTYGNYTY,3
AIEPYGEYTY,3
AIGPLGNNTY,3
AIDPFGTNTY,3
AIQWNGDETY,3
AIAPFGASTH,3
AIDPYGRATY,3
SIRWNGGSTY,3
AIRMAGGSTY,3
AIASFGGYTY,3
AIVPYGRYTY,3
AILPYGGRTY,3
AISTSGGNTY,3
AITEYGYANY,3
AIDDYGNYTY,3
AITPYGYRTY,3
AIRYAGWSTY,3
AISGIGGKTY,3
AISPSGWSTY,3
AIGPFGKHTY,3
AISPIGQWTY,3
AIGPFGQNTY,3
AINPYGRPTY,3
AISPDGLTTY,3
AISEYGWSTY,3
AISPWGAYTY,3
AIRSFGRETY,3
AISPFGTRTY,3
AISPYGESTY,3
AIAPWGSFTH,3
AISPQGDNTY,3
AIIFYGGSTY,3
AIYPYGDNTY,3
AIAPFGHYTY,3
AILPFGWETY,3
AISPYDEYTY,3
AISQYGYGTY,3
AISDYGEITY,3
AIGPTGYLTY,3
AIDVYGNRTY,3
AIRWNGLDAY,3
AIGPFGNSTY,3
SIRWNGVSTY,3
AIDPYGDYTY,3
AIGYSGGSTY,3
AISEYGYGTN,3
AITPFGQNTY,3
AISDYGYATY,3
AIIPFGGTTY,3
AIGWDGEYAY,3
AISSYGNYTY,3
AISPLGWHTY,3
AIPYKGGSTY,3
AISPLGNTTY,3
AILPYGGFTY,3
AIGPFGNLTY,3
AILPNGYGTY,3
AIQYRGNYTY,3
AISTSGARTY,3
AIVPFGGDTY,3
AISPIGKFTY,3
AISQFGASTY,3
AIRLFGASTY,3
VIAPFGEYTY,3
AITPFGQWTY,3
AIYPYGSGTY,3
AIGPFGEETY,3
AISPFGALTY,3
AINPYGGLTY,3
AIAPFGINTY,3
AITPYGQYTY,3
AISPIGEATY,3
AIEVNGGNTY,3
AIVPFGSYTY,3
AISPKGYATY,3
AISPSGDRTY,3
AIAPYGWSTY,3
AIHPYGGRTY,3
AIYPFGHRTY,3
AIVPFGGLTY,3
AIPEYGYATY,3
AIDWNGFYTY,3
AISHGGGYTY,3
AIGPYGGYTY,3
AIDDYGSYTY,3
AIAPFGRITY,3
AISPFGYYTY,3
AIAPLGGYTY,3
AISYWGGSTY,3
AIAPDGYNTY,3
AITPYGNWTY,3
AIGPGGGLTY,3
AISSFGDTTY,3
AIRPLGGTTY,3
VIAPFGGYTY,3
AIVPYGTETY,3
AIRWNGSVTY,3
AISPRGEGTY,3
AISPAGAHTY,3
AMAPYGEYTY,3
AITPFGIKTY,3
AINPYGIATY,3
AIGPFGNHTY,3
AITPKGRNTH,3
AINPFGNNTY,3
AITPFGDDTY,3
AIRPFGSETY,3
AISPCGEYTY,3
AIAPLGWSTY,3
AITPYGYATY,3
AIDYAGTETY,3
AIGPEGFNTY,3
AIRMMGGSTY,3
AISPNGHITY,3
AIRCNGFYTY,3
AISPYGYTTY,3
AISGIDSKTY,3
AILPYGFKTY,3
AIRWNGDETH,3
AIRPFGLDTY,3
AIADYGGYTY,3
AISWRGARTY,3
AILPYGNLTY,3
AISYRGNETY,2
AIAPFGIKTY,2
AISPWGDNTY,2
AISPWGFSTY,2
TIAPFGLSTY,2
SIAPFGYQTY,2
AIKFYGGSTY,2
AIYPYGSATY,2
AISPFGRLTY,2
AIKPGGNQTY,2
AIKPFGLGTY,2
AIVPFGQNTY,2
AIYPFGYGTY,2
AIRILGLGTY,2
AISPIGSKTY,2
AIKPFGGHTY,2
AITPTGGNTY,2
AINPFGYKTY,2
AIYPYGKYTY,2
AIRPFGWKTY,2
AIASFGEYTY,2
VIAPFGYQTY,2
AIYPYGRTTY,2
AIDPYGDLTY,2
EISEYGWGTY,2
AIAPFGEYTN,2
AINPFGEDTY,2
AIRLNGSFTY,2
AIGWDGGHTY,2
AILPYGYNTY,2
AIWYLGGSTY,2
AISSFGRDTY,2
AIPWNGLDTY,2
AIYPYGYGTY,2
AISPGGYKTY,2
AIAPFGSHAY,2
AIGPFGSKTY,2
AIRWNGSSTH,2
AIAPFGIDTY,2
AIAPFGISTH,2
AKRWNGVETY,2
AIVFYGGSTY,2
AIGPQGGYTY,2
AIEPYGDSTY,2
AIAPFGWNTY,2
AIGPTGYGTY,2
AIGDNGYYTY,2
AITPFGWSTY,2
AISEYSYATY,2
AITPWGISTY,2
AISPWGYSTY,2
AIAPFGLDTY,2
AIVPYGAYTY,2
AINPYGSNTY,2
AIKPHGSDTY,2
AISEYGYGTD,2
AIRWNGMSTY,2
AIAMWGCSTY,2
AITPFGARTY,2
AIALFGEYTY,2
AIRWNGFYTH,2
AISEYGTGTY,2
AIRWNGVPTY,2
AMGWDGGYTY,2
AITPFGSGTY,2
AIGSDGEYTY,2
AITPFGGGTY,2
AIASRGDYTY,2
AISPRGYRTY,2
AIIPFGRNTY,2
AIRPFGHFTY,2
AIGPFGHWTY,2
AIEPFGEYTY,2
AIVPFGYRTY,2
AIAPGGYYTY,2
AISPFGWRTY,2
AMRWNGDETY,2
AISPIGLGTY,2
AIRWNGQDTY,2
AIHTYGFRTY,2
AIVPRGGYTY,2
AISPDGHYTY,2
AIAYNGGSTY,2
AITPFGNETY,2
AIGWGGEYTY,2
AISDYGYWTY,2
AIGPRGYRTY,2
AIHYYGGSTY,2
AIGPSGYNTY,2
AIRLGGTNTY,2
AIRPFGFSTY,2
AIRWDGYVTY,2
EITEYGYATY,2
AISPYGTQTY,2
AITPFGNHTY,2
AISPLGGGTY,2
AISEYGDGTY,2
AILPYGYYTY,2
ATSEYGYATY,2
AIFPYGTYTY,2
AIAPFGNKTY,2
AIAPLGETTY,2
AITPYGQNTY,2
AISQLGYSTY,2
AISPSGNDTY,2
AIKPFGFSTY,2
AISPYGYATY,2
AISDYGKSTY,2
AIGPFGGITY,2
AITPFGSKTY,2
AIIPWGGSTY,2
AIPWNGVETY,2
AISPWGGNTY,2
AISPYGKVTY,2
AIRPWGSLTY,2
AISPFGYPTY,2
AIRPIGRETY,2
AISYRGADTY,2
AIKPYGGVTY,2
AISPFGAITY,2
AIGPWGNSTY,2
AILPYGLDTY,2
AIAPFGHVTY,2
AISGAGGKTY,2
AISPGGFSTY,2
AISDYGYSTY,2
AISPGGGFTY,2
AIAMAGGSTY,2
AIATWGSFTY,2
AIGPDGKFTY,2
AISPYGSNTY,2
AIGWDGGYSY,2
AIGPFGELTY,2
AITPFGSRTY,2
TIAPFGSHTY,2
AIVMCGGSTY,2
AIAPFGDHTY,2
AITPFGHETY,2
AISPYGVDTY,2
AISPYGRKTY,2
AIAPKGYRTY,2
AISPFGHTTY,2
AINPFGRHTY,2
AIQWNGDYTY,2
AIRWNVSSTY,2
AINWSGSHTY,2
AISPNGSWTY,2
AISSYGEYTY,2
AISPLGHATY,2
AIAPYGYQTY,2
AINSYGDYTY,2
AIQMRGGSTY,2
AIAPWGYRTY,2
AIQSYGNYTY,2
AIMIWGGSTY,2
AIAPFGGHTY,2
AIGYKGGSTY,2
TIAPWGSFTY,2
AIHPYGYKTY,2
AISPFGQQTY,2
RIMMWGGSTY,2
AISPWGSKTY,2
ARRWNGLDTY,2
AIAPWGGETY,2
AIGRDGEYTY,2
AINPYGWHTY,2
TINWSGSRTY,2
AISPFGCYTY,2
AIRPFGDYTY,2
AIDPFGGNTY,2
AIDSFGGYTY,2
AINENGEHTY,2
AISPYGVQTY,2
AISGSGRSTY,2
AISPWSNYTY,2
AILPYGRRTY,2
AIVYYGGSTY,2
AISNLGGYTY,2
AISPFGVQTY,2
AIKASGYLTY,2
AINCNGKYTY,2
AIAPIGKETY,2
AIGRFGGVTY,2
AISPGGSYTY,2
AIRWNALDTY,2
AISPIGYRTY,2
AIQPFGNRTY,2
AIIPFGGSTY,2
AIKPYGYKTY,2
AIAPRGTRTY,2
AISGYGSYTY,2
AITPFGHGTY,2
AISPAGKYTY,2
AIRYFGGRTY,2
AISEYSYGTY,2
AISPYGRTTY,2
AIATFGEYTY,2
AIRPYGYGTY,2
AITDYGYATY,2
AISEYGHGTY,2
AITPNGRYTY,2
AIAPTGYSTY,2
AIRWNGGSAY,2
AIAPFGPSTY,2
AMSEYGWGTY,2
AISEFGEFTY,2
AIAMRGGSTY,2
AAIAPFGGYT,2
AIKPFGLTTY,2
AITPSGSGTY,2
AISPGGYRTY,2
AISPLGRGTY,2
AISPYGLHTY,2
AISPRGARTY,2
AIAPFSGYTY,2
AIDAFGNYTY,2
AIAPNGNRTY,2
AINPAGQWTY,2
AISEYGYFTY,2
AISDYGYLTY,2
AISPRGADTY,2
AIRCNGDYTY,2
AISYKGDLTY,2
AIRTFGYSTY,2
AIRWNGGYTY,2
AIQNSGGHTY,2
AISPWGTYTY,2
AISPVGYRTY,2
AIAPLGLSTY,2
AILPNGSATY,2
AITMRGGSTY,2
AINPAGYRTY,2
AISPLGRTTY,2
AIRWNGGSIY,2
AIEFRGNITY,2
AITPLGSRTY,2
AITEHGYATY,2
AISPFGETTY,2
AIRWKGSATY,2
AIAPFGWETY,2
AITDYGYNTY,2
AITPFGLDTY,2
AIKPHGSSTY,2
AIRPYGLSTY,2
AIGPFGKRTY,2
AIVPFGGKTY,2
RYDRGVVQPI,2
AISGYGDYTY,2
AIDPYGYRTY,2
AILYTGGSTY,2
AIGPYGDATY,2
AISEYGTLTY,2
AIMFMGGSTY,2
AIAPFGKLTY,2
AIGWDDGYTY,2
AITPFGLGTY,2
AISPFGAGTY,2
AIEYYCGSTY,2
AIRRNGLDTY,2
AITPYGYYTY,2
AISPLGRRTY,2
AIRPSGGYTY,2
AITPTGYNTY,2
AISPEGYFTY,2
AIDPYGELTY,2
AIIPSGGHTY,2
AIRIWGGSTY,2
AINYAGDSTY,2
AITPQGGLTY,2
AIGPWGASTY,2
AISPNGRNTY,2
AIDPFGKYTY,2
AIQPFGAGTY,2
AISPYGISTY,2
AIRSFGYSTY,2
AIIMWGSSTY,2
AIYPYGNRTY,2
AIRPYGSYTY,2
AILPYGGWTY,2
AITPDGEYTY,2
AITRFGGYTY,2
AIRWYGVDTY,2
AIIPYGRYTY,2
AITPFGLNTY,2
AIHPRGAYTY,2
AIRPFGHYTY,2
AISPCGNYTY,2
AIRPFGLTTY,2
AIGSYGNYTY,2
AISDKGKKTY,2
AISPYGSQTY,2
AIRWNGSATH,2
AISEFGRHTY,2
AITPTGSYTY,2
AISPYGAVTY,2
AITPQGSLTY,2
AISSTGGSTY,2
AISPHGYKTY,2
AILPNGGYTY,2
AIAPFGWGTY,2
AIVPFGDYTY,2
AIAPYVEYTY,2
AIADYGRYTY,2
VIAPFGLSTY,2
AISYRGNSTY,2
AIRWNDLDTY,2
AIGPFGNNTY,2
AISPIGSYTY,2
AITPFGVETY,2
AIRWSGSSTY,2
AIGEYGQYTY,2
AIGPSGRTTY,2
AISPFGTKTY,2
AITEYGHNTY,2
AITPYGNGTY,2
AISPLGDITY,2
AIGPFGSTTY,2
AIGASGKYTY,2
AITEYGRYTY,2
AMRWNGSSTY,2
AIGPFGDKTY,2
AIRLNGFYTY,2
AIYPFGNGTY,2
AITPRGQFTY,2
AISPFGHRTY,2
AISPHGSDTY,2
AIKWNGHYTY,2
AIRFMGGSTY,2
AIKWNGDETY,2
AIRPYGEWTY,2
AITEYGRDTY,2
AITEYGHATY,2
AIYPYGDYTY,2
AIRPDGYYTY,2
AINPYGDTTY,2
AISEYGYATS,2
AINPFGDFTY,2
TITFWGGSTY,2
AILYCGGSTY,2
AIAPWGSVTY,2
AITPLGSYTY,2
AIALYGEYTY,2
AITPFGTSTY,2
AIKPYGEYTY,2
AIAPFGNITY,2
AISKSGGATY,2
AISPIGSRTY,2
AISEYGARTY,2
AIYPYGSRTY,2
AIRWRGYGTY,2
AIAPFCISTY,2
AIRAGGGFTY,2
AITPFGEKTY,2
AISPFGIQSY,2
AIRWYGEETY,2
AIVPRGDWTY,2
AIRWYGVSTY,2
AIAPFGLSTN,2
AISKYGYSTY,2
AIQGYGGSTY,2
AIRWSGVSTY,2
SIGWDGEYTY,2
AILWNGHYTY,2
AISPLGRSTY,2
AINPLGGRTY,2
AIGPKGDTTY,2
AISPKGYSTY,2
AIRWNVLDTY,2
AISNSGYNTY,2
AIGWDGEHTY,2
SISPYGYYTY,2
AIAPHGEYTY,2
AISNNGESTY,2
AIAPFGSDTY,2
AISPLGGTTY,2
AISNRGGRTY,2
AIAPFGWDTY,2
AIAPEGYFTY,2
AISDFGLYTY,2
SIAPFGSYTY,2
AIRPWGNDTY,2
AISTNGQYTY,2
AITPYGYNTY,2
AIAPRGDHTY,2
AIKTFGGNTY,2
AIAPNGRYTY,2
AIRWSGDETY,2
AIRWYGDYTY,2
AIYPFGLRTY,2
AIQFMGGSTY,2
AIQNSGNYTY,2
AITPFGHRTY,2
AISMWGGYTY,2
ARSEYGYATY,2
AIAPFGGYTN,2
AITPSGKYTY,2
AIRLNGSATY,2
TISPWGNYTY,2
AIRPYGESTY,2
AISPYGWETY,2
AITPVGYSTY,2
AIYPLGDGTY,2
AIATFGISTY,2
AISPRGKYTY,2
AIRLDGFATY,2
AIYPYGGRTY,2
AISPAGENTY,2
AISPYGLSTY,2
AIGPLGGITY,2
AILPFGYGTY,2
AIGPFGTHTY,2
AIRYSGLHTY,2
AISEYGYASY,2
AINPYGYDTY,2
AISPIGYSTY,2
AISGTGGRTY,2
AIRWNGLHTY,2
AIRLSGNWTY,2
AISEYGVYTY,2
AIGPFGFHTY,2
AIRPFGNYTY,2
AISPQGNNTY,2
AITEYGHDTY,2
TITPFGGYTY,2
AIVFMGGSTY,2
AIIMSGGSTY,2
AIADYGYYTY,2
AINDYGSHTY,2
AIDVYGRYTY,2
AISPVGYSTY,2
AITDGGNYTY,2
AIGPFGRFTY,2
AITPIGYSTY,2
AIRPKGDRTY,2
AINWRGSYTY,2
AIKVYGDRTY,2
AIAPFGKETY,2
AISSYGHYTY,2
AIRPFGNNTY,2
AITPFGGATY,2
AISTFGYSTY,2
AISARGDWTY,2
AITPYGTITY,2
AIKPFGYKTY,2
AISGNGYTTY,2
AISPSGIKTY,2
AISPRGRTTY,2
AIAPFGQNTH,2
AISDYGDDTY,2
AISPWGHRTY,2
AISPYGKSTY,2
AIAPWGIFTY,2
AIPYNGGSTY,2
AISPYGYLTY,2
AISPNGYFTY,2
AIAPFGSTTY,2
AIAPWGNFTY,2
AIDTYGRYTY,2
AIGTHGKGTY,2
AIYPYGDFTY,2
AIKPNGTDTY,2
AITPFGDRTY,2
AIAPWGRTTY,2
AIRLNGDYTY,2
AIDPYGQVTY,2
AIGPFGTYTY,2
AIKYAGGSTY,2
AISPRGGLTY,2
AISPGGKRTY,2
AIGPNGEWTY,2
AITPFGIGTY,2
AIGPYGGATY,2
AISPYGKTTY,2
AIYPFGHKTY,2
AISPRGDFTY,2
AIYPYGSFTY,2
AIAPYGQNTY,2
AISPFGQTTF,2
AISPWGDYTY,2
AIHGYGGRTY,2
VIRWNGSSTY,2
AITPYGQSTY,2
AITPFGYQTY,2
AIKYYGGSTY,2
AISPVGLKTY,2
AIEPYGYYTY,2
AIVPFGARTY,2
TISPFGKYTY,2
AITPFGVSTY,2
AILPYGYKTY,2
AISPDGQYTY,2
AISDYCDWTY,2
AITPFGAGTY,2
AISPYGSPTY,2
AIDPYGWYTY,2
AINWRGNYTY,2
AITPFGGVTY,2
AISPWGGTTY,2
AISPLGSITY,2
AITPFGTRTY,2
AIAPYGEYAY,2
AIGYYGGSTY,2
AISPWGSLTY,2
AIVYAGGSTY,2
AIAPYGRRTY,2
AISDYGIYTY,1
AISENGYGTY,1
AISPFGKKTY,1
AIAPYGEYNY,1
AIVYSGGSTY,1
AIAPFGEYNY,1
TISPGGDHTY,1
AIAPFCSYTY,1
AITPRGNYTY,1
AISEYGHYTY,1
SIEFGYKTYY,1
AIGPSGRSTY,1
AIGPFGRNTY,1
AISPLGDCTY,1
AIAPFGQNNY,1
AITPFGDYTY,1
AISEYGDSTY,1
AIKPYGTFTY,1
EIRWNGVSTY,1
AISPYGEYSY,1
AISSYGSHTY,1
AIRWHGHYTY,1
AISGRGDYTY,1
AISPLGDWTH,1
AMVMWGGSTY,1
AIRWNRLDTY,1
AISNNGFSTY,1
AIKPYGEKTY,1
AIGWDGEYTS,1
AIAPFGKFTY,1
AISPLGSHTY,1
AIVPYGGPTY,1
AIAPFGGYAY,1
AITPFGKLTY,1
AISYYGDSTY,1
AIIPYGYYTY,1
EIAPFGQNTY,1
AIEPFGLSTY,1
AISPFCKSTY,1
AITPDGNHTY,1
AIRPFGTYTY,1
TISDNGNITY,1
AINPTGYNTY,1
AIRWNGVVTY,1
AISPGGGATY,1
AIAMLGGSTY,1
EIAPFGGYTY,1
AISPRGGSTY,1
AISPFGGFTH,1
AIGEYGSYTY,1
RISPFGQGTY,1
AINPFGWGTY,1
AISPFGWKTY,1
RDTMNGSFTY,1
AIIMCGGSTY,1
AIAPFCYHTY,1
AISEYGFYTH,1
AICPYGEYTY,1
AISAYGWGTY,1
AIRMWGGYTY,1
AIKIDCKTTY,1
AISWRGQNTY,1
AISPRGDHTY,1
AINWNGVETY,1
AISHNGTSTY,1
AIRWNCSFTY,1
AISPAGYGTY,1
AIAPFCYQTY,1
AISTSGYSTY,1
AITEYGYPTY,1
AIDPFGSNTY,1
AIRWKGSSTY,1
AIPFYGGSTY,1
AISPRGTYTY,1
AISQIGEVTY,1
TIRWNGFYTY,1
AIAQFGISTY,1
AIRFSGYSTY,1
AIASFGGSTY,1
AISPDGYWTH,1
AIRWNGSFAY,1
AIGPFGFNTY,1
AINPYGNSTY,1
AISDYGQRTY,1
AISPYGTNTY,1
AIAPLGSHTY,1
AISPFVKSTY,1
AISPYGYQTY,1
AIAPEGLSTY,1
AIGPFGRHTY,1
AISPCGKFTY,1
AIRWNGGPTY,1
AISKYGDATY,1
AIDDYGDNTY,1
VIKYVGGSTY,1
AIAPKGLSTY,1
AISPNGGTTY,1
AIAPFGLSIY,1
AISPIGRNTY,1
AITPFGQFTY,1
AISLWGNYTY,1
AITPDGYKTY,1
AIAPWGRFTY,1
AIRPFGPETY,1
AISPFGDDTY,1
AISPAGWSTY,1
AISEWGYRTD,1
AIRWNGSSPY,1
AIKPYGVKTY,1
AIIEYGYGTY,1
AISPFSNYTY,1
AIVPYGSYTY,1
AICYFGGSTY,1
AIHPYGSDTY,1
AISPLGDVTY,1
AIRPIGSSTY,1
AIAPCGRTTY,1
AISEVGYHTY,1
AMAPFGSHTY,1
AIRLNGNYTY,1
AITPSGQFTY,1
AIAPFVLSTY,1
AITPYGGHTY,1
AITPFGGTTY,1
AISPFGTHTY,1
AMAPFGINTY,1
AIDDYGRTTY,1
AISEYRYATY,1
AISWFGDVTY,1
AISPYCKYTY,1
AIGPFGGDTY,1
TIDEYGRYTY,1
AIAPFGIATY,1
AIIIRGGSTY,1
AIAPFGGFTY,1
AISPYCNYTY,1
AIGPLGNGTY,1
VISEYGWGTY,1
AIAPWGGFTY,1
AIAPWGGNTY,1
AIRPRGGFTY,1
AITPFGGRTY,1
EISPYGSHTY,1
AISQGGLYTY,1
AISQYGDYTY,1
AINEYGEYTY,1
AIAPFGRTTH,1
AISPVGSDTY,1
RVSPYGAYTY,1
AIAPWSSFTY,1
AINPYGTRTY,1
AIQAYGNYTY,1
AISPFGQYTH,1
AISPYSEYTY,1
AIRWNGNHTY,1
AISAYGFYTY,1
AIRPIGGNTY,1
AIAMWGRSTY,1
AIALFGYQTY,1
RVGPFGTETY,1
AISPFGYATH,1
AILMWGRSTY,1
AIAPIGYSTY,1
AITCWGGSTY,1
AISPRGSWTY,1
AILQYGSYTY,1
AISPWGYVTY,1
AIRPFGDFTY,1
AIYCYGGSTY,1
AIRWKGVSTY,1
AISYSGDSTY,1
AIQPFGERTY,1
AIAPFGGGTY,1
AISEDGWGTY,1
AIALFGLSTY,1
AIGDYGRYTY,1
AIEPFGGYTY,1
AIIPWGGYTY,1
AISPIGWRTY,1
AINPYGDFTY,1
AIRWKGGSTY,1
AIIPYGSYTY,1
AIAPYGYKTY,1
AINTSGGVTY,1
AIAPFGSHTH,1
AISGYGYGTY,1
AIRPHGGSTY,1
AISPLGHSTY,1
AIGPYGERTY,1
AMSPLGYSTY,1
AIVMRGGTTY,1
ATRWNGLDTY,1
AISDDGFYTY,1
AISPYGIGTY,1
AIYPYGDITY,1
AIRWNSSSTY,1
AIHPLGSGTY,1
AISPNGFYTH,1
AIRPFGRGTY,1
AITPYGDYTY,1
AISDDGDWTY,1
AISEYGSNTY,1
AIRWNGFHTY,1
AITYHGGSTF,1
AMSPFGYNTY,1
AIRWYGYATY,1
AITPNGDYTY,1
AIVPFGNYTY,1
AIYPDGEYTY,1
AIAPIGSHTY,1
AISPLGKYTY,1
AITACGYATY,1
AILPYGFRTY,1
AISQDGIRTY,1
AIIDYGDWTY,1
AMAPFGQNTY,1
AIAPFGYSAY,1
AICPYGRYTY,1
AIATFGLSTY,1
AIRPRGGDTY,1
RYDGTVAQPI,1
AICPFGNGTY,1
AIYQYGEYTY,1
AITPFGTKTY,1
AISYIGGSTY,1
AILPYGRATY,1
AINDYGWRTY,1
AISPSGAYTY,1
AIAPFGVRTY,1
AIAPSGAKTY,1
AILPRGGSTY,1
AIEPFGASTY,1
AISPWGSFTY,1
AIKLYGTRTY,1
TIAPFGRTTY,1
AISPYREYTY,1
AITFWGGPTY,1
AISPKGYHTY,1
AIDPYGRKTY,1
TISPRGEATY,1
AISPFGTWTY,1
AISPDGGYTY,1
AISNSGGATY,1
ARSPLVGSTY,1
AIGWNGGYTY,1
AIGPFGLDTY,1
AISEYGCYTY,1
RISPFGNWTY,1
AISQFGFSTY,1
AIRPNGYRTY,1
AITPLGYNTY,1
TISPFGSGTY,1
AIIEYGYSTY,1
AISTYGYATY,1
AIDYYGRYTY,1
AISAFGGYTY,1
AIGQFGWSTY,1
AISPRGYATY,1
AIRCNGVESY,1
AIGPEGNNTY,1
AISPLGYATH,1
AINEYGDYTY,1
AIRPTGGRTY,1
EISPYGEYTY,1
AITPVGYRTY,1
RIDDYGRYTY,1
RISPFGYETY,1
AINPAGQNTY,1
AIAPFGVYTY,1
AIQPYGLSTY,1
AITPLGGLTY,1
AISPMGNSTY,1
AIAPLGYHTY,1
AIQYSGQYTY,1
AIRWNSDYTY,1
AISPIGFGTY,1
AIYPYGSPTY,1
AISEYGYSNY,1
AIRWYGGNTY,1
AIVPYGHYTY,1
AIAFMGGSTY,1
AINMLGGSTY,1
AISPFGEYAY,1
AITPRGDHTY,1
AISTFGSHTY,1
AISEFGYATY,1
AIAQFGGQTY,1
AISNYGAYTY,1
AITPLGNYTY,1
AIAQFGWSTY,1
AISPYGDHTY,1
AITPSGSRTY,1
AIKPNGRNTY,1
AINGFGQRTY,1
AIHPYGWKTY,1
AIRPFGSDTY,1
AISPGDGTTY,1
AISPLGHKTY,1
AISEYCGKTY,1
AITPRGGQTY,1
AICPYGKYTY,1
AIDVYGKNTY,1
AIRPQGKYTY,1
AMRWNGVSTY,1
AISFMGGSTY,1
AIAPYGEDTY,1
AIAPLGASTY,1
AISYYGDWTY,1
AITEYGNFTY,1
AISPYVGYTY,1
AIRPGGAYTY,1
AIQPYGNYTY,1
SIAPFGASTY,1
TIGWDGGYTY,1
RDNPGGSLYL,1
AISWDGEYTY,1
AMAPFGSYTY,1
AISPWGGHTH,1
AIAPYGEYSY,1
AIGPWGDYTY,1
AISPYGKLTY,1
AISKSGGGTY,1
AIAPVGYTTY,1
AIKWDGSYTY,1
AIVPYGKSTY,1
AISPYGRITY,1
AISYRGNLTY,1
AIAPLGTYTY,1
AIRPYGDETY,1
AITPSGKCTY,1
SIAPFGSHTY,1
AIRSNGLDTY,1
AILPSGGWTY,1
AIAPFGYQAY,1
AIRPIGRYTY,1
AISPAGRDTY,1
AIRWNGDEPY,1
AISRFGYGTY,1
AIRARGEYTY,1
AISPYGRRTY,1
AISEYGYHTY,1
AIAYMGGSIY,1
AIRPDGYWTY,1
AISPFGMETY,1
TISPFGDSTY,1
AITPYGYKTY,1
AITPKGRNTY,1
TIPYMGGSTY,1
AIKTFGGSTY,1
AIRWNDVSTY,1
AIHWNGSFTY,1
AISEYDYGTY,1
AISPYGLDTY,1
PIAPFGGYTY,1
AITPFGQQTY,1
AINENGSYTY,1
AIYQFGGGTY,1
AIRWNGNETY,1
AIQPFGRGTY,1
AIPMCGGSTY,1
AISPLGRYIY,1
AISPHGRSTY,1
TILPYGSTTY,1
AILPYGDLTY,1
AISFWGGSTY,1
AISPYGNYTH,1
AISPYDQYTY,1
AIAPFGVTTY,1
AINPTGYKTY,1
AISAYGNGTY,1
AIAPSGKYTY,1
AIEYYGSSTY,1
AIAPFCQYTY,1
VIAPFGYSTY,1
AISPRGNYTY,1
AITPFGSNTY,1
AIGPGGWSTY,1
AIESRGGYTY,1
RDNPVWLKTY,1
AIHPYGRRTY,1
AIKYTGGSTY,1
AIAPFDQNTY,1
ATTEYGYATY,1
AVSPFGFSTY,1
AIQEYGEFTY,1
AISPLVCSTY,1
AIVPRGGFTY,1
AIGWDSEYTY,1
RDNPVWLCDL,1
AIGSDGGYTY,1
SIAPFGEYTY,1
AIAPYGLRTY,1
AIRWNGGSTF,1
AISPIGGWTY,1
AISPWGNDTY,1
AIRWNGLDTD,1
AINTSGGNTY,1
AIIPFGDHTY,1
AIRWNVVSTY,1
AISESGYGTY,1
AISLFGEYTY,1
AIAPFCLTTY,1
AIRWSGNHTY,1
AIRWSGGSTY,1
AIRLGGGNTY,1
AISPHGSWTY,1
AIAFWGGSTY,1
VISEYGFYTY,1
AISTYGDKTY,1
AIPGYGYATY,1
AIEYRGGSTY,1
AIYPYGFGTY,1
AIDPYGYYTH,1
AINPYGSDTY,1
AIQWNGSFTY,1
AIRMPGGSTY,1
AIEPYGSSTY,1
AITPFGIRTY,1
AIKPFGGSTY,1
AIRWDGDETY,1
AISPFGHFTY,1
AIRPFGIGTY,1
PISPFGHVTY,1
AIKLNGYYTY,1
AIAPTGYYTY,1
AIRWNGGTTY,1
AIRLFGKYTY,1
PIDYMGGSTY,1
AIFPYGNGTY,1
AIRWIGSSTY,1
AISPWGYNTY,1
TITPFGDQTY,1
AITPYGYGTY,1
AISDYGIDTY,1
AITPFGETTY,1
AILPFGYSTY,1
AINPYGGSTY,1
AIVPFGSHTY,1
AIGPYGSYIY,1
AIKPYGSYTY,1
AIEYYGGSTH,1
AIYLYGDRTY,1
AIAPFGLTTH,1
AISAFGLATY,1
AIAPYGGHTY,1
SIRWNGHYTY,1
AISPHGSKTY,1
RYDRTGYRTY,1
TIRWNGSATY,1
AIGDYGTKTY,1
AILPYGNTTY,1
ATRWNGSSTY,1
AIGPTGLNTY,1
AIAPYGDRTY,1
AISPWCYATY,1
AIRWNGEWTY,1
AILLNGVETY,1
AIAPSGSYTY,1
AISPYGNDTY,1
AISPDGSDTY,1
AINPYGNNTY,1
AIRPFGLGTY,1
EIAPFGEYTY,1
AIIPLGYSTY,1
AIRPGGQNTY,1
AILPIGSQTY,1
AISPFGYLTY,1
AIAPRGGWTY,1
AIRWNGYATY,1
AITPFGHHTY,1
AIAPFGLSTF,1
AITPFGHYTY,1
EIRWNGVENY,1
AISQFGGTTY,1
AIAPFVYSTY,1
AITPFGLATY,1
PISPGGQGTY,1
SISPFGTDTY,1
AIGGDGEYTY,1
AIRYMGGSNY,1
AISDYGYGTY,1
AIRWHGSSTY,1
AIRWNDSFTY,1
AIRSHGIYTY,1
AIRWHGFYTY,1
AIRWHGNYTY,1
AIRWHGSATY,1
AITPKGRYTY,1
AIIPFGFSTY,1
AIFPLGSGTY,1
AINEYGFYTY,1
AIYPYGRRTY,1
AIVPKGGHTY,1
AISPFGHITY,1
AITPYGRETY,1
AINPYGDRTY,1
AINPFGNWTY,1
AISQWGGYTY,1
AISMWGCSTY,1
AIDVYGYYTY,1
AISEYGSGTY,1
AISPWGFGTY,1
AISEYGSITY,1
AIKPFGQYTY,1
AXSEYGYATY,1
AISPLGYLTY,1
AISPTGAYTY,1
AIAPYGSSTY,1
AIPPYGDYTY,1
AIPYMGCSTY,1
AIEEFGSKTY,1
AIAPIGRYTY,1
AIRWSGNKTY,1
PIMMWGGSTY,1
AIGPFGNDTY,1
AIAPFGTSTY,1
AILYGGGSTY,1
AIAPYGGYNY,1
AIARWGYETY,1
AIRSFGGRTY,1
AILPYGTTTY,1
AISYYGEYTY,1
AITPSGYRTY,1
ALRWNGSSTY,1
AIGPHGYYTY,1
AISQFGISTY,1
AISPYGTHTY,1
AISPRGDGTY,1
AIRRNGSATY,1
AISPYGFSTY,1
AIRWYGSFTY,1
TIQWNGVETY,1
AIAPYGSFTY,1
AISPFGFDAY,1
AIRWNGGSTD,1
AISPFGMTTY,1
AISPYGYETY,1
AISPRGIETY,1
SIRWNGFYTY,1
AISPYCGYTY,1
AIYPYGSKTY,1
AITPTGRYTY,1
AISPYGVTTY,1
AIAPWGIYTY,1
AIVPYGTYTY,1
AINEYGWGTY,1
AITPFGENTY,1
ATLWNGVDTN,1
PISDYGIDTY,1
AIAPYGLQTY,1
AIEPFGYLTY,1
AIAPSGSKTY,1
AISPGGQGTY,1
AIRPFGQGTY,1
AIKPYGYYTY,1
AIKPFGYNTY,1
AIAYFGGSTY,1
AISPFGHNTY,1
AITFLGGSTY,1
AILPYGSATY,1
AISDYGQYTY,1
AISPRGKLTY,1
AILPYGHYTY,1
AIGSFGRSTY,1
AISQFGGLTY,1
AIRWNGNFTY,1
AIPPYGLWTY,1
AIGWDGNYTY,1
AISPWGRRTY,1
AISPYGDATY,1
AIAPFGVSTY,1
AIDPFGTYTY,1
AISPGGLHTY,1
AISNYGRYTY,1
AIYPLGFGTY,1
AISPRGGFTY,1
AICEYCYATY,1
AISPLGRKTY,1
AIRPFGQWTY,1
AISTNGFRTY,1
EISPIGYGTY,1
AILPFGQYTY,1
AISQGGYRTY,1
AIKPLGFTTY,1
AIRPLGGWTY,1
AISNYGNYTY,1
AIKPYGEFTY,1
AISEYGSSTY,1
AITPFGFTTY,1
AILPYGWNTY,1
AIQMWGGSTH,1
AINYSGFQTY,1
AIGWDGEYNY,1
AIQPFGPRTY,1
AIAPFGKSIY,1
AIRSNGGSTY,1
AIRWYGVATY,1
AIGEYGYSTY,1
AIAPCGLSTY,1
AIRWYGIYTY,1
AISPFGQITY,1
AIRWDGSSTY,1
AINPGGYYTY,1
AMGPYGYTTY,1
AIAYYGCSTY,1
AITPCGGYTY,1
AIHYMGGSSY,1
TISPIGYGTY,1
AIGWNGVSTY,1
RYDRLVADTY,1
AIRWNGSFTS,1
AIAMWGGSAY,1
AIAPCGSFTY,1
AISPYGHITY,1
AIAPFGYSTH,1
AIGPVGSYTY,1
AIVMWGVSTY,1
AITPFGRSTY,1
SIMYMGGSTY,1
AIIMRGDSTY,1
SIGYMGGSTY,1
AIRCDGYATY,1
AIDPFGWNTY,1
AIRVYGSSTY,1
AINHRGDTTY,1
AICPFGSTTY,1
AISTGGDHTY,1
AISWRGELTY,1
AITPFGHNTY,1
AIYPYGDWTY,1
AITPWGGRTY,1
AIHPYGDLTY,1
AISPYGLKTY,1
AIDDYGYYTY,1
AISEYVYGTY,1
AIRWNVGSTY,1
AIKTSGSRTY,1
TIGWDGEYTY,1
ALSPDGYSTY,1
AIRPLGWQTY,1
AISEYGSYNY,1
AITPFGFSTY,1
AISWDGGYTY,1
AIIEYGWGTY,1
AIRHNGIYTY,1
AIAPYGESTY,1
AIRCNGVETH,1
AMAPFGGYTY,1
EVAPFGISTY,1
AIRWNGDYAY,1
AIRPLGWKTY,1
AIAPYGNVTY,1
SIRWNGSATY,1
AISPDCNLTY,1
AISEYGYNTY,1
AINWNGDYTY,1
AISPFGNCTY,1
AISNLGGYTF,1
AIRWNGVEPD,1
AICPQGYYTY,1
AIGPFGQGTY,1
AIYPYGSLTY,1
SIEYYGGSTY,1
AINPRGDWTY,1
AISPWGGSTY,1
AIGWDGGYTH,1
AIKMRGGSTY,1
AIRWNDGSTY,1
AISEYCYVTY,1
AISPFCYGTY,1
AISPYGWKTY,1
AIKPYGRKTY,1
AISPIGKGTY,1
AISPLGCKTY,1
AISQFGDSTY,1
AIRWEGDNTY,1
AIAENGRYTY,1
AISPLGKSTY,1
AISPYGNYAY,1
AIGWDGGYIY,1
AISTSGKKTY,1
AIAPFGECTY,1
TISPYGHYTY,1
AIHPYVEYTY,1
AIGPFCSYTY,1
EIRWNGLDTY,1
AIVPSGGHTY,1
AINPYGYKTY,1
AIIPFGYKTY,1
AISPWGYDTY,1
AISQFGYNTY,1
AITPFGRTTY,1
AIYPYGTYTY,1
RVNPFGGRTY,1
AIGPLGNETY,1
AISAYGYSTY,1
AIRWNGSFTH,1
AIRRNGVSTY,1
AIHWRGNFTY,1
AIGPNGYRTY,1
AIGPFGKYTY,1
AIGPYGGVTY,1
AIKPSGESTY,1
AIKPFGSYTY,1
AIRNSGFYTY,1
AIRWDGFETY,1
AMRWNGFYTY,1
AINPRGGQTY,1
AIGWGGGYTY,1
AILSYGRATY,1
TITPGGEYTY,1
AIEYYGGATY,1
AISPAGLDTY,1
AIHPWGGRTY,1
AIKPFGAETY,1
AIEPFGFNTY,1
AISPSGHHTY,1
AINDYGSYTY,1
AIGPHGNNTY,1
AIYPFGKYTY,1
AIRWDGFATS,1
AIKPFGSKTY,1
AIAMWGSSTY,1
AISPAGLNTY,1
AIAPYGGNTY,1
AITPSGRYTY,1
AIRWNGGSNY,1
AISPRGGDTY,1
PIRWNGGSTY,1
AILPFGGYTY,1
AINPYGGATY,1
RITYKGGSTY,1
AISPFGHETY,1
AIRPAGDHTY,1
AIGPFGDMTY,1
AILPYGSITY,1
VISPLGYSTY,1
AIGPSGQWTY,1
AIGDYGRATY,1
AIAYGGGSTY,1
AIRPNGQYTY,1
AIGWNGEYTY,1
SISPDGSRTY,1
AISPNGTNTH,1
AISPFCGYTY,1
AISPLGYSTH,1
AILPRGSRTY,1
AISWDGCYTY,1
AITPFGVNTY,1
AIDPYGQYTY,1
AIEPFGYYTY,1
AITQFGHKTY,1
SISEFGGYTY,1
AIRWNGLNTY,1
AIRMIGGSTY,1
AIRWNDEETY,1
AIRYGGGSTY,1
AIAPWGYHTY,1
AIGPFGASTY,1
AIVPRGDYTY,1
AITEDGEATA,1
AIVPRGGVTH,1
ALSEAGDATA,1
AIGPFGYGTY,1
AIKPDGKYTY,1
AIGPFGYQTY,1
AISQYGYYTY,1
AISGFGDNTY,1
AIRWNGSSIY,1
AISDYGGNTY,1
AISPYGAFTY,1
AISTRGDWTY,1
TISPFGYGTY,1
AIEPFGYITY,1
AITPYCEYTY,1
AIATFGGYTY,1
AISDYGNWTY,1
AIRSFGYDTY,1
AIKPFGYHTY,1
TISPFGKSTY,1
AITPFGRHTY,1
AISDYVDWTY,1
AISDYGDTTY,1
AIIPIGGRTY,1
AIAPLGRYTY,1
SISPYGYRTY,1
AISEFGLNTY,1
AIAPNGCRTY,1
AMSPFGYKTY,1
AIADNGYETY,1
AISPHGNYTY,1
AILPYGGQTY,1
AILPFGYRTY,1
AISPYCDWTY,1
AISPIGQGTY,1
TISPFGASTY,1
SISPFGYNTY,1
AIAPFGVDTY,1
AIYPYGIDTY,1
AIRWNGEDTY,1
AISEYGDHTY,1
EIRWNGSATY,1
AITPFGVQTY,1
AISGKGLATY,1
AISSEGSYTY,1
AISTFGYATY,1
AISEFGRFTY,1
AIAPFGHYTN,1
AISPRCHFTY,1
AISPDGRQTY,1
AIKLFGKYTY,1
ATSPFGDHTY,1
TISDYGDWTY,1
AISPFGEHTY,1
SIRPGCKTYY,1
AIRWNGDEIY,1
AINPLVGSTY,1
AISPWDNYTY,1
EIPYMGGSTY,1
AISPYGDRTH,1
AISNYGDWTY,1
AIASFGLSTY,1
AITPFGHTTY,1
AISPRGQHTY,1
AISPLSYSTY,1
AIAPWGSFTN,1
AIAPFGYQTC,1
AISPVGNYTY,1
AINPCGNATY,1
AIAPYGYNTY,1
AISPLGKHTY,1
TIAPFGKSTY,1
AISPDGTDTY,1
RDNPFGGLTY,1
AITPFGLSTY,1
AIHPYGNYTY,1
AISPWGDKTY,1
SIAPFGYSTY,1
SIAPWGSFTY,1
AIAPFGLETY,1
AIGPLGLSTY,1
AIAPFGEYTD,1
AISSFGRRTY,1
AILPFGHQTY,1
AITPFGNNTY,1
AIGPYGAYTY,1
AIKWYGYYTY,1
AIIYMGGSTN,1
AIRWNGGSPY,1
AISPFGAQTH,1
AIRDYGDWTY,1
AIRPYGNFTY,1
AIAPTGYATY,1
AIFPYGYTTY,1
AIQLNGVETY,1
AIEPFGLQTY,1
AIAYIGGSTY,1
AISPWGDQTY,1
AIAEYGDYTY,1
AITPVGGRTY,1
AISPYGEYNY,1
AIDYMGGSTF,1
AISPFGKITY,1
AIRWSDNQTY,1
AISPAGSGTY,1
AIAPHGEWTY,1
AIVPYGYRTY,1
AIATFGYQTY,1
AIRLCGGSTY,1
PIAPFGGKTY,1
AIRPLGFDTY,1
AIAPFGGETY,1
AINRNGKYTY,1
AIPYSGGSTY,1
AIGYNGYRTY,1
AILPYGRFTY,1
AISYMSGSTY,1
AIAPYGEYTC,1
AIDPFGYRTY,1
AIKPYGNRTY,1
AITYLGGSTY,1
AIRWYGVQTY,1
AITYYGGSTF,1
AIAPLGYQTY,1
AITPFGYETY,1
AINPYGLRTY,1
AISWRGNYTY,1
AIVWDGEYTY,1
AISPFGCSTY,1
AIAPWGGHTY,1
AIRWNGSRTY,1
AISPAGSWTY,1
AIGSFGGYTY,1
AIGQFGYTTY,1
AISPFSSYTY,1
AIGPFGQYTY,1
AILCNGVETY,1
AIAPCGGYTY,1
AIAPFGRATY,1
AIQPYGGYTY,1
AIGPFGRYTY,1
AISPIGRLTY,1
AIYPYGSWTY,1
AILPFGLETY,1
AIRSFGTRTY,1
AIHPYGFRTY,1
AIAPTGNYTY,1
AIRLNGNLTY,1
AIRPQGAYTY,1
AIGPYGGTTY,1
AILPYGKQTY,1
AISPGGRQTH,1
AISPLGHYTY,1
AISPFGVDTY,1
AIRWNGRSTY,1
AILYLGGSTY,1
AITPFGDKTY,1
AIASWGSFTY,1
AINSYGNYTY,1
AIRPNGYYTY,1
AISTFGNRTY,1
AIRPFGISTY,1
AIRYAGSYTY,1
AIYPYGGITY,1
AIGWDGEYTN,1
AITPIGSSTY,1
AITPFGFKTY,1
AISDFGGYTY,1
AIAPNGWRTY,1
AISPPGYSTY,1
AIKPFGYRTY,1
AISPGGNSTY,1
AIVMLGGSTY,1
RISPGGKYTY,1
AMAPFGYQTY,1
AILPYGEYTY,1
AIVPRGQRTY,1
AITFWGDSTY,1
AISPFGNITH,1
AIEYAGGSTY,1
AILPDGRQTY,1
AITPYGRFTY,1
AINPFGEYTY,1
AISTFGGYTY,1
AIAPFCQNTY,1
AINPEGQNTY,1
AIGPWGYNTY,1
AISPAGTYTY,1
AIQMLGGSTY,1
AIAPFDEYTY,1
AIASFGISTY,1
AINYMVGSTY,1
AIVMWCGSTY,1
AISDYVRYTY,1
AIAPFGWRTY,1
RISPYGRYTY,1
AIAPYGHFTY,1
AIRWNGSATD,1
AISPIGSGTY,1
AIAPFGYPTY,1
AILPYGNFTY,1
AISPFGEDTY,1
AISDYGLDTY,1
AIGPFGGLTY,1
AILPRGGYTY,1
AIRWNGAYTY,1
AIAPYGEYTD,1
AIRWNSSFTY,1
RVSPYGQYTY,1
AISPRGATTY,1
AIGPTGRYTY,1
AISPNGRFTY,1
AIAPYGLTTY,1
AISPFGTVTY,1
AITPYGGATY,1
AIVMSGGSTY,1
AISEYGYGSY,1
AISPYGQRTY,1
RIAPFGYSTY,1
AIRWHGVETS,1
AISEYGSKTY,1
ARRWNGGSTY,1
AIGDYGYKTY,1
AIRWNGSSNY,1
AIVPFGLTTY,1
AIAQFGQNTY,1
VIQWNGSNTY,1
AIRWGGNQTY,1
AISPKGSFTY,1
AIRPLGKYTY,1
AILPFGVQTY,1
AINYFGGSTY,1
AITYKVVQPI,1
RYRIWVVQPN,1
AISMCGGSTY,1
AIRWNGRDTY,1
AIMYMGGSNY,1
AISQFGGYTY,1
AIGPFGYTTY,1
AINPFGYRTY,1
AISRVGSDTY,1
AIAPNGSFTY,1
AISPYCGLTY,1
SIAPYGRYTY,1
AISNFGRYTY,1
AITPIGKRTY,1
AITPFGQRTY,1
AIRCNGRYTY,1
AINPYGWPTY,1
AIKPYGRYTY,1
AIGDYGYNTY,1
AISPYGRHTY,1
AIRWYGFYTY,1
EIAPFGYNTY,1
RYERLVVVPN,1
AIRLFGSSTY,1
AIAPVGNKTY,1
AINWNGRSTY,1
AISPDGYNTF,1
AIQPYGSKTY,1
AISDYGTYTY,1
AIYPRGLGTY,1
AITPRGEGTY,1
SISEYGYSTY,1
AIRYAGRYTY,1
AIEPFGYNTY,1
AIRPNGRYTY,1
AISRWGDWTY,1
AIGPHGYSTY,1
AIAPFGFSTY,1
AITPFGYGTY,1
AIQPSGGYTY,1
AINWSGNRTY,1
AIVPFGYSTY,1
AISPWGGDTY,1
AISLYGEYTY,1
AIAPFGFKTY,1
AISPFGRYSY,1
AIDWNGKTTY,1
AISPRGYNTY,1
AILWNGSPTY,1
AINPNGYRTY,1
AISNRGEWTY,1
VISPYGQYTY,1
TISEFGGYTY,1
AIRMWGCSTY,1
AIGPYGYSTY,1
AIGTYGHTTY,1
AICPYGGLTY,1
AIRSFGYRTY,1
AIAPWGFRTY,1
AIFPFGKFTY,1
AIRPYGSWTY,1
AIKWNGYRTY,1
AITPFGYDTY,1
TIRCNGGSTY,1
AISSWGYHTY,1
AIRWNAVSTY,1
AIRWNGNSTY,1
SIAPFGLSTY,1
SITFWGGSTY,1
AMAPLGHSTY,1
AIRPFGLSTY,1
AINPDGQNTY,1
PISPYGAYTY,1
AITMWGGPTY,1
AISPYGVYTY,1
VIVMWGGSTY,1
AISPIGGVTY,1
AICEYGWGTY,1
AIIPFGDYTY,1
AITPSGWSTY,1
AIAPFGSCTY,1
AIRPYGIRTY,1
AIKPYGNWTY,1
AISDYDDYTY,1
AIGPYGNYTH,1
AISPWGNHTY,1
AISPRGTSTY,1
AIADYGSYTY,1
AISPLGINTY,1
AISPSGSSTY,1
AIEYYGCSTY,1
AIDMCGGSTY,1
AIRMLGGSTY,1
AIAPWGGYTY,1
AIRWNVFYTY,1
AINPGGTGTY,1
ALSPYGYNTY,1
AIGWDGGYNY,1
VIRWSGNQTY,1
AIGPLGSSTY,1
AIVPLGGYTY,1
AISPSGNNTY,1
AIGWNGGSTY,1
AISEYGWVTY,1
SISEYGWGTY,1
AISPLCYSTY,1
AIFPYGSRTY,1
AISPLGSSTY,1
SINWSGSRTY,1
AIVPFGNRTY,1
AIQPFGQYTY,1
AIRSFGGGTY,1
AISPIGAYTY,1
AICYYGGSTY,1
AITPGGGATY,1
AIHPYGKYTY,1
VIAPFGQNTY,1
AISPFGTETY,1
AIRNIGNYTY,1
AIGPFGSVTY,1
AISENGYSTY,1
AIRWNGHYAY,1
AINGYGDYTY,1
AITPFGKRTY,1
AISPGGYSTY,1
TISEYSYAIY,1
AITEYGYATF,1
AIELRGGLTY,1
AITEYAYATY,1
AISPYGWPTY,1
VIAPFGWSTY,1
AIFPFGNYTY,1
RISPDGYNTY,1
AITPSGIETY,1
AITQFGSQTY,1
AIRWNGLKTY,1
AINPYGSYTH,1
AIAPYGGWTY,1
AIGPFGGWTY,1
AISPHGEYTY,1
AISVYGYATY,1
AISDYCRYTY,1
AINYSGSQTY,1
AISPYGFNTH,1
AIDSFGGWTY,1
AISTNGYYTY,1
AIAMCGGSTY,1
AIRWNGVDTD,1
AICWDGGYTY,1
AIAPYGEYTN,1
AIRWYGDETY,1
SIKWNGYYTY,1
AISDFGYGTY,1
TIAPFGASTY,1
AIDPYGMYTY,1
AISPYGLGTY,1
AIVPRGGATY,1
TIAPFGKNTY,1
PISPYGEYTY,1
AIGPQGYHTY,1
AIRWNGSFTF,1
AINPFGGFTY,1
TISPYGQYTY,1
AIAPTGDYTY,1
AISPGDNSTY,1
AIKPYGQWTY,1
AIGPVGSQTY,1
AIGCDGEYTY,1
AINHRGDFTY,1
AIKCNGDYTY,1
AISPYGRSTY,1
AIRPYGQLTY,1
VISPWGNYTY,1
AISPFCISTY,1
AITPFGYATY,1
AIGPLGGWTY,1
AIRPRGGSTY,1
AINPFGDTTY,1
AISKSGNYTY,1
AIAPYGSYTH,1
AIAPLGISTH,1
AISPFCQGTY,1
AISTRGNWTY,1
AIRRNGVDTY,1
AIAPYCGYTY,1
AIYPYGGTTY,1
AIRPLGSYTY,1
AINYGGGYTY,1
AISPFGKSTN,1
AISNYGDYTY,1
VISPFGLTTY,1
AIYPYGNITY,1
AISDYGDCTY,1
AITFWSGSTY,1
TISDNGLKTY,1
AISPSGAFTY,1
AIGYAGGSTY,1
AISDYGCYTY,1
AIDQYGDRTY,1
AISPFCYATY,1
AMSPFGYATY,1
SISPFGQETY,1
AIRRNGFYTY,1
AIRWDGVSTY,1
RDTAVWSVTY,1
AISPNGWRTY,1
AIRWNGEGTY,1
AISEYGYGAY,1
AIPMWGCSTY,1
AISPWGRTTY,1
AISPLGYSAY,1
AISPFGSSAY,1
AIQPFGGHTY,1
AIKSFGNSTY,1
SISPFGYSTY,1
AIADYGRSTY,1
AISKYGSYTY,1
AINYSGSYTY,1
AISTYGDYTY,1
AITPYGGSTY,1
AIAPLGDYTY,1
TISPFGDRTY,1
RIGPWGVSTY,1
AIVPFGYQTY,1
AINPYGQYTY,1
AISGIGSKTY,1
AISEYGRGTY,1
AINPYGVNTY,1
AMSPYGSHTY,1
AIVPYGDYTY,1
AIGWDGVETY,1
AIALFGGYTY,1
RISPFGFTTY,1
AIYPYGDLTY,1
AMTPYGEYTY,1
AISTNGSYTY,1
AIRINGSYTY,1
AINDNGLKTY,1
AIVYFGGSTY,1
AISPQGFSTY,1
AIRWNSSATY,1
AIMMWGRSTY,1
AIGPFGYHTY,1
AIAPLGYTTY,1
AIRYAGYRTY,1
VIGWDGGYTY,1
AISPRGGETY,1
AIRPSGDRTY,1
AISPLGSQTY,1
AIAPYGYRTD,1
AMRWNGNYTY,1
AITPDGSYTY,1
