Count_CDR2,count
AIRWNGVETY,787233
AISEYGYATY,336117
AITEYGYATY,174329
AISEYGYGTY,134428
AISPYGEYTY,81481
AIAPFGEYTY,37462
AIAPYGEYTY,36330
AIAPFGGYTY,30443
AISEYGWGTY,26314
AIAPFGLSTY,24073
AISPFGYSTY,20017
AIRWNGVSTY,17880
AIGWDGEYTY,16399
AIRWNGGSTY,15725
AIRWNGDETY,15284
AIAPFGQNTY,13180
AIAPWGSFTY,11159
AIAPFGISTY,10065
AIAPFGYSTY,8969
AIAPFGYQTY,8425
AISPLGYSTY,8140
AISEYGYSTY,7461
AISPWGNYTY,7235
AIRWNGSATY,6902
AIGWDGGYTY,6809
AIAPFGSHTY,6497
AIEYYGGSTY,6099
AITFWGGSTY,5394
AIAPFGASTY,4001
AIRWNGDYTY,3981
AIRWNGLDTY,3264
AISPFGFSTY,3249
AIVMWGGSTY,3157
AISDYGDWTY,3080
AIPYMGGSTY,2908
AISPFGGYTY,2807
AISPFGASTY,2620
AISPFGDSTY,2399
AIAPFGSYTY,2223
AIAPFGYHTY,2194
AIKWNGYYTY,1843
AIAMWGGSTY,1838
AIRWNGSSTY,1835
AIAPFGWSTY,1771
AIRWNGSFTY,1689
AISPYGSHTY,1629
AIAPFGKSTY,1615
AIAPFGLTTY,1449
AIAPFGYNTY,1390
AIAPYGSYTY,1352
AIAPLGHSTY,1338
AISPFGYGTY,1304
AISPFGIGTY,1218
AISPFGYATY,1203
AISPFGYNTY,1146
AISEFGWNTY,1133
AISEFGGYTY,1125
AIAPYGGYTY,1096
AIRWNGFYTY,1062
AISPFGKSTY,1010
AISPFGENTY,967
AISEYGFYTY,962
AISPFGISTY,951
AISPYGGYTY,951
AISPYGDYTY,948
AISPYGYYTY,917
AIAPFGRTTY,895
AIAYMGGSTY,885
AIAPFGKYTY,846
AIAPFGGQTY,839
AISPYGDWTY,810
AISPWGGYTY,806
AISPFGQGTY,778
AINWSGSRTY,726
AIAPFGSWTY,702
AIVMRGGSTY,694
AIAPFGQYTY,679
AISEYGSYTY,670
AIRCNGVETY,649
AISEYGYVTY,643
AISPYGSYTY,638
AISPFGDYTY,629
AIAYYGGSTY,601
AIAPFGRNTY,591
AINWNGKSTY,583
AIRWDGYATY,573
AINWNGKYTY,562
AIAPLGISTY,556
AITPYGEYTY,553
AIGPQGYYTY,551
AIRWSGNQTY,549
AISPWGYATY,536
AISPYGNYTY,503
AIRWDGFATY,488
AISPFGYQTY,469
AIRWNGNYTY,467
AILWNGVETY,460
AISDYGLGTY,447
AISPYGRYTY,440
AISPGGDHTY,428
AISPFGNYTY,424
AIRWNCVETY,393
AISPFGSHTY,386
AISPYGYSTY,374
AIAYVGGSTY,374
AIRWNGRYTY,370
AISEWGYRTY,369
AISPYGKYTY,346
AISPLVGSTY,343
AISPRGEATY,338
AIAPFGGTTY,338
AISPFGFNTY,330
AITEYGYVTY,330
AISPFGSYTY,323
AISPLGGSTY,313
AIRLNGVETY,313
AISPFGDHTY,312
AIQWNGVETY,310
AISPFGGFTY,305
AIAPFGLQTY,304
TIRWNGVETY,297
AISEAGYHTY,292
AIRMWGGSTY,289
AIAPYGGITY,286
AIDPYGLYTY,283
AIRWNGSYTY,281
AISEYCYATY,276
AIRWNGVESY,275
AISDYGDYTY,273
AIAPFGHGTY,270
AISPWGGWTY,268
AIDMWGGSTY,263
AITMWGGSTY,253
AISPFGGWTY,248
AIIMRGGSTY,246
AISPFGHSTY,245
AISPIGYGTY,239
AIRWNGHYTY,237
AIGPFGWSTY,231
AISPFGSSTY,228
AIRWNGVETH,226
AISEYGYYTY,225
AIPMWGGSTY,225
AIRPFGLETY,222
AISPWGSTTY,217
AISWDGSYTY,207
AISPFGLSTY,202
AISPDGWTTY,194
AISPFGEYTY,193
AIAPFGYTTY,192
AIMMWGGSTY,186
TISEYGYATY,186
AISPFGYRTY,182
AISPFGYTTY,180
AISPYGAYTY,180
AIYPYGEYTY,180
AIAPWGSYTY,178
AISPLGWQTY,178
AIIMWGGSTY,174
AISPDGSGTY,173
AISPFGRNTY,171
AISPFGGSTY,168
AISPFGRYTY,166
AITEYGYYTY,166
AISEYGSTTY,165
AIRWNGMETY,163
AIAPFGQFTY,161
AIGPFGNGTY,155
AIVYMGGSTY,152
AIPYKGFSTY,146
AISEYGGYTY,142
AMRWNGVETY,137
AITEYCYATY,137
AISPLGNSTY,136
AIGPYGSYTY,135
AISPFGKYTY,127
AISEYGYATH,127
AISPYGSRTY,126
TITEYGYATY,125
AIVYVGGSTY,124
AISPFGGRTY,124
AIRWNGIYTY,124
AISPYGEITY,122
AILYMGGSTY,121
AISEYGEWTY,121
AISPFGLGTY,119
AINWNGGSTY,119
AIGPLGYSTY,115
AISPYGYRTY,113
VIRWNGVETY,113
SIRWNGVETY,111
AISPYGGGTY,111
AIIYMGGSTY,111
AIRWNGHSTY,111
AISPLGGYTY,110
AIKIDGKTTY,110
AILMWGGSTY,106
AISPNGEWTY,106
AISPFGEWTY,106
AIRWYGVETY,105
AIDDYGRYTY,105
AISPFGLNTY,103
AINPYGNATY,100
AISPFGYHTY,99
AISWDGNYTY,99
AISPFGDNTY,99
AISPFGNSTY,98
AICYMGGSTY,97
AIAPFGGRTY,97
AIDPYGDVTY,96
AIDPYGGYTY,96
AISYMGGSTY,96
AINYMGGSTY,96
AISEYCYGTY,95
AISPLGYQTY,94
AISPYGYNTY,94
AIRWAGDNTY,93
AISPFGSNTY,92
AISPEGSYTY,91
AISPDGKVTY,89
AISPYGLYTY,88
AISPYGDFTY,87
AISPFGNRTY,87
AISPDGYNTY,86
AIRWNGDATY,85
AIRWAGDYTY,85
AISPYGEWTY,84
AIAPFGHWTY,84
AIAPYGRYTY,83
AIAPIGYGTY,83
AISPFGNNTY,83
AIGPFGDWTY,83
AIPYWGGSTY,81
AISPFGYETY,81
AIRWNSVETY,81
AIKWNGLYTY,80
AISPYGGLTY,80
AISPDGYSTY,80
AISPDGYKTY,79
AISPFGGLTY,79
AISPYGLRTY,78
AIRWDGVETY,78
AIAPFGWHTY,78
AISPDGSKTY,77
AIGPDGKYTY,76
AILYVGGSTY,76
AIMYMGGSTY,74
AISPYGQYTY,74
AISEYGEYTY,74
AITPFGEYTY,73
AINHRGDSTY,73
AICMWGGSTY,72
AISEYGYDTY,71
AISMWGGSTY,71
AISEYGYCTY,71
TISEYGYGTY,70
AIDPYGRYTY,69
AISPYGTYTY,69
AIGPYGYTTY,69
AISPFGGTTY,69
AIKMWGGSTY,68
AISDYGEWTY,68
AIQMWGGSTY,68
AISPFGDWTY,68
AISPYGGRTY,67
AISPFGSRTY,66
AIRWNGLETY,66
AISPFGRSTY,65
AIRYNGGSTY,65
AISPFGYKTY,64
AISPWGYETY,64
AIRWSGVETY,64
AISPDGKTTY,64
AISPYGHYTY,64
AIRWNGVDTY,64
AISPYGNRTY,64
AIDYMGGSTY,64
AIAPFGNLTY,63
AISPRGDWTY,63
AIMYNGGSTY,63
AISPRGGGTY,62
AIAPFGSSTY,62
AISEYGTYTY,62
AIAPDGYFTY,62
AISPSGKSTY,62
AIIYVGGSTY,61
AIRWDGYYTY,60
AISPDGSYTY,60
AISYVGGSTY,60
AISPFGLQTY,60
AISSFGDGTY,59
AIDEYGRYTY,59
AISPFGNWTY,59
AINYNGYRTY,59
AINSRGDRTY,58
AISPLGDWTY,58
AIGEYGYATY,58
AISPNGYSTY,58
AISPVGLGTY,57
VISEYGYATY,57
AIEYMGGSTY,56
AIAYAGGSTY,56
AIRWNDVETY,56
AISYYGGSTY,56
AISPFGEVTY,56
AIDPYGYYTY,56
AISPFGSTTY,55
AIAPRGGFTY,55
AISPDGYFTY,55
AIAPFGHKTY,55
AISPSGGQTY,55
AISECGYATY,55
AISDYGYYTY,55
AISPFGDQTY,54
AISPFGLTTY,54
AISPFGGNTY,54
AIAPYGEWTY,53
AISPFGQYTY,53
AIYPYGLNTY,53
AINPYGGYTY,53
AIAPYGKYTY,52
AISPYGSKTY,52
AIAPFGYKTY,52
AISDYGYNTY,52
AINYYGGSTY,52
AISPLGDQTY,52
AISPFGLETY,51
AIRWHGVETY,51
AISPNGKWTY,51
AISPWGLGTY,51
AISSYGNSTY,50
AISKYGYATY,50
AISPFGQNTY,50
AIDYYGGSTY,50
AIRYMGGSTY,50
AITEYGYATH,50
AISPNGDYTY,50
AIGYMGGSTY,49
AIIEYGYATY,49
AIRPFGGDTY,49
AISPGGGWTY,49
AISPNGLDTY,49
AISPDGNLTY,49
AIKWNGRYTY,48
AMSEYGYATY,48
AISPAGNYTY,48
AISPFGDRTY,48
AIRPFGYHTY,48
AISPFGQSTY,47
AIREYGYATY,47
AISPFGLDTY,47
AISPYGDKTY,47
AIRRNGVETY,46
AISPYGDSTY,46
AITKYGYATY,46
AITPYGGYTY,46
AICYKGGSTY,45
AIQWNGSNTY,45
AISPYGEETY,45
AIRWNVVETY,45
AIGPFGRSTY,44
AIGPPGEYTY,43
AISPFGDLTY,43
AISPFGLRTY,43
AINMWGGSTY,43
AISPNGYTTY,43
AISPYGERTY,43
AISPTGSYTY,43
AISPYGDQTY,43
AISPFGDVTY,42
AISPGGGTTY,42
AIIYSGGSTY,42
VITEYGYATY,42
AISPYGGWTY,42
AISPFGRITY,41
AIRYTGGSTY,41
AITPDGNYTY,41
AINPYGRRTY,41
AISPDGYWTY,41
AISPYGYHTY,41
AIYPFGGGTY,41
AIAPFGDSTY,41
AISPNGDSTY,41
AISPFGNQTY,41
AISPFGGITY,41
AISPYGLTTY,41
AISEYGAYTY,41
AIAPSGGSTY,40
AISYDGSYTY,40
AIRWNGVETC,40
AIDVYGQNTY,40
AISPYCEYTY,40
AISPRGDRTY,40
AIGPFGDYTY,40
AISPNGKHTY,40
AIGPYGWTTY,39
AISYTGGSTY,39
AIGMWGGSTY,39
AITYMGGSTY,39
AISANGLKTY,39
AITYKGGSTY,39
AISPFGTSTY,39
AISPFGGATY,39
AISPFGNDTY,38
AISPNGKRTY,38
AIRWNGAETY,38
AISPYGEKTY,38
EIRWNGVETY,38
AISPFGSLTY,37
AISPSGSRTY,37
AIVYKGGSTY,37
AIKWNGDYTY,37
AISPFGHYTY,37
AISPFGRATY,37
AISAYGYATY,37
AISPYGKFTY,37
AISPYGDRTY,37
AISPLGSYTY,37
AIAPFGYRTY,37
AIQYMGGSTY,37
AISPFGRRTY,36
AISPDGSRTY,36
AISEYGYETY,36
AISPGGSSTY,36
AISPRGDLTY,36
AIFPDGRTTY,36
AISPFGDKTY,36
AIRYVGGSTY,36
AITPYGKYTY,35
AIRPFGYNTY,35
AISPFGGDTY,35
AIFPYGSFTY,35
AISPYGFNTY,35
AISEYGYGTH,35
AITPGGRSTY,35
AISPWGGHTY,35
AISPGGLYTY,34
AITPFGDQTY,34
AISPNGYRTY,34
AISEYGGKTY,34
AIGPFGRGTY,34
AISYKGGSTY,34
AINENGSHTY,34
AISSYGDYTY,33
AISPFGFTTY,33
AISPYGNSTY,33
AISQYGEYTY,33
AISPYGEHTY,33
AISPFGAYTY,33
AITPFGNFTY,33
AIYYMGGSTY,33
AITEFGYATY,33
AISPFGSGTY,33
AISSYGGYTY,33
AISYSGGSTY,32
AISPLGDSTY,32
AIDPYGSYTY,32
AISPDGAVTY,32
AISPRGNETY,32
AIGPFGDSTY,32
AIGPFGSSTY,32
AISPYGIRTY,32
AISPFGEITY,32
AIDPYGDRTY,32
TISPYGEYTY,32
AINPYGSYTY,32
AISDNGLKTY,32
AISPFGNLTY,32
AINEYGYATY,32
AILPSGGYTY,32
AISPYGGETY,32
AISPYGNLTY,32
AIVPYGEYTY,32
AISPFGLKTY,31
AISPGGEVTY,31
AIRPFGWSTY,31
AISPFGQRTY,31
AISPFGDATY,30
AISPSGKNTY,30
AISPNGTNTY,30
AIGPFGSYTY,30
AIPYVGGSTY,30
AISPNGRYTY,30
AISPFGEFTY,30
AISPRGHFTY,29
AISDNGQYTY,29
AISPRGNWTY,29
AIGPFGSGTY,29
AIRWKGVETY,29
AITECGYATY,29
AIIYKGGSTY,29
SISEYGYATY,29
AISDYGNYTY,29
AIFYMGGSTY,29
AISDYGRYTY,29
AILPYGGYTY,29
AISPDGQATY,29
AIAPFGGWTY,28
AISPFGNITY,28
AIMYVGGSTY,28
AIRWNGVKTY,28
AIRWNGLSTY,28
AIFPYGSYTY,28
AISPFGGHTY,28
AISPNGFYTY,28
AIRWNGVATY,28
AISPFGHVTY,28
AISPAGDHTY,28
AISPWGYHTY,28
AINPFGGYTY,28
AIGEFGYYTY,28
AIKTFGGYTY,28
AIRYKGGSTY,28
AISPGGKYTY,28
AIGPNGETTY,28
AISPYGTFTY,27
AIVPFGEYTY,27
AISPFGSWTY,27
AIAPNGIHTY,27
AISPNGLSTY,27
AIAPFGNSTY,27
AISPFGQKTY,27
AITPWGSYTY,27
SISEYGYGTY,27
AINYVGGSTY,27
AIGPYGNYTY,27
AISPIGGKTY,27
AISDNGHITY,27
AISPFGYDTY,27
AIAPFGNGTY,27
AISPGGGVTY,27
AIFPYGGYTY,27
AITYVGGSTY,27
AILYKGGSTY,27
AISDYGEYTY,27
AISDYGSYTY,27
SITEYGYATY,27
AIKYMGGSTY,27
AISEYGDLTY,26
AITPFGESTY,26
AISPGGGYTY,26
AISYNGGSTY,26
AIAPWGGRTY,26
AIVPFGGYTY,26
AISPFGRVTY,26
AISPFGRFTY,26
AISPYGTWTY,26
AIRYNGIYTY,26
AISTYGEYTY,26
AISSTGGGTY,26
AIAPYGDWTY,26
AISPNGYETY,26
AISWRGDRTY,26
AIRPYGYNTY,26
AITPYGSYTY,25
AISDFGNYTY,25
AITPFGSYTY,25
AIRWNGVETN,25
AISPFGSQTY,25
AISPWGSHTY,25
AIRYAGDFTY,25
AISPNGQWTY,25
AISPFGRTTY,25
AISPDGRETY,25
AISEYGYATN,25
AISPFGGETY,25
AITAYGYATY,25
AIAPFGTYTY,25
AIDDYGRSTY,25
AISPNGYYTY,25
AITEYGYSTY,24
AISPDGKFTY,24
AISPFGRGTY,24
AINPYGRITY,24
AIRPDGYSTY,24
AITYYGGSTY,24
AISPFGERTY,24
AISPRGGWTY,24
AIRWNGVEIY,24
AIAPFGIRTY,24
AISYDGKYTY,24
AIGPYGSWTY,24
AISPLGNKTY,24
AISHNGGSTY,24
AINPYGEYTY,24
AISPDGNTTY,24
AIMMRGGSTY,24
AIGPFGGTTY,23
AIDPYGTYTY,23
AISPFGSFTY,23
AITPYGRYTY,23
AIHYMGGSTY,23
AISECGYGTY,23
AISPNGSYTY,23
AITEYGYGTY,23
AIAPYGGRTY,23
AISSYGRYTY,23
AISEYGDATY,23
AIAPFGETTY,23
AITPFGEITY,23
AISHRGDRTY,23
AISDYGLTTY,23
AIDPFGGYTY,23
AICYVGGSTY,23
AISYRGDWTY,23
AISPYGDLTY,23
AISASGGRTY,23
AISPLGYATY,23
AISPSGSLTY,23
AIGPYGITTY,23
AIVPYGRRTY,22
AISPSGDHTY,22
AISPYGHLTY,22
AISPFGKETY,22
AISPFGINTY,22
AISPFGSVTY,22
AIAPYGLSTY,22
AITPFGDLTY,22
AISGTGNRTY,22
AIDPYGKYTY,22
AISPYGGSTY,22
AISEYGRFTY,22
AISPRGQYTY,22
AISYDGYSTY,22
AIAPFGDRTY,22
AISPFGFDTY,22
AISPYGNKTY,22
AIRPFGHSTY,22
AIAPFGKNTY,22
AISPFGKLTY,22
AISPLGNWTY,22
AISPFGRQTY,22
AINSFGGRTY,21
AISPNGKYTY,21
AICEYGYATY,21
AIGPFGNYTY,21
AIEFRGGNTY,21
AISPSGNLTY,21
AIGPYGDYTY,21
AISPYGGITY,21
AIDPYGFYTY,21
AISPRGDYTY,21
AIQYYGGSTY,21
AISPFGLATY,21
AISPWGDLTY,21
AMSEYGYGTY,21
AISPNGGYTY,21
AISPNGEYTY,21
AISPLGTYTY,21
AISPYGTKTY,21
AISPSGFDTY,21
AISEHGYATY,21
AISPNGYNTY,21
AINWNGGYTY,21
AIAPYGEFTY,21
AISANGTTTY,21
AISPYGSWTY,21
AIGPFGSLTY,21
AISPGGHFTY,21
AISEYGYTTY,21
AIGPFGGYTY,21
AISPYGGQTY,20
AISEYGYAAY,20
AIGPDGDYTY,20
AIRMNGGSTY,20
AISPFGRHTY,20
AISPGGYLTY,20
AIAPFGRSTY,20
AISPFGGVTY,20
AIAPYCEYTY,20
AISPFGSITY,20
AISPFGNATY,20
AIRCNGGSTY,20
AISPDGNNTY,20
AISPGGQYTY,20
AIKPDGSYTY,20
AISPYGNNTY,20
AISPLGGWTY,20
AISPSGSITY,20
AISEYGWDTY,20
AISPSGDATY,20
AISPSGYLTY,19
AICYTGGSTY,19
AISEYGNYTY,19
AITPFGYKTY,19
AINPYGKYTY,19
AISPFGANTY,19
AINPYGLYTY,19
AIAPFGNYTY,19
AISPYGQSTY,19
AISEYGIYTY,19
AISPSGSYTY,19
AISPFGFKTY,19
AISPFGWETY,19
AISDYGELTY,19
AIRWDGEYTY,19
ATRWNGVETY,19
AIAPWGRRTY,19
AISPFGQETY,19
AISPFGNGTY,19
AIRSFGGETY,19
AIVYTGGSTY,19
AIRPFGNNTY,19
AIRWNGDDTY,19
AISPDGRKTY,19
AIGWDDEYTY,19
TIAPYGEYTY,18
AIGLRGNDTY,18
AIDFMGGSTY,18
AISPYGSETY,18
AISPFGKATY,18
AIRMHGGSTY,18
AIRPDGYETY,18
AIAPFGLGTY,18
AISPFGEKTY,18
AISEYGDYTY,18
AISTSGGRTY,18
AIDPYGSKTY,18
AIVPFGLSTY,18
AISPYGSSTY,18
AIAPFGMSTY,18
AISKYGYGTY,18
AISEYGKYTY,18
AIRCNGVSTY,18
AIMPWGGSTY,18
AISPFGELTY,18
AISPYGNVTY,18
AIAQFGGYTY,18
AIGPYGEYTY,18
AMSPYGEYTY,18
AIAPFGRGTY,18
AISPSGIKTY,18
AISPFGNETY,18
AISPYGESTY,18
AIAPFGQSTY,18
AISPYGSFTY,18
AISPYGQWTY,18
AILPNGSQTY,18
AIRPWGYKTY,18
AILPYGDITY,18
AIIYYGGSTY,18
AIREYGYGTY,18
AISPYGKITY,18
AITEYGNYTY,18
AIRWAGEYTY,18
AIFYKGGSTY,17
AIRWGGSYTY,17
AIAQFGEYTY,17
AIAPFCEYTY,17
AISPYGEFTY,17
AISEYVYATY,17
VISEYGYGTY,17
AISPYGDNTY,17
AIEFRGGQTY,17
AITPFGGYTY,17
AISPFGFETY,17
AITPFGTYTY,17
AIGPNGSYTY,17
AISPYGKRTY,17
AITPFGLETY,17
AISEYGCGTY,17
AISEYGLYTY,17
AISPLGYYTY,17
AISPNGKSTY,17
AISPFGLHTY,17
AILPYGSYTY,17
AIDPYGNYTY,17
AIAPGGKKTY,17
AISPYGTRTY,17
AISPGGGKTY,17
AISPDGRYTY,17
AISDYGAYTY,17
AIAPFGLRTY,17
AIGPFGHTTY,17
AIAPFGCYTY,17
AITPFGYNTY,17
AISPYGEYTH,17
AISPFGHQTY,16
AIAPNGNSTY,16
AISPAGNVTY,16
AIRWSGAYTY,16
AIQYVGGSTY,16
AIKYVGGSTY,16
AIGEYGYGTY,16
AITEYGHFTY,16
AISEYGWCTY,16
AISPYGNWTY,16
AISPYGSLTY,16
AISPFGRETY,16
AISEYGRYTY,16
AISDYGTRTY,16
AIRWNGVETS,16
AISPFGWSTY,16
AISPYGQTTY,16
AISPYGDITY,16
AIFYYGGSTY,16
AISPRGEYTY,16
AIAPRGGYTY,16
AIRPFGANTY,16
AIAPFGDQTY,16
AINSFGNSTY,16
AISEYCWGTY,16
AISPGGLRTY,16
AIGPFGSQTY,16
AISPYGGKTY,16
AIGPFGGGTY,16
AISPFGNTTY,16
AIRWNGVSSY,16
AIGYVGGSTY,16
AISPGGDITY,15
AISPSGKKTY,15
AISPRGDVTY,15
AIFPYGQLTY,15
AIKIDGKVTY,15
AISPDGYYTY,15
AISPKGDGTY,15
AIHPYGGYTY,15
AISPYGYKTY,15
AISPSGKRTY,15
AISPYGEYAY,15
AIGPYGDVTY,15
AIAQYGEYTY,15
AISPNGGWTY,15
AIAPIGSRTY,15
AIGPYGLYTY,15
AIVPWGSFTY,15
AISANGLSTY,15
AIAPFGRRTY,15
AISPFGNKTY,15
AINWNGSYTY,15
AISDNGNYTY,15
AISPSGGYTY,15
AIGPFGNTTY,15
AISPFGSKTY,15
AIVYNGGSTY,15
AITEYGYETY,15
AIQPFGSNTY,15
AISPFGKNTY,15
AITPFGKITY,15
AISPGGSRTY,15
AISPLGRYTY,15
AISPGGSWTY,15
AIGPFGSFTY,15
AISEYDYATY,15
AIRWNGVETD,15
AITEYGYATN,15
AISWRGYHTY,14
AIAPFGDFTY,14
AIGWYGEYTY,14
AIRPYGEYTY,14
AIQPYGLRTY,14
AINPYGTYTY,14
AIMYYGGSTY,14
AIAPWGDNTY,14
AIRLWGGSTY,14
AIFPYGAYTY,14
AINPYGDFTY,14
AISAYGYGTY,14
AISPFGGGTY,14
AITEYGYTTY,14
AISPIGNWTY,14
AISPLGNYTY,14
AISPYGDVTY,14
SISPFGGRTY,14
AIDPYGEWTY,14
AISPNGQGTY,14
AISPIGEVTY,14
AISPTGLNTY,14
AIGPFGLSTY,14
AISPYGHRTY,14
AISPGGAYTY,14
AIGPSGNDTY,14
AIAYKGGSTY,14
AISPFGKHTY,14
AIMFYGGSTY,14
AISPNGQYTY,14
AITPYGNYTY,14
AIYYYGGSTY,14
AISPNGYDTY,14
AINYKGGSTY,14
AISEYGDVTY,14
AITPYGDSTY,14
AIDPFGNYTY,14
AISPRGNRTY,14
AIAPNGYRTY,14
AISPNGAYTY,14
TISEYGWGTY,14
AISPFGVTTY,14
AITPFGSSTY,14
AISPEGARTY,13
AISPDGYLTY,13
AISPYGGNTY,13
AISPYGVRTY,13
AISPYGNFTY,13
AILPYGDYTY,13
AISPQGGQTY,13
AISPWGGNTY,13
AISPNGYLTY,13
AIQPYGWRTY,13
AISPFGIQTY,13
AIAPYGQYTY,13
AILPYGSFTY,13
AISPYGGATY,13
AINPTGYSTY,13
AISPDGWYTY,13
AISPFGGQTY,13
AIDPFGENTY,13
AINFMGGSTY,13
AISDYGRGTY,13
AIRPWGGSTY,13
AINPYGSWTY,13
EISEYGYATY,13
AIAPFCLSTY,13
AIGSYGVRTY,13
AISPFGNVTY,13
AIAPFGHNTY,13
AIGPYGQYTY,13
AIFPYGEWTY,13
AISPFCYSTY,13
AIGPFGEYTY,13
AIRPFGYRTY,13
AISPTGHQTY,13
AIDSYGNYTY,13
AIRWKGSGTY,13
AISPRGGYTY,13
AIVMWGGSTH,13
AILYYGGSTY,12
AISSFGDVTY,12
AISPSGTYTY,12
AIAPNGWSTY,12
AISPFGWNTY,12
AIAPYGYYTY,12
AIRYYGGSTY,12
AISPYGEYIY,12
AIDWDGEYTY,12
AITPFGGSTY,12
AIFPDGRQTY,12
AIYPYGGGTY,12
AISPRGQLTY,12
AIGPFGGRTY,12
AITPFGISTY,12
AITPFGAYTY,12
AISDFGEKTY,12
AIVPYGRYTY,12
AISPYGWNTY,12
AIAPYGEYIY,12
AISPFGDGTY,12
AISPFGIRTY,12
AISPRGSGTY,12
AISPFGQTTY,12
AISPFGQATY,12
AISPNGNITY,12
AIRWNGGETY,12
AIDEYGDFTY,12
AISEAGDHTY,12
AIQWNGGLTY,12
AIAPFGRLTY,12
AISPFGESTY,12
AIGWDGEYIY,12
AINDYGTHTY,12
AIRWAGYSTY,12
AISPSGRYTY,12
AIAPFGGKTY,12
AIAEYGYATY,12
AIGPFGNITY,12
AIRPNGYSTY,12
AIAPFGNRTY,12
AISSYGSYTY,12
AIAPFGRYTY,12
AISPYGWRTY,12
AIRWNGGATY,12
AILPYGDWTY,12
AINPFGGRTY,12
AISSTGGWTY,12
AIDQYGRYTY,12
AISPWGGKTY,12
AISPDGNATY,12
AISPNGNYTY,12
AITEYGCATY,12
AIGPFGDVTY,12
AITEYDYATY,12
TIRWNGVSTY,11
AIDSFGGWTY,11
AIGPFGEVTY,11
AIRWNCGSTY,11
AISPSGDRTY,11
AIIYNGGSTY,11
AISPFGTQTY,11
AIVPYGGYTY,11
AIRWNGVENY,11
AISPRGTSTY,11
AIEMRGGSTY,11
AIAPRGDWTY,11
AISPGGDRTY,11
AIAPFGRQTY,11
AIGDYGSNTY,11
AISPFGHRTY,11
AISPFGVSTY,11
AIRILGLGTY,11
AISPFGRLTY,11
AISDNGSYTY,11
AISPGGLETY,11
AISPSGHDTY,11
AIGPVGGYTY,11
AITPFGYTTY,11
AITPLGDNTY,11
AISPNGTRTY,11
AIAPWGNYTY,11
AISPFGNFTY,11
AIRTFGGDTY,11
AIVPTGNRTY,11
AISPLGNRTY,11
AISPGGTGTY,11
SIRWNGDETY,11
AICYNGGSTY,11
AIGPFGNVTY,11
AIAPYGAETY,11
AISPYGQFTY,11
AIDPFGEYTY,11
AISPFGFQTY,11
AISPRGDTTY,11
AIYYKGGSTY,11
AINPYGDSTY,11
AISPGGYSTY,11
AIKWNGHYTY,11
AIDPYGAYTY,11
AISPGGTYTY,11
AISPYGYGTY,11
AISEYGCATY,11
AIEPYGRYTY,11
AISEYSYATY,11
TISPFGYSTY,11
AISEYGYANY,11
AISPNGTTTY,11
AILPYGSKTY,11
AIGPYGRTTY,11
AISPWGFKTY,11
AISPGGNVTY,11
AISPFGTDTY,11
AISPCGEYTY,11
AIAPFGFRTY,11
AISPNGGSTY,11
AISPFGEQTY,11
AISPNGHITY,11
AIAMRGGSTY,11
AIAPYGSITY,11
AITPFGHLTY,11
AISPYGNHTY,11
AIAQFGLSTY,11
AIGPFGYNTY,11
AIAPYGNYTY,11
AISEDGYATY,11
AITPSGKRTY,10
AINPTGYNTY,10
AISPSGTRTY,10
AIRWNAVETY,10
AINPFGNYTY,10
AITPFGNSTY,10
AISPYGSVTY,10
AISPRGQDTY,10
AISPFGHWTY,10
AISPFGVHTY,10
AIGARGDLTY,10
AIDVYGKYTY,10
AIDPYGNSTY,10
AIRLSGNWTY,10
AISPFGKITY,10
AISPYGKTTY,10
AIAPFCISTY,10
AIGPFGSRTY,10
AITPFGRYTY,10
AIAPFGRKTY,10
AIGPYGRYTY,10
AIGDFGSYTY,10
AIAPLGSFTY,10
AIGPYGYYTY,10
AISEYGLGTY,10
AISPDGRWTY,10
AIQMRGGSTY,10
AISPRGNITY,10
AINPYGRYTY,10
AISDYGLYTY,10
VISPYGEYTY,10
TIAPFGGYTY,10
AISPSGFSTY,10
AMTEYGYATY,10
AISPFGTYTY,10
AIFPYGRYTY,10
AIGPFGLGTY,10
AISPWGGFTY,10
AISPWGYRTY,10
AIIEYGYGTY,10
AISDYGYRTY,10
AIHPYGEYTY,10
AIAPWGRSTY,10
AIRMGGGSTY,10
AISPIGQWTY,10
AISPYGHHTY,10
AITPLGLKTY,10
AIRPWGNQTY,10
AISSFGDTTY,10
AISPTGYYTY,10
AIADFGYRTY,10
AIRWNGVGTY,10
AISPWGFRTY,10
AIYPYGDRTY,10
AISPFGTNTY,10
AIMYKGGSTY,10
AIDPYGRATY,10
AISPNGFRTY,10
AIDLYGNYTY,10
AIKPYGSYTY,10
AITPYGHSTY,10
AIRPFGYDTY,10
AIDYRGGYTY,10
AITEYGYANY,10
AIRWNGVQTY,10
AIMYMGGSTH,10
AIAPFGGYTH,10
TIGWDGEYTY,10
AISPAGYRTY,10
AISPSGYATY,10
AITPGGEYTY,9
AISPSGGATY,9
AISARGNWTY,9
AITPFGSLTY,9
AIGPTGYLTY,9
AISPRGEGTY,9
AIRFSGAYTY,9
AIAPYGYQTY,9
AINWNGERTY,9
AISARGEWTY,9
AISYDGKTTY,9
AIYPLGGGTY,9
TIAPFGEYTY,9
AIQWNGGSTY,9
AIDWNGKYTY,9
AIDPYGNNTY,9
AISPQGDNTY,9
AILPYGKRTY,9
AISPFGIETY,9
AITEYGSYTY,9
AIPWNGVETY,9
AISDYGGYTY,9
AISPYGWPTY,9
AISPFGSATY,9
AISPQGNYTY,9
AISPYGARTY,9
AISPLGTITY,9
AISPAGNTTY,9
AITPIGYGTY,9
AISEYDYGTY,9
AMGWDGEYTY,9
AIKWNGSYTY,9
AISERGNYTY,9
AISSYGNYTY,9
AISPWGYGTY,9
AIAFYGGSTY,9
AIGPFGRKTY,9
AISPFGFRTY,9
AIGPFGEETY,9
AIGPYGERTY,9
AIVFMGGSTY,9
AIRLNGVSTY,9
AITEYSYATY,9
AISPYGGFTY,9
AITPFGEFTY,9
AIRPFGWDTY,9
AIAPFGHQTY,9
AIGASGKYTY,9
AIAPSGSITY,9
AISSRGDFTY,9
AISSYGYRTY,9
AIAPFGLSTH,9
AIIPFGGYTY,9
AISEYGYATD,9
AIRSFGRETY,9
AISPYGFTTY,9
AITEYVYATY,9
AISPVGGRTY,9
AISYRGDVTY,9
AIAPFGSDTY,9
AIGPFGEWTY,9
AISPVGYDTY,9
AIGPYGGNTY,9
AISPRGHWTY,9
AISPTGKYTY,9
AISPAGDYTY,9
VIAPFGGYTY,9
AIVPYGAYTY,9
AISPFGGKTY,9
AIGPFGYETY,9
AIIYCGGSTY,9
AITPTGGYTY,9
AISPFGIKTY,9
AISPIGTVTY,9
AIGPFGSHTY,9
AIGPTGHGTY,9
AIAPSGYKTY,9
AITPFGHKTY,9
AIGPFGEQTY,9
AIAPRGNRTY,9
AITDYGYYTY,8
AIGPFGNHTY,8
AIGWDCGYTY,8
AISPWGFGTY,8
AISPWGTGTY,8
AINPYGSFTY,8
AITPFGLSTY,8
AIDVYGYRTY,8
AIHPYGNYTY,8
AISPFGEDTY,8
AISPFGVGTY,8
AISPSGNDTY,8
AIGPLGDITY,8
AILPYGRFTY,8
AICMSGGSTY,8
AIYPYGNYTY,8
AIKPNGAYTY,8
AIQFMGGSTY,8
AIYPNGGGTY,8
AITPYGGLTY,8
AIRWNSGSTY,8
AIAPFGGDTY,8
AIGPGGSSTY,8
AISPYGRRTY,8
AISPNGESTY,8
AINPYGSKTY,8
AISPGGYDTY,8
AIGPFGERTY,8
AISPSGKLTY,8
AITPFGKSTY,8
AITPFGNYTY,8
AISPSGYNTY,8
AISPIGSRTY,8
AINPFGYSTY,8
AITPFGEHTY,8
AIVPFGQNTY,8
AISPVGARTY,8
AITEDGYATY,8
AITPSGRYTY,8
AIQPYGSRTY,8
AISEYGYATC,8
AISPTGYNTY,8
AIAPFGYGTY,8
AIDYKGGSTY,8
AICFMGGSTY,8
AITPFGSFTY,8
AISPSGHQTY,8
AIAPFGITTY,8
AISPFGWRTY,8
AITPFGYQTY,8
AIMYTGGSTY,8
AIMYLGGSTY,8
AISPWGIHTY,8
AILPYGAYTY,8
AIGPSGQWTY,8
AIGPLGAITY,8
AIAPCGEYTY,8
AISANGSYTY,8
AISPFGTVTY,8
AISDYGDTTY,8
AIGPFGGSTY,8
AIAPNGSRTY,8
AIKPFGDRTY,8
AISPHGSDTY,8
AIYPYGGQTY,8
AISPSGNFTY,8
AIAPFGSNTY,8
AIIPYGNYTY,8
AIRLNGDETY,8
AITPFGERTY,8
AIGPFGHSTY,8
AITDYGDNTY,8
AISPNGLYTY,8
AIRWNGYETY,8
AISPFGAQTY,8
AIGYNGGSTY,8
AIVYGGGSTY,8
AILPYGKKTY,8
AISEYGDFTY,8
AISPHGEYTY,8
AITPTGRYTY,8
AIAPFGVSTY,8
AISPLGDATY,8
AISEYGYATS,8
AINPFGDRTY,8
AIAPYGDYTY,8
AISDYGDGTY,8
AIADYGNYTY,8
AIRPFGDSTY,8
AIRPNGKITY,8
AITPFGENTY,8
AINPSGIKTY,8
AIRWNGIATY,8
AIAPHGEYTY,8
AIGPFGTRTY,8
AISPYGISTY,8
AISPFGATTY,8
AIRYAGDYTY,8
AISNRGDWTY,8
AIRAGGGFTY,8
AITPFGQSTY,8
AIRWNGCSTY,8
AISSRGGYTY,8
AIRYAGGSTY,8
AISPWGDYTY,8
AIETFGGRTY,8
AIDDYGGRTY,8
AIRFAGTETY,8
AISEYGGRTY,8
AINPFGEDTY,8
AIFPNGKGTY,7
AISPEGGWTY,7
AIAPFGNHTY,7
AIRPFGYSTY,7
AITPFGLHTY,7
AIRLNGGSTY,7
AIQWNGDETY,7
AIEPYGYYTY,7
AIAPDGYNTY,7
AIAPNGWRTY,7
AISPWGEATY,7
AIRPIGSYTY,7
AISPLGTRTY,7
AISPSGRLTY,7
AISPFGRDTY,7
AITPFGSWTY,7
AILPYGSITY,7
AIRSNGVETY,7
AISPGGHWTY,7
AITPFGRETY,7
AILPDGSATY,7
AISPRGNFTY,7
AIYPNGSYTY,7
AISPHGSYTY,7
AIADYGYYTY,7
AIPYNGGSTY,7
AISEYGYGTN,7
AITFYGGSTY,7
AISPFGETTY,7
AINEYGYGTY,7
AIAPFCQNTY,7
AISPYGHFTY,7
AISEYGSHTY,7
AIRSFGGGTY,7
AISAYGWGTY,7
AISPYGVQTY,7
AIRMEGGSTY,7
AITPFGQRTY,7
AISPSGNNTY,7
AIAPFGEYIY,7
AIRMKGGSTY,7
AICMRGGSTY,7
AIRMSGGSTY,7
AISPIGYSTY,7
AIVPFGDWTY,7
AISPFGKRTY,7
AISPTGRYTY,7
AITPLGYKTY,7
AISPFGITTY,7
AIAQFGYSTY,7
AISPFGKTTY,7
AIGPGGWSTY,7
AIEPGGGRTY,7
AISPSGFNTY,7
AIGPYGLSTY,7
AISPGGRQTY,7
AIRMAGGSTY,7
AISYRGNSTY,7
AIHYKGGSTY,7
AIGLDGEYTY,7
AIGFMGGSTY,7
AIIPYGSYTY,7
AIGCDGEYTY,7
AIRHSGWGTY,7
AITPFGYDTY,7
AILPYGIATY,7
AISTNGGVTY,7
AISPYGKDTY,7
AIIYTGGSTY,7
AISPLGQQTY,7
AILYNGGSTY,7
AIDYWGGSTY,7
AITEYGYAAY,7
AIYPYGGYTY,7
AISDYGYSTY,7
AIYPYGGYTH,7
AISDYGYATY,7
AISPYGDHTY,7
AISPSGLSTY,7
AIGWDCEYTY,7
AISPFGKVTY,7
AISEFGEFTY,7
AIGLRGNETY,7
AITPFGGATY,7
AITPYGGDTY,7
AISGIGGKTY,7
AISYLGGSTY,7
AICEYGYGTY,7
AIRAYGNYTY,7
TIAPFGLSTY,7
AIDWRGNYTY,7
AIHPYGGDTY,7
AILWNGSATY,7
AISYRGGKTY,7
AINEYGWGTY,7
AIGPHGNNTY,7
AISTSGARTY,7
AITYTGGSTY,7
AISPYGTITY,7
AISPIGKETY,7
AIGPFGRTTY,7
AITPFGSHTY,7
AISPYGHSTY,7
AITYNGGSTY,7
AIHPDGYYTY,7
AIAPFGNVTY,7
AISPWGGTTY,7
AIAPFCGYTY,7
AIGPLGNNTY,7
AILPYGSWTY,7
AISPFGHKTY,7
AIDWRGNFTY,7
AISPRGYETY,7
AIYPYGEWTY,7
AINYFGGSTY,7
AISPFGVRTY,7
AILWNGVSTY,7
AISNLGGYTY,7
AIRPFGDVTY,6
AISDYGKYTY,6
AISPLGSQTY,6
AISNSGGATY,6
TIRWNGDETY,6
AIDPYGIYTY,6
AISEFGSYTY,6
AITPFGNRTY,6
AIDPYGQYTY,6
AINWRGYRTY,6
AIYPYGSATY,6
AIDPFGSNTY,6
AIRWNGGSTH,6
AISPVGNSTY,6
AIIYAGGSTY,6
AIAPCGSFTY,6
AITPFGLGTY,6
AIGPFGSKTY,6
AIKMRGGSTY,6
AIGPFGTETY,6
AILPYGGWTY,6
AIRYSGGSTY,6
AISANGYTTY,6
AINYAGDSTY,6
AISQFGYSTY,6
TIAPWGSFTY,6
VISEYGWGTY,6
AITPFGSETY,6
AISPFGQWTY,6
AIAPFGDTTY,6
SISPYGEYTY,6
AISPFGKFTY,6
AITEYGYATC,6
AISPLGFSTY,6
AISPIGYRTY,6
AISFYGGSTY,6
AIAPFGSQTY,6
AIGPYGSLTY,6
AISPRGNYTY,6
AICWDGEYTY,6
AISSFGRDTY,6
TIAPFGYQTY,6
AINPYGSNTY,6
AISEYGDWTY,6
AIIPYGRYTY,6
AISPTGYTTY,6
AIAPEGLSTY,6
AISPTGNRTY,6
AIDDYGNYTY,6
AICYSGGSTY,6
AISGTGGRTY,6
AILWNGGSTY,6
AIRFSGWSTY,6
AISPLGDITY,6
AIADNGYETY,6
AIAPFGYETY,6
AISPLGGHTY,6
AIRPFGNYTY,6
AISPFGWKTY,6
EISEYGYGTY,6
AINQYGRTTY,6
AIGPFGDRTY,6
AIDYVGGSTY,6
AIRWNGVSTH,6
AIRYAGYYTY,6
AINYSGFQTY,6
AILPDGSYTY,6
AISPYGTQTY,6
AISPAGQRTY,6
AISPFGTLTY,6
AIVPFGSHTY,6
AISPSGGSTY,6
AISEYGWGTH,6
AIRAFGGRTY,6
AIFYVGGSTY,6
AISPSGTWTY,6
AITEYGYAIY,6
AISSYGRRTY,6
AISPEGGATY,6
AIAPLGGYTY,6
AIRPYGTYTY,6
AIVPFGYQTY,6
AISGKGLATY,6
AIAPNGKYTY,6
AISPGGAFTY,6
AISEYGYAIY,6
AITPFGNHTY,6
AISEYSYGTY,6
AISPYGHDTY,6
AIAPFGLKTY,6
AIHDYGNYTY,6
AISPYGNTTY,6
AISPSGSTTY,6
AIQGYGGITY,6
AISPYGSDTY,6
AICYYGGSTY,6
AIAPYGAYTY,6
AIADNGYRTY,6
AIEISGGRTY,6
AITPFGNWTY,6
AISQWGNYTY,6
AILPYGYRTY,6
AIIMSGGSTY,6
ARRWNGVETY,6
AITPFGFKTY,6
AISDNGNITY,6
AITPSGSGTY,6
AISTRGNWTY,6
AILPNGYGTY,6
AIAPFCYQTY,6
AITPFGAQTY,6
AIHYVGGSTY,6
AIHPFGYGTY,6
AITEYGYATD,6
AIAPFGKQTY,6
AMAPYGEYTY,6
AIKPFGLGTY,6
AIAPFGRITY,6
AIEPYGEYTY,6
AIGPFGHYTY,6
AILPYGAKTY,6
AIAPYGGTTY,6
AISPSGYGTY,6
AIGPGGGGTY,6
AISPNGLGTY,6
AIVFYGGSTY,6
AIGPNGKATY,6
AIAYNGGSTY,6
AITPDGEYTY,6
AIYPYGDYTY,6
AIRYAGWSTY,6
AINPFGRSTY,6
AINPYGRDTY,6
AISEYCYSTY,6
AISPYGAETY,6
AIAPFGDYTY,6
AIGPFGIETY,6
TISEYGYSTY,6
AIGPFGGLTY,6
AIRWNGLYTY,6
AITPFGTITY,6
AILPYGNYTY,6
AIAPFGSATY,6
TISPWGNYTY,6
AISPLGKHTY,6
AIQPFGDRTY,6
AIGPFGGHTY,6
AIRLNGSATY,6
AIGTHGKGTY,6
AIRPFGGYTY,6
AIGPWGDYTY,6
AITPFGDRTY,6
AIAPLGETTY,6
AIDYAGTETY,6
AITPSGDFTY,6
AIAPWCSFTY,6
AIRSFGGHTY,6
AIRWNGDYSY,6
AITPSGKYTY,6
AMAPFGEYTY,6
AISPGGQSTY,6
AISPYGSNTY,6
AISPYGQLTY,6
AITPYGAYTY,6
AITPYGGSTY,6
AIGPFGNFTY,6
AIRYAGSYTY,5
AITDYGYATY,5
AIGPFGDFTY,5
AISEYGYGNY,5
AIDDYGEYTY,5
AITPEGNYTY,5
AISPWGDFTY,5
AIGPYGGTTY,5
AIAPFGEYTH,5
AINPYGQITY,5
SIAPFGEYTY,5
AIAPGGYYTY,5
AIGPLGNETY,5
AISPLGYTTY,5
AILPYGWNTY,5
AIGYKGGSTY,5
AIDWDGGYTY,5
AIVPYGDYTY,5
AILPYGEFTY,5
AISECGWGTY,5
AISDYGRSTY,5
AIAPYGNRTY,5
AILPYGNLTY,5
AIAPWGQYTY,5
AISPFGYYTY,5
AIRWNGYYTY,5
AISPWGRTTY,5
AINPYGDGTY,5
AIRPFGYQTY,5
AILPRGSRTY,5
AIRMMGGSTY,5
AISPIGSYTY,5
AISPLGYRTY,5
AINPYGDTTY,5
AIRPFGFSTY,5
AINPYGDYTY,5
AISPNGSTTY,5
AITPFGDKTY,5
AIAPYGSFTY,5
AIDSFGGYTY,5
AINPYGYYTY,5
AIGPYGLRTY,5
AITPKGRNTH,5
AITPLGSRTY,5
AIGPFGYTTY,5
AISPYGVDTY,5
AITPFGSTTY,5
AINPFGDTTY,5
EISPYGEYTY,5
AITPYGDYTY,5
AITPFGYRTY,5
AISPLGSSTY,5
AIADYGGYTY,5
AISPFGVQTY,5
AISPWGSLTY,5
AIGSFGRSTY,5
AITPGGLGTY,5
AIVPSGNRTY,5
AIRPIGGETY,5
AINPFGNRTY,5
AIGPFGKHTY,5
AILPYGTYTY,5
VIAPFGEYTY,5
AISGYGRYTY,5
AISPWGYSTY,5
AIRPYGKYTY,5
AISPRGDFTY,5
AISNRGEWTY,5
AISEYGSRTY,5
AIGSFGGNTY,5
AITPSGDRTY,5
AIAPFGLPTY,5
AIKPGGNQTY,5
AIRPFGSRTY,5
AISPYGRVTY,5
AINYNGGSTY,5
AISPYGSITY,5
AIYPYGNRTY,5
AITPYGYATY,5
AIDPFGYRTY,5
AILPYGRYTY,5
EITEYGYATY,5
AIIFYGGSTY,5
AISPFGEATY,5
AITPTGYNTY,5
AILPFGWETY,5
AISPQGVQTY,5
TISPLGYSTY,5
AAIAPFGGYT,5
AIGPEGNNTY,5
AIGPFGFETY,5
AISPFGYSTH,5
AILWNGDETY,5
AIRWNCDETY,5
AISEYGWSTY,5
AISPVGYRTY,5
AIAPFGYDTY,5
AIGWDGEYTH,5
AIAPLGHYTY,5
AIRPFGLSTY,5
AIMFMGGSTY,5
AITPYGQETY,5
AIAPYGEYTH,5
AINPFGDFTY,5
AITPNGSYTY,5
AIDPFGGPTY,5
AITPFGDYTY,5
AISPNGSSTY,5
AIRPFGLGTY,5
AIFPYGDITY,5
AIDSFGKYTY,5
AITPFGGGTY,5
AIVPYGSYTY,5
AISPSGGNTY,5
AIDWNGKTTY,5
AMAPFGGYTY,5
AITPDGYGTY,5
AISEYGVYTY,5
AISPFGGPTY,5
AIRSFGTRTY,5
AIGWNGVETY,5
AISPWGYDTY,5
AIRWYGVSTY,5
AIDPYGWYTY,5
AIGWYGGYTY,5
AIAPYSEYTY,5
AISPYSEYTY,5
AISSYGHYTY,5
AIAPFGQQTY,5
AIGWDGGYSY,5
AISPWGLETY,5
AIGPWGNYTY,5
AIKPFGFSTY,5
AISPYGRHTY,5
AISPRGYNTY,5
TIGWDGGYTY,5
AISSYGEYTY,5
AIAPSGDKTY,5
AINPYGAYTY,5
AINPYGNYTY,5
AISPYGTNTY,5
AISPNGYITY,5
AIGPNGYDTY,5
AIRMQGGSTY,5
AISPYGYATY,5
AIDPYGDFTY,5
AIAPFGVRTY,5
AINYGGGYTY,5
AIRWNCVSTY,5
AITPYGNGTY,5
AISPIGGWTY,5
AISEYGQYTY,5
AIHPFGSGTY,5
AIYPYGGITY,5
AIRFAGYETY,5
AISEYGARTY,5
AITPIGTSTY,5
AIKPYGGLTY,5
AISEYGSFTY,5
AISTFGYSTY,5
AILPYGGNTY,5
AISPFGARTY,5
AITPFGETTY,5
AISPWGNYTH,5
AIRWAGSSTY,5
AIGPWGGYTY,5
AISPAGAHTY,5
AIDPYGSETY,5
AISDYGYGTY,5
AISPRGDETY,5
AILPYGRKTY,5
AIGPFGYQTY,5
AISPEGKYTY,5
AIASRGDYTY,5
AILWNGSSTY,5
AINYTGGSTY,5
AISPIGSKTY,5
AIRPYGGYTY,5
TIAPFGQNTY,5
AIAPRGARTY,5
AIAPFGQNTH,5
AILPFGHQTY,5
AISPLGNTTY,5
AIRPYGESTY,5
AISNNGESTY,5
AISPWCNYTY,5
AIGPFGNSTY,5
AISPYGTTTY,5
AISPYGNITY,5
TIRWNGGSTY,5
AIAEYGNTTY,5
AIVPFGSNTY,5
AIGPLGGITY,5
AIRCNGDETY,5
AIGSDGEYTY,5
ATSPYGEYTY,5
AITPFGYSTY,5
AISPFGKDTY,5
AIRPFGRSTY,5
AISPRGARTY,5
AIAQFGASTY,5
AISPYGGDTY,5
AISPYGRFTY,5
AISPRGGFTY,5
AISTSGGVTY,5
AITPFGEWTY,5
AISPVGLKTY,5
AIFPYGNGTY,5
AIKPFGGDTY,5
AISPNGKFTY,5
AIVPFGISTY,4
AIALYGEYTY,4
AIVPYGTRTY,4
AISWRGARTY,4
AIGWDGDYTY,4
AISPYGRTTY,4
AISPAGSGTY,4
AIRPFGKNTY,4
AINQYGRYTY,4
AIGPTGLNTY,4
AIEYVGGSTY,4
AIIPFGGTTY,4
AISPYGKLTY,4
AILYSGGSTY,4
AITPLGNYTY,4
AIYPDGHKTY,4
AISPNGFSTY,4
AIEPFGYNTY,4
AISPKGYATY,4
AISPFGHNTY,4
AIVPFGGRTY,4
AISDYGYWTY,4
AISPGGSYTY,4
AILPFGSITY,4
AISKYGWGTY,4
AIAPFGVYTY,4
AIAPYGSHTY,4
AINPLGGRTY,4
AISPAGLRTY,4
AISETGDYTY,4
AISNRGGRTY,4
AIVPKGGHTY,4
AIQYSGGSTY,4
AITPFGNNTY,4
AIFPYGNYTY,4
AISRIGFGTY,4
AITFWGDSTY,4
AIRWNGVEAY,4
AIEPFGSRTY,4
AIGPFGNNTY,4
AITPIGSSTY,4
AIKPNGVDTY,4
AIAPSGEYTY,4
AIEYSGGSTY,4
AISPNGHYTY,4
AISPGGLDTY,4
AISEYVYGTY,4
AINMLGGSTY,4
AIRCNGSATY,4
AIGPFGKLTY,4
AIYPYGKGTY,4
SIAPYGEYTY,4
AIGRDGEYTY,4
AIAPEGNSTY,4
AILPNGGGTY,4
AIRMPGGSTY,4
AIHGYGGRTY,4
AIAPRGGWTY,4
AIAPNGRYTY,4
AITEYGHATY,4
AISDYGYLTY,4
AISEYGYNTY,4
AISPYGGTTY,4
AILWNGLDTY,4
AISPSGYRTY,4
AIIPTGGRTY,4
AIAPFGGGTY,4
AISPNGNWTY,4
AIAPFGFSTY,4
AIRWNGVETF,4
AITPFGHETY,4
AISEYGYGIY,4
AILPYGNFTY,4
AITFWGCSTY,4
TIRWNGLDTY,4
AIVPYGNYTY,4
AISPIGWRTY,4
AISQLGYSTY,4
AIYPRGLGTY,4
AISPLGRNTY,4
AIAPFGSLTY,4
AISPFGHITY,4
AIGYSGGSTY,4
AIVPRGDRTY,4
AISPFGFGTY,4
AISPNGYATY,4
AIAPFGGHTY,4
AIVPFGDYTY,4
AIKPYGEFTY,4
AIGPFGKRTY,4
AISEFGRFTY,4
AINPYGDRTY,4
AIMFWGGSTY,4
AISPYGRKTY,4
AIEFMGGSTY,4
AMSPWGNYTY,4
AIGPYGESTY,4
AIGCDGGYTY,4
AISPIGLSTY,4
AISPYDEYTY,4
AILMRGGSTY,4
AITPFGGVTY,4
AIGPVGSYTY,4
AIKTFGGSTY,4
AISPYGLSTY,4
SIRWNGVSTY,4
AMAPFGQNTY,4
AITPFGLATY,4
AIAPSGHETY,4
AIAPFGHVTY,4
AISPWGSKTY,4
AILPYGFKTY,4
AIFPYGDYTY,4
AICFYGGSTY,4
AISPGGFSTY,4
AITPGGGVTY,4
AISENGYYTY,4
AITPSGIETY,4
AIGPFGFSTY,4
AITPLGKSTY,4
AITPDGYKTY,4
AISPFGSDTY,4
SIAPFGGYTY,4
AITPSGSRTY,4
AIDPFGSYTY,4
AIEYAGGSTY,4
AIGPSGLNTY,4
AISPFGDITY,4
AISMRGGSTY,4
AILPYGEWTY,4
AISPNGHWTY,4
AIQWNGSLTY,4
AILFWGGSTY,4
AISPLGGGTY,4
AIAPWGGETY,4
AISPLGRKTY,4
AIVYLGGSTY,4
TIAPFGYSTY,4
AIGPYGHTTY,4
AISPIGEATY,4
AIAPFGIDTY,4
AIRLNGDYTY,4
AIRYVGGYTY,4
AIAPFGKRTY,4
AISPSGWSTY,4
AIAPFGLHTY,4
AIRWNGMSTY,4
AIAPFCSHTY,4
AIGPYGGYTY,4
AIRPRGGNTY,4
AILPFGKYTY,4
AISPAGLDTY,4
AIREYGWGTY,4
AISPFGSETY,4
AIEFRGNITY,4
AIAPFGSHTH,4
AILPYGSNTY,4
AISPYGDPTY,4
AISEYGEVTY,4
AIAPTGLQTY,4
AITPFGLDTY,4
AIQWNGSATY,4
AITPLGYRTY,4
AIGDYGRATY,4
AISSYGSTTY,4
AIGWDGCYTY,4
AILPRGGWTY,4
AITEHGYATY,4
AIGYYGGSTY,4
AIAPIGYSTY,4
AILPRGGYTY,4
AISEDGYGTY,4
AISTYGDYTY,4
AIAPFGNNTY,4
AILPYGLDTY,4
AIGPFGFQTY,4
AISNRGGITY,4
AISPFGQVTY,4
AMAPFGSHTY,4
AISPFGTWTY,4
AIRYFGGRTY,4
AISPDGLYTY,4
AIALFGQNTY,4
AILFMGGSTY,4
AIRMIGGSTY,4
AINDYGSNTY,4
AIGPYGEATY,4
AIAQFGYQTY,4
AIRWNGGYTY,4
AIVPRGGATY,4
AIHPYGGRTY,4
AISPSGAFTY,4
AILPYGDLTY,4
AITEYGYFTY,4
AIAPYGYSTY,4
AISPTGSNTY,4
AISPIGKQTY,4
AISPGGNKTY,4
AIRWNSVSTY,4
AISPNGGGTY,4
AISPGGRYTY,4
PIRWNGVETY,4
AICPYGEYTY,4
AIAPFGLNTY,4
AISDYGFYTY,4
AINWRGQYTY,4
AISEYGDGTY,4
AIRWNGVPTY,4
AIVPFGASTY,4
AISPVGGYTY,4
AITEYGDATY,4
AISKSGGATY,4
AITPFGDDTY,4
AIAPRGYRTY,4
AISPFGNHTY,4
AISDYGTYTY,4
AISTSGYSTY,4
AIGPFGLATY,4
AIGPLGSITY,4
AISHGGGYTY,4
AIAQWGSFTY,4
AISPCGNYTY,4
AISPYGAHTY,4
AINDYGSYTY,4
AIGLDGGYTY,4
AISPGGLKTY,4
AITPFGSATY,4
AIGPNGYYTY,4
AIATFGEYTY,4
AIGAPGIGTY,4
AIVMLGGSTY,4
AIGPFGLTTY,4
AITPKGRYTY,4
AIWYLGGSTY,4
AIAPFGRFTY,4
AISPVGSDTY,4
AILPYGESTY,3
AIRPYGSYTY,3
AIMMSGGSTY,3
AITPFGSKTY,3
AISEYGYSTH,3
AISPFGTRTY,3
AIEYYGCSTY,3
AIAPCGLSTY,3
AISARGDWTY,3
AIAPFGNITY,3
AISPLCYSTY,3
AIGSFGDVTY,3
AIKPYGNWTY,3
AITPYGSFTY,3
AIRPFGKWTY,3
AISPIGDFTY,3
AINPYGSRTY,3
AILYTGGSTY,3
AIYPYGGFTY,3
AIAPYGYRTY,3
AIGWDGEYNY,3
AMRWNGGSTY,3
AMSPLGYSTY,3
SIAPFGLSTY,3
AIAPSGLSTY,3
AISPYGVTTY,3
AITPFGQWTY,3
AIQYKGGSTY,3
AISPGGYQTY,3
AVRWNGVETY,3
AIAPTGYSTY,3
AIFPYGDFTY,3
AIGYNGQLTY,3
VISPFGYSTY,3
AISAPGYTTY,3
AISPWGTYTY,3
AISPFGFSTN,3
AIRLNGLDTY,3
AIYPLGDGTY,3
AIAPYVEYTY,3
RYDGTVWKPI,3
AIHPYGDLTY,3
AIKAFGSSTY,3
AIRFSGLSTY,3
AISPFGYVTY,3
AISPFGTGTY,3
AISDYGEITY,3
AIVPSGGYTY,3
AIGPFGRFTY,3
AILPYGSTTY,3
PITEYGYATY,3
AIFPFGNGTY,3
AISPIGSWTY,3
AIAPYGEYAY,3
AIATFGGYTY,3
AISPYGFSTY,3
AITPRGDHTY,3
AISKSGGYTY,3
AISPWGFSTY,3
AISHNGTSTY,3
AIGPFGGNTY,3
TIAPFGSHTY,3
AIAPFVEYTY,3
AMRWNGVSTY,3
AISPAGEGTY,3
AISEFGCNTY,3
AIRCNGSSTY,3
AIYPYGSYTY,3
AISPFGHDTY,3
AIRPFGSETY,3
VIAPFGISTY,3
AIVPRGGLTY,3
AIAPDGDYTY,3
AINTSGGNTY,3
AISDYGNGTY,3
AISKSGGGTY,3
AISEYGTLTY,3
AIAQFGSHTY,3
AIDDYGSYTY,3
AIGPQGGYTY,3
SISEYGWGTY,3
AISPYGEYTN,3
AINDNGLKTY,3
AISPQGNNTY,3
AIRWIGVETY,3
AIYPYGTFTY,3
AIDPFGVNTY,3
AIAQFGQNTY,3
AIRPYGEWTY,3
AISPYGFDTY,3
AISPYGLKTY,3
AIYPYGDFTY,3
AINWRGNYTY,3
AIVPFGGKTY,3
AILPYGSRTY,3
AIPYKGGSTY,3
AISPLGRSTY,3
AIGEYGWGTY,3
AIRPFGYETY,3
AIGPFGYHTY,3
AISQYGSHTY,3
AISNYGRYTY,3
AISPDGQYTY,3
AITPSGQFTY,3
AIRWHGVSTY,3
AIRWDGVSTY,3
AIGPKGDTTY,3
AIGPFGSTTY,3
AIRWYGSATY,3
AITPFGSNTY,3
AITPFGKRTY,3
AIGPWGKYTY,3
AISPSGNRTY,3
AINWRGSYTY,3
AIRWNRVETY,3
AISPNGYFTY,3
AISPVGNYTY,3
AIHPYGSLTY,3
AISPIGYNTY,3
AINPYGGDTY,3
AITPYGNWTY,3
AIEYYGGSTH,3
AIRPFGGRTY,3
AISPHGGYTY,3
AIAPFGNTTY,3
AISPSGYYTY,3
AIAPFGSRTY,3
AILPYGGFTY,3
AIIFMGGSTY,3
AISDYGQRTY,3
AIAPWGRTTY,3
AIEPFGGKTY,3
AILYLGGSTY,3
AIAPYGEHTY,3
AINPYGSDTY,3
AIAPFGWETY,3
AIAPFGGYAY,3
AIRWNDVSTY,3
AINPYGNLTY,3
AIAPFGLDTY,3
AITPFGSQTY,3
AIRPYGSHTY,3
AIDPFGGNTY,3
ATSEYGYATY,3
AISEYGRRTY,3
AISPGGSITY,3
AIRWTGVETY,3
AINEYGDYTY,3
AIYPLGIGTY,3
AIRWNCSFTY,3
AILPYGYNTY,3
AITPRGGQTY,3
AISEYGRTTY,3
AIAPKGLSTY,3
AIKPYGDWTY,3
AIKTSGSRTY,3
AIVPFGSYTY,3
AISDYGDLTY,3
AIKYYGGSTY,3
AIAPFGTRTY,3
AISSTGGSTY,3
AITLWGGSTY,3
AISNNGSSTY,3
AISEHGWGTY,3
AISPYGSTTY,3
AISPFGHTTY,3
AIDTYGNYTY,3
AIDVYGNRTY,3
AIKPYGNFTY,3
AILFYGGSTY,3
AISPLGKLTY,3
AISPYGKVTY,3
SITFWGGSTY,3
AIIPYGEYTY,3
AILYCGGSTY,3
AISNNGFSTY,3
AIAMWGCSTY,3
AIVYAGGSTY,3
AISPSGNYTY,3
AIGPFGDKTY,3
AISPIGQGTY,3
AIRWAGWNTY,3
AILPYGSSTY,3
AIDPFGYYTY,3
AISPLGLSTY,3
AITPYGDITY,3
AISPGGLGTY,3
AITPFGWSTY,3
AIHPYGSWTY,3
TIAPFGISTY,3
AIHPYGSYTY,3
AICYCGGSTY,3
AIYPYGDWTY,3
AIYPYGYGTY,3
AISYYGDWTY,3
AIAPFGISTN,3
AIVPFGGDTY,3
AIAPLGLSTY,3
AIPYMGGSTH,3
AIAPFGARTY,3
AIRWNGSATH,3
AIDWNGFYTY,3
AIHTYGKYTY,3
AIVPFGGLTY,3
AIAPWDSFTY,3
AIYYVGGSTY,3
AIAPFGNDTY,3
AISPQGEQTY,3
AISPRGSYTY,3
AISEYGYASY,3
AISMSGGSTY,3
AIGPLGGWTY,3
AITPFGDSTY,3
AIAPFGKETY,3
AIGWDGGYTH,3
AINWGGARTY,3
AIYPYGSGTY,3
AISPYGAFTY,3
AINTYGKYTY,3
AITPFGGNTY,3
AIHPYGKYTY,3
AIIEYGWGTY,3
AIKPFGKLTY,3
AINPGGSYTY,3
AIGPLGLSTY,3
AIRPYGTETY,3
AISYWGGSTY,3
SIAPFGQNTY,3
AILPYGRLTY,3
AIAQFGISTY,3
AIGRDGGYTY,3
VIRWNGDETY,3
AIDEYGVSTY,3
AILPYGYKTY,3
AISPRGRYTY,3
AIQPYGGYTY,3
AINPYGGLTY,3
AISWDGSHTY,3
AIDPFGTNTY,3
AIIPRGNWTY,3
AITPFGYHTY,3
AIQPYGGLTY,3
AIYPYGGRTY,3
AITFLGGSTY,3
AIKYAGGSTY,3
AIAPLGQNTY,3
AIRPSGGYTY,3
AINPLGYSTY,3
AILPFGYGTY,3
AINMSGGSTY,3
AISPLGRGTY,3
AISPLGSITY,3
AIYPYGYYTY,3
SISEYGYSTY,3
AIMYAGGSTY,3
AIAPFCYSTY,3
AITEYGWGTY,3
AISPFGHETY,3
AISEYGNFTY,3
AISPIGRRTY,3
AITRFGGYTY,3
AIIPFGDYTY,3
AIRWSGVSTY,3
AIHPYGAYTY,3
AISNRGNRTY,3
AITPYGDFTY,3
AIARWGYETY,3
AIGPRGDGTY,3
AIIPWGGSTY,3
AISEYAYGTY,3
AINPYGDWTY,3
AIIYLGGSTY,3
AIGPHGRYTY,3
AISPYGNDTY,3
AISPHGNYTY,3
AIGPVGDKTY,3
AIGPYGTYTY,3
AILPYGNTTY,3
AIAPYGQNTY,3
AIDAFGNYTY,3
AISPGGYRTY,3
AISTWGNYTY,3
AILPYGYHTY,3
AINYSGGSTY,3
AIGRFGGYTY,3
AIAPIGKETY,3
AISPNGVYTY,3
AIAPFGGSTY,3
AISPRGGLTY,3
AIAPFGASTH,3
AIASYGEYTY,3
AILPYGKYTY,3
AITPFGVETY,3
AISASGARTY,3
AISPRGDGTY,3
AISPLGYSTH,3
AIYPYGRYTY,3
AIEYKGGSTY,3
VIAYMGGSTY,3
AILPYGTTTY,3
AIGPFGYSTY,3
AIVPRGGVTY,3
VISEYGYSTY,3
AISPWGNHTY,3
AIAPNGNRTY,3
AINPFGRYTY,3
AISPLGHATY,3
AIDPYGDYTY,3
AISPFCASTY,3
AISPNGYKTY,3
AILPYGDFTY,3
AIGPYGKYTY,3
AISDYGQLTY,3
AIKPFGGHTY,3
AIRTFGSTTY,3
AITDYGYNTY,3
AINFRGGYTY,3
AIRPYGDYTY,3
AIGEYGDYTY,3
AIMIWGGSTY,3
AIKYKGGSTY,3
AIRPYGSWTY,3
AIRAFGGGTY,3
AISPYGHITY,3
AIRWNCSATY,3
AIKPYGEYTY,3
AISPGGQGTY,3
AITPAGRSTY,3
AITFCGGSTY,3
AISPGGNSTY,3
AIAPWGGFTY,3
AILPYGGSTY,3
AIDWGGRYTY,3
AINPRGGWTY,3
AIQWNGVSTY,3
AIDPFGKNTY,3
SISPYGYYTY,3
AISQYGYATY,3
AIAPFDEYTY,3
AISEYGYPTY,3
AIRPWGYQTY,3
AINPFGGNTY,3
AIQPYGSYTY,2
AIVPWGSHTY,2
AMAPWGSFTY,2
AIYPYGSLTY,2
AIYPIGFGTY,2
AISPFGLGSY,2
AIYPIGRSTY,2
AISSFGRRTY,2
AIRPFGFNTY,2
AISPYGRLTY,2
AISGFGDYTY,2
AIYPLGSGTY,2
AILPYGSLTY,2
AIALWGSFTY,2
AIQYGGGSTY,2
TIAMWGGSTY,2
AILPFGYSTY,2
AIEPFGGYTY,2
AIRPYGIRTY,2
AIKPFGQYTY,2
AIGPFGIHTY,2
VIAPFGSYTY,2
AIRLFGRHTY,2
AILPYGSHTY,2
AIAPLGWSTY,2
AIGPFGYKTY,2
AIVPFGSWTY,2
AISPHGSSTY,2
AIVYYGGSTY,2
AIRMRGGSTY,2
AIKPHGSDTY,2
AISPRGTYTY,2
AISDTGSYTY,2
AINEYGYRTY,2
VIVMWGGSTY,2
AISEFGYATY,2
AIDTYGGYTY,2
AIGWDSGYTY,2
AIAPFGHLTY,2
AISPYVEYTY,2
AIGWGGEYTY,2
AIKPFGSNTY,2
AIRWYGVDTY,2
AIPPYGLWTY,2
AIVPYGYYTY,2
ATSEYGYGTY,2
AISPYGRPTY,2
AIDVYGRYTY,2
AISPIGLGTY,2
AINPFGNWTY,2
AIVPFGNLTY,2
AIGPWGASTY,2
AISPLGFTTY,2
AIRPYGAYTY,2
AIDPFGDYTY,2
AIKWNCYYTY,2
AINPFGFSTY,2
TISPWGGWTY,2
AIIEYGYSTY,2
AISEYGKFTY,2
AIAPFSLSTY,2
AIGPYGKHTY,2
AITPNGDYTY,2
AITPTGGNTY,2
AIGEYGYSTY,2
AIGPRGSRTY,2
AITFWGSSTY,2
AISPRGATTY,2
AISPVGYSTY,2
AIRPNGFYTY,2
AIRRNGGSTY,2
AIKPFGSKTY,2
AIAPWGGTTY,2
AIAPYGKLTY,2
AICWDGGYTY,2
AIRWNSDYTY,2
AIGSFGDQTY,2
AISHSGARTY,2
ARSEYGYGTY,2
AIDPFGERTY,2
AIGPLGGRTY,2
AISPYGEYTD,2
AIRWRGYGTY,2
AISPLGHSTY,2
AISNNGYRTY,2
AIRWNGSPTY,2
VIAPFGYQTY,2
AISPLGCKTY,2
AIAPLGEYTY,2
AIRWSGLDTY,2
AINPFGYRTY,2
VIAPFGQNTY,2
AIRWNGLDTH,2
AISEYGHYTY,2
AIALFGEYTY,2
AITFWGGSTH,2
AIADYGQYTY,2
AITPIGYDTY,2
AINPFGDYTY,2
AITEYGHDTY,2
AIGPFGKSTY,2
AIKPYGNYTY,2
AISPCGSHTY,2
AIAPFGMTTY,2
AILPYGRRTY,2
TISPFGGYTY,2
AISPLGYPTY,2
AISYKGDLTY,2
AIRPIGRYTY,2
AIPEYGYATY,2
AIRWNCFYTY,2
AITPIGWKTY,2
AIRPFGLTTY,2
AIRCSGNQTY,2
AIAPFGSHAY,2
AMSDYGDWTY,2
AIYPFGQGTY,2
AIGPDGKFTY,2
AISPQGFSTY,2
AIVPYGGPTY,2
AISEYGYGTC,2
AIEPFGYLTY,2
AITPYGRRTY,2
AINPRGGQTY,2
AILLNGVETY,2
AITPFGTRTY,2
AIGPFGFHTY,2
AIAPFGYLTY,2
AIQEYGRYTY,2
AISPLGLKTY,2
AIRWNGGPTY,2
AIAPFGDGTY,2
AIGPFGGITY,2
AISPVGNLTY,2
AISPFGVATY,2
VIAPYGEYTY,2
AMEYYGGSTY,2
AIADYGRYTY,2
AINPYGIATY,2
AIKLFGKYTY,2
AISPLGRRTY,2
AITPIGYNTY,2
AIVMWGCSTY,2
AISPRGRTTY,2
AIRPWGDQTY,2
AISQYGRTTY,2
AISPLGLGTY,2
AIRPFGGSTY,2
AIRPIGSSTY,2
AINPDGQNTY,2
AIVPLGHSTY,2
AIKLYGTRTY,2
AINENGEHTY,2
AISPWGQRTY,2
AIHGYGSYTY,2
AISPYGYLTY,2
AISPPGYSTY,2
AIEPFGSHTY,2
AIKPYGVDTY,2
AIIPFGGSTY,2
AITPFGTSTY,2
AITYSGGSTY,2
AIAPFGISAY,2
AIDSYGGYTY,2
AISEYGYAPY,2
AISSYGNRTY,2
AISPRGQQTY,2
AIRHRGGQTY,2
AISPRGSWTY,2
AIGGYGRYTY,2
AIKPNGRYTY,2
AISYRGGTTY,2
AISPIGGRTY,2
AIAPNGSLTY,2
AILYFGGSTY,2
AILPYGLNTY,2
AIRPNGVETY,2
AISPTGLYTY,2
AISPFGEGTY,2
AIRWNGVETA,2
AIRWNCSSTY,2
AIGPFGSVTY,2
AIRWNSDETY,2
AISPFGQITY,2
AISPSGGRTY,2
AISPAGNDTY,2
AITPFGYATY,2
AISRWGDWTY,2
AIEPYGSYTY,2
AIDPFGTYTY,2
AIGPFGLHTY,2
AMRWNGDETY,2
VIAPFGLSTY,2
AISPWGSYTY,2
AISPFGQQTY,2
AITPFGLNTY,2
AIHPLGSGTY,2
AIKYSGGSTY,2
AISPGGKRTY,2
AIRGNGVETY,2
AISPDGNYTY,2
AISPRGQWTY,2
AIAPFGHRTY,2
AIAPFGEHTY,2
AIAPYGDKTY,2
AIIPFGYNTY,2
AIAPNGYLTY,2
AITPFGYETY,2
AIRWNGNETY,2
TISPFGYNTY,2
AISPIGKGTY,2
AINGFGYRTY,2
AIAPVGQNTY,2
AITPYGTITY,2
AIEPFGLSTY,2
AIYMWGGSTY,2
AISPWGAYTY,2
AIGPRGQDTY,2
AISEYGYRTY,2
AIWPFGLGTY,2
AITPFGFTTY,2
AISPYGQRTY,2
AISPFCYATY,2
AISPYGGCTY,2
AITPFGHRTY,2
AISEYGDSTY,2
AIAPFGQGTY,2
AILPPGGDTY,2
AILPPGGQTY,2
AIVPFGYNTY,2
AISPFGYLTY,2
AIAPRGTRTY,2
AITPQGSLTY,2
AIHPYGYYTY,2
AIYPYGSRTY,2
AIYPYGIRTY,2
AIHWDGNTTY,2
AIRFSGYSTY,2
AIASFGLSTY,2
AISPHGYKTY,2
AIKPYGYKTY,2
AIAPFGTSTY,2
AISPWGYNTY,2
AIAPNGSFTY,2
AISPKGFRTY,2
AIRPRGGSTY,2
AIAPFSGYTY,2
AIAPFGEYAY,2
AIRVYGSSTY,2
AITPFGFETY,2
AISEYAYATY,2
AISQFGGYTY,2
AIAPRGDHTY,2
AISEYDWGTY,2
AILPYGQYTY,2
AIYPYGNGTY,2
AISPCGGYTY,2
AITPFGHGTY,2
AISPLGRDTY,2
SIGWDGEYTY,2
AIAYMGCSTY,2
AIRWNGDSTY,2
AIFPYGSRTY,2
AISPYAEYTY,2
AIVPWGTHTY,2
AISPCGYRTY,2
AIRWNGRYAY,2
TISPFGDSTY,2
AITYWGGSTY,2
AILPYGGRTY,2
AIRWNSSATY,2
AIAPFGHHTY,2
TISEYGFYTY,2
AITPRGGYTY,2
AIAPFGEYNY,2
AIRRNGVSTY,2
AIAPFGISTH,2
AIGEYGRYTY,2
AIRPFGSDTY,2
AIATFGLSTY,2
AIRPGGGYTY,2
AISPGGGFTY,2
AIGTYGKYTY,2
TIPYMGGSTY,2
AIHYYGGSTY,2
AIGPFGISTY,2
AITPYGSITY,2
AIGPFGLPTY,2
AIRPNGSYTY,2
AITFWCGSTY,2
AITFWVGSTY,2
AITPFGADTY,2
AISEYGSLTY,2
AIKIAGGDTY,2
AISPYGRITY,2
AIRPYGLSTY,2
AISPFGTHTY,2
AITPYGDYIY,2
AIYPYGDNTY,2
AIAPKGYSTY,2
AINDYGDWTY,2
AISPFGIDTY,2
TITFWGGSTY,2
AIAYGGGSTY,2
AIRWHGVKTY,2
AISPSGTSTY,2
AINTRGGQTY,2
AISPFGCSTY,2
AISPWGRHTY,2
AIAPFGAKTY,2
AISPIGKYTY,2
AILYGGGSTY,2
AITPLGYYTY,2
AIHPYGYLTY,2
EIAPFGQNTY,2
AIAPYGLYTY,2
AIAPIGGYTY,2
AIRPRGGDTY,2
AILWNGVESY,2
AIYPYGTYTY,2
AIAPFGWGTY,2
AISPLGKQTY,2
AIVPRGGETY,2
AIRWHGDETY,2
AITEYGYPTY,2
TISPWGGYTY,2
AIAPFGWRTY,2
AISQGGYRTY,2
AIRWYGGSTY,2
AIGPLGGYTY,2
AIAPCGSYTY,2
AIEYHGGSTY,2
AISPFGRYSY,2
AISPNGYGTY,2
AIAPLGYSTY,2
AIRWRGGGTY,2
AIALFGGYTY,2
AISPIGYKTY,2
AITPLGGLTY,2
AISPFGDETY,2
AIVPFGWSTY,2
AISEYGWGIY,2
AISEYGWGNY,2
AIEPFGEYTY,2
AISPYGKKTY,2
AIDPFGAYTY,2
AISPGGRKTY,2
AISEYGYKTY,2
AIGPYGNNTY,2
AIRMCGGSTY,2
AIRWNDGSTY,2
AINPGGWGTY,2
AIHTYGFRTY,2
AITPFGFRTY,2
AIGPRGARTY,2
AIADYGRSTY,2
AIAPYGYHTY,2
SINWNGKYTY,2
AIAPYGYATY,2
AISPHGSWTY,2
AIAPWGFRTY,2
AIAPCGQNTY,2
AIGPYGNITY,2
AIAPFGENTY,2
AINTYGNYTY,2
AISPLGWRTY,2
AIRPFGAHTY,2
AIIPFGYKTY,2
AIAPFGNKTY,2
AIASFGYQTY,2
AIEYYGGPTY,2
AISPFGCYTY,2
AISWRGWHTY,2
TINWNGKSTY,2
AISPWGGSTY,2
AITPFGQFTY,2
AISPLGYKTY,2
AIAPYGLTTY,2
AISGAGGKTY,2
AISPFGHGTY,2
AITPFGQQTY,2
AIGPLGSSTY,2
AITGYGYATY,2
AIAPLGYYTY,2
AIDPYGYRTY,2
AIRWNGEYTY,2
AINDYGWRTY,2
AIRMLGGSTY,2
AIHGYGFRTY,2
AIIYFGGSTY,2
AINPAGYRTY,2
AISDYGYITY,2
AISPIGHGTY,2
AISYRGADTY,2
AIAPFGWKTY,2
EIRWNGDETY,2
AISSFGDNTY,2
AIRYAGYSTY,2
AIKPSGESTY,2
AIVPFGNYTY,2
EISPFGLGTY,2
AIGDYGYNTY,2
AISPLGKTTY,2
AISPNGRNTY,2
AIRWYGDETY,2
AILPYGKTTY,2
AISWRGKHTY,2
AISPYGIKTY,2
AISPAGRSTY,2
AIDPYGRKTY,2
SISPLGYSTY,2
AIEPYGDSTY,2
AIGPFGAYTY,2
AIRWNGMDTY,2
AIFPFGYGTY,2
AISPWGDNTY,2
AIAPWGYRTY,2
AIRWNGASTY,2
AISPAGYGTY,2
AIDPFGVYTY,2
SISPFGFSTY,2
AIRPYGRYTY,2
AIGPSGRSTY,2
AIRSSGYETY,2
AIGPYGGATY,2
AIVPYGYRTY,2
AINHRGDYTY,2
AIIPFGYSTY,2
AISEYGYHTY,2
AIASFGISTY,2
AISDYCLGTY,2
AISPLGKYTY,2
AIRPYGYYTY,2
AISPWGNSTY,2
AIAPLGYQTY,2
AITPDGDKTY,2
AISYMGGYTY,2
AIRPFGSFTY,2
AISEYGSITY,2
AISEYGSNTY,2
AISPWGVSTY,2
AIRPDGEWTY,2
PIRWNGGSTY,2
AISEYGYFTY,2
AITEYAYATY,2
AISPLGQYTY,2
AITPYGGITY,2
AITPRGQFTY,2
AISPVGRGTY,2
AICYIGGSTY,2
AITPFGAGTY,2
AILPYGDGTY,2
AITPVGGRTY,2
AISGIGSKTY,2
AISQFGDHTY,2
AIAQFGYHTY,2
AIKPFGAETY,2
AINTSGGVTY,2
SIAPFGYNTY,2
AIKPYGSRTY,2
AISDYGDCTY,2
AIRPNGYGTY,2
AISERGAYTY,2
AIAPFGEYSY,2
AIAPFDGYTY,2
AISEYGHATY,2
AIVPRGGGTY,2
AINPYGGRTY,2
AISPFGALTY,2
AICPYGHYTY,2
AIVPFGYHTY,2
AIAYCGGSTY,2
AISTNGFRTY,2
AISSFGDSTY,2
AIKWDGSYTY,2
AISPLGYSAY,2
AIASFGGYTY,2
AISESGYATY,2
AIYPYGIDTY,2
AIRPFGQETY,2
AIAPKGYQTY,2
AINSYGNLTY,2
AISPDGTDTY,2
AIAPFGGFTY,2
AIDPFGKYTY,2
AILPYGEYTY,2
AISPYGWTTY,2
AITFWGGPTY,2
AITPKGRNTY,2
AINWSGSSTY,2
AINPFGIGTY,2
AIQPFGKETY,2
AIFPYGTYTY,2
AMSPYGSYTY,2
AICYWGGSTY,2
AIVYSGGSTY,2
AITQYGYATY,2
AIRWNDSATY,2
AIRPFGWGTY,2
AIAPFGWDTY,2
AISYRGNLTY,2
AIATFGQNTY,2
AIAPFCGQTY,2
AISPYGLHTY,2
AINSYGNYTY,2
AISPGGYKTY,2
ATSPYGDWTY,2
AISPFGTKTY,2
AIRNGGSWTY,2
AIVMCGGSTY,2
AISPYGSQTY,2
AIRSNGVDTY,2
AIGPLGGSTY,2
AIRPDGYWTY,2
AIYPFGYGTY,2
AIAPYGEYTN,2
AIIPGGGRTY,2
AIAPFGINTY,2
AISDYGDWTH,2
TISPYGNYTY,2
TITEYGYVTY,2
AITPFGARTY,2
AIAPFGHYTY,2
AISEYGHGTY,2
AIAPFGDHTY,2
AIRPYGDETY,2
AITPYGYYTY,2
AIRSFGGRTY,2
AIAPFSQNTY,2
AISSFGEYTY,2
AIRYAGRYTY,2
AISWDGEYTY,2
AISPVGSITY,2
AINWNCKSTY,2
AIAPCGESTY,1
AIASFGSHTY,1
AMAPLGISTY,1
AIKAYGSRTY,1
PISPFGYNTY,1
RYDRLVNTTY,1
AIQCNGVETY,1
AINHHGDSTY,1
AILWKGVETY,1
VIAPFGASTY,1
AMSEYGDYTY,1
AINPLGGHTY,1
AIASFGASTY,1
AINPFGRHTY,1
AISQFGQKTY,1
AIKAYGEATY,1
AISTFGDSTY,1
ATSPLGYSTY,1
AITDYGSYTY,1
AIAPFGLSTN,1
AITPRGNLTY,1
AITPFGKYTY,1
AIKAYGSATY,1
TIAPFGSYTY,1
AISEVGYHTY,1
AILYMCGSTY,1
SIAPFGYSTY,1
AIAPWGSFTH,1
AISPIGRVTY,1
AIAPFVRKTY,1
AICMNGGSTY,1
AIAPAGYNTY,1
PISPFGYTTY,1
AIHYLGGSTY,1
RVSPFGGYTY,1
AIGPFGDLTY,1
AIRPLGRDTY,1
AISVYGYATY,1
AINPYGRPTY,1
AIGWDGNYTY,1
AILPYGNRTY,1
VIGPYGSYTY,1
AISNWGKYTY,1
AIAMCGCSAY,1
TISPFGSHTY,1
AMSPYGAVTY,1
VIAPFGYSTY,1
AITPYGRGTY,1
AISPLGYETY,1
TISPFGASTY,1
AIKPFGSYTY,1
AIQMSGGSTY,1
AIRWNGVSAY,1
AINWSGSGTY,1
AIAPFGCQTY,1
AILRNGSATY,1
AISPLGGTTY,1
AISPHGDYTY,1
AIVMWCGSTY,1
AISPLGCVTY,1
AISGHGLATY,1
AIPPYGRYSY,1
AISKFGWNTY,1
AIAPYCDYTY,1
AIAQFGYTTY,1
AILPYGSVTY,1
AITPYGLYTY,1
AISEYGSWTY,1
AISPGGGSTY,1
AISPIGSLTY,1
AIFPYGARTY,1
AIATWGSYTY,1
AITSFGRETY,1
AIGEFGDYTY,1
AIYPYGSNTY,1
AIAPSGGYTY,1
TISPNGSYTY,1
AISTWGGWTY,1
AIAPFGKYTH,1
AISQFGYNTY,1
AINPGGSYTN,1
AIVPFGGQTY,1
VIRWNGIYTY,1
AIKPYGSFTY,1
AIGPNGSDTY,1
AIDPYGARTY,1
SISPYGSHTY,1
VIPYMGGSTY,1
AIALFGSHTY,1
AIAPFCSWTY,1
AISEFGCYTY,1
AIGPFGQYTY,1
AIFALGSGTY,1
AISDYGERTY,1
AISPFSYATY,1
SIAMWGGSTY,1
AIRWNGFDTY,1
RISPNGHITY,1
AIAPFGIKTY,1
AIAKVGGYTY,1
AIEPWGSFTY,1
AISYRGSYTY,1
AISPFGAGTY,1
VISPYGDYTY,1
AIGPYGAYTY,1
SIRWNGGSTY,1
ALRWNGVETS,1
VIRWDGYATY,1
AISPYGDWTH,1
VIRWNGVSTY,1
RDSAVWLVNL,1
AILPYGSATY,1
AIVPVGGHTY,1
AISPHGRSTY,1
AIAPYGCYTY,1
EIAPFGISTY,1
SIRWNGSFTY,1
AIAPFGTLTY,1
AIGPHGRSTY,1
AIRPSGYYTY,1
AISPDGSHTY,1
AITPQGGLTY,1
AIAPYGYNTY,1
AISAYGYPTY,1
AIAPFGSYTC,1
AIAPSGKYTY,1
AIAPYGDHTY,1
AIRWNSIYTY,1
AISPNGSRTY,1
AIAPVGGYTY,1
AIPLWGGYTY,1
VISPSGTYTY,1
AIRPDGYYTY,1
AIAPFVGYTY,1
AIAPFGKSNY,1
AITPYGDWTY,1
AINENGNHTY,1
RISPFGRYTY,1
AIHPYGFRTY,1
AIGPFGTYTY,1
AIAPFGIHTY,1
AIRWNGSVTY,1
AISPGGYVTY,1
ATTEYGYATY,1
PISPGGQGTY,1
AILRYGRETY,1
AIQGYGGSTY,1
ALAPYGEYTY,1
AIRWSGNHTY,1
AIRWIGSSTY,1
AIVIWGGSTY,1
AISPCGDTTY,1
AIDPYGKYAY,1
TISEYGYYTY,1
ALSEYGYGTY,1
AITPLGKATY,1
AISTFGENTY,1
RIAPFGYSTY,1
AIRPLGKYTY,1
AINRNGKSTY,1
AIVPYGWKTY,1
AINPTGYSTH,1
AMRWNGSFTY,1
RIVPFGDWTY,1
AITPYGKVTY,1
SISPFGEYTY,1
AILPPGSQTY,1
AIRPKGYSTY,1
AIKPYGDSTY,1
SIVMWGGSTY,1
AISPYGIGTY,1
AITPYGGATY,1
AMAPYGSYTY,1
AIAYMGGSTD,1
AISPFGCATY,1
AISPNGVETY,1
AIRWNGCYTY,1
AIRPFGDLTY,1
AISPLGEYTY,1
AISPYGSHTH,1
RYDRTGYRTY,1
AINCNGSYTY,1
AIDPYGKNTY,1
AIDPFGRSTY,1
AIRWDGYATH,1
TIVMWGGSTY,1
AIRTYGDYTY,1
AILPNGYSTY,1
AIAPFGPSTY,1
AISPGGWTTY,1
AIKTYGDVTY,1
AIAYVGGSTH,1
VISPFGEVTY,1
AIAPFGQWTY,1
AISPWGNYNY,1
AIAMWGSSTY,1
AISPYGTCTY,1
AISPFCFSTY,1
AITPIGRITY,1
AIVPHGGETY,1
AISGGGRSTY,1
AITDYGQRTY,1
AISAYGDGTY,1
VIVPYGEYTY,1
EIMYTGGSTY,1
AISEWGYHTY,1
AISPRGQHTY,1
AIKISGGYTY,1
AISNLGGHTY,1
ATAPYGEYTY,1
AISPWGDGTY,1
AIGPYGDRTY,1
AMGWNGVETY,1
AINPNGTNTY,1
AISGAGIKTY,1
AILPYGRKTH,1
AINSYGRYTY,1
AIREDGGSTY,1
AISPYVNYTY,1
EIKPYGYYTY,1
AIAPFGISIY,1
PISPVGARTY,1
AILPNGSATY,1
AINPAGNYTY,1
AIMMCGGSTY,1
AITPFGSGTY,1
VISPYGDWTY,1
AISPFDYATY,1
PISPNGFRTY,1
AIAPVGYTTY,1
AISPNGSGTY,1
AISPLGGITY,1
AITPLGYTTY,1
AIMMWSGSTY,1
AIRWDGVATY,1
AISQWGSYTY,1
GISEYGYATY,1
AIKDYGARTY,1
AIVPYGGITY,1
AIRPFGDFTY,1
AMSPFGGYTY,1
AISPRGKYTY,1
AIRWKGDETY,1
AQIMYGESTY,1
AIMMWCGSTY,1
AINPFGISTY,1
AIGPTGYGTY,1
AIGWDGKYTY,1
AIFPYGYTTY,1
AIVMWGSSTY,1
AIEPLGHSTY,1
AMAMWGGSTY,1
AITPDGSYTY,1
AICYLGGSTY,1
PISPFGYKTY,1
AINWSGSRTD,1
AIAPYGEYNY,1
AIAPFGGNTY,1
AISPAGYNTY,1
AILPYGNWTY,1
AISPSGYSTY,1
TISPFGYQTY,1
AIRPQGAYTY,1
AISPYCKITY,1
AISPYGDATY,1
AINWNCKYTY,1
AIGTYGQYTY,1
AIGEYGLYTY,1
AMNWSGSRTY,1
AIAPWGGSTY,1
SISPDGSYTY,1
AIRWNGNATY,1
AITYKCGSTY,1
AIDTYGYPTY,1
AIRPLGYSTY,1
AIPMWGGSTN,1
RERMIGGSTY,1
AIGEFGGYTY,1
AIDMLGGSTY,1
AIKIDGKRTY,1
AISPGGDTTY,1
AIDVYGLYTY,1
AILPWGGYTY,1
AIWYMGGSTY,1
AISPIGKVTY,1
AISEYSWGTY,1
AIAPFGHTTY,1
AIAPYGRTTY,1
AIRWNGEETY,1
AISDYGDWIY,1
SISPYGGGTY,1
AINSYGQITY,1
AISSFGGYTY,1
AITPFGIKTY,1
AIAPYGGWTY,1
AISEYGSGTY,1
AIRSNGSATY,1
AINPRGDFTY,1
AISPRGDHTY,1
AINPYGYDTY,1
AISPFGRKTY,1
AIAPFDYSTY,1
AISQYGTDTY,1
AISDYGWGTY,1
VIAPFGETTY,1
AIVPFGYSTY,1
AISPWGNYPY,1
SISPWGNYTY,1
AIGPFCRSTY,1
AITEYGQWTY,1
PISPYGTKTY,1
AINPYGQSTY,1
AIGPSGRTTY,1
AISPAGSWTY,1
AIRWQGVETY,1
PIKPYGYKTY,1
AIASVGGSTY,1
AIRWHGGSTY,1
AIRRYGVETY,1
EIAPFGEYTY,1
AIRWNGYATY,1
VIGWDGGYTY,1
TISYDGSYTY,1
AISAYGYYTY,1
AIAHFGGYTY,1
AIAPFGYSTN,1
AISPDGKYTY,1
AIQWQGSFTY,1
AIRCHGSSTY,1
AIRWHGLDTY,1
AINQFGYSTY,1
AIAQFSEYTY,1
AIGPSGYNTY,1
AITQYGNFTY,1
AIMYCGGSTY,1
VIVMLGGSTY,1
AINEFGGYTY,1
AIEPFGASTY,1
AIQWIGGLTY,1
AIAPFGRETY,1
AINPFGGTTY,1
EIAPFGGYTY,1
AIHPYGYKTY,1
AITPFGNETY,1
AIGPYGSKTY,1
AISPFGISTH,1
AIPRNGSFTY,1
AIATYGEYTY,1
AIECYGGSTY,1
AIRWRGNQTY,1
ATSEYGYANY,1
AITMWGGWTY,1
AIGYAGGSTY,1
TIAPFGRNTY,1
AISPFGYSIY,1
AIRYSGLTTY,1
AIYPIGSSTY,1
AISPFGSSTH,1
AIGPFGRITY,1
AISDYGYVTY,1
AIAPFGSKTY,1
AISPLGSLTY,1
AITPFGASTY,1
AISPCGGTTY,1
AISEFSWNTY,1
AIRWNVVSTY,1
AISPSGHITY,1
ATAPWGSFTY,1
AIAPLGSHTY,1
AIHPYGGSTY,1
AIATFGYNTY,1
AIAPFGISNY,1
AISPDGHYTY,1
AIVPFGGGTY,1
AIVLWGGSTY,1
AIRWNGDETH,1
AITMWGGPTY,1
AIAPFGYHTH,1
AITPFGIGTY,1
RITPFGETTY,1
AISNYGDWTY,1
AIGWDGGYAY,1
AIDPYCGYTY,1
TISPLGDQTY,1
AIAPSGAKTY,1
AISPFGKKTY,1
RISPFGGTTY,1
AISEFVGYTY,1
AIRPNGNGTY,1
AIAPYGDWTH,1
AIAPFGLSTC,1
AISPFGYATD,1
AISEYGYATF,1
AIAPYGEYTS,1
AISPFGVYTY,1
AIAPLGNSTY,1
AIAPFCASTY,1
AIATFGISTY,1
AISPAGHQTY,1
AIAPLGDYTY,1
SISPYGDWTY,1
AISPDGQVTY,1
AIPPYGLDTY,1
AIRWNSLDTY,1
SIGPQGYYTY,1
AILPSGGWTY,1
AIKSFGRRTY,1
AMAPFGLSTY,1
AINHRGDFTY,1
AISQDGIRTY,1
AISTDGYNTY,1
AIFPYGYKTY,1
AIQPFGAGTY,1
AINNGGGLTY,1
AIRPWGNDTY,1
AIAPYGTYTY,1
AIDEYGDYTY,1
AIIEFGWNTY,1
AIAPFGKWTY,1
AMSEYGWGTY,1
AIGWDGAYTY,1
AILPSGGETY,1
AIRANGEYTY,1
AISPFGTITY,1
AISEFGIRTY,1
AIRWNGHYTH,1
AIRWNGGDTY,1
AIAPYGLQTY,1
AIAPWGSFTN,1
AITPYGNFTY,1
AIIPFGSETY,1
AISPFGAITY,1
AISWRGQNTY,1
AIKVYGVRTY,1
AILMWGDSTY,1
AIRCNAVETY,1
AINSFGDRTY,1
AIRSFGYDTY,1
VIAPFGKSTY,1
AIIPYGDYTY,1
AISPFCQTTF,1
AISTFGASTY,1
AINPFGLNTY,1
AIGPSGWSTY,1
AIRWNGVVTY,1
AIRPAGRYTY,1
AIRWNGDYTN,1
AIRDYGDWTY,1
AITPGGYYTY,1
TISPYGSYTY,1
AIGPYGNGTY,1
PRYCKGGSTY,1
AIYQYGEYTY,1
AISQYGEKTY,1
AISPLGKSTY,1
AIPYFGGSTY,1
AIRPWGDLTY,1
AINWNGYYTY,1
AICPNGTNTY,1
AISPGGLHTY,1
AISPGGSCTY,1
AISTFGFSTY,1
EIGWDGEYTY,1
AISQYGRYTY,1
AIDPYGRRTY,1
AIRWNGSTTY,1
AIVPRGDWTY,1
RIIYMGGSTY,1
AIMYWGGSTY,1
AIAPWVSFTY,1
AINDYGYYTY,1
AITPYGWRTY,1
ATAPLGHSTY,1
AIESFGYRTY,1
PIAPFGWNTY,1
AIAEYGYYTY,1
TIFYYGGSTY,1
AIPMWGCSTY,1
AIIPFGGWTY,1
AISEYGYGTD,1
AIVPRGDYTY,1
AINWNGRYTY,1
AIRWNGKYTY,1
ATRPFGDVTY,1
AIRWNGDETD,1
AISPLGYSNY,1
AIDDYGYYTY,1
AISDYGDDTY,1
VISFYGGSTY,1
AISEYRYGTY,1
AIAPYCGYTY,1
AIRIYGSRTY,1
AIRWNCHSTY,1
AISTYGHSTY,1
AISLFGDYTY,1
AIFYKGGTTY,1
AISPCGYSTY,1
TIRWNGSATY,1
AISYMCGSTY,1
EIGPLGYSTY,1
AISPYGKYTF,1
AIYPYGKYTY,1
AIVPWGGHTY,1
AMAPFGGQTY,1
AIEPFGYSTY,1
AISQFGDSTY,1
AITEYGYATF,1
AISQYGGYTY,1
AINPYGKITY,1
AISHYGEWTY,1
AIRMYGGSTY,1
AISPWGNYIY,1
VISPYGSYTY,1
AIRWNGLGTY,1
AIGWHGGYTY,1
AIAPFGYQTH,1
AIAYAGGYTY,1
RLSPYGSYTY,1
AISDPGGYTY,1
AISRIGKYTY,1
ARAPFGGYTY,1
AIRFRGGNTY,1
AIKMCGGSTY,1
AINPYCNATY,1
AINEYGGRTY,1
AIIPSGGHTY,1
AIHPRGAYTY,1
AITPYGTYTY,1
AIPYIGGSTY,1
AIAPFGHFTY,1
AINPYGGWTY,1
AINYTGYSTY,1
AISPFCRFTY,1
AISYDGRYTY,1
GISPYGYYTY,1
TISPFGFSTY,1
AIVPFGGTTY,1
AIFYMCGSTY,1
AIAPWGDRTY,1
AIQLWGGSTY,1
AISPNGTHTY,1
AMAPNGSRTY,1
AITPYGYRTY,1
AIAPAGAWTY,1
AIKFMGGSTY,1
AIVPRGNWTY,1
AIYLYGEYTY,1
AMVMWGGSTY,1
AIRWNGSHTY,1
AISPLGSRTY,1
AIAPLGQYTY,1
AIDPFGYETY,1
AISPEGYFTY,1
AIGPFGKYTY,1
AIHPYGDYTY,1
AIRPDGWTTY,1
AIGPYGSSTY,1
AIRWNDLDTY,1
AISPSGSGTY,1
AITPGGGATY,1
RDKPVWWLTY,1
AIRCNGRYTY,1
AIVPYGYSTY,1
AISYRGYNTY,1
RVKYMGGSTY,1
AICYTGGTTY,1
AIAPYGHWTY,1
AIAPFVWSTY,1
AISEYGDRTY,1
AXSEYGYATY,1
PISPLGYSTY,1
AISPNSLYTY,1
AINPFGYKTY,1
RISPGGSRTY,1
AIVPLGGSTY,1
AISEYCYCTY,1
AIAPFGGYNY,1
AISKYGKTTY,1
AISPYGEDTY,1
AIRWKGGSTY,1
AISEYVYSTY,1
ALRWNGVETY,1
PIKPYGTFTY,1
AISPFGRMTY,1
AIEYMGGYTY,1
AISPVGLDTY,1
AIQNSGNYTY,1
AISPWGLHTY,1
AIRPYGYGTY,1
LISEYGYGTY,1
AIRWNGISTY,1
AIVMWGGPTY,1
AIAPCGISTY,1
RDKPVWSLTY,1
TISPWGYATY,1
AIPPYGRYTY,1
AIAPWGSVTY,1
AIMYVCGSTY,1
TIAPLGHSTY,1
AIGWDGEYTD,1
AIAMCGGSTY,1
AISEFGRHTY,1
AISPFCHSTY,1
AIRPYGKITY,1
AILPYGANTY,1
AIQPFGERTY,1
AINFWGGSTY,1
AIALFGYSTY,1
AIHDYGTYTY,1
AIRWDGDETY,1
AIASYGGSTY,1
RIMMRGGSTY,1
ALSPYGEYTY,1
AIKPFGKHTY,1
AIAPFCYKTY,1
AIGPYGSNTY,1
AISPGGQSIY,1
AITPFGFSTY,1
AIAPYGCITY,1
AIKPFGKFTY,1
AIRPDGSKTY,1
AISPGGWHTY,1
AIRPWSDQTY,1
AIRWNGAQPS,1
RLARDGKFTY,1
AIAYVGDSTY,1
EIGWDGGYTY,1
AMSPYGSHTY,1
AISPNGWRTY,1
AIAPFGYNTH,1
AIGWDGVYTY,1
AIYPYGGTTY,1
AIAYYGCSTY,1
AISPFRASTY,1
VTGPTRHETK,1
AIAPIGGQTY,1
AIYFMGGSTY,1
RVSPFGGWTY,1
SIRWNGLDTY,1
AIAPIGLSTY,1
AISPWGHRTY,1
AISPIGFSTY,1
RISPYGSYTY,1
AIGPLGFRTY,1
AINPFGLRTY,1
AINPYGYSTY,1
AICPYGLYTY,1
AINPFGRRTY,1
RISPFGRQTY,1
AIRWNGVATD,1
VIAPFGSHTY,1
AITPGGFKTY,1
AITPRGEGTY,1
AIGPLGNGTY,1
AIGPAGNDTY,1
AIRSNGGSTY,1
AIGMWGSSTY,1
AISPFGIWTY,1
AIRCNGFYTY,1
AIAPKGYRTY,1
AIIYSGGSPY,1
AINQYGNATY,1
AMCYSGGSTY,1
AIAQFGKSTY,1
AIEPFGGQTY,1
AIAQLGHSTY,1
AIEYDGGSTY,1
QIMYGLTYYA,1
AIAPYGRNTY,1
ARSPYGEYTY,1
EIAPFGASTY,1
AIEVNGGNTY,1
AISPGGGTTC,1
AISPGGYTTY,1
AIQWNGSSTY,1
AITPSGAFTY,1
AISKSGNYTY,1
AIQPFGNKTY,1
AIRYLGGRTY,1
AIRSNGVKTY,1
TICMSGGSTY,1
AIRWHGDYTY,1
AISDYSDWTY,1
AIRPFGRQTY,1
AISQYGGRTY,1
AIALFGSYTY,1
AIMMAGGSTY,1
AISPWGKYTY,1
TISGAGYKTY,1
AIAPFCLTTY,1
AISPCGQLTY,1
RVSPIGRLTY,1
AISPFGQYTH,1
RISPFGLKTY,1
AISPWGCYTY,1
AIRMWGGYTY,1
AIRWDSGSTY,1
AIAPWGSFPY,1
AIRCNGHSTY,1
AITEYGYNTY,1
AISSLGYSTY,1
AIAPIGYHTY,1
AITPFGGRTY,1
TIRWNGSSTY,1
PISPYGAYTY,1
AIRWAGYNTY,1
AITPNGRYTY,1
AIAPFGAPTY,1
AIRWYGFATY,1
AIRWYGSYTY,1
AITPLGYSTY,1
AISPVGYATY,1
AISEDGWGTY,1
AISPIGKSTY,1
AIRWNCDYTY,1
AIAPYGASTY,1
AISMWGGKTY,1
AIGWDGGDTY,1
AISPFGTETY,1
AITMCGGSTY,1
AISPYGGHTY,1
AIGPFGRYTY,1
AISPRGDWSY,1
AINPFGEKTY,1
AIGPFGDGTY,1
AISPYGKSTY,1
AIYPYGSFTY,1
AIRPSGLYTY,1
RVSPYGNRTY,1
AIRPGGQNTY,1
AISEYGEATY,1
AIRPLGYYTY,1
AISPFVGYTY,1
AISPFGNYIY,1
PIEPFGYNTY,1
AINPFGNNTY,1
AIQPFGLETY,1
TIQYSGGSTY,1
AINPGGNWTY,1
AIYPYGKFTY,1
AICWYGVETY,1
AIRPFGSSTY,1
EISEYGWGTY,1
VIAPFGSWTY,1
VIRWNGSATY,1
AISPNGSWTY,1
AISPDCWTTY,1
AIDPYGWRTY,1
AIAYFGGSTY,1
AIRPKGDRTY,1
AIGGFGARTY,1
AIVPYGHYTY,1
AINPFGSYTY,1
AISQFGYGTY,1
AISEYGWVTY,1
AITYLGGSTY,1
AIAPFGYQTC,1
AISPIGSNTY,1
AIFPLGSGTY,1
AIGDYGEYTY,1
AISPFGMSTY,1
AISPLGNKTH,1
AIDAYGYYTY,1
AIKAWGQYTY,1
AITPYGLSTY,1
AIAPYGHFTY,1
AISDYGRRTY,1
AIGEYGSYTY,1
TISPFGQQTY,1
AIQNSGWSTY,1
AIAPFGESTY,1
AISFMGGSTY,1
AIAPLGLGTY,1
AISPYGDYTD,1
AISPIGYGIY,1
AILPSGGHTY,1
AMSEYGCATY,1
AIAMLGGSTY,1
AIKWNGYYSY,1
AIAPNGYKTY,1
AILPWGSYTY,1
AINPYGYKTY,1
AILPFGLETY,1
AIKPWGGSTY,1
AIKPYGEKTY,1
AISPIGRNTY,1
AIYPYGNNTY,1
AIVPRGGYTY,1
AINCNGKSTY,1
PISPLGNWTY,1
ARRWNGGSTY,1
AIALFGASTY,1
AIAPIGYDTY,1
RIRPWGNDTY,1
AILPKGDRTY,1
AIHPYGRRTY,1
AITFWSGSTY,1
AITPEGLYTY,1
RVSPFGYATY,1
AIGFWGGSTY,1
AIRSFGNYTY,1
AITPYGGHTY,1
AISPLGGFTY,1
AIDTFGNYTY,1
AISPIGGVTY,1
PISEYGYATY,1
AIAPFGQNTN,1
AIRWKGVSTY,1
AITPIGSTTY,1
TIKWNGYYTY,1
AIKPYGNRTY,1
AISDFGGYTY,1
AIPYMGGSNY,1
AIKPFGGYTY,1
AIALFGISTY,1
AITPQGFGTY,1
AINDFGYRTY,1
AISPWGQYTY,1
AISLFGEYTY,1
PISPYGQFTY,1
AIKPYGQYTY,1
AIAPFGYSIY,1
AIRWDGSYTY,1
AISPFGWGTY,1
AIDPYGQVTY,1
AKSPYGEYTY,1
AISPRCDLTY,1
AIRYLGGSTY,1
AIGPYGRRTY,1
AISPYGRSTY,1
AIVPLGISTY,1
AISPYGAVTY,1
AISPFRYSTY,1
AITEYGYATS,1
AISPIGRLTY,1
AISPEGSYTH,1
AIRPRGYETY,1
AISPGSDHTY,1
AISDYGDWAY,1
PIAPFGISTY,1
AISPFGFATY,1
AITPFGDFTY,1
AIKPPGSYTY,1
AIIPFGQGTY,1
EIRWNGGSTY,1
AISTAGNYTY,1
AIRWIGGSTY,1
AIVMWGGSAY,1
AIAPFGWNTY,1
AIAPLGASTY,1
AIYPFGHKTY,1
AILPFGSFTY,1
AIRPYGYDTY,1
AIRPSGYWTY,1
SIRPFGWSTY,1
AIIPWGGWTY,1
AISPYGSPTY,1
AMGPRGARTY,1
AISAYGYSTY,1
AISPYDNSTY,1
AISPFGDSTH,1
AIGPFGHNTY,1
AIAMAGGSTY,1
AIAPFGLSNY,1
AISPYGEYNY,1
AIRWNGSATN,1
AISPFCKSTY,1
AITPVGYRTY,1
AISTFGGRTY,1
RITPYGRYTY,1
AISPFGVLTY,1
AIKPFGYKTY,1
AIAPFGVTTY,1
AISEYGYSTD,1
AISPYGQETY,1
AIRPFGQGTY,1
AISQGGDHTY,1
RVTPYGGYTY,1
AIAPFGVDTY,1
AINYRGEYTY,1
AIAPNGRRTY,1
AIAQFGKYTY,1
AIRPFCYNTY,1
AIRPFGKFTY,1
AISQYGSKTY,1
AISWDGCYTY,1
AISPYGIDTY,1
AITPFGFNTY,1
AMRWNCVETY,1
AITDGGNYTY,1
AILPYGDRTY,1
AIAPYGESTY,1
AINPFGHFTY,1
AISRVGSDTY,1
AISPLVQQTY,1
AITFWGASTY,1
AIGPEGFNTY,1
AIFSYGGYTY,1
AIAPYGISTY,1
RISGTGGRTY,1
AINDYGTRTY,1
AIRPWGYDTY,1
VIAMWGGSTY,1
AITPSGYRTY,1
AISRSGKFTY,1
RITEYGSYTY,1
AISPYCRYTY,1
AISQYGDWTY,1
AINPYGNNTY,1
AISPYCDKTY,1
AITPNGLETY,1
AISPIGSGTY,1
LIRMSEPSRH,1
AISNYGGYTY,1
AILWNGVATY,1
VIAPFGYHTY,1
AIAPFGYPTY,1
AIAPFGTTTY,1
AISPFCYGTY,1
AIPYMGDSTY,1
AISEYGTGTY,1
AITPFGGFTY,1
AIAPYGENTY,1
PIKPYGEYTY,1
AISRYGNSTY,1
AIAPYGATTY,1
AIEYCGGSTY,1
AITPYGEYTH,1
AISEFCWNTY,1
AIRPFGAITY,1
AISPYGLCTY,1
AISPIGNNTY,1
AITPYGHYTY,1
AIGPFGTHTY,1
AIKWNGFYTY,1
AIAPRGGSTY,1
AISGYGYGTY,1
AIRSFGFRTY,1
AIAFMGGSTY,1
AIIYYSGSTY,1
AINDAGYYTY,1
AIAPFGYSTH,1
AISWRGELTY,1
AISPFGISNY,1
SISEFGGYTY,1
ATRWNGVDTY,1
AIDAYGHYTY,1
AIAPFGVQTY,1
AIRMWGGSNY,1
AITPGGQFTY,1
AIRWNGDYTF,1
AIKPYGDYTY,1
AIEFRGGYTY,1
SIGWDGGYTY,1
RDTDVGWLTY,1
AIAPFVSWTY,1
RDMMRGGSTY,1
AIAPRGSFTY,1
TINPYGNATY,1
AISPYGDCTY,1
AIADYGSYTY,1
AISNSGYNTY,1
AISPFGGRTN,1
AISPHGSKTY,1
AITPFGQYTY,1
AICPYGDYTY,1
AIRPLGGTTY,1
AIVPFGYTTY,1
RYIPLGSGTY,1
AIATFGYSTY,1
AISPYCSHTY,1
AIVPFGARTY,1
AMSPFGSHTY,1
AIRWNGIYTH,1
AIDPFGYKTY,1
AISQFGYRTY,1
AIPPYGSNTY,1
AIAPYGDSTY,1
AISDYCDWTY,1
AIGWDGECTY,1
AILSYGDYTY,1
AISNYGNYTY,1
AIRPYGGSTY,1
AIGPFGGDTY,1
AIPYYGGSTY,1
AISEYGYSTN,1
GIRWNGVETY,1
AISPFGICTY,1
AIVMRGRSTY,1
AIAPCGGYTY,1
AMRWNGSATY,1
AMSPFGYSTY,1
AISGYGDYTY,1
AIGPRGGGTY,1
TISPFGSQTY,1
AIQPFGKRTY,1
AISTSGGNTY,1
AICPYGSHTY,1
RISPFGRSTY,1
AISLWGNYTY,1
RVSPYGSYTY,1
AISEYGYWTY,1
AIQPFGNYTY,1
AITPFGTKTY,1
AIHPYGSDTY,1
AITPFGDWTY,1
AITPWGLQTY,1
AISPLGWHTY,1
AITPFGRITY,1
ALTEYGYATY,1
AIAPYGKSTY,1
AISDYGIDTY,1
AIRLGGYSTY,1
AILCNGVETY,1
SIEYMGGSTY,1
AINWRGTHTY,1
AISPYGEYPY,1
AISPYGNCTY,1
AISEYGWRTY,1
AISPFVDSTY,1
AITPFGKFTY,1
AIHWRGNFTY,1
AIPPFGGYTY,1
TISPFGENTY,1
AISPRGKQTY,1
AIRPFGEYTY,1
AIYPFCGGTY,1
AIRPYGSFTY,1
AITWNGYYTY,1
AIRLGGGNTY,1
EIAPFGNTTY,1
AITPFGIETY,1
AIAPFGAYTY,1
AITPYGNHTY,1
AISPIGKFTY,1
AIGPFGYRTY,1
AIAPIGYGAY,1
AIDYFGGSTY,1
AIAPWGSFTC,1
AISTSGYRTY,1
AISNRGHITY,1
AITPFGQNTY,1
AIRPYGWNTY,1
VISEFGWNTY,1
AIVPFGGHTY,1
AVSEYGYSTY,1
AISPRGYRTY,1
AIRWHGVDTY,1
AISQAGQYTY,1
AISPRGGETY,1
RISEYGGKTY,1
AITPFGDGTY,1
AIAPFCRLTY,1
RDTMIGGSTY,1
ATAPFGEYTY,1
AISYMSGSTY,1
AIGWDGGYNY,1
AIGEYGYYTY,1
AIRWNGSYTD,1
AIAPFGALTY,1
AIRLFGKYTY,1
AIIPFGDSTY,1
AIYPYGDLTY,1
AIEHYGGSTY,1
AILMSGGSTY,1
AIRNKGNYTY,1
AILWNGRYTY,1
AIAPYGNSTY,1
TIAPFGKSTY,1
AIRWNGGSIY,1
AISPNGKWNY,1
AILPTGGRTY,1
AIDPYGELTY,1
TIRWNGSFTY,1
AIRWNSVDTY,1
AIAPWGGHTY,1
AIDPYGKFTY,1
AIYPYGRATY,1
AIDEYGYYTY,1
AIRPFGPETY,1
AIQNSGGHTY,1
AISEYGWGAY,1
AIIPFGIGTY,1
AIAPFGSITY,1
AISPFGVETY,1
AIAPYGEYTC,1
AMKWNGYYTY,1
AISPYGYDTY,1
TISPYGGYTY,1
AMSPWGGWTY,1
AIAPFGYQTS,1
AICYAGGSTY,1
AISPYGECTY,1
AIPPYGEYTY,1
AISDYGIYTY,1
SISPFGYGTY,1
AISPYGLGTY,1
AIAPFGGYIY,1
AINEYGFYTY,1
AIAPTGNYTY,1
AISLYGYSTY,1
AIGTYGEYTY,1
AIADNGYGTY,1
AIFPYGYFTY,1
AISPFGWHTY,1
AISEFGSRTY,1
AINPYGVNTY,1
AISPDGSKAY,1
AIAPSGQNTY,1
AILPFGDYTY,1
AISPFGGYTF,1
AITPTGSYTY,1
AIGRFGGVTY,1
AIAPCGYSTY,1
AIAPYGWSTY,1
AIAMWGGPTY,1
AITDGGYYTY,1
AIAPFGQNIY,1
AINWNGVETY,1
AIAPLGSYTY,1
AISPFGYPTY,1
RDNLLGGSTY,1
AIRFRGGATY,1
AIYPYGGDTY,1
AITPSGWSTY,1
AISEYGWGTC,1
AIRWSGGSTY,1
ARSEYGYATY,1
AIQWNGSFTY,1
AISPFGAPTY,1
AISPWGSFTY,1
AITDIGYYTY,1
AISPYGGMTY,1
AIRWNGSSSY,1
AIAPLGLNTY,1
AISPFGLHSY,1
AISPFDIGTY,1
AIGPLDYSTY,1
AITPFGHHTY,1
RDKPYGGLTY,1
PIKYMGGSTY,1
AISPDCNLTY,1
AISPFGCWTY,1
AIRYAGSFTY,1
AINWNDKSTY,1
AIVMRCGSTY,1
AISPFGYSTC,1
AIKPYGFNTY,1
AIRWNGGSTD,1
SIRWNGSATY,1
AISPDCYSTY,1
AITPWGSFTY,1
AITPFGGHTY,1
AIAPIGSRTH,1
AVRWNGLETY,1
AIKCNGYYTY,1
AIGWDGVETY,1
EISYYGGSTY,1
AIYPYGFGTY,1
AIRSNGDETY,1
AIKPYGQWTY,1
TIEYYGGSTY,1
AIAPFGSTTY,1
AIDTYGLYTY,1
AITPHGYRTY,1
AINPFGSATY,1
AIYPYGSKTY,1
AISPIGAYTY,1
AIAPFGFNTY,1
AISEYVWGTY,1
AITPYGYNTY,1
AIRWNGSFTF,1
AINPFGQGTY,1
AISLYGSHTY,1
ALSEYGYATY,1
AISPYGGYTF,1
AINPAGQNTY,1
AIFPYGSNTY,1
AIASFGQNTY,1
AIKWNGYYTH,1
AIRMWGCSTY,1
AIEPYGGYTY,1
AITWNGKYTY,1
AIRWNGVEPY,1
AITEYGYQTY,1
AIFPYGQYTY,1
AIGWDGEYTF,1
AIQPYGGDTY,1
AIVPYGTETY,1
AISDYGCATY,1
AILYYGKYTY,1
AIQPFGQYTY,1
AIVPRGGRTY,1
AISLFGFSTY,1
AIRWNGVSIY,1
AIQPFGYNTY,1
AMAPFGSYTY,1
AISQFGFSTY,1
AICEYGWGTY,1
AISPIGIKTY,1
AISTLGYSTY,1
AIRPWGGYTY,1
AIGDYGTKTY,1
AISEYGCYTY,1
AIRWNGDYIY,1
AIRWNGDEIY,1
AITPYGCYTY,1
AIAPFGEFTY,1
AIRWDGGSTY,1
AIQPFGRGTY,1
AISPFGNNTH,1
AIRYNGVETY,1
AINDYGQSTY,1
AIGPYGYSTY,1
AIRLSGNFTY,1
AISEDGDATY,1
AIAPWGSCTY,1
AIAPFGEWTY,1
AISYYGDYTY,1
AVSEYGYATY,1
ARSEDGEATE,1
AIYMRGGSTY,1
RVKPFGGHTY,1
AIYPFGKYTY,1
AIRWNGIETY,1
PINTSGGVTY,1
AIARGGRYTY,1
HISPGGGYTY,1
AISPWGGYTH,1
AICMCGVSTY,1
AISLRGYHTY,1
AISDYGDSTY,1
AISENGYATY,1
SIRWAGDYTY,1
AIGPFGRNTY,1
AIRWNGDYNY,1
SIAPFGYQTY,1
AIRWNGSAIY,1
AIRPLGGCTY,1
TISDFGNYTY,1
AISPFDENTY,1
AILYMGGWTY,1
AISPDGEYTY,1
AISEYGDGTD,1
AIQYTGGSTY,1
AISQYGSYTY,1
AIAMWGRSTY,1
AIRWNGDKTY,1
AIKWNGCYTY,1
AINNGGGYTY,1
AIRSLGVDTY,1
AIGPFGHWTY,1
AITESGYATY,1
AIRPLGRGTY,1
AIAPFCYHTY,1
AIREFGWNTY,1
AIRWNDHSTY,1
AISPRGADTY,1
AIRWNGSFIY,1
AIRWNGDGTY,1
RISPFGYKTY,1
AISPFVYSTY,1
TIAPFGQFTY,1
AIAYYCGSTY,1
AIRCNGDYTY,1
AISPFGADTY,1
AIAPFGRATY,1
AIAPFCWSTY,1
AIYPFGGGTS,1
AIEYRGGYTY,1
AISPAGEYTA,1
AISEDGYATD,1
AIRLSGNQTY,1
AISEHGYGTY,1
AISIPGYGTY,1
AISPWVYATY,1
AIKVYGDRTY,1
AIRWNCIYTY,1
AICDYGLGTY,1
AIGPLGISTY,1
AINPFGQYTY,1
AISPYGGYAY,1
AITFGGGSTY,1
AISPFGCFTY,1
AISENGRYTY,1
AIAPFGLTAY,1
AISYYGLGTY,1
AIRWNGSETY,1
AISPYCYNTY,1
AIRWNGNSTY,1
AITFWGGSAY,1
AITPDGKYTY,1
AIQWNGDYTY,1
AIAPFGASTC,1
AITEYGCATH,1
AIEYYGRSTY,1
AIAPFGGITY,1
AISQGGGRTY,1
AINMQGGSTY,1
AISPLSYSTY,1
SIKWNGYYTY,1
AITPIGRYTY,1
AITPIGYSTY,1
AIRPYGYSTY,1
AISEYGYGAY,1
AIGPFGQNTY,1
AITPRGRNTY,1
AITEDGYAAY,1
AIGDYGDYTY,1
AISPVGFDTY,1
AIGPYGDATY,1
AIGPGGGLTY,1
AISPFGHHTY,1
AIPYMGYSTY,1
AIRCNGHYTY,1
AIAPYGNLTY,1
SIRWNGHYTY,1
AIRPSGDWTY,1
AINPFGASTY,1
AINPGGLYTY,1
AIVPRGEYTY,1
AIAPFGKKTY,1
ARGPFGRSTY,1
AITPWGISTY,1
AIRPGGRRTY,1
AIAPWCSYTY,1
AISEYGYSAY,1
AIRPFGSHTY,1
AIRCNGLSTY,1
AISLYGEYTY,1
AISQYGYYTY,1
AISPYGMRTY,1
AIRPYGIHTY,1
AIAPFGRTPY,1
AIAQYGSYTY,1
AIAPWSSFTY,1
AIAYYGGSTH,1
AIGWDVGYTY,1
ATRWNGVSTY,1
AISQFGNVTY,1
AISNRGGSTY,1
AINPYGYRTY,1
AIDPWGLLTY,1
AIVPWGGYTY,1
AISGYGYATY,1
AIRPFGRNTY,1
AIAPFGSHTN,1
AISQFGWNTY,1
AIYPFGLRTY,1
AIRWNGSSTH,1
AISTFGYATY,1
AIAQFGGQTY,1
AISEWGYSTY,1
AISEYGYGTS,1
AIKSFGNSTY,1
AINDYGSHTY,1
AIDYAGGSTY,1
AKTFWGGSTY,1
AINENGSYTY,1
AIREYGYSTY,1
AIYPLGFGTY,1
AILPYGHYTY,1
PISPFGNITY,1
AISPHGWRTY,1
AIRPFGKSTY,1
AIAPIGRYTY,1
AISPFGQGTH,1
SIAPFGSHTY,1
VISEYGDYTY,1
AIHPRGNKTY,1
RVSPYGQYTY,1
AIVPPGGYTY,1
AIAPFCYNTY,1
AITPFGELTY,1
AIRWNDDYTY,1
AISPFGTATY,1
AISPFCLKTY,1
AIVYCGGSTY,1
AIAPFGYQIY,1
AIYPYGSDTY,1
AIPYTGGSTY,1
SISPYGNYTY,1
AINPHGNATY,1
RISPSGKKTY,1
AIRPIGRETY,1
AIGWDGGHTY,1
