Count_CDR2,count
AISEYGYATY,108832
AIGPFGGSTY,77670
AIRWNGVETY,65362
AINPYGRRTY,61222
AINPYGRITY,35844
AISEYGYGTY,34522
AIGPFGGHTY,30803
AIRPFGGDTY,30658
AITEYGYATY,29459
AINPFGGYTY,26121
AISPFGGRTY,24064
AIVPYGRRTY,22489
AISPFGGYTY,21582
AIRPFGNYTY,19754
AISPFGYTTY,19300
AISPFGGNTY,17995
AISPFGNSTY,16677
AIAMWGGSTY,15905
AISWRGARTY,15639
AINYMGGSTY,15192
AIRMWGGSTY,12923
AIAPFGHKTY,12450
AIGPFGSRTY,12031
AISPFGGWTY,11714
AISPFGNWTY,11560
AIAPFGSSTY,11333
AIGPFGSLTY,10777
AISEYGWGTY,10693
AIAPFGEYTY,10671
AISPFGSNTY,10352
AISPFGYSTY,10041
AIRWRGGGTY,9974
AISPFGNYTY,9621
AIGPFGGYTY,9456
AISPFGYRTY,9438
AIAPFGGYTY,9256
AISPFGYNTY,8877
AISPFGSLTY,8792
AISPYGEYTY,8682
AISPYGGYTY,8664
AIGPFGGITY,8057
AISPFGSRTY,7610
AIGPFGDWTY,7563
AISPFGNRTY,7104
AIAPFGNSTY,7074
AISPFGGHTY,7070
AIGPFGGTTY,6987
AISPFGYGTY,6982
AIAPFGYKTY,6634
AISPFGSYTY,6632
AISPFGRTTY,6616
AIAPFGKYTY,6301
AIGPFGHTTY,6230
AIAPFGHQTY,6157
AIAPFGSYTY,6139
AIAPFGYRTY,5873
AISPFGRYTY,5845
AIGPFGSYTY,5823
AISYDGSYTY,5800
AISPFGGDTY,5760
AISPFGQNTY,5706
AIGPFGRSTY,5695
AIGPFGDSTY,5677
AISPFGLSTY,5557
AISYMGGSTY,5533
AINYYGGSTY,5426
AISMWGGSTY,5214
AIAPYGEYTY,5151
AIQPFGSNTY,5106
AISPFGLKTY,5060
AISPFGQKTY,5038
AIMMWGGSTY,4974
AIAPFGLSTY,4924
AIGPFGNGTY,4706
AIAPFGYQTY,4696
AITPFGEWTY,4677
AIAPFGNRTY,4608
AINPFGGRTY,4561
AISPFGISTY,4535
AIGPFGDKTY,4422
AISPYGSRTY,4304
AIAPFGSHTY,4272
AIAPFGNLTY,4182
AIAYVGGSTY,4152
AISPFGQGTY,4060
AIRWNGDETY,4042
AIPMWGGSTY,4030
AISPFGYKTY,3950
AISPFGGATY,3911
AISPFGQVTY,3897
AIGPFGRGTY,3841
AISPFGFNTY,3737
AISPWGGYTY,3727
AISYYGGSTY,3703
AISPFGYETY,3689
AIGPFGYETY,3637
AISPFGGQTY,3575
AIAPFGYSTY,3510
AIAPFGRRTY,3280
AIGPFGSFTY,3223
AIQPFGDRTY,3206
AISPYGSYTY,3170
AIRAYGNYTY,3074
AITYYGGSTY,3073
AIAPYGSYTY,3057
AISPFGDATY,3054
AIAPWGSFTY,3045
AISPFGYHTY,3032
AIAPFGQNTY,3027
AISPFGNATY,3022
AIGPFGSKTY,3002
AIRPFGYDTY,2955
AIRPFGLETY,2944
AIIYSGGSTY,2936
AIGPFGGGTY,2893
AITPYGGYTY,2874
AIAPFGRGTY,2857
AISPFGNTTY,2821
AISYVGGSTY,2814
AIRWNGDYTY,2796
AISPFGIGTY,2792
AISPFGNNTY,2784
AISPFGFKTY,2708
AIGPFGSVTY,2675
AIGMWGGSTY,2645
AISPFGGFTY,2641
AISPFGGLTY,2638
AIRYTGGSTY,2612
AIGPFGDYTY,2612
AIGPFGNITY,2439
AISPFGSVTY,2437
AISPFGSSTY,2435
AIAPFGISTY,2386
AISPFGLDTY,2355
AISEYGYSTY,2342
AISPFGASTY,2299
AIRPFGFNTY,2279
AISPFGGPTY,2277
AIGPYGESTY,2272
AISPFGSHTY,2245
AISPFGENTY,2238
AIQMWGGSTY,2199
AIRPFGYNTY,2169
AIAYMGGSTY,2137
AINPYGRYTY,2119
AISPFGWNTY,2117
AISWRGDRTY,2109
AIAPFGGTTY,2054
AINPYGSYTY,2014
AISWDGSYTY,1983
AISPFGRATY,1981
AIGYMGGSTY,1972
AISPFGNFTY,1928
AIAPFGHWTY,1911
AIAPFGQSTY,1892
AISPYGNYTY,1885
AISPFGGITY,1878
AISPWGGHTY,1855
AISPYGRYTY,1837
AISPFGKYTY,1825
AIRPFGGYTY,1803
AIRPFGYHTY,1803
AISPFGGSTY,1790
AISPLGYSTY,1789
AISPFGSWTY,1778
AISPFGRSTY,1762
AIVPFGGDTY,1742
AIGRFGGYTY,1735
AIQYMGGSTY,1715
AIRWNGVSTY,1713
AISSFGRDTY,1688
AITPFGVETY,1680
AITYMGGSTY,1670
AIGPFGSTTY,1666
AISPFGGTTY,1619
AIQGYGGITY,1613
AIAPFGLKTY,1612
AISPFGYQTY,1603
AIGPFGGRTY,1597
AISPFGDWTY,1592
AITPFGSYTY,1592
AITFWGGSTY,1587
AISPFGWETY,1564
AIIYYGGSTY,1548
AIVMWGGSTY,1540
AIGYVGGSTY,1535
AINPYGKYTY,1534
AIKMWGGSTY,1514
AIQYRGNYTY,1514
AISSFGDNTY,1492
AIGPFGSSTY,1482
AIGPFGGLTY,1479
AITMWGGSTY,1475
AIVPFGNYTY,1465
AIGPFGDRTY,1462
AISPFGDSTY,1444
AIAPFGLNTY,1430
AISPFGFSTY,1430
AIRSFGGHTY,1429
AISPYGAYTY,1427
AISPFGAYTY,1422
AISPFGEWTY,1407
AISPYGGRTY,1404
AISPYGYKTY,1403
AISYSGGSTY,1401
AILYYGGSTY,1400
AIRPWGYQTY,1397
AIAYYGGSTY,1396
AISPFGLRTY,1387
AIGPFGDFTY,1387
AIGPYGYTTY,1386
AIPYMGGSTY,1383
AISPFGLTTY,1369
AIGPFGGFTY,1358
AIPYVGGSTY,1357
AIRWAGDYTY,1352
AIRLWGGSTY,1350
AIVPYGTRTY,1347
AISPFGDRTY,1330
AISPFGNDTY,1323
AIGPFGEYTY,1319
AIGPFGYTTY,1318
AIAPFGYDTY,1301
AISPWGLGTY,1292
AIRPFGWSTY,1285
AISPFGDITY,1276
AIEYYGGSTY,1263
AIGPFGTRTY,1262
AIRWNGSATY,1261
AISPFGYATY,1260
AISPYGGGTY,1259
AISPFGEYTY,1258
AISPFGDLTY,1256
AIRPFGWDTY,1238
AIIPFGGTTY,1231
AITPFGNYTY,1217
AIGYKGGSTY,1214
AISPFGANTY,1198
AIAPFGDRTY,1182
AIRPFGANTY,1181
AIAPFGYTTY,1179
AIRPYGEYTY,1178
AIAPFGWSTY,1171
AIVPFGKYTY,1165
AIRSFGGETY,1159
AIRWSGNQTY,1150
AISPFGIQTY,1145
AISPFGINTY,1145
AISPFGLNTY,1145
AISPFGKATY,1141
AIGPYGSYTY,1140
AIRFAGTETY,1139
AITPFGYDTY,1133
AIGPFGKLTY,1126
AISPFGSKTY,1124
AIAPWGRSTY,1119
AILPYGNYTY,1114
AILPYGDRTY,1110
AISPFGYDTY,1109
AINMWGGSTY,1106
AIRMGGGSTY,1091
AISYRGGTTY,1091
AIAPFGGKTY,1087
AISPYGSHTY,1086
AIMYNGGSTY,1065
AIRPFGDSTY,1064
AIMYTGGSTY,1064
AIRFSGAYTY,1063
AIRYAGDFTY,1057
AISPFGLHTY,1053
AIRYKGGSTY,1048
AISPFGSTTY,1042
AIAPFGSNTY,1038
AIAPFGNYTY,1028
AIRPFGYETY,1027
AISPFGKLTY,1018
AIAPFGYNTY,1010
AIGPFGSQTY,1008
AIAPFGNNTY,1005
AIAPFGRKTY,1001
AIRWNGLDTY,998
AITPFGIGTY,992
AISPWGYATY,991
AIMIWGGSTY,989
AISFYGGSTY,986
AITPFGSHTY,984
AIKYVGGSTY,980
AIRYMGGSTY,975
AISPYGYRTY,970
AIGPFGSGTY,968
AIGPFGERTY,964
AIEPFGGKTY,964
AIRPFGYRTY,948
AISPYGGSTY,946
AISPFGSFTY,919
AISPYGYYTY,912
AISPFGRQTY,910
AISPYGGTTY,906
AIRPFGHSTY,896
AIAPFGNTTY,895
AISPFGFQTY,888
AISPFGRGTY,877
AIIPFGYKTY,877
AITYKGGSTY,874
AISPFGNLTY,872
AIAPFGIRTY,867
AIAPFGRNTY,865
AISPFGFDTY,852
AIAPYGGYTY,851
AIRPFGGRTY,850
AISPFGFTTY,841
AIAPFGLRTY,836
AISPYGGKTY,836
AIAPFGRTTY,835
AIAPFGHFTY,832
AISPWGNYTY,827
AISPFGQYTY,825
AINPYGGYTY,820
AIAYAGGSTY,804
AIAPFGFRTY,803
AIAPFGRYTY,798
AISGYGSYTY,797
AIAPFGHVTY,786
AISPFGLQTY,786
AIAPYGSFTY,780
AISPFGKNTY,780
AIHPYGRRTY,771
AISPYGKYTY,765
AIRYVGGSTY,764
AIKPFGQGTY,757
AIKPFGGDTY,751
AISPYGTRTY,751
AISPFGERTY,745
AIGPFGYSTY,738
AINPFGGHTY,738
AISDYGTRTY,737
AITPYGSYTY,722
AIGPFGEQTY,722
AIRYAGSYTY,717
AISPFGDNTY,716
AISPFGWSTY,716
AIGPYGGNTY,714
AIVYKGGSTY,714
AIRPWGGSTY,710
AIAPWGSYTY,710
AIGPFGNFTY,698
AIRYYGGSTY,698
AITYWGGSTY,696
AIAPFGYHTY,690
AISPYGQTTY,690
AIAPFGSWTY,686
AISSFGRRTY,678
AISPYGSKTY,672
AIIYNGGSTY,671
AILPYGSFTY,654
AIGFMGGSTY,649
AIAPFGRSTY,648
AISGYGRYTY,642
AIAPFGWKTY,638
AIVYMGGSTY,638
AIRPFGSETY,637
AISSFGDGTY,632
AISWDGNYTY,631
AIQYKGGSTY,626
AIGPFGNNTY,625
AIMFYGGSTY,625
AIAPFGGDTY,622
AISPFGNETY,617
AISPFGNQTY,617
AIGPFGFETY,613
AIAPFGLTTY,599
AISPFGLGTY,598
AITPFGYQTY,597
AIAPWGNYTY,594
AIGPHGNNTY,594
AINPYGLRTY,591
AIAPFGKRTY,590
AIRPFGAHTY,589
AIGSYGVRTY,583
AIGPYGNYTY,582
AIAPWGGRTY,578
AIAPFGASTY,574
AINYVGGSTY,573
AIAPFGGSTY,573
AISPFGDKTY,571
AIAPFGNHTY,553
AISWRGNYTY,553
AIRWRGYGTY,551
AIRPFGDFTY,547
AINPYGLYTY,546
AIQYSGGSTY,545
AINSFGNSTY,544
AISPFGQRTY,543
AIVPFGGKTY,542
AINQYGRYTY,540
AISPYGQLTY,537
AIAPFGTRTY,531
AISPFGRRTY,531
AIRTFGGDTY,527
AIGSYGNYTY,526
AISPFGLETY,525
AIQYYGGSTY,522
AIRMHGGSTY,522
AIVPFGSNTY,520
AIAPFGYETY,516
AIAPFGNKTY,515
AISPFGKFTY,510
AIRPFGLGTY,503
AISPWGGWTY,502
AIQYVGGSTY,501
AIKPFGGHTY,496
AISPYGFTTY,488
AILMWGGSTY,487
AIAPWGYRTY,482
AIAPYGAYTY,475
AITFYGGSTY,467
AISPFGGGTY,464
AIAPFGRHTY,462
AIAPFGEWTY,460
AINWRGSYTY,458
AISPYGIGTY,458
AIVPFGSYTY,456
AIAPYGRYTY,456
AISGTGNRTY,455
AISPYGSLTY,449
AIVPFGGYTY,447
AISPFGDGTY,447
AIRMNGGSTY,445
AIRWNGSSTY,443
AISPYGRRTY,437
AITPFGSLTY,436
AISPFGGETY,434
AIRAFGGRTY,434
AIGPYGYSTY,431
AIGPFGNYTY,429
AISPYGNSTY,429
AIAPFGIDTY,425
AIGPFGHYTY,422
AISEFGGYTY,421
AIAPFGKSTY,419
AIVPFGGRTY,419
AISSYGRYTY,418
AISPYGYSTY,418
AISPYGHRTY,417
AISPFGDHTY,414
AIGPFGYNTY,414
AISPYGDYTY,414
AIRFAGYETY,413
AIKVYGDRTY,412
AISPFGKQTY,408
AISDFGEKTY,407
AISSFGEYTY,403
AISDYGDWTY,403
AITPFGSFTY,403
AIRPFGQWTY,401
AIGYYGGSTY,400
AIRYNGGSTY,399
AIKSFGNSTY,399
AIDYWGGSTY,399
AIVPFGNNTY,399
AIVPYGRHTY,397
AIKPFGHTTY,397
AIGPFGLATY,396
AIRFRGGNTY,396
AISPYGNLTY,395
AILPYGGFTY,395
AISYKGGSTY,394
AITPFGGATY,390
AITPFGGYTY,390
AIRPFGYSTY,384
AIAPFGGWTY,381
AISPYGSFTY,378
AISPFGTDTY,373
AIFPYGGYTY,373
AISQYGRTTY,371
AISYRGGKTY,370
AISPWGGNTY,370
AISSYGDYTY,368
AIRYLGGSTY,365
AITPFGHSTY,364
AIAPFGALTY,362
AISPYGDRTY,361
AISKVGNDTY,360
AISYLGGSTY,359
AIYPFGNGTY,359
AIAPFGWDTY,357
AIAPFGGRTY,357
AISPFGKSTY,356
AISPYGFYTY,355
AIRSFGGGTY,355
AISPFGITTY,355
AINWNGKSTY,351
AISPWGYHTY,350
AITPFGAYTY,348
AIAPYGRRTY,342
AISPFGQATY,342
AISPFGARTY,341
AISPFGHQTY,340
AIKYMGGSTY,337
AIAPFGITTY,334
AIIPWGGSTY,330
AISPFGVGTY,329
AIQMRGGSTY,328
AITPYGSITY,328
AIGPFGFSTY,327
AIKPFGLTTY,325
AIRILGLGTY,324
AISPFGSITY,324
AISPYGTKTY,324
AIHPFGSGTY,322
AISPFGRETY,319
AILPYGGYTY,318
AITPFGLNTY,316
AISSTGGWTY,316
AIAPFGGQTY,315
AILYMGGSTY,314
AIGDFGSYTY,313
AIRMKGGSTY,311
AISEFGWNTY,311
AIDMWGGSTY,308
SIGPFGRTTY,305
AIGPFGNHTY,298
AIIYMGGSTY,296
AISPFGKHTY,295
AISPFGFGTY,294
AIMMRGGSTY,294
AIAPFGARTY,294
AISPFGFETY,293
AIRWNGNYTY,292
AISSYGRRTY,290
AIGFYGGSTY,290
AITYVGGSTY,288
AISPFGHSTY,287
AISPFGNITY,287
AIRPWGNQTY,286
AIQPFGQYTY,285
AIGPYGGYTY,282
AISPFGFRTY,280
AIRPYGRYTY,279
AIRWNGRYTY,279
AIRMSGGSTY,278
AIRPWGDQTY,278
AIIPFGGYTY,273
AITPFGADTY,270
AISPFGELTY,269
AISPFGHFTY,268
AIIPFGRITY,267
AIPYNGGSTY,265
AISPYGARTY,265
AITYTGGSTY,264
AIAPFGWNTY,263
AIFYMGGSTY,263
AIAPYGKYTY,261
AIGPFGYQTY,261
AITPFGLGTY,261
AISPFGNGTY,261
AITPFGLDTY,260
AISDFGGYTY,259
AINWNGKYTY,258
AISPFGVTTY,256
AINPFGQNTY,253
AISSFGDVTY,252
AITYYGGSTF,252
AITPFGSKTY,251
AISPFGTSTY,250
AIAPFGVDTY,250
AISPFGGVTY,249
AIGPFGFQTY,249
AIRYNGIYTY,248
AIRWAGEYTY,247
AIQPFGNKTY,245
AISYRGDWTY,243
AITPFGQSTY,242
AIAPFGSRTY,242
AIYYMGGSTY,238
AIAPYGSHTY,238
AISPFGHKTY,237
AITPFGHKTY,235
AINPYGYYTY,235
AISPWGSHTY,233
AIGSFGDITY,232
AISPFGQSTY,231
AISPFGEKTY,231
AISPYGTYTY,231
AITPFGLSTY,227
AIRPFGDVTY,226
AISPFGQWTY,226
AISPYGNRTY,225
AIFPYGSYTY,224
AIIMWGGSTY,223
AISPYGLYTY,222
AIAPFGNVTY,221
AIGSFGGNTY,221
AIAPFGYGTY,220
AIGPLGNNTY,220
AITPFGQRTY,218
AIRAFGGGTY,218
AIGPYGERTY,217
AIAPWGRRTY,216
AISPFGLATY,214
AIGPFGSHTY,214
AIETFGGRTY,214
AISPFGRHTY,213
AIGPFGNLTY,213
AISEYGYVTY,211
AINPFGEKTY,209
AIRPFGRSTY,208
AIVPFGGLTY,205
AIKAYGSRTY,205
AISPFGKETY,204
AISPYGGLTY,204
AISPFGRFTY,204
AISPFGDYTY,204
AITPFGHLTY,204
AIVPFGDWTY,202
AIMYMGGSTY,201
AIRPYGSYTY,201
AIRSFGRETY,201
AISPFGWKTY,201
AIAPFGAKTY,200
AIAPFGLQTY,200
AITPFGFKTY,199
AIGPFGRKTY,197
AISPYGDSTY,197
AISPFGATTY,197
AITPFGHITY,196
AIAYKGGSTY,196
AINPFGHWTY,195
AISPYGERTY,195
AISPYGDWTY,195
AITPFGTITY,195
AIAPFGSKTY,195
AIKPFGKFTY,193
AIGPRGARTY,193
AITPFGEFTY,193
AISNNGYRTY,192
AILPYGNLTY,192
AIRPFGGSTY,192
AISPFGNHTY,192
AISPWGRHTY,190
AIRLDGFATY,189
AIAPLGHSTY,189
AISPYGQYTY,189
AISPFGIRTY,189
AISPWGDLTY,188
AISPFGRITY,186
AITPFGNWTY,185
AIFYYGGSTY,185
AISWRGQNTY,185
AIAPFGFKTY,182
AISPFGTNTY,181
AIDPYGLYTY,180
AIAPFGWHTY,179
AINPYGSNTY,179
AILPYGEFTY,179
AIRSFGDGTY,178
AIAPFGINTY,178
AITPFGYNTY,177
AIAPFGGFTY,177
AIGPFGGNTY,176
AIVPYGRYTY,176
AIAPFGDSTY,175
AISPFGSETY,174
AISPFGHHTY,173
AIQAYGNYTY,172
AIRPYGTYTY,170
AIQPFGNRTY,170
AITPFGNSTY,169
AILPFGYRTY,169
AISSYGGYTY,169
AISDYGRYTY,168
AIAPLGISTY,168
AITPFGSSTY,167
AISPYGKITY,167
AIADFGYRTY,167
AISPFGHWTY,166
AIRIYGSRTY,165
AISPWGKYTY,164
AINWNGGSTY,163
AIYPFGGGTY,163
AIKPFGFSTY,163
AISPYGNHTY,163
AINPYGAYTY,163
AITPFGYRTY,163
AIFPYGRYTY,163
AISPYGKLTY,162
AIPYKGGSTY,162
AISPNGQGTY,162
AITPFGYKTY,162
AINPYGGRTY,160
AISPYGDLTY,160
AITPYGRYTY,160
AISEWGYRTY,160
AISPFGEVTY,159
AINPFGNRTY,159
AIVYVGGSTY,159
AIAFYGGSTY,156
AIKTFGGNTY,156
AIRLGGTYTY,153
AIRHSGWGTY,153
AIKPFGGFTY,151
AIAPFGLGTY,151
AITPFGGGTY,151
AIINSGHYTY,151
AITPFGETTY,150
AIMYVGGSTY,149
AITPFGTYTY,149
AIAPFGGGTY,149
AIAPFGLHTY,149
AINWSGSRTY,149
AINPYGRDTY,147
AIAPSGYKTY,146
AIGYSGGSTY,146
AISPFGDVTY,146
AISPYGDQTY,145
AISPYGKRTY,145
AINYKGGSTY,145
AINGFGQRTY,144
AIRWNGSFTY,144
AISPFGSGTY,143
AIVPYGKSTY,143
AIHYKGGSTY,143
AITPFGTRTY,142
AITPFGGRTY,142
AISPIGSGTY,142
AISEYGFYTY,141
AISPYGLTTY,140
AILPYGGRTY,140
AICMWGGSTY,139
AINPYGGWTY,138
AIRIWGGSTY,138
AIAPYGGRTY,137
AITPFGKSTY,137
AIRARGEYTY,136
AIRPFGEYTY,136
AIIPFGYNTY,136
AITPFGISTY,136
AIMYYGGSTY,135
AISPFGGKTY,135
AIHPYGGRTY,134
AIQPFGKETY,134
AIRPWGNDTY,133
AIAPFGIKTY,132
AIQPFGSGTY,131
AISNRGEWTY,131
AIAPLGATTY,131
AIRHRGGQTY,130
AISPYGLRTY,130
AIAPWGQYTY,129
AIHPYGYRTY,129
AIGPYGSWTY,129
AIGPWGNSTY,128
AISPYGAHTY,127
AIGPFGFNTY,127
AIAPYGGITY,127
AINPYGSRTY,126
AIDSFGGWTY,124
AINPYGQITY,124
AILPYGWNTY,123
AIDYMGGSTY,123
AINPFGRRTY,123
AITRFGGYTY,122
AIGWDGEYTY,121
AITPFGFNTY,121
AISPFGTQTY,119
AIGPFGDITY,119
AISPWGYRTY,119
AIVPYGNYTY,119
AIAPWGFRTY,119
AIAPWGGNTY,118
AIVMRGGSTY,117
AIRPFGKNTY,117
AISPYGEITY,117
AISPFGESTY,117
AISPYGSWTY,117
AISSFGDTTY,116
AIIYTGGSTY,115
AISPYGNKTY,115
AIHYMGGSTY,115
AIAPFGKTTY,114
AIPFMGGSTY,114
AIGPFGHSTY,114
AISASGGRTY,114
AIGPFGKHTY,113
AISPFGIKTY,113
AINGFGYRTY,113
AISPSGRYTY,112
AISEYGSYTY,112
AIGPFGNVTY,111
AIRLSGNWTY,111
AIRPFGNNTY,111
AIKWNGSYTY,111
AIGGFGARTY,110
AISPFGIETY,110
AIRPYGTETY,110
AIGPFGEVTY,110
AIPPYGLWTY,109
AISYNGGSTY,109
AIGPFGQNTY,108
AITPFGFRTY,108
AISHGGGYTY,108
AISPYGTWTY,108
AIAPFGHGTY,107
AIRWNGGSTY,107
AINYNGYRTY,107
AIGPFGYRTY,106
AISPWGGKTY,104
AISPFGQITY,104
AIQPFGHSTY,104
AIIYKGGSTY,104
AIGPFGISTY,104
AISPVGYRTY,104
AIRWNGIYTY,103
AISPDGYNTY,103
AINPFGNNTY,103
AIGPYGRRTY,103
AIRPFGSRTY,102
AINDFGYRTY,102
AIRPFGHYTY,102
AIRPLGDKTY,102
AILPWGSYTY,102
AIRPFGLTTY,101
AIRWIGSSTY,101
AIGPFGRQTY,101
AISDYGQRTY,99
AIYPYGGGTY,99
AIFPYGAYTY,99
AIFYKGGSTY,99
AISPLGGGTY,99
AITPFGIKTY,98
AISPYGLGTY,97
AIKPFGDRTY,97
AIGPYGDVTY,97
AIRMEGGSTY,96
AIVPWGTHTY,96
AISEYCYATY,96
AIIMRGGSTY,96
AIGPWGDYTY,96
AIGPFGWSTY,95
AIRPFGQETY,95
AIQPFGAGTY,95
AISPFADYTY,95
AIHPYGSYTY,94
AISPFGHGTY,94
AIIPFGGSTY,94
AIFPYGQLTY,93
AIRYSGGSTY,93
AIRMIGGSTY,93
AIRMPGGSTY,92
AISWRGELTY,92
AIQPFGNYTY,92
AISPFGSQTY,92
AISYDGYSTY,92
AINPFGRSTY,91
AISPDGSGTY,91
AISHRGGWTY,91
AISPFGHYTY,91
AIAPFGRLTY,91
AINSFGRRTY,90
AIHPWGGRTY,90
AITPFGEITY,90
AIRPFGDLTY,89
AIGPFGDLTY,89
AITPFGYSTY,89
AISPWGIHTY,88
AIGPFGNSTY,88
AIGPYGLRTY,87
AISPYGDFTY,87
AITPFGASTY,87
AISPYGGITY,86
AISSYGSTTY,86
AIAPFGTYTY,86
AITPFGQNTY,86
AISPIGNWTY,86
AISPRGGWTY,86
AITPYGKYTY,85
AIRWNGDATY,85
AISPYGEKTY,85
AITPFGSATY,85
AIGGYGKYTY,84
AISPLGGTTY,84
AIVPYGYSTY,84
AISPLGNSTY,84
AIRPYGSHTY,83
AIGPFGDVTY,83
AIRPFGKWTY,83
AIAPFGSLTY,83
AIRPFGTYTY,83
AISPLGNRTY,83
AISPDGYKTY,82
AIGPFGRNTY,82
AIQWNGGLTY,82
AIGPYGRYTY,81
AISDYGYRTY,81
AISRIGKYTY,81
AIRMQGGSTY,81
AIKPFGSNTY,80
AILPYGSKTY,80
AINPYGYDTY,80
AIAPFGHHTY,80
AIRPYGGYTY,80
AINTYGNYTY,79
AIGPFGYHTY,79
AISEYGEWTY,79
AIRSFGNSTY,79
AISPYGKKTY,79
AISPGGGWTY,79
AISPDGWTTY,78
AIRPFGSFTY,78
AISPYGQWTY,78
AIKTFGGSTY,78
AIAPFGDTTY,77
AISPYGHYTY,77
AIRPWGSLTY,77
AIAPFGWRTY,76
AILPYGDLTY,76
AINDYGSNTY,76
AIRPFGFSTY,76
AIGNVGNITY,75
AIRPLGRDTY,75
AISPYGGWTY,75
AIGPFGAYTY,75
AITPFGVQTY,75
AIAPWGRTTY,74
AISPAGNYTY,74
AIIYVGGSTY,74
AIRYSGLHTY,74
AISPWGFRTY,74
AILYVGGSTY,74
AIAPYGKLTY,74
AISPLGWQTY,72
AIAPFGSDTY,72
AISPFGDQTY,72
AIRPFGGKTY,72
AISPYGEWTY,72
AIDPYGRYTY,71
AILPYGYKTY,71
AIGPFGTETY,71
AIDPFGGSTY,71
AISPFGRNTY,71
AISPYGSNTY,71
AISPDGKVTY,71
AISPRGEATY,70
AISMWGGYTY,70
AISPWGYGTY,70
AIAPNGYRTY,70
AISYTGGSTY,70
AIKYLGGSTY,70
AISDYGLGTY,70
AISPYGDPTY,69
AIDVYGQNTY,69
AIAPFGFNTY,69
AILPYGSRTY,69
AITPFGDRTY,68
AILPYGAYTY,68
AIGSFGDVTY,68
AISTSGARTY,68
AIHPFGYGTY,67
AIDSYGNYTY,67
AIMPWGGSTY,67
AIKWNGDYTY,67
AISEAGYHTY,67
AIGPYGGTTY,67
AISPFGRVTY,67
AIRWNGHYTY,67
AISDYGSYTY,67
AIMYLGGSTY,67
AILPFGKYTY,66
AINPYGGSTY,66
AIAPYGYRTY,66
AIRMLGGSTY,66
AIAPLGGYTY,65
AILFYGGSTY,65
AIRCNGVETY,65
TISEYGYATY,64
AIDPYGSYTY,64
AIVYYGGSTY,63
AISPFGVATY,63
AIAPYGNRTY,63
AIAPYGDYTY,63
AISEYGEYTY,63
AIRPFGWGTY,63
AINPFGGSTY,63
AISPFGRLTY,63
AIRWAGDNTY,62
AIRPFGLDTY,62
AISPGGDHTY,62
AINPFGSYTY,62
AISPFGHVTY,62
AIRPYGIRTY,61
AILPYGTYTY,61
AISDYGELTY,61
AILPYGSITY,61
AISPLGGYTY,61
AISPYGNITY,61
AIRYAGWSTY,60
AIRPFGSSTY,60
AILYKGGSTY,60
AIGPFGEETY,60
AISPWGDNTY,60
AISPNGRYTY,59
AIRPFGHFTY,59
AISPLVGSTY,59
AISDYGLTTY,59
AITEYGNYTY,58
AISPFGKRTY,58
AIAPYGNYTY,58
AIEYMGGSTY,58
AIAPYGDWTY,58
AIGYNGQLTY,58
AICYMGGSTY,58
AISEFGSRTY,58
AINPYGSITY,58
AISPWGYETY,58
AISPNGEWTY,58
AITPFGWSTY,57
AISPYGDKTY,57
AIHPYGGDTY,57
AIGPYGYYTY,57
AIKIDGKTTY,57
AIDYYGGSTY,57
AIRWNGHSTY,57
AISPDGSKTY,57
AITPYGNYTY,57
AIRFRGGATY,56
AISPYGGETY,56
AIGPPGEYTY,56
AIIFYGGSTY,56
AISPFGTVTY,56
AITPFGFSTY,56
AIRPFGPETY,56
AISPYGSPTY,56
AINPYGKYTF,56
AISGIGSKTY,56
AISPVGGRTY,56
AIRPFGSDTY,56
AIGPLGGYTY,55
AITPFGEYTY,55
AITPFGERTY,55
AISPFGRDTY,55
AIGPYGTYTY,55
AIRPHGGSTY,55
AIYPYGGYTY,55
AIGPLGSSTY,55
AITPFGNETY,54
AILPYGDYTY,54
AINPYGHITY,54
AITPFGYTTY,54
AISPRGDWTY,54
AISPRGNWTY,54
AISPYGYNTY,54
AIQPFGYRTY,54
AISPYGGATY,53
AINTYGSYTY,53
AISSYGNYTY,53
AINWNGERTY,53
AINPFGGDTY,53
AITPYGGLTY,53
AISSYGSYTY,52
AISNFGRYTY,52
AIAPFGKQTY,52
AIVPYGSYTY,52
AIQPYGSRTY,52
AISPDGAVTY,52
AITPFGYATY,52
AIMYSGGSTY,52
AISGHGLATY,52
AINPYCRRTY,52
AISPDGKTTY,51
AIAPFGQYTY,51
AIRWNGFYTY,51
AIGQFGGSTY,51
AIQPFGRGTY,51
AINPFGSATY,51
AIQRRGGYTY,51
AIGPQGYYTY,50
AINPFGQYTY,50
AIQPFGVDTY,50
AISPRGGLTY,50
AILYNGGSTY,50
AIDVYGRYTY,50
AITPFGGSTY,50
AIVPYARRTY,50
AIDPFGGYTY,50
AISPFGEQTY,50
AILPFGGDTY,49
AIQPFGERTY,49
AILPYGDITY,49
AINPYGRHTY,49
AISPYGKFTY,49
AIKWNGYYTY,49
AIGPFGSNTY,49
AISPRGDRTY,48
AIRPYGKYTY,48
AINPFGRYTY,47
AIAPFGNITY,47
AISPYGNFTY,47
AISPFGHATY,47
AIRYAGDYTY,47
AISPYGVDTY,47
AIRPSGGDTY,47
AIIPFGDYTY,47
AISPFGQQTY,47
AINFRGGYTY,47
AITEYGYVTY,47
AINPYGQYTY,47
AISPNGKWTY,46
AIGPFGCSTY,46
AIGPYGLYTY,46
AISPFGAGTY,46
AISPRGDLTY,46
AIRPYGSFTY,46
AIAPWGDNTY,46
AIRPFGRGTY,45
AISEYGSTTY,45
AISPFGHRTY,45
AISPYGRFTY,45
AISPLGRGTY,45
AISPNGNWTY,45
AILPYGQYTY,45
AIRMRGGSTY,45
AISPFGNKTY,45
AIAPFGQGTY,45
AIRPRGGNTY,44
AISPIGKGTY,44
AIGPFGNTTY,44
AISSYGHYTY,44
AINSRGDRTY,44
AIAPFGVRTY,44
AISEYGYYTY,44
AILWNGVETY,44
AILPFGVQTY,44
AISPYGHITY,44
AINPYGSFTY,44
AIGPFGLTTY,43
AISEYGYATH,43
AISPWGGFTY,43
AIQNSGGHTY,43
AIAFWGGSTY,43
AITPYGYRTY,43
AIKVYGNRTY,43
AIQFMGGSTY,43
AIPFYGGSTY,43
AIGPFGKRTY,43
AIKFMGGSTY,43
AIGFWGGSTY,42
AISWRGYHTY,42
AISPFGKKTY,42
AISPYGDVTY,42
AIRYAGYYTY,41
AINPYGEYTY,41
AISTSGYSTY,41
AISPWGQRTY,41
AISHNGGSTY,41
AISDYGYNTY,41
AIGPLGGRTY,41
AISPFGTLTY,41
AISSRGGYTY,40
AISPWGSTTY,40
AINPYGNATY,40
AISPNGYRTY,40
AILPYGRYTY,40
AISPFGEATY,40
AISPWGGTTY,40
AITPYGHSTY,40
AITEYGYYTY,40
AISPFVNYTY,39
AISWRGKHTY,39
AIMYWGGSTY,39
AINPFGEDTY,39
AITPGGRSTY,39
AISPLGGSTY,39
AIGPFCGSTY,39
AISEYGGYTY,39
AIAPFGRQTY,39
AIHPYGFRTY,39
AIGWDGGYTY,39
AIKPFGNHTY,39
AILPYGSWTY,39
AISHRGDRTY,38
AISPSGKNTY,38
AIAPFGRATY,38
AIAPFGRITY,38
AISPFGHNTY,38
AISYFGGSTY,38
AINTYGRYTY,38
AIVYFGGSTY,38
AIRPFGWKTY,38
AIRLNGVETY,38
AIGSFGDQTY,38
AIHYVGGSTY,37
AIKPFGKLTY,37
AISPWGFGTY,37
AICPFGGSTY,37
TIGPFGGSTY,37
AITPWGSYTY,37
AISPFGSATY,37
AINPYCRITY,37
AITPYGRITY,37
AISPRGGYTY,37
AIRWDGFATY,37
AISPIGYGTY,37
AIAPFGSQTY,37
AIVYNGGSTY,36
AIKYKGGSTY,36
AISGFGDNTY,36
AISEYGDLTY,36
AISPNGDSTY,36
AISPEGSYTY,36
AIRPYGSWTY,36
AILPFGNYTY,36
AISPRGQDTY,35
AISPYGEHTY,35
AIAPFGNDTY,35
AISPLGSYTY,35
AINPYGRSTY,35
AITPFGAQTY,35
AINQYGRRTY,35
AICYVGGSTY,35
AISPNGYNTY,35
AIRPWGDYTY,35
AISPFGKTTY,35
AINPFGLSTY,35
AIYPLGDGTY,35
AIRSFGGWTY,35
AISPFGSDTY,35
AIVPYGGYTY,35
AISPDGSYTY,35
AISEYCYGTY,35
AIRPLGYNTY,35
AIRPFGLSTY,34
AIRWNGDYSY,34
AIGPFGLSTY,34
AISPYGQSTY,34
AIPYWGGSTY,34
AISPNGKRTY,34
AIVPYGSRTY,34
AILPYGNWTY,34
AISPGGLYTY,34
AISPFGNVTY,34
AIYPYGNRTY,34
AINWRGNYTY,34
AISPFGQETY,34
AIRWNCVETY,34
AIGPFGHWTY,34
AISYDGKYTY,34
AISEYGRRTY,33
AILPNGSQTY,33
AIQPRGGGTY,33
AIYYYGGSTY,33
AIGARGDLTY,33
AIVPWGGHTY,33
AISPFGEITY,33
AINPFGYKTY,33
AIGPFGRTTY,33
AIDDYGRYTY,33
AIRPNGYSTY,33
AISPGGKYTY,33
AITPFGNHTY,33
AIGPFGKSTY,33
AINPYGGLTY,33
AIIPYGNYTY,32
AIAPYGRITY,32
AISDYGNYTY,32
AIDVYGYRTY,32
AISGKGLATY,32
AIKPFGGTTY,32
AIGSFGGYTY,32
AIAPYGEWTY,32
AIDPYGIYTY,32
AISPDGYSTY,32
AIHWRGNFTY,32
AISPWGAYTY,32
AIEPFGFNTY,32
AIAPYGYYTY,32
AIAPFGDYTY,32
AILPFGYSTY,32
AINPFGDTTY,32
AIAPYGGWTY,32
AITPYGEYTY,31
AISMRGGSTY,31
AISEYGTYTY,31
AIAPFGGITY,31
AIQPFGKDTY,31
AIGPYGRTTY,31
AISPFGAQTY,31
AIRVYGSSTY,31
AISARGEWTY,31
AIGPWGGYTY,31
AISPYGSETY,31
AISEYGSITY,31
AIRPRGGDTY,31
AISPGGYKTY,31
AIKYYGGSTY,31
AISPNGYSTY,31
AIRSFGTRTY,30
AIRWKGSGTY,30
AISPYGEFTY,30
AISSYGYRTY,30
AINPFGGNTY,30
AIRYAGRYTY,30
AIGEYGYATY,30
AIMFMGGSTY,30
AIQPFGPRTY,30
AISPLGDQTY,30
AIDWRGNFTY,29
AIRPSGDRTY,29
AISPNGKHTY,29
AINPYGWHTY,29
AIAPFGHRTY,29
AISPNGAYTY,29
AIDPYGNYTY,29
AISPSGTRTY,29
AINPYGHRTY,29
AIDWRGNYTY,29
AISPWGTYTY,29
AIGYNGYRTY,29
AIGDYGSNTY,29
AIEPYGSNTY,29
AIGPFGWRTY,29
AIHPYGNYTY,29
AISPNGLDTY,29
AISPDGSRTY,29
AITPYGRRTY,29
AISPSGSRTY,28
AITPFGLHTY,28
AISPRGNRTY,28
AIEYRGGYTY,28
AIQTYGKYTY,28
AIRPYGRSTY,28
AILPYGSYTY,28
AISPWGYNTY,28
AISPSGSLTY,28
AIQWNGVETY,28
AIPYTGGSTY,28
AIAPFGDQTY,28
AIAPFGIATY,28
AISGNGYTTY,28
AISPFGFHTY,28
AISPYGTFTY,28
AISPSGKSTY,28
AISPFGKDTY,28
AISPSGKKTY,28
AISPDGRETY,28
AISASGARTY,28
AISPVGYSTY,28
AINPFGRHTY,27
AIDTFGGYTY,27
AIVSYGRRTY,27
AISPDGYWTY,27
AISEAGDHTY,27
AISWCGARTY,27
AIYPYGGDTY,27
AISPNGYTTY,27
AISPYGNVTY,27
AITPFGNFTY,27
AIDPFGYRTY,27
AILPYGKRTY,26
AISPLGDWTY,26
AISPIGYKTY,26
AITPFGRYTY,26
AIHWDGNTTY,26
AINPYGRCTY,26
AISPYGWPTY,26
AIAPFGRETY,26
AIDPFGKNTY,26
TIRWNGVETY,26
AIAPFGHYTY,26
AIDEYGRYTY,26
AIDYRGGYTY,26
AIGPFGCHTY,26
AISPDGNLTY,26
AIDSFGKYTY,26
AISPIGQWTY,25
AISPGGGVTY,25
AISPFGKITY,25
AISPSGDATY,25
AIRPLGWKTY,25
AIRPFGNSTY,25
AISDNGLKTY,25
AIRPFGKSTY,25
AILPYGRITY,25
AITPFGTKTY,25
AISPVGRGTY,25
AISEYGYDTY,25
AISPNGFYTY,25
AIRPYGYDTY,25
AIGPFGGSTH,25
AISWRGWHTY,25
AISPFGTYTY,25
AIKPYGNFTY,25
TINPYGRRTY,24
AISPDGWYTY,24
AIDLYGNYTY,24
AIGPFGLHTY,24
AITDYGLSTY,24
AIFPDGRTTY,24
AISPGGGYTY,24
AISPVGLGTY,24
AIRWNGVETH,24
AICYKGGSTY,24
AISFDGSYTY,24
AISPYGTITY,24
AISPAGLRTY,24
AIDPYGFYTY,24
AISPRGNETY,24
AINYFGGSTY,24
AISPLGKHTY,24
AIVPYGAYTY,24
AISPGGGTTY,23
AINPYGNLTY,23
AIEYSGGSTY,23
AISPFGTWTY,23
AIGPFGYKTY,23
AIDPYGGYTY,23
AIAPFGDGTY,23
AIRPYGRRTY,23
AISPFGKGTY,23
AIRPLGYHTY,23
AIIPFGNYTY,23
AIRSFGSFTY,23
AIAFMGGSTY,23
AISGIGGKTY,23
AISPGGSWTY,23
AISPYGKVTY,23
AISNRGDWTY,23
AITPFGKLTY,23
AISPYGAVTY,23
AITPFGEHTY,23
AIKTSGSRTY,23
AISPLGDSTY,23
AIDWNGKYTY,22
AISPYGWTTY,22
AIDDYGRSTY,22
AIAPRGYRTY,22
AINPYGIATY,22
AMGPFGGSTY,22
AIQEYGRYTY,22
AISPYGEETY,22
AIAPFGRFTY,22
AIRWDGYYTY,22
AIGPFGTHTY,22
AISPNGYLTY,22
AIRTFGSTTY,22
AIKPDGSYTY,22
AISPFGKVTY,22
AIGTFGGSTY,22
AISPRGGGTY,22
AISANGLKTY,22
AIFPYGSFTY,22
AIQPYGGYTY,22
AIRPFCGDTY,22
AIGPEGNNTY,22
AIIYLGGSTY,22
AIQWNGSLTY,22
AISPDGRYTY,22
AIKWNGRYTY,22
AINDYGQSTY,21
AIGPDGKYTY,21
AISPFGCYTY,21
AISEYGNYTY,21
AISPNGSYTY,21
AILFWGGSTY,21
AIRPFGKFTY,21
AIAPFGHLTY,21
AINPYGDTTY,21
AISPYGTTTY,21
AIKWDGSYTY,21
AIGPLGYSTY,21
AISPYGSSTY,21
AISPFGSNTF,21
AISPNGGYTY,21
AIAPFGTTTY,21
AILPFGSITY,21
AIVPYGTETY,21
AISPNGNYTY,21
AIIPYGSYTY,21
AIGPFGTITY,21
AINPYGDSTY,21
AIEYKGGSTY,21
AISGNGSKTY,21
AISEYGYCTY,21
AISPLGSGTY,21
AIVPLGGYTY,21
AISPFVWNTY,21
AIDPYGKYTY,21
AIRPFGDYTY,21
AIDTYGNYTY,21
AISPYGQFTY,21
AINPYGRRTH,21
AISPFGADTY,20
AISEYGGKTY,20
AIAPWGGETY,20
AIDPFGGHTY,20
AINPFGNYTY,20
AITPYGNWTY,20
AISPYGRITY,20
AINPYGNYTY,20
AIKPFGYNTY,20
AISPSGGQTY,20
AIRQFGGDTY,20
AISPGGTYTY,20
AINTYGRRTY,20
AISPFGAITY,20
AIDVYGKYTY,20
AISPSGTYTY,20
AIGPFGRYTY,20
AIIEYGYATY,20
AIAPRGARTY,20
AISPYGYGTY,20
AISPLGNKTY,20
AISPAGSGTY,20
AIRFSGYSTY,20
AIGPFGGDTY,20
AIAPIGSRTY,20
AITPFGRRTY,20
AIAPRGNRTY,20
AISQFGWKTY,20
AISDYGEWTY,20
AIRNSGFYTY,20
AIDPYGAYTY,20
AINPYGYSTY,20
AINPFGLGTY,19
AISPIGSRTY,19
AILPYGEYTY,19
AIRLGGTNTY,19
AIMYKGGSTY,19
AISPYGRHTY,19
AIGPFGFHTY,19
TINPFGGYTY,19
AIGPYGQYTY,19
AINPFGDRTY,19
AIAPNGIHTY,19
AIEYVGGSTY,19
TINPYGRITY,19
AISPFGCNTY,19
AIAPFGETTY,19
AIVQYGRRTY,19
AIKPFGQYTY,19
AISPLGRYTY,19
AIGTYGKYTY,19
AITPFGSWTY,19
AIAPFGDFTY,19
AIGPFGLPTY,19
AISPSGSTTY,19
AISQGGYRTY,19
AITEYCYATY,19
AIREYGYATY,19
AIGPFGNRTY,19
AIRSFGYDTY,19
AISSYGNSTY,19
AIRMWGSSTY,18
AINQYGRITY,18
AIAPIGYGTY,18
AIVPFGDYTY,18
AINWNGGYTY,18
AISPFGCRTY,18
AIGPFCGHTY,18
AIGPFGHNTY,18
AISPNGEYTY,18
AISPFGVQTY,18
AIYPYGNYTY,18
AISEYGIYTY,18
TISEYGYGTY,18
AIVPKGGHTY,18
AITPFGDLTY,18
AISPYGISTY,18
AIKPYGSYTY,18
AINYNGGSTY,18
AIKPFGYHTY,18
AIRMAGGSTY,18
AIAPFGLETY,18
TITEYGYATY,18
AIYPNGSYTY,18
AISPSGFDTY,18
AIKPGGNQTY,18
AISPGGSRTY,18
AIVPTGNRTY,18
AITPFGLETY,18
AIAMWGCSTY,18
AIGPFGEWTY,18
AIDYFGGSTY,18
AIGQFGGHTY,18
AIAPFGNGTY,18
AIDDYGEYTY,17
AIRWNGSYTY,17
AISRSGKFTY,17
AIRQFGNYTY,17
AISPFGWRTY,17
AIKLYGTRTY,17
AISPYGSVTY,17
AISPRGARTY,17
AIEFRGGQTY,17
AIRRNGVETY,17
AISDPGGYTY,17
AISPEGARTY,17
AISPFCGRTY,17
AISPYGIRTY,17
AISWRGVRTY,17
AISPFVGDTY,17
AINPSGIKTY,17
AISPNGTNTY,17
AISPNGYYTY,17
AIRPFGYQTY,17
AIGPFGRHTY,17
AISPYGNNTY,17
AISPNGLYTY,17
AIIPFGRNTY,17
AISECGYATY,17
AISPWGDFTY,17
AIGPLGGITY,17
AISPIGGRTY,17
AIEMRGGSTY,16
AITPFGGVTY,16
AINQYGRTTY,16
AINYMGCSTY,16
AISPNGKSTY,16
AIVPYCRRTY,16
AINQFGGYTY,16
AIQPFGGDTY,16
AIGRFGGFTY,16
AISPNGGSTY,16
AILPYGGWTY,16
AINPYGYRTY,16
AISPGGHWTY,16
AISPWGFKTY,16
AISPKGDGTY,16
AIKAWGQYTY,16
AIAPFGTSTY,16
AITPDGNYTY,16
AITPFGIWTY,16
AINWNGSYTY,16
AIQWNGSNTY,16
AIAPYGGTTY,16
AISEYGRFTY,16
AIKPFGYTTY,16
AIDPYGDVTY,16
AIRPFCNYTY,16
AISPFGHITY,16
AISPLGYTTY,16
AISPGGQYTY,16
AISEYGGRTY,16
AIRSFGNYTY,16
AISQFGGRTY,16
AISPGGEVTY,16
AIRLFGAETY,16
AIVPFGSWTY,16
AISPRGNFTY,16
AISPFGTRTY,15
AIVYTGGSTY,15
AIRMCGGSTY,15
AITPFGARTY,15
AISPNGHWTY,15
AILFMGGSTY,15
AIDQYGRYTY,15
AIDPYGDRTY,15
AISDNGHITY,15
AIAPNGNSTY,15
AITPFGRITY,15
AISANGLSTY,15
AISANGTTTY,15
AIYPFGYGTY,15
AILPYGAKTY,15
AINTYGKYTY,15
AISPFGVRTY,15
AITDYGDNTY,15
AISPYGWNTY,15
AISPGGKRTY,15
AISPFGGCTY,15
AISPRGQLTY,15
AITPSGDRTY,15
AIAPFGSTTY,15
AISPNGLSTY,15
AITPYGNGTY,15
AISPGGYLTY,15
AINYIGGSTY,15
AINPFGRITY,15
AIHYYGGSTY,15
AIGPFGLRTY,15
AIVYSGGSTY,15
AISEYGSFTY,15
AIYPFGHKTY,15
AISPSGDHTY,15
AITPYGGDTY,15
AIAPFVRKTY,15
AISPGGLRTY,15
AIYPYGSYTY,15
AIRFSGWSTY,15
AIYPYGGITY,14
AITPYGQNTY,14
AITPFGHNTY,14
AILPYGKKTY,14
AIEPYGRYTY,14
AIRPYGNFTY,14
AIDPYGNSTY,14
AISEYGKYTY,14
AIAPFGQQTY,14
AQIQYGRRTY,14
AIRPIGGETY,14
AISPLGDATY,14
AISPNGLGTY,14
TISPFGGNTY,14
AISPFGTHTY,14
AISPLGNWTY,14
AISPYGYATY,14
AIAMRGGSTY,14
SISEYGYATY,14
AISDYGYLTY,14
AIGPYGLSTY,14
AILPYGFKTY,14
AISPSGNLTY,14
AISPLGFSTY,14
AINFRGGSTY,14
AILPRGSRTY,14
AINPYGTYTY,14
AIGPRGDGTY,14
AIRSFGYRTY,14
AISPFCGNTY,14
AISPSGGATY,14
AIGPVGGYTY,14
AIGPFGKYTY,14
AIRWNGVESY,14
AISEYGYGTH,14
AIHPYGYKTY,14
AISPGGYSTY,14
AISNLGGYTY,14
AISPFGEFTY,14
AIGPYGKYTY,14
AIAPSGDKTY,14
AINPYGGATY,14
AITPFGESTY,14
AISSFGRYTY,14
AIRNKGNYTY,14
AINENGEHTY,14
AINPWGYNTY,14
AISPDGRKTY,14
AIEFRGGNTY,14
AIRPFGQNTY,14
AISDYGLYTY,13
AIYYKGGSTY,13
AISPWGYSTY,13
AISSFGKYTY,13
AIAPFGKETY,13
AIVPFGNRTY,13
AITPFGRETY,13
AIKTFGGYTY,13
AIVPFGARTY,13
AIHPYGSDTY,13
AISPGGGKTY,13
AISPYGGNTY,13
AIDPYGYYTY,13
AIRPRGGWTY,13
AINPYGVNTY,13
AISPFGHETY,13
AIRWDGYATY,13
AISPLGGWTY,13
TIGPFGGHTY,13
AISPWGRYTY,13
VIGPFGGSTY,13
AISPIGAYTY,13
AIAPWGYHTY,13
AISPRGNITY,13
AILPYGYRTY,13
AINPYGDYTY,13
AICYNGGSTY,13
AILMRGGSTY,13
AINYSGGSTY,13
AISPRGKLTY,13
AIRPFGRQTY,13
AISPWGYKTY,13
AISPFCYTTY,13
AIDPYGWYTY,13
AISPFCSLTY,13
AINPFGYRTY,13
AIKPFGSYTY,13
AISEYGLYTY,13
AISPYGNTTY,13
AIAIWGGSTY,13
AIKAFGSSTY,13
AINPCGRRTY,13
AISAYGYATY,13
AISDYGGYTY,13
AISPFCNSTY,13
AIKPYGDWTY,13
AINPYGRLTY,13
AIRPFGKYTY,13
AIADYGRYTY,13
AIGPFGLGTY,13
AIDPYGTYTY,13
AISPFGRKTY,12
VISEYGYATY,12
AISNNGSSTY,12
AISEYGAYTY,12
AISPYGEDTY,12
AISPSGGYTY,12
AIGPTGHGTY,12
AIRWNSVETY,12
AINTYGRITY,12
AISWRCARTY,12
AISDNGNITY,12
AIRPNGRYTY,12
AIRMWGRSTY,12
AISPNGSRTY,12
AISPGGYQTY,12
AIKPYGEFTY,12
AIRYAGYSTY,12
AIKPYGNYTY,12
AIQPYGTRTY,12
AISPFGHTTY,12
AIAPFGHNTY,12
AITPRGRNTY,12
AIAPYGSITY,12
AISPYGFSTY,12
AISDYGFYTY,12
AITPGGLGTY,12
AIGDYGTNTY,12
AIRPDGYSTY,12
SIGPFGGSTY,12
AIAPFVNLTY,12
TISPFGGYTY,12
AIPYYGGSTY,12
AIAYFGGSTY,12
AIAPFGSATY,12
AISPYGYHTY,12
AISPLGWRTY,12
AISDYGEYTY,12
AISPFCNYTY,12
AIRPIGSYTY,11
AIRWNGLETY,11
AIVPYGHRTY,11
AINEYGGRTY,11
AIRMMGGSTY,11
AIGPLGDITY,11
AISPDGNATY,11
AISKYGYATY,11
AIGPSGNDTY,11
AISPFGTATY,11
AITPSGKYTY,11
AISPIGYRTY,11
AISPFCFKTY,11
AILPYGKYTY,11
AIGPYGNNTY,11
AISPFGTKTY,11
AISPGGQSTY,11
AICMRGGSTY,11
AISEYGYETY,11
AIAPFGKWTY,11
AISPYGHLTY,11
AIDYVGGSTY,11
AILPFGHQTY,11
AITPFGDDTY,11
AILPFGLRTY,11
AIYYVGGSTY,11
AISPNGYETY,11
AISPYGNDTY,11
AIVPYGEYTY,11
AIDWNGKTTY,11
TISEYGWGTY,11
AIAPFGNQTY,11
AISEYGRYTY,11
AIDYAGTETY,11
AISPDGQATY,11
AISPLGKLTY,11
AISPNGDYTY,11
AIKPFGGYTY,11
AITPSGKRTY,11
AISPFAMHTY,11
AIKPFSLTTY,11
AIVPFGNSTY,11
AISPGGRYTY,11
AISGAGGKTY,11
AIRWRGGDTY,11
AISPYGRPTY,11
AISPWGFSTY,11
AINDNGLKTY,11
AISPYGGDTY,11
AIRPLGGSTY,11
AISNNGESTY,11
AIKSFGRRTY,10
AIAMCGGSTY,10
AINPFGGYTH,10
AIRWNGMETY,10
AISWRGAHTY,10
AIHGYGFRTY,10
AIGPYGDYTY,10
AIGPFGGWTY,10
AISPLGYQTY,10
AITPFGSETY,10
AISMWGSSTY,10
AITMRGGSTY,10
AIYPYGLNTY,10
AITPDGYGTY,10
AIGPWGGSTY,10
AISPDGYLTY,10
AISPFCYRTY,10
AINPYGRITH,10
ALAPFGIRTY,10
AITPFGDQTY,10
AISPDGRWTY,10
AIQGYGGSTY,10
AISPYCEYTY,10
AIRPFGSWTY,10
AISPSGYLTY,10
AIYPYGSATY,10
AISQFGSNTY,10
AIQSFGSNTY,10
AISPFGTGTY,10
AISPFCGWTY,10
TISPFGYGTY,10
AIGPYGSSTY,10
AISPLGRNTY,10
AIDPYGDFTY,10
AICEYGYATY,10
AISLRGARTY,10
AISPNGQWTY,10
AIDFMGGSTY,10
AISPRGEYTY,10
AISDFGLYTY,10
TISPFGYTTY,10
AISPRGHFTY,10
AIAPYGAETY,10
AISPNGVYTY,10
AILPNGYGTY,10
AINPFGGWTY,10
AIAPFGFSTY,10
AIGPRGSRTY,10
AISPYGNWTY,10
AISPYGSDTY,10
AIQPFGKRTY,10
AIGPFGGQTY,10
AITPLGYKTY,10
AIAPFCHKTY,10
AIVPYGRSTY,10
AIRPSGGYTY,10
AIGPFGYWTY,10
AILWRGGGTY,10
AIGTFGGHTY,10
AIGPNGSYTY,10
AISPFGETTY,10
VINPYGRITY,10
VIRWNGVETY,10
AISPGGDITY,10
AIDDYGNYTY,10
AIVPFGSSTY,10
AINPYGSKTY,10
AIGPFCSRTY,10
AIRPIGGNTY,9
AISPWGEATY,9
AIIPYGRRTY,9
AISQFGGWTY,9
AISPTGLYTY,9
AIRPFGSNTY,9
AINPYGDRTY,9
AIAPFGSGTY,9
AIKMRGGSTY,9
SIQPFGSNTY,9
AIQPYGLRTY,9
AISPTGSYTY,9
AISPYGSQTY,9
AISNRGGITY,9
AISPYGVRTY,9
AIRPFGCDTY,9
AITPFGGFTY,9
AIEISGGRTY,9
AIPHKGGQTY,9
AIAMLGGSTY,9
AISPAGNVTY,9
AINPGGWGTY,9
AIRPIGRETY,9
AIDPFGSRTY,9
AICYTGGSTY,9
AISPYGGQTY,9
AIDDYGGRTY,9
AIGPFGKTTY,9
AINPFCGYTY,9
AISARGDWTY,9
AIGPFGSMTY,9
AISPYGRKTY,9
AIFPFGNYTY,9
AISPRGDVTY,9
AIRPDGYETY,9
AIRANGEYTY,9
AISPYGSTTY,9
AIAPYCEYTY,9
AIGPYGRITY,9
AINHRGDSTY,9
AISYWGGSTY,9
AISPFCYSTY,9
AISTFGGRTY,9
AISTFGGYTY,9
AISPFGNCTY,9
AINPYGCITY,9
AIVPFGNLTY,9
SIEYMGGSTY,9
AIRYSGLTTY,9
AIRPFGGDTH,9
AISPFCNWTY,9
AISEYGRTTY,9
AISPNGGWTY,9
AIAPKGYRTY,9
AISPGGLDTY,9
AIMMSGGSTY,9
AILPSGGYTY,9
AIAPYGLSTY,9
AISPWGNSTY,9
TISPFGGRTY,9
AIRPRGQGTY,9
AIDWNGFYTY,9
AIVPFGGHTY,9
AINFMGGSTY,9
AITPFGGNTY,9
AIRSFGGRTY,9
AINEYGYATY,9
AISPSGTWTY,9
AIYPYGEYTY,9
AISPLGYRTY,9
AINPYGYPTY,9
AISPSGNYTY,9
AIYPYGSRTY,9
AISPYGFNTY,9
AITPFGDYTY,9
AISPTGLNTY,9
AISPSGGSTY,9
AISPFCSNTY,9
AISAYGYGTY,9
AIDPYGSETY,9
AIFYVGGSTY,9
SIRPFGGDTY,9
AISPFGYCTY,9
AITPGGEYTY,9
AITKYGYATY,9
AIAPFCGYTY,9
AIAPFGSITY,8
AIGPFCSLTY,8
AIAMWCGSTY,8
AIRWHGVETY,8
AIAPYGGSTY,8
AIRPFGGNTY,8
AISIPGYGTY,8
AIAPFCKYTY,8
AISPWGRTTY,8
AIDEYGDFTY,8
AITEYGYATH,8
AIDPFGAYTY,8
AIAQFGGYTY,8
AILPYGRNTY,8
AITEYGSYTY,8
AIFPFGNGTY,8
AISPNGSWTY,8
AIRYFGGRTY,8
AISHNGTSTY,8
AISPFGALTY,8
AIAPLGLSTY,8
AIGPDGDYTY,8
AIGPFGGKTY,8
AISDYGKSTY,8
AIEFMGGSTY,8
AISPRGHWTY,8
AISPTGSNTY,8
AIFPYGRRTY,8
AICPFGGHTY,8
AIAPFGGHTY,8
AIRWNDVETY,8
AIGSFGGSTY,8
AISPDGNTTY,8
AIAPRGHRTY,8
AISPFGCWTY,8
AIAPFGVTTY,8
AITPSGSRTY,8
AISPIGHNTY,8
AISPGGAYTY,8
AINPYGQSTY,8
AIRMWGGSTH,8
AIAPTGLQTY,8
AISPFGSPTY,8
AIAYNGGSTY,8
AIQMWGSSTY,8
AISEYCWGTY,8
AISQFGYTTY,8
AINENGSHTY,8
AIGPNGSLTY,8
SIRWNGVETY,8
AIAPFGWETY,8
AINTRGGQTY,8
AISKSGGATY,8
AINPLGGRTY,8
AITPFGKYTY,8
AIDPYGEWTY,8
AIADNGYRTY,8
AILPYGFRTY,8
AIQPFGNHTY,8
AIRPFGTRTY,8
AMGPFGGHTY,8
AISPYGKDTY,8
AITPLGDNTY,8
AISPNGESTY,8
AISPTGYYTY,8
AIVPYGRCTY,8
AISPRGDETY,8
AIGYAGGSTY,8
AIYPYGDNTY,8
AISPFGMKTY,8
AISEYGSLTY,8
AIAPRGGFTY,8
AISPFGEDTY,8
AIGPLGAITY,8
AISEYGWDTY,8
AIGPFGVSTY,8
AISWRGTRTY,8
AIGGYGGYTY,8
AITPFGFTTY,8
AIKPYGRYTY,8
AINPYGCRTY,8
AISWRGARTH,8
AINPFGCYTY,8
AISPQGGQTY,8
AISEYSYATY,8
AIRPNGYRTY,7
AITPFGSTTY,7
AITPFGSNTY,7
AIVPYGWKTY,7
AIVPRGGRTY,7
AISSRGDFTY,7
ALYYKGGSTY,7
AINPYGHLTY,7
AISDFGNYTY,7
AISQFGNSTY,7
AINPGGYYTY,7
AIAPYGNSTY,7
AIDPFGTYTY,7
AIHPLGSGTY,7
AISPFGNSTH,7
AIGPTGLNTY,7
AIIPFGGWTY,7
AIAPGGKKTY,7
AISMSGGSTY,7
AISEYGYATN,7
AIRPFGSYTY,7
AISPIGYSTY,7
AITPLGSYTY,7
SIGPFGGHTY,7
AMSEYGYATY,7
AISPAGAHTY,7
SINPYGRRTY,7
AISPFGTETY,7
AIAMWGGSTH,7
AISPSGHDTY,7
TISPFGRRTY,7
AIAPFGVQTY,7
AISPQGVQTY,7
AISEYGYATS,7
AISPFGPSTY,7
AIGPGGGGTY,7
AIAPYGYKTY,7
AISPYGFDTY,7
AIHGYGGRTY,7
TISPFGQGTY,7
AICYYGGSTY,7
AIRPNGQYTY,7
AISPDGLYTY,7
AISWDGSHTY,7
AILPYGTTTY,7
AISEFGRFTY,7
AILPYGRKTY,7
AIRWNVVETY,7
AISPLGTITY,7
AIDPYGQVTY,7
AIAPFGQWTY,7
AIGPFCGTTY,7
AISDNGSYTY,7
AIRLGGGNTY,7
AIIPGGDRTY,7
AISPFGVHTY,7
AISENGYYTY,7
AIEPYGSYTY,7
AISPFGGWTH,7
AISPSGRLTY,7
AINTFGGYTY,7
AISMCGGSTY,7
AIDPYGKNTY,7
TIRPFGNYTY,7
AISPSGGRTY,7
AISPFGIDTY,7
AISPSGDRTY,7
AIGPFGYYTY,7
AIKIDGKVTY,7
AISPFGSMTY,7
TIRWRGGGTY,7
AINYRGGYTY,7
AIAPYGEFTY,7
AISNRGNRTY,7
AISPSGSITY,7
AIYPYGEWTY,7
AIGPRGYRTY,7
AILPYGRTTY,7
AITPLGLKTY,7
AISPRGSGTY,7
AISDYGRWTY,7
AIVPFGTYTY,7
AISPFCRTTY,7
AIRPFGDDTY,7
AISPWGSGTY,7
AISHRGNWTY,7
AIAPFCYKTY,7
AINPRGGWTY,7
AIEPGGGRTY,7
AISTSGGVTY,7
AISDYGDYTY,7
AISPRGDYTY,7
AIGLFGGSTY,7
AINPYGGDTY,7
AIAPYGHKTY,7
AITAYGYATY,7
AIAPRGGYTY,7
AINYRGEYTY,7
AISPYGWRTY,7
AISPFGQTTY,7
AINPFGQITY,7
AIKPYGRRTY,7
AICEYGYGTY,7
AIGPFGRFTY,7
AIGPYGITTY,7
AIKPFGISTY,7
AIRTYGEYTY,7
AIGDYGYNTY,7
AIAKNGSYTY,7
AINPFGSRTY,7
AIRPYGLRTY,7
AISPDGNNTY,7
AILPRGGWTY,7
AIGLRGNDTY,7
AITPSGIETY,7
AISLFGYNTY,7
AINPFGSLTY,7
AISSRGARTY,7
AISPNGHITY,7
AISPVGYDTY,7
AISPFCRYTY,7
VINPYGRRTY,7
AISPGGNVTY,7
AITPFGKITY,7
TIAMWGGSTY,7
AITEYGYETY,7
AISDNGQYTY,7
AIRMWGCSTY,7
AMRWNGVETY,6
AINPFGNWTY,6
AISPFGYYTY,6
AISTFGYTTY,6
AIRWYGGNTY,6
AISPGGNKTY,6
AISPYGRTTY,6
AINPFGDYTY,6
AIVPFGGSTY,6
AISPLGYATY,6
AIRWDGVETY,6
AIFPDGRQTY,6
AISPQGNYTY,6
AIDPFGSYTY,6
AIVPRGGATY,6
AINPFGYNTY,6
SITEYGYATY,6
AILPYGESTY,6
VIVPYGRRTY,6
TISPFGSLTY,6
AINYWGGSTY,6
TIVPYGRRTY,6
AISPYGRLTY,6
AISPQGFSTY,6
AIGPFGIETY,6
AIPMWGRSTY,6
AISMWGRSTY,6
AITYYCGSTY,6
AISDYGTYTY,6
AISPIGGKTY,6
AISYDGSHTY,6
AIPYFGGSTY,6
AIDPFGGITY,6
AIGPFGRDTY,6
AIGPNGETTY,6
AISPTGYNTY,6
AISPYGCYTY,6
AINYMGGSTH,6
AISRIGFGTY,6
AIAPFGKNTY,6
AISPLGSSTY,6
AISPNGRNTY,6
AIYPYGDRTY,6
AIEPFGYNTY,6
AISEYGYTTY,6
AISSFGRNTY,6
AISPLGYETY,6
AIADYGAYTY,6
AIESRGGYTY,6
AIKPFGGWTY,6
AITPFGQFTY,6
AMGPFGSRTY,6
AITPFGDSTY,6
AILPFGWETY,6
TIRPFGGDTY,6
AISPGGFSTY,6
AIVPQGVQTY,6
AISPIGKETY,6
AIYPLGSGTY,6
AIREYGYGTY,6
AIYPLGHGTY,6
AICPFGGYTY,6
AISPLGNYTY,6
TISPFGYNTY,6
AIGPFGGPTY,6
AIRLFGKYTY,6
AIRYAGSFTY,6
AIGKAGHYTY,6
AISPYGSITY,6
AISPFGSRTH,6
AINWRGTHTY,6
AITPYGDSTY,6
AISWRGSRTY,6
AIGPFGGHAY,6
AIAPYGQYTY,6
AIKPYGQWTY,6
AIRWRGGGTH,6
AITPYGFNTY,6
AIGPFGRRTY,6
AINPFGRFTY,6
AISPRGGFTY,6
VITEYGYATY,6
AITPFGHRTY,6
AIDPFGRSTY,6
AIAQFGSSTY,6
AIGPWGYNTY,6
AITPTGRYTY,6
AISDYGEITY,6
AIRWAGYSTY,6
AISPFGVSTY,6
AIDPFGDWTY,6
AINPYGSWTY,6
AIGPFGSPTY,6
AIGPFCGITY,6
AITPIGSSTY,6
AINYSGSQTY,6
AISPYGRVTY,6
AIAMWGRSTY,6
AISPNGSSTY,6
AISPDGYYTY,6
AISPLGGHTY,6
AIVPFGHKTY,6
AISQFGYNTY,6
AIRPFGGHTY,6
AIRWNGYETY,6
AIRPNGNGTY,6
AIDYKGGSTY,6
AISPFGVETY,6
AISPAGYRTY,6
AIKPYGVRTY,6
AIVMWGGSTH,6
AIGPFCGYTY,6
AISEYGDFTY,6
AISPSGWSTY,6
TISPYGEYTY,6
AISGYGDYTY,6
AISPFGQVMY,6
AITPLGKATY,6
AISPGGHFTY,6
AIRPYGYNTY,6
AIHTYGFRTY,6
AIFPYGDYTY,6
AISPYGYLTY,6
AIKAWGQVTY,6
AIAPFCHQTY,6
AITPFGIRTY,6
AINPFGNSTY,6
AISEDGYATY,6
AITPFGSRTY,6
AIVPRGGGTY,6
AITPYGAYTY,6
AISPDGYFTY,6
TINYMGGSTY,6
AIRPWGLSTY,6
AIGTFGGYTY,6
TISPFGSNTY,6
AISQFGNYTY,6
AIRPYGKITY,6
AINPYGRRAY,6
AIDPFGNYTY,6
AISPFGGRTH,6
AICPFGDYTY,6
AIRWRGGSTY,6
AISPIGLSTY,6
AISEYGCATY,6
AISKSGNYTY,6
AITPYGNFTY,6
AIAPNGKYTY,6
AITPFGNRTY,6
TISPFGNYTY,6
AIYPNGGGTY,6
AIRSFGFRTY,6
AISPYGDNTY,6
AISPYGESTY,5
AISPNGYKTY,5
AISPNGKFTY,5
AIDPFGSLTY,5
AIFPYGDITY,5
AISPYGLSTY,5
AIEPFGWSTY,5
AISDYGYYTY,5
AIRWKGVETY,5
AIGQFGSLTY,5
AITEYGYSTY,5
AISPFCISTY,5
AMNPYGRRTY,5
VIAPFGYKTY,5
TISPFGNWTY,5
AIAPNGNRTY,5
AMGPFGGYTY,5
AISPNGKYTY,5
AISPNGQYTY,5
AIAYGGGSTY,5
AIRPFGGETY,5
AIRPYGGDTY,5
AIAPWGGYTY,5
AISPIGTVTY,5
TISPFGNSTY,5
AIGQFGHTTY,5
AISPFGGNTH,5
AIGPQGGYTY,5
AIKLFGKYTY,5
AISNSGGATY,5
AILWNGDETY,5
AIAPFGNWTY,5
AIAPFGLDTY,5
AIKPYGYYTY,5
AINPFGCRTY,5
VISEYGYGTY,5
AIPMWGSSTY,5
AISPAGDHTY,5
AIVPFGRGTY,5
AIRLRGGGTY,5
AISPGGLETY,5
AIKPYGSRTY,5
AISPVGFSTY,5
TISPFGYSTY,5
AIDPFGHTTY,5
AISDYGAYTY,5
AIKAYGSATY,5
AIHPYGEYTY,5
AISPFGHDTY,5
AITPFGLATY,5
AIKWNGLYTY,5
AITPTGGYTY,5
AISPYGDITY,5
AISPTGNRTY,5
AIAMWGDSTY,5
AIAPFGYATY,5
AILYSGGSTY,5
AISPFGNSAY,5
AISYDGKTTY,5
AIGASGKYTY,5
AISPFCQNTY,5
AISDTGSYTY,5
AISPWGSLTY,5
AISPGGSSTY,5
AISEYGYATD,5
AMSPFGSNTY,5
AIRWRCGGTY,5
AIAPFCRGTY,5
AISPFALHTY,5
AIGEYGSYTY,5
AISQFGISTY,5
AISPYGAETY,5
AIAPFGFTTY,5
AIHPRGNKTY,5
AISQFGGYTY,5
AIVPFGEYTY,5
AITPYGYATY,5
AIDPFGEYTY,5
AIFPNGKGTY,5
AIRSRGGYTY,5
AIGPFCSVTY,5
AITPYGQETY,5
AIVYLGGSTY,5
AIAPFGQITY,5
AILPYGRRTY,5
AIYPYGSFTY,5
AISYIGGSTY,5
AIAPAGAWTY,5
AISPSGNNTY,5
AIRPFGNYIY,5
AIQPFGDHTY,5
AIAPYGGYSY,5
AISTFGSLTY,5
SIRPFGNYTY,5
AISEYGTFTY,5
AIRFRGGSTY,5
AIRPYGRITY,5
SISPFGGNTY,5
AITPTGSYTY,5
AILPYGRLTY,5
AISPGGNSTY,5
AITPYGQSTY,5
AIRINGSYTY,5
AISPNGTTTY,5
AISPYCGYTY,5
AISEYGCGTY,5
AIRPQGAYTY,5
AIRPGGRRTY,5
AIRPFGFRTY,5
AIGPLGFRTY,5
AISPAGNTTY,5
AISPIGEVTY,5
AIQPYGSYTY,5
AISPSGIKTY,5
AIRWNGYYTY,5
AIRPWGYKTY,5
AISSTGGSTY,5
AISPRGDTTY,5
EISEYGYATY,5
AITPRGGRTY,5
AICYAGGSTY,5
AINWRGARTY,5
AISDYGRGTY,5
VIAPFGSSTY,5
AISPNGFRTY,5
AISPTGKYTY,5
AISPLGFTTY,5
AIAPSGLSTY,5
AINSYGNYTY,5
AIKPFGWSTY,5
SIGPFGGTTY,5
TISPFGGWTY,5
VIAPFGEYTY,5
AITPFGYETY,5
AITPYGYNTY,5
AILPYGANTY,5
AISPFCGATY,5
AICPFGRSTY,5
AIAPCGSFTY,5
AISPFGDTTY,5
AISPIGRYTY,5
AISHSGARTY,5
AISEYVYATY,5
AITPKGRNTY,5
AISPYGHSTY,5
AISNYGTYTY,5
AISPFCNRTY,5
AIHPYGSRTY,5
AIDPYGRATY,5
AIGPFGGSIY,5
AISPRGQYTY,5
AIGPFGCITY,5
AISPGGTGTY,5
AILPDGSYTY,5
AINPYGDWTY,5
AINPFGHFTY,5
TISWRGARTY,5
AIGPFGNDTY,5
AISPNGYGTY,5
AIAPYCSYTY,5
AIGQFGSRTY,5
AIAPSGHETY,5
AIAPYGHQTY,5
AIAPFGNRTH,5
AISPYGWETY,5
AIQPYGGLTY,5
VISPFGGYTY,5
AIQGYGHYTY,5
AINPTGYNTY,5
AIRPFGYTTY,5
AIGMCGGSTY,5
AIYPYGGQTY,5
AIIPFGSITY,5
AISPLGLGTY,5
AISPIGKQTY,5
AISPFCYGTY,5
AIAQFGHKTY,5
AIGPYGKHTY,5
AIVPYGHYTY,5
AISDNGNYTY,5
AINSYGRRTY,5
AISPFCSYTY,5
AILPFGGYTY,5
AINPFCGRTY,5
AIRWAGKYTY,5
AIRPLGGTTY,5
AISANGYTTY,5
AIDPFGENTY,5
AIRWRGCGTY,5
AIRWCGGGTY,5
AIGPFCSYTY,5
AISPEGGATY,5
AIDPFGERTY,5
AIAYTGGSTY,5
AILPFGYGTY,5
AIAPNGYLTY,5
AISPNGYATY,5
AIGQFGGYTY,5
AISQFGSLTY,5
AISPWGYDTY,5
AIRPIGRYTY,5
AISTNGQYTY,5
AIGPWGKYTY,5
AIAPFCSSTY,5
AIAPFGCYTY,5
AIAPYGHFTY,5
AIVPYGCRTY,5
AIGEYGRYTY,5
AINMWGSSTY,5
AIAPNGWRTY,5
AIAPFCYRTY,5
AIGPYGDATY,5
AISPNGSTTY,5
AIHPYGDLTY,5
AISPFSFNTY,5
AIAPEGLSTY,5
AISEYGYAAY,5
VIGPFGGHTY,5
AISPFGGRNY,5
AISQFGYSTY,5
AIQPYGSKTY,5
AISPRGEGTY,5
AITPYGNHTY,5
AINPFGYETY,5
AIKYSGGSTY,5
AINWRGYRTY,5
AISSTGGGTY,5
AIHPYGARTY,5
AISQYGEYTY,5
AIKPYGNRTY,5
AISPSGFNTY,5
AISPIGEATY,5
AIFPYGNGTY,5
TISPFGYRTY,5
AISDYGKYTY,5
AISPAGNDTY,5
AICPFGSRTY,5
AIMYAGGSTY,5
AISPSGHQTY,5
AIRWNGVETS,5
AICYLGGSTY,5
AITPYGGSTY,4
AIGQFGSYTY,4
AISPFGMSTY,4
AISQFGGNTY,4
AIDPYGNNTY,4
AISPFCFSTY,4
AIVQYGTRTY,4
AISPHGSSTY,4
AILPYGNFTY,4
SINYMGGSTY,4
AISPLGLSTY,4
AISNRGHITY,4
AIDPFGDKTY,4
AISWRGASTY,4
AISFMGGSTY,4
AIGQFGRSTY,4
AITECGYATY,4
AISWCGDRTY,4
AIQPFGEHTY,4
AISPYGHDTY,4
AIRNIGNYTY,4
AISKYGKYTY,4
AITPLGYTTY,4
VISPFGYTTY,4
AINPHGRRTY,4
AIQPYGRFTY,4
AITPFGFETY,4
AISPFGGATH,4
AISEHGYATY,4
AIRLWGCSTY,4
AIRPGGYYTY,4
AIRPFGVNTY,4
AIGRFGGVTY,4
AIKGYGYYTY,4
AITPFGVSTY,4
AISPWGQYTY,4
AIAPYGSSTY,4
AISEYGYGTD,4
AISDYGIDTY,4
AIGPGGWSTY,4
AIRPWGYDTY,4
AITPFGYHTY,4
AIGPFGCGTY,4
AISPGGSYTY,4
AICPFGDSTY,4
AISPIGQGTY,4
AIVPYDRRTY,4
AITPFGEKTY,4
AISPNGGGTY,4
AISPYGHFTY,4
AISPFCSRTY,4
SIGPFGSRTY,4
AIRWYGVETY,4
AILPFGLETY,4
AIIPFGSYTY,4
AIIEYGWGTY,4
AIQSFGDRTY,4
AISDYGDDTY,4
AMGPFGGITY,4
AIVPFGSRTY,4
AITEYSYATY,4
AILPFGDRTY,4
AISTFGGNTY,4
AICMSGGSTY,4
AITPEGLYTY,4
AIGPFGDHTY,4
AIRPYGDYTY,4
AIKPYGTFTY,4
AISPFGNPTY,4
AISQFGDWTY,4
AIRPFGNYAY,4
AISPQGEQTY,4
SISPFGGYTY,4
AISEFGIRTY,4
AISEYGWCTY,4
AIAQFGRGTY,4
AIGPFCRGTY,4
AISEYGDYTY,4
AINPYGDFTY,4
AISPWGDGTY,4
AISPYGTNTY,4
AISQFGQKTY,4
AISPGGWHTY,4
AISPFGYRTH,4
AISLYGGSTY,4
AILPFGDSTY,4
AIRLFGRHTY,4
AMSEYGYGTY,4
AIGEYGYGTY,4
AISSYGEYTY,4
AMRPFGGDTY,4
AISYYGSYTY,4
AISEYGSWTY,4
AIRPFGRYTY,4
AINQFGGRTY,4
AISPYCSRTY,4
AIRCNGDYTY,4
AIVPFGYRTY,4
AISPFCSVTY,4
AIRWNGVKTY,4
AIRLGGYSTY,4
AINPYGRPTY,4
AIGQFGDWTY,4
AISPFCGYTY,4
AIHDYGSYTY,4
AISPSGSYTY,4
AMGPFGDSTY,4
AISPFVGRTY,4
AIGPFCKLTY,4
AIGPWGASTY,4
AIAQFGKYTY,4
AIGPFGHGTY,4
AIWYLGGSTY,4
AIAMWGSSTY,4
AINPFGRTTY,4
AITFWCGSTY,4
AISTFGYNTY,4
AIQNSGFNTY,4
AISPLGTYTY,4
AIYPYGKNTY,4
AISDYGIYTY,4
AITPFGQWTY,4
AILPYGSNTY,4
AIGPYGGATY,4
SISPFGGRTY,4
AISPLGRKTY,4
AINDYGDWTY,4
AMGPFGSYTY,4
AITPFGFDTY,4
AIVPWGSHTY,4
AIAPFCLSTY,4
TIAPFGLSTY,4
AISPFGGYTH,4
AITPFGDKTY,4
AISPYGVTTY,4
AISPYGLKTY,4
AIKPNGRYTY,4
AISPFGYNTH,4
AISPLGTRTY,4
AIDEYGDYTY,4
AISPFCSWTY,4
AISPIGKRTY,4
AIGTFGSLTY,4
AISSFGSDTY,4
AICPFGSYTY,4
AISPFGRYTH,4
AIGPNGKATY,4
AIQPFGGNTY,4
AIVPFGDRTY,4
AIRPHGRRTY,4
TISPFGNTTY,4
AISPTGHQTY,4
AMGPFGDWTY,4
AIRSSGYETY,4
AISANGSYTY,4
AISWDGSYTD,4
AIYPYGDYTY,4
AIAPFCYQTY,4
AINHRGDFTY,4
AIRPFGGDAY,4
AIYPFGDGTY,4
AIRPYGYYTY,4
AIDYAGGSTY,4
AIGPFVHTTY,4
AISYMGCSTY,4
AIGPFGGCTY,4
AIVLYGRRTY,4
AISPHGSDTY,4
AITLWGGSTY,4
AIAPNGWSTY,4
AIGPEGFNTY,4
AIAPFGEFTY,4
AMSPFGGYTY,4
AILPDGSATY,4
AISPFGNWTH,4
AIAPFCNLTY,4
AILPYGTRTY,4
AISYRGSYTY,4
AITPFGNNTY,4
AIAPDGYNTY,4
AISPRGTYTY,4
AINSYGSYTY,4
AITPYGGHTY,4
AIQNSGNYTY,4
AISPSGNDTY,4
AIRPYGSRTY,4
AIGQFGSKTY,4
AITPFGQQTY,4
AINPFGGYAY,4
AISQFGYRTY,4
AISPFGTITY,4
AISPRGRYTY,4
AITPNGRYTY,4
AIAYCGGSTY,4
TISMWGGSTY,4
AIRPKGYSTY,4
AIYPYGSWTY,4
AIRYVGGYTY,4
AISPFCGDTY,4
AITPFVSHTY,4
AIEFRGGYTY,4
AISPAGWSTY,4
AISEYGQYTY,4
AISPYGAFTY,4
AIVPFGHQTY,4
AIRPYGDETY,4
AITPLGYRTY,4
AICPFGDWTY,4
AIGPGGSSTY,4
AILPFGWSTY,4
AIGPFGGHTN,4
AISPGGLGTY,4
AIGPFGLDTY,4
AILPFGYNTY,4
AISECGYGTY,4
AIKPWGGSTY,4
AISRRGKFTY,4
AIYPYGSLTY,4
AISQFGASTY,4
AIMYCGGSTY,4
AITPYGRFTY,4
AISPGGRQTY,4
AISEYGYKTY,4
AISQYGRYTY,4
AISMWGCSTY,4
AITPIGYSTY,4
AIGPFCSKTY,4
AISEFGSYTY,4
AISEYGDVTY,4
AIRWRGDGTY,4
AISGFGGNTY,4
AIYFMGGSTY,4
AMAPFGYRTY,4
AISPFGGDTH,4
AIRPFGSHTY,4
AITPGGGVTY,4
TINYYGGSTY,4
AIQWRGGGTY,4
AISWRGACTY,4
AIASRGDYTY,4
AIGPSGQWTY,4
AIRWHGGGTY,4
AINYAGDSTY,4
AIVPFGYQTY,4
AINPFGYTTY,4
AINTSGGVTY,4
AITYSGGSTY,4
AIMMCGGSTY,4
AIVQFGSYTY,4
AISPNGRFTY,4
AIQFRGNETY,4
AIAPWGGTTY,4
AISPTGRYTY,4
AIGPVGSYTY,4
TISPFGISTY,4
AIQPYGWRTY,4
AIYPFGLRTY,4
AISPNGWRTY,4
AIDAFGNYTY,4
TISPFGLKTY,4
AIRLFGGDTY,4
AINPYGLKTY,4
AIGQFGGTTY,4
AISPGGAFTY,4
AIAPRGTRTY,4
AITPEGNYTY,4
AICPFGSLTY,4
AIGPYGSLTY,4
VIGPFGHTTY,4
AIYPDGHKTY,4
AINPFGKATY,4
AIRWAGSSTY,4
AISPRGDGTY,4
AISPGGSITY,4
AIAQFGNLTY,4
AISPSGYRTY,4
AIKIGGGYTY,4
AIGPFCDSTY,4
AIVPSGNRTY,4
AITPFGRNTY,4
AIGPFGGHTH,4
AIGTFGNGTY,4
AISPYGNYIY,4
AILPYGGNTY,4
AIKTYGDVTY,4
AIMMWGYSTY,4
AILPYGYNTY,4
AISQYGGYTY,4
AISPSGGGTY,4
AITPYGYYTY,4
AISPFGCFTY,4
AIAMAGGSTY,4
AIGQFGNGTY,4
AISNRGGRTY,4
AIRPFGSLTY,4
AISYMGGSTH,4
EINPYGRRTY,4
AISPFGYTTH,4
AISQYGSYTY,4
AIGPFGGTTH,4
AISEFGRHTY,4
AISPLGLKTY,4
AIRACGNYTY,4
AIAPLGYTTY,4
AIVPYGRRTH,4
AISQFGYKTY,4
SISPFGYTTY,4
AISPFCYETY,4
AISEYGYAIY,4
AISPFCSSTY,4
AIVPFGRRTY,4
AIVPYGRRAY,4
AIAPDGDYTY,4
AIGPFGCTTY,4
AISPYGATTY,4
AITDYGSYTY,4
AISGGGRETY,4
TIAPFGEYTY,4
AIGPVGDKTY,4
AITPFGAGTY,4
AIDVYGNRTY,4
AIAPWGDRTY,4
AISPRGQQTY,4
AITPVGGRTY,4
AICFYGGSTY,4
AINQYGLRTY,3
AISQFGAYTY,3
AITPRGQFTY,3
AISPGGLKTY,3
TISPFGNNTY,3
AIGQFGGITY,3
AISPYGGHTY,3
AIRPFGTNTY,3
AISPFGGHAY,3
AICPFGGTTY,3
VIAPFGHQTY,3
AIGPFGQGTY,3
AISPYGVQTY,3
AISPFGVYTY,3
AITPDGYKTY,3
AIARWGYETY,3
AILPYGKTTY,3
AIYPYGKGTY,3
AITPFGNLTY,3
AIGPFCDRTY,3
AIVYAGGSTY,3
AIRPFGGDNY,3
AISPWGSYTY,3
AIYPFGQGTY,3
AIKPFGTRTY,3
AIGTFGDWTY,3
AISQFGNRTY,3
AISPSGYGTY,3
AINPFGGLTY,3
AIEPYGYYTY,3
AISPFCLSTY,3
AITPFGICTY,3
AIRPIGRITY,3
AIAPYGYSTY,3
AISPFGSLTH,3
TIAPFGGTTY,3
AIGPFGDCTY,3
AIGWRGARTY,3
AINSYGDYTY,3
AISQFGRTTY,3
AINPYVRITY,3
AIRPFGDNTY,3
AIRWGGSYTY,3
AISIWGGSTY,3
AIGPFGRITY,3
AIGPYGYATY,3
AITPRGGYTY,3
AIRWRGGYTY,3
AIAPIGKETY,3
AISPGGYRTY,3
AISPFGNRTH,3
AITPFGGITY,3
AISPTGAYTY,3
AISGTGGRTY,3
AISPKGYATY,3
AISPWGHHTY,3
AINDYGFYTY,3
AISQFGENTY,3
AISPRGRTTY,3
TIMMWGGSTY,3
AINPYGRKTY,3
AITEYGYTTY,3
AIIIWGGSTY,3
AIIPFGLKTY,3
AICPFGDKTY,3
AINPFGSNTY,3
AISPWGVSTY,3
AIRPFGLKTY,3
AISETGDYTY,3
SIGPFGSFTY,3
AIHPYGGYTY,3
AIRPFGGDIY,3
TIAPFGYKTY,3
AIFPYGARTY,3
TIAPFGHKTY,3
AICFMGGSTY,3
AIGPFCYTTY,3
AMAPFGEYTY,3
AISPFGGNIY,3
AIHTYGDYTY,3
EIRWNGVETY,3
AINNHGGLTY,3
AIRWNGVENY,3
AIMYGGGSTY,3
AIDEYGVSTY,3
AIRLCGGSTY,3
TIRMWGGSTY,3
AISPRGYNTY,3
AITPVGKSTY,3
AMAPFGHKTY,3
AISQFGLSTY,3
AISQFGNWTY,3
AILPFGLGTY,3
AIRWNGLSTY,3
AITPFGINTY,3
AISDYGYATY,3
AIRYTGDSTY,3
AINPYCRYTY,3
AIGPFGDTTY,3
AILPYGDFTY,3
AIAPSGSITY,3
AIAPFGEYAY,3
AISPYGDHTY,3
AISSFGSRTY,3
AISPFGYLTY,3
AISQFGRYTY,3
AIIPYGDYTY,3
AIYPYGHTTY,3
AIVSFGGDTY,3
AIGQFGDKTY,3
AIAPSGSTTY,3
AIPPYGRYTY,3
AISQAGQYTY,3
AIRPNGFYTY,3
AISPYCYYTY,3
AIAPFGMSTY,3
SISEYGWGTY,3
AINTSGGNTY,3
AIAPWGRLTY,3
AISPFGQKTH,3
AIMYNGGSTH,3
AIDPFGVNTY,3
AIGPDGKFTY,3
AISKYGYGTY,3
AICPYGESTY,3
AISPRGYRTY,3
AISPFGSCTY,3
AILFAGTETY,3
AINPGGNYTY,3
AIRFSCAYTY,3
AISPFCWNTY,3
AIAPFGQFTY,3
AIGPFGSRTH,3
AIGPFGLNTY,3
AIVPYGKYTY,3
AIRPFGNATY,3
AISDYGYITY,3
AIKMLGGSTY,3
AINYTGGSTY,3
AIFPYGSNTY,3
AISPVGGYTY,3
AINPYGRIAY,3
AITPVGYSTY,3
AIDPFGNITY,3
AIKARGEWTY,3
AISSFGGWTY,3
AIYPYGDWTY,3
AIGPFVHYTY,3
TIGPFGSVTY,3
AIRPGGLFTY,3
AIDPYGELTY,3
AIRCSGNQTY,3
AIAPFCHVTY,3
AINMSGGSTY,3
AIGPLGHTTY,3
AIRPFGDWTY,3
AINPHGRITY,3
AIAPFGSSTH,3
AIGPFGQVTY,3
AISNYGNYTY,3
AISPFCENTY,3
AINMWGCSTY,3
AISPFGQDTY,3
AISSTGGPTY,3
AITDYGQRTY,3
AISDYGNWTY,3
AITPRGEGTY,3
AISPVGLKTY,3
AIGYVCGSTY,3
AIGPFGHKTY,3
AIGQFGDYTY,3
AISTSGGRTY,3
AIGPYGGSTY,3
AIRPFGTHTY,3
AIGPFGTYTY,3
AIRPLGFDTY,3
AICYSGGSTY,3
AISEYSYGTY,3
TIGPFGYETY,3
AIFPFGKFTY,3
AISPSGSGTY,3
AIHPRGAYTY,3
AISPAGSWTY,3
AINPCGRITY,3
AINPFGYATY,3
AISPWGEYTY,3
AIRWRGGCTY,3
AITEYGHFTY,3
AISPNGTRTY,3
AINPFGGYNY,3
AILPYGSSTY,3
AIGQFGNITY,3
AITPYGDYTY,3
AIGPFGGATY,3
AISRRGRYTY,3
AIDPFGSFTY,3
AIRYTGCSTY,3
AIVPYGRGTY,3
AIRLFGKSTY,3
AISPFGLKTH,3
AIDPFGGTTY,3
AIAPWGYSTY,3
TIAPFGNSTY,3
AIGPFCNGTY,3
AINPYGYKTY,3
AIKPYGGVTY,3
TIAPFGGYTY,3
AISPFCRATY,3
AIGPFGNGTH,3
TISPFGIGTY,3
AMSEYGWGTY,3
AIHGYGGITY,3
SISPFGRTTY,3
TISPFGNRTY,3
AISPRGIETY,3
AISPFCGQTY,3
TISPFGENTY,3
AISPFCQGTY,3
AISPFGYSTH,3
AIVPCGRRTY,3
AILPWGNQTY,3
AISTFGSNTY,3
AINQYGSYTY,3
AITPNGSYTY,3
AISPFCGSTY,3
AILPPGGDTY,3
AILPFGAHTY,3
AIIPYGRYTY,3
AISGFGDYTY,3
AIRTFGYSTY,3
AISPLGYGTY,3
VIAPFGNLTY,3
AITPYGTYTY,3
AISSFGGRTY,3
AISTFGGFTY,3
AIDPYGRKTY,3
AISEYGWGTH,3
AISPFCSHTY,3
AILPNGGYTY,3
AIRWNGAETY,3
AISNYGRYTY,3
AITPFGHYTY,3
AIGEYGWGTY,3
AIAPFGGNTY,3
AIGYNGGSTY,3
AIVPFGYSTY,3
AISQFGWNTY,3
AIVPWGDLTY,3
AITYWGCSTY,3
AIVPRGGETY,3
AIRPFGGITY,3
AIDPYGWRTY,3
AIRPRGGSTY,3
AIDVYGLYTY,3
AISPFCYATY,3
AIRYAGGSTY,3
AISPFCDATY,3
AINYYGCSTY,3
AISPFVGYTY,3
AMAPWGSFTY,3
AMGPFGSLTY,3
AISPGGQGTY,3
AIAPFCISTY,3
AIVPFGHWTY,3
AIMMWGCSTY,3
AISPSGYATY,3
AIRWNGVSSY,3
AIVPYGDYTY,3
AISKYGKTTY,3
AINPYGRITF,3
AISLWGGSTY,3
AINPFGRNTY,3
AIAPYGSNTY,3
AIFPYGQYTY,3
AISPFCLKTY,3
AISPFVNTTY,3
AISTYGEYTY,3
AISPLGYKTY,3
AISQFGLHTY,3
AIGMWGGSTH,3
AIRPFGGLTY,3
AIRWAGYYTY,3
AIGPFCHTTY,3
AIGWDGNYTY,3
AIRPYGNYTY,3
AISYRGCTTY,3
AIHPYGWKTY,3
AIADYGNYTY,3
AIVFYGGSTY,3
AINYMCGSTY,3
AINHMGGSTY,3
AIAPNGSLTY,3
AIPMWGCSTY,3
AISPFGGYIY,3
AINPYGRIIY,3
AISPYGGCTY,3
AITPGGGATY,3
AISYYGCSTY,3
TIGPFGDKTY,3
AIYPYGSNTY,3
AISDYGDTTY,3
AISPFGDFTY,3
AISEYGKFTY,3
AISTFGRYTY,3
AISARGNWTY,3
VISPFGGNTY,3
AIDIYGSYTY,3
AISPFGDCTY,3
AIVTYGRRTY,3
AIRPFGNWTY,3
SISPFGYNTY,3
AIKAYGEATY,3
AITPFGSITY,3
AIGGYGRYTY,3
AIRPIGSSTY,3
AISYNGNITY,3
AIRPFGYATY,3
TISPYGGYTY,3
AISPNGSGTY,3
AIKPFGLGTY,3
AIGMWGCSTY,3
AISYGGSYTY,3
VIRPFGWDTY,3
AITPFGRFTY,3
AISTFGSHTY,3
AIATFGEYTY,3
AICPFGNGTY,3
AIAPNGSFTY,3
AIEPFGYLTY,3
AITPSGSGTY,3
AISPLGQQTY,3
AIGPYGHTTY,3
AISAYGYSTY,3
AIKPNGAYTY,3
AIVPFCKYTY,3
AISPNGYITY,3
AISPNGNITY,3
AILPNGGGTY,3
AISPLGDITY,3
AITPQGGLTY,3
TITPFGSYTY,3
AIVPYGLRTY,3
AIAPFGTLTY,3
AINPYGFKTY,3
AISPFCNNTY,3
AIGPSGSSTY,3
AISPLGHATY,3
AISPLGWHTY,3
AISPIGSKTY,3
AISPFCYQTY,3
AIGPYGDRTY,3
AISPYGLQTY,3
AIPMWCGSTY,3
AIAPTGDYTY,3
TIGPFGDYTY,3
SIGPFGNYTY,3
AISSFGHDTY,3
AISPQGNNTY,3
AIEPFGSRTY,3
AISPKGSFTY,3
TISPFGYETY,3
AIRPFGGWTY,3
VIRWRGGGTY,3
TISYRGGTTY,3
AISPFCANTY,3
AISEYGDATY,3
TISPFGRTTY,3
AISPSGKRTY,3
AISPFGYTNY,3
AIAPYGKFTY,3
AIGYVGCSTY,3
AIVPRGTYTY,3
AITPFGRQTY,3
AIAPFGDHTY,3
AISPQGDNTY,3
AIRPFGSTTY,3
AINPFGLTTY,3
AIVPLGGRTY,3
AISPFGGDAY,3
VINYMGGSTY,3
AISPLGKSTY,3
AISPYGGRTH,3
AISYRGDVTY,3
AIVPFGSHTY,3
AIAMWGGSAY,3
AIRLSGNFTY,3
AIGPIGGHTY,3
AITPFGGHTY,3
AIMYNCGSTY,3
AIRPRGYETY,3
AIRWNGVDTY,3
AIGSFGNGTY,3
AIYPYGYGTY,3
AIAPVGDKTY,3
AISPCGGYTY,3
AITTFGEWTY,3
AILPRGGYTY,3
AIVPWGSFTY,3
AIAQFGSHTY,3
AINPFGGFTY,3
AISPFCQVTY,3
AILPFGANTY,3
AINNGGGYTY,3
AISLFGGRTY,3
AIVPFGLSTY,3
AILPYGLNTY,3
AISPDGQYTY,3
AIAPNGSRTY,3
AITPRGGQTY,3
AIRWNCDETY,3
AIDPYGRRTY,3
AISPSGLSTY,3
AIVPYGTHTY,3
AISPIGYTTY,3
AIAPFGMHTY,3
AILPFGYHTY,3
AISEYGYNTY,3
AISPYGKTTY,3
AISPIGSYTY,3
AISTYGGYTY,3
AMGPFGNGTY,3
AISPNGFSTY,3
AIYPIGFGTY,3
AIAPFGNPTY,3
AISPYGQNTY,3
AISPWGGKSY,3
AINPFGLKTY,3
AIQYVGCSTY,3
AIAPFGIHTY,3
AINPYGRRTD,3
AIAPNGRRTY,3
AISPFGIGTH,3
AIAPLGRSTY,3
AIQPFGGRTY,3
SISEYGYGTY,3
AIFPYGDFTY,2
EIGPFGGSTY,2
AITLYGGSTY,2
EISPFGSYTY,2
AISEYGLGTY,2
AISTLGYSTY,2
AIGPYGRGTY,2
AIAPFGVLTY,2
AINPFGGITY,2
AIEPYGEYTY,2
AIGPFGGSTN,2
AITPYGTITY,2
AIGPFGDGTY,2
AIRFVGTETY,2
AIIMSGGSTY,2
AIAPFGHTTY,2
AIDPFGSHTY,2
AINPFGKYTY,2
SIVPYGRRTY,2
AISYDGGSTY,2
AMSPFGGNTY,2
AIRPSGRRTY,2
AIMICGGSTY,2
AIKPYGGLTY,2
AISPYGGYTH,2
AINGFGYSTY,2
AIRPIGGDTY,2
AIAPSGGSTY,2
AIRPFGNLTY,2
AIEPFGLSTY,2
AISECGYSTY,2
AISPIGKFTY,2
AITPIGFSTY,2
AIEYYGCSTY,2
AILPFGDFTY,2
AIVPYGRRTD,2
AMPMWGGSTY,2
AIKPYGYLTY,2
AISPFVSKTY,2
SIAYVGGSTY,2
AISSLGGYTY,2
AISPLGRSTY,2
AISPFCGLTY,2
AVSPFGGNTY,2
AMVPYGRRTY,2
AIRTYGHYTY,2
AISGHGLATH,2
AIGTFGGITY,2
AIRWDGEYTY,2
AITPYGWRTY,2
AIRPFGMETY,2
SIAPFGYQTY,2
AINEYGWGTY,2
AIGQYGYTTY,2
TITPYGSYTY,2
AIRWNGVATY,2
AISLFGGWTY,2
AIGQFGDSTY,2
AISPHGSYTY,2
AIAQWGRSTY,2
AIAQFGYKTY,2
AIAPIGSYTY,2
VISMWGGSTY,2
AIAPFGKSTH,2
AICPFGHTTY,2
AISSLGGSTY,2
AISYDGSYTS,2
AIVPYGEATY,2
EIAPFGHKTY,2
AIKTLGGQTY,2
AILPFGHYTY,2
AIGPFGHATY,2
AMAPFGKYTY,2
AIGPFGSLTN,2
AINPYDRRTY,2
AITPDGEYTY,2
AITPFGHETY,2
AIAPFGIGTY,2
AIAPGGRYTY,2
AIGPLGGWTY,2
SIGPFGHTTY,2
TITPFGEWTY,2
TISPFGRYTY,2
AIGPFCSTTY,2
AISPKGYSTY,2
AIRYGGGSTY,2
AIGPFGGSAY,2
SIGPFGSLTY,2
AILAYGNYTY,2
AIAPYGHWTY,2
AITPLGYNTY,2
AMNPFGGRTY,2
AIRPRGGFTY,2
AISDYGERTY,2
AIVYMGGWTY,2
AITPLGNYTY,2
AIVPRGEYTY,2
AIGPFGCYTY,2
AIRLMGGSTY,2
TIAPFGNNTY,2
AIVPIGSYTY,2
AILPYCGFTY,2
AISQFGQNTY,2
AINPYGRRNY,2
AIGPFGSYTN,2
AIDPYGRITY,2
TIRWNGVSTY,2
AISPFGRTAY,2
AIADYGYYTY,2
AIRQFGYDTY,2
AISWRGPRTY,2
AIRPLGKYTY,2
AITPYGIRTY,2
AMNPFGGYTY,2
AIAPFGGYTH,2
AIRWNGVETC,2
AIAPYGRHTY,2
AIAPFGHATY,2
AIKPFGYKTY,2
AINYMGSSTY,2
AINENGNHTY,2
AISPVGARTY,2
AISYVGDSTY,2
VIAPYGEYTY,2
AITPFGRLTY,2
AIKPYGGYTY,2
AIGTFGSRTY,2
AIAPLGYKTY,2
EINPYGRITY,2
AIYPRGLGTY,2
AIAPFGEYTH,2
AISPFCNETY,2
AINPYGRRTN,2
AIGPYGGHTY,2
AISPGGYDTY,2
AIRSFGGDTY,2
TISPFGDATY,2
AITPLGKYTY,2
AIMILGGSTY,2
AILLDGFATY,2
AIVMWGCSTY,2
VISPFGNRTY,2
AISPWGGYTD,2
AIAQFGLSTY,2
AIRPFGHWTY,2
AIAQFGLTTY,2
AIRPYGAYTY,2
AIVSFGNYTY,2
AIRPWGYRTY,2
AISPFGWGTY,2
AIPMCGGSTY,2
AISPFCYHTY,2
AILPYGDATY,2
AIALFGHKTY,2
TINPYGRYTY,2
AIAEYGYATY,2
AITYKCGSTY,2
AISPIGGNTY,2
AIAPFGRHTH,2
AIGPFGDATY,2
AIQPFGKYTY,2
AIRWNCSATY,2
AISPFCLATY,2
AMSPYGGYTY,2
AIEPYGSSTY,2
AISPFGYSAY,2
TISPWGLGTY,2
AIPMLGGSTY,2
AISEYDYATY,2
AITPFGGDTY,2
AIATFGHKTY,2
AISPFGRTTH,2
SISPFGNSTY,2
AINPYGRMTY,2
AISPFVFTTY,2
AITPTGGNTY,2
AIRWNGGETY,2
TISPFGASTY,2
AIRPFGNFTY,2
AIRQWGGSTY,2
AIVPYGTLTY,2
AIAPFGDDTY,2
AINPRGGQTY,2
AMSPFGYTTY,2
AINPYGQITH,2
AIAPLGYYTY,2
AIRPFCGYTY,2
AISPFGYITY,2
AIAPFGDKTY,2
AINQYGLYTY,2
AIHPRGGYTY,2
AIGPFGRCTY,2
AIRWNGDDTY,2
AIAPFGMRTY,2
AISPFGMRTY,2
AISEYGYANY,2
AISDYGQLTY,2
AISPRGSWTY,2
EIGPFGGHTY,2
AILPYGDHTY,2
AISPFGRYTD,2
AIRPSGLSTY,2
AITQFGNWTY,2
AISPFCYKTY,2
AIGPFCSFTY,2
AISPHGSKTY,2
AIKIFGRITY,2
AISPFGTTTY,2
AIFPYGEWTY,2
AISPWGNLTY,2
AMAPFGNLTY,2
AIKPYGDSTY,2
VISPFGENTY,2
AIGPFGGYTH,2
AIAPYGYNTY,2
VIGPFGKLTY,2
AINGFGKRTY,2
AIGEYGLYTY,2
AISFYCGSTY,2
AIYPYGSGTY,2
AITPFDNWTY,2
AIRPFGMGTY,2
AISPFSGHTY,2
AITPSGDFTY,2
AIGQFGSVTY,2
AIADNGYETY,2
AISPFGQCTY,2
TIGPFGDWTY,2
AISYVCGSTY,2
AISPFGMQTY,2
TISPFGGDTY,2
AIQMWCGSTY,2
AIAPFGHETY,2
AINPLGYSTY,2
TIKAYGSRTY,2
AICPFGGRTY,2
AIAPFGRRTH,2
AIGDYGQYTY,2
AIIPFGYTTY,2
AMGPFGDKTY,2
AIYPFGKYTY,2
AISDYGYVTY,2
AIAPLGHQTY,2
AIAPFCGDTY,2
AISPFGGQTH,2
AISPFAHHTY,2
AIGPFGWETY,2
AINPFGWETY,2
AISTFGGWTY,2
AIVSFGGKTY,2
AISAYGWGTY,2
AINPTGYSTY,2
AISSMGGSTY,2
VISPFGDATY,2
AIGTFGSTTY,2
AISPFGYRTD,2
AITYFGGSTY,2
AMAPFGYKTY,2
AISERGNYTY,2
AIRPYGEWTY,2
AIGPWGGHTY,2
EISPFGGRTY,2
AIGPFDSRTY,2
AIAPYGNKTY,2
AIRPGGQNTY,2
AISPSGGNTY,2
AINEYGKYTY,2
AIQPYGLSTY,2
AIRQFGFNTY,2
AIGPHGRYTY,2
AISQFGNTTY,2
AISPAGENTY,2
SISWRGARTY,2
AISPIGSNTY,2
AISQFGKLTY,2
AITPYGDITY,2
AISTYGSYTY,2
EIAMWGGSTY,2
AISPFGSNTH,2
AITPFGLKTY,2
ATSPFGGHTY,2
AIAQFGYSTY,2
AIYPYGIKTY,2
AIGPFGSVTH,2
AIRLNGLDTY,2
AISPYGEYIY,2
AIMYTGCSTY,2
AISPFCIGTY,2
AISYYCGSTY,2
VIAMWGGSTY,2
AISPYSEYTY,2
AISQFGNNTY,2
AIAPFGYCTY,2
AIGPFGDQTY,2
AIRPFGCYTY,2
AIGPFVNNTY,2
AIRLAGDYTY,2
AISQFGSRTY,2
AINLFGGYTY,2
AMSPFGYSTY,2
AMSPFGNWTY,2
AISTSGGNTY,2
AISPFGRPTY,2
AITFWGCSTY,2
AISPFVGWTY,2
SIGPYGNYTY,2
AISQFGDRTY,2
AIGTFGSYTY,2
TINMWGGSTY,2
AITDYGYNTY,2
AMSPFGGWTY,2
AISPFCRSTY,2
AISAFGRRTY,2
AIRPNGKITY,2
AIRQFGSETY,2
AISPFVSRTY,2
AIFMWGGSTY,2
AIRPFGHKTY,2
AINPFGHRTY,2
AISPFGNWAY,2
AISMWCGSTY,2
AILPDGRQTY,2
AILPPGGQTY,2
AISQFGSYTY,2
TINPYGSYTY,2
AIKPFGKTTY,2
AIRPYGEYAY,2
AIPYVGDSTY,2
AISPIGWRTY,2
AIGPFGDSTH,2
AILYAGGSTY,2
AITHKGGSTY,2
AIRPFGYKTY,2
AISPFSNWTY,2
AIGPYGSRTY,2
AIAYVGCSTY,2
AINLYGRRTY,2
AISPCGGSTY,2
SIAYMGGSTY,2
AIRLYGYKTY,2
AISPFSNSTY,2
AISPFDNRTY,2
AIVSFGSYTY,2
AIHPYGRYTY,2
AIFPYGTYTY,2
ALAMWGGSTY,2
AIRPLGYTTY,2
AISPKGHYTY,2
AITPFGTNTY,2
AISQYCRTTY,2
AINPFGDNTY,2
AIAPKGYQTY,2
EISPYGYRTY,2
AIRWNCVSTY,2
AITPFGVETH,2
AIAPFGYRSY,2
AINYVGDSTY,2
AIDPYGIRTY,2
AIAPLGSFTY,2
AIVSFGNNTY,2
AIDPFGSVTY,2
AIRPYGLSTY,2
AITPFGECTY,2
AIRCNGDETY,2
TISPFGLNTY,2
AISPYCNRTY,2
AIYPYGNKTY,2
AINPFGNFTY,2
AIAPFCYDTY,2
AILPYCNYTY,2
AISPFCNATY,2
AINPFGDLTY,2
AISPFSNRTY,2
AINSYGRITY,2
VIAPFGKYTY,2
AINPFGDSTY,2
AIHPYGQDTY,2
AIGPFCDYTY,2
AIRPDGYWTY,2
AISFMGGYTY,2
AISQFGWETY,2
AIAPYGNLTY,2
VISPFGSVTY,2
AIGPYGEYTY,2
AISTFGFNTY,2
AISPCGEYTY,2
AIRMWCGSTY,2
AITFCGGSTY,2
AIKPFGAETY,2
AIAPFCLKTY,2
TIIYSGGSTY,2
VISPFGLSTY,2
AIGQWGNSTY,2
AIVPFGINTY,2
AISPWGLDTY,2
TISPFGGATY,2
AIRLFGASTY,2
AIGPFGGHNY,2
AISSFCDNTY,2
AISPFDYTTY,2
AIDSFGGSTY,2
TIGPFGRSTY,2
AIGLYGGNTY,2
AISPFVNSTY,2
AILPYGDGTY,2
AIRAYCNYTY,2
SISPFGNYTY,2
AISPFGRTIY,2
AISENGRYTY,2
AIGPYGDWTY,2
AIGPIGGTTY,2
AIGPIGGSTY,2
AISLFGGNTY,2
AISPFGIHTY,2
AISEHGYGTY,2
AIAQFGQNTY,2
AIGLRGNETY,2
VISPFGFNTY,2
AISPFCLTTY,2
AISEYGNFTY,2
AIRWNGVETD,2
AIVPYGRITY,2
AILMHGGSTY,2
AIKPFGSRTY,2
AIYPYGGFTY,2
AILYYGCSTY,2
AIKPYGEYTY,2
AIRPKGDRTY,2
AISLYGRYTY,2
AIGPFGGITH,2
AIIYSCGSTY,2
AINYYCGSTY,2
AIAPWGSFIY,2
AISPYCYRTY,2
AISPGGRRTY,2
AIDPFGGFTY,2
AILPYGIATY,2
SIHPYGRRTY,2
AIAYYGCSTY,2
AISTFGYKTY,2
AISPRGQWTY,2
AISWHGARTY,2
AIRPFGNYTH,2
AITPFGDATY,2
AISPYGFQTY,2
AIQNSGQYTY,2
AIEPYGDSTY,2
AIDPFGDYTY,2
AIGPFSGSTY,2
AIRNRGDYTY,2
AIGPFGIRTY,2
AIAPFCSHTY,2
AITPFGQYTY,2
AISPFGYPTY,2
VIGPFGRSTY,2
AIKPYGKRTY,2
EISPFGGNTY,2
AINPYGRFTY,2
AIGPFDGHTY,2
VIAPWGSFTY,2
TIAPYGEYTY,2
TINPFGHWTY,2
AITPFGSQTY,2
AISKFGNFTY,2
TISYMGGSTY,2
AISPFCLQTY,2
AISTFGKYTY,2
AISPFGAYTS,2
VISPFGYETY,2
AIEPFGYRTY,2
AMAYYGGSTY,2
AIRTWGGSTY,2
AISYYGDSTY,2
TIGPFGSRTY,2
TIRWNGDETY,2
AIGPFGDFTH,2
AISQFGSFTY,2
AISQYGYRTY,2
AIGPYGAYTY,2
AMVMWGGSTY,2
AITPIGRITY,2
AISPWGGSTY,2
AIGPFGGSNY,2
AIETFGGSTY,2
AISQWGGYTY,2
AIAQFGSWTY,2
AISPAGQRTY,2
AISEYGYATC,2
AISQFGGLTY,2
AIRQFGLETY,2
AIIPFGEWTY,2
AIDPYGSKTY,2
AISPLGINTY,2
AISPAGYGTY,2
TISYDGSYTY,2
AIAPFGKFTY,2
AISPYGGYAY,2
AILFAGYETY,2
AINPFGGYIY,2
AIGPFCRSTY,2
AITTFGLNTY,2
AMAPFGLRTY,2
AIGMWGGYTY,2
AISPIGRNTY,2
TIAPFGRGTY,2
AISMLGGSTY,2
AISPEGGWTY,2
AISYDGSYTF,2
AIRVYGSGTY,2
AIVPFCSNTY,2
AITPKGRYTY,2
SINPYGRITY,2
AISPYGLITY,2
AMGPFGEYTY,2
AISPYCYKTY,2
TISPFGGHTY,2
AIRPFGNRTY,2
AISLYGSYTY,2
AIDPFGDSTY,2
AMRPFGYDTY,2
AISPHGEYTY,2
AISTFGWNTY,2
AIAPLGYSTY,2
AINPNGYRTY,2
AIAPFGHQTH,2
ATRPFGNYTY,2
AIGMWCGSTY,2
AIIPYGQLTY,2
AIDPYGLYSY,2
AIRPFCYETY,2
AITQFGVETY,2
AIAPFGMKTY,2
AIGPFGQYTY,2
TISPFGYKTY,2
AIGYLGGSTY,2
AIGPFGNGNY,2
AISQFGQGTY,2
AISPLGNTTY,2
AISEYGYRTY,2
AIAQYGEYTY,2
AIGPFGSLAY,2
AMGPFGGGTY,2
AITPSGRYTY,2
AISPFVYNTY,2
AIRPYGDWTY,2
AIYPYGSLTS,2
AISTFGNYTY,2
AISPHGGYTY,2
AISPYCGSTY,2
AISPYGHHTY,2
TINYVGGSTY,2
AIKPNGTDTY,2
AIYPLGGGTY,2
AIHPYGYATY,2
AIVPYGRLTY,2
AIGPLGLSTY,2
AISLFGNRTY,2
AIDPFGDRTY,2
AITYYGCSTY,2
AIAPRGDWTY,2
AISPFCQKTY,2
AISPTGYTTY,2
AIGVYGRYTY,2
AIRPFGGQTY,2
AISTFGDATY,2
AIAQFGISTY,2
AIKPFGGNTY,2
AISDYGRRTY,2
TIAPFGSYTY,2
AIAMSGGSTY,2
AIVPFGYHTY,2
AIKPFGKGTY,2
AISWRGDHTY,2
AIRPYGESTY,2
AISPFGDANY,2
AIRWRDGGTY,2
AIGPFGDWTH,2
AIEMWGGSTY,2
AITPFGRATY,2
AISPYGRYTF,2
AIGTFGRSTY,2
AIKPYGRKTY,2
AILPYGSTTY,2
AIGPCGNSTY,2
AIVFMGGSTY,2
AIDYWGCSTY,2
AIRFSGAHTY,2
TISPFGSRTY,2
AIGPFGLKTY,2
AIKPFGDDTY,2
TISPYGNYTY,2
RISPYGSYTY,2
AISPCGGWTY,2
SIAPFGLSTY,2
AITPFCGATY,2
AISPFCFETY,2
AIKSFGGETY,2
AISPFGYGTH,2
AIKNYGLRTY,2
AISLDGSYTY,2
AIAPFGMNTY,2
AISMWGGSTH,2
AIGPFGNWTY,2
AINPFGQKTY,2
AISTFGLTTY,2
AISPAGRDTY,2
AISQYGQTTY,2
VIAPFGNSTY,2
TIRWAGDYTY,2
AISPWGSKTY,2
AINPFGSGTY,2
AIGPFCGGTY,2
AIPYMGCSTY,2
AIAPFGKHTY,2
TISPFGFNTY,2
AIYPYGEYTF,2
AIAPNGYKTY,2
AIRMWSGSTY,2
AISPYGMRTY,2
AIYPLGEGTY,2
AIAPFGLPTY,2
AIKPYGKYTY,2
AIFPYGSPTY,2
AIRLGGGSTY,2
AIIFMGGSTY,2
TIGPFGDFTY,2
AIRPFGDRTY,2
AISPSGNRTY,2
AISTFGYRTY,2
AIIPFGIGTY,2
AISTFGYGTY,2
AISPFCFNTY,2
AISTFGRTTY,2
AITPIGSTTY,2
AIAPYGLNTY,2
TIRWNGLDTY,2
AINPFGSSTY,2
AIRPFCYHTY,2
AIGRFGGYTH,2
AIAPWGSRTY,2
AISPFGQNTH,2
AIQYIGGSTY,2
AISSFCRDTY,2
AISPRGGETY,2
AIIYIGGSTY,2
AINWRGSYTH,2
AIRMWGGYTY,2
AIGHFGGHTY,2
AILPFGLSTY,2
SISPFGRSTY,2
AISYYGGSTH,2
TISPLGYSTY,2
AIRPFGWYTY,2
AIKSFGYRTY,2
AIAPYGRGTY,2
AIGPFGYDTY,2
AISDYGGNTY,2
AILPYGSATY,2
AIMPYGRRTY,2
PIGPFGGSTY,2
AIGPFCFETY,2
AISTFGGHTY,2
AIQYSGNYTY,2
AIASMGGSTY,2
AISEYGEVTY,2
AINYMGGSTN,2
AISERGAYTY,2
AISPSGYYTY,2
AISPYGTQTY,2
AISPVGNYTY,2
AISTFGSRTY,2
AIQPFGRRTY,2
AIGPFCDKTY,2
AIRLFGSETY,2
AISPAGLDTY,2
AIGPFCDWTY,2
AITPFGKRTY,2
AIRTYGDYTY,2
AIYPYGGYTH,2
AINPFGQVTY,2
SISPFGSRTY,2
AIRPFGFTTY,2
AIAPFGYRTH,2
AISPFGCKTY,2
AINDYGTHTY,2
AIAPRGDYTY,2
TIIYYGGSTY,2
AIVPVGDYTY,2
AISPFGSRPY,2
AITPFGSGTY,2
AISCRGARTY,2
TISPFGQNTY,2
AIRPFGGGTY,2
AINQYGKYTY,2
AIGPFGSTTH,2
AISPFVYTTY,2
AIAPFGEYIY,2
AIRKFGSNTY,2
TIGPFGSLTY,2
AIAQFGEYTY,2
AIAPEGNSTY,2
AIRPNGDRTY,2
AITEYGDATY,2
AIRCNGRYTY,2
AIGEFGSYTY,2
AISPFCRRTY,2
AIHPYGRITY,2
AISPEGKYTY,2
AISDYGDGTY,2
AMRWRGGGTY,2
AIDPFGSNTY,2
AISPFAGYTY,2
AISPFCSTTY,2
AISPYGRSTY,2
AINMQGGSTY,2
AINEYGYGTY,2
AISPFGNNTH,2
AINPFGGATY,2
AIAPFGRDTY,2
TIPFYGGSTY,2
AICPYGGQTY,2
AIRPCGGSTY,2
AISTFGGDTY,2
AINPYVKYTY,2
AIITFGYKTY,2
AIAPYGEYAY,2
AISTFGNSTY,2
AIVPYGSHTY,2
AMGPFGRSTY,2
AISEYGYGTN,2
AIAQYGSYTY,2
AIYPYGRYTY,2
ATSEYGYATY,2
AIGPLGNITY,2
VIAPFGHKTY,2
AINSFGDRTY,2
AISPYGSRTH,2
AISPYCSYTY,2
AIGPFGYGTY,2
AIGPYCSYTY,2
AIFPYGKFTY,2
VIRPFGGDTY,2
AIAYVCGSTY,2
AIQWNGDETY,2
VINPFGGYTY,2
AIAYMGGSTH,2
AISQFGYGTY,2
VISEYGWGTY,2
AICPFGGNTY,2
AIAPFGDITY,2
AINPFGDWTY,2
AISHDGSYTY,2
AICPYGNYTY,2
AIASFGHKTY,2
VISPFGSRTY,2
AIIPFGSNTY,2
AIRPFGIGTY,2
AIRSFGRRTY,2
AITYNGGSTY,2
AMSPYGSYTY,2
AISTNGGVTY,2
AIAPFGNSTH,2
AIRQFGYETY,2
AISDYGRSTY,2
AIRPDGYYTY,2
AISYVSGSTY,2
AIAQFGHQTY,2
AIGPYGSHTY,2
AIGPFGANTY,2
AISPLGKYTY,2
AIYPYGDLTY,2
AIAENGRYTY,2
AIIPFGNWTY,2
AITEYGHNTY,2
SIAPFGNRTY,2
AISCTGNRTY,2
AIVYKGSSTY,2
AISWRGDRTH,2
AIGPYCESTY,2
AISPLGKQTY,2
AINYMGVSTY,2
AIAPFGSNAY,2
AMSPFGNSTY,2
AIGRFCGYTY,2
AIGPFGLETY,2
VIRPFGNYTY,2
AIGPFGWNTY,2
AISPWGVYTY,2
AIAPYGDKTY,2
AIAPNGRYTY,2
AIMMWGGSTH,2
AIAPYGLYTY,2
AISWRDARTY,2
AINPFGYGTY,2
AISPFGCITY,2
AIFPYGYTTY,2
AIGPFGSRIY,2
AISPLGYNTY,2
AISSFGRDTH,2
AIAPLGLNTY,2
AIYPYGKYTY,2
AIATFGSYTY,2
AIRPFGQGTY,2
TIGPFGGRTY,2
AIVPYGTRTF,2
AIATWGGRTY,2
VIAPFGHWTY,2
AIAPLGSYTY,2
AISPLGYYTY,2
AISPFCAYTY,2
AMRPFGNYTY,2
AIGTYGDYTY,2
AISQFGFKTY,2
AIWPFGLGTY,2
AIVPYGTCTY,2
SISPYGAYTY,2
AIRQFGGRTY,2
AITPYGGATY,2
AISPFGCATY,2
TISWRGDRTY,2
AISPFGQVTH,2
AIRPFGYYTY,2
AISPPGNRTY,2
AMNPYGRITY,2
AIRWSGVETY,2
AISWDGSYTN,2
TISYRGGKTY,2
AISPWGYVTY,2
AIAMWGGPTY,2
AIATFGYRTY,2
AISTFGDWTY,2
AIRPFGDHTY,2
AISPYGHKTY,2
AIQPYGSLTY,2
AIAQWGSFTY,2
AIIWRCARTY,2
VIRWNGDETY,2
ARSEYGYATY,2
AISGRGDYTY,2
AIAPYCRYTY,2
AITEYGYGTY,2
AIVPYVRRTY,2
AILPWGYQTY,2
AIVPGGGYTY,2
AINYYGGSTH,2
AIVMLGGSTY,2
AISWRGERTY,2
AIGIYGVRTY,2
AISPWGGHTH,2
AIAPWGHRTY,2
AIAPFCNSTY,2
AISPFGYETH,2
AIAPFCQNTY,2
AISQFGNATY,2
AIKLFGKATY,2
AISPFGLYTY,2
AMGMWGGSTY,2
AISPFGYKTH,2
AITEYGYFTY,2
AIGPFGNKTY,2
AILPFGYETY,2
AIRPFGGFTY,2
AIDPFGNNTY,2
AINYDGSYTY,2
AIAMWGGYTY,2
AISPAGDYTY,2
AIRQWGNQTY,2
AINPFGFSTY,2
AISPFGMNTY,2
AISLFGYTTY,2
AIRPFCYDTY,2
AIEPFGSSTY,2
AITPFGIETY,2
AISPDGKFTY,2
AIGPFGIHTY,2
AISPFGNWIY,2
AISPFGHTIY,2
AINPFGNLTY,2
AIDTYGYPTY,2
AIAPFGFYTY,2
AISYDCSYTY,2
AIVPFGYKTY,2
AIGPFCYETY,2
AISPAGRSTY,2
AIGPFGDYIY,2
AISTFGGLTY,2
VIGPFGSRTY,2
AISPFGDPTY,2
AIRSFGGNTY,2
AIRAYGYRTY,2
AITPFCVETY,2
AIQYTGGSTY,2
AIVYGGGSTY,2
AIRPYGHITY,1
AICPYGGYTY,1
VITPYGGYTY,1
AIRWLGGGTY,1
VISPLGGYTY,1
AIAPHGRYTY,1
AIGPGGGLTY,1
AIGPFADKTY,1
AISQFGDATY,1
AIRWNGGHTY,1
AISPYGQDTY,1
AIIPFGYDTY,1
AIATYGKYTY,1
AIAPFGEYTN,1
AIAPFGRGPY,1
TIAPFGYQTY,1
AIGPCGESTY,1
AISDYGYWTY,1
AISPLVYSTY,1
AISPFGCSTY,1
AITPYGHITY,1
AISEYGHATY,1
AINPFGEVTY,1
AIGEYGYSTY,1
AIRPFGLETC,1
AIGPTGYLTY,1
AIGPFGGTTC,1
AISQFGIGTY,1
AITMLGGSTY,1
AISPFGDSTH,1
AINPYGGHTY,1
AITPHGYRTY,1
AINYYGGLTY,1
AILYCGGSTY,1
AIQYRGNYNY,1
AIGPYGGETY,1
AMSPFGKLTY,1
AIRWKGDYTY,1
AIALFGDFTY,1
AIHMWGGSTY,1
AIAPFANYTY,1
AISPHGRSTY,1
AIRLAGYETY,1
AIAPFGERTY,1
AIRWNGVETN,1
EIGPFGGSSY,1
AIALFCRTTY,1
VISPFGDRTY,1
AIQPFGYHTY,1
AIRYMGHSTY,1
AIAPYGSRTY,1
AISPYGCGTY,1
AIIPFGGATY,1
SIRWNGRYTY,1
AIAPFGNCTY,1
AIVPFGKYIY,1
AISTFGFQTY,1
AMGPFGFETY,1
AISPWGIHNY,1
AIGGYGSYTY,1
AIGPFGETTY,1
AISPDGHYTY,1
AISPYGVYTY,1
AISTFGLSTY,1
AINYCGGSTY,1
TISPFGLGTY,1
AISSYGRDTY,1
TISPFGGPTY,1
AITPNGYYTY,1
AISSFGSYTY,1
AINPEGQNTY,1
ALSPFGSSTY,1
TISPFGDSTY,1
AIRWNGSATH,1
ATSPFGYATY,1
AINPFGGKTY,1
AISQFGNDTY,1
ATGPFGDWTY,1
AIQQFGNYTY,1
ALSPFGRATY,1
AIHPYGARTH,1
AITQFGGYTY,1
AINPFGKLTY,1
AISHRGGKTY,1
AIAPWGSVTY,1
AIAPCGLSTY,1
AIRAYGNNTY,1
AIAPFGLTTS,1
AICPFGSKTY,1
AMSPFGGRTY,1
AISPFGFNTD,1
TISPFGQKTY,1
AISRFGYTTY,1
AISPYCQTTY,1
ATRMWGGSTY,1
AIIPFGGPTY,1
AIQYKGDSTY,1
EITEYGYATY,1
AIRRFGGETY,1
AIKMWGCSTY,1
AIRWSGAYTY,1
AISPFGLKTN,1
AINRNGKSTY,1
ATGPFGGSTY,1
AISPFGASAY,1
AILPFGFNTY,1
AIKPDGKYTY,1
AIDWGGRYTY,1
AIGPYGYNTY,1
PISEYGYGTY,1
AIAPFGPSTY,1
AIAPFGTHTY,1
AIVQYARRTY,1
VISPFGLRTY,1
TISPFGSWTY,1
AIRWNGDETC,1
AIRPWGIHTY,1
AISPGGDRTY,1
AIRPFGGDPY,1
AIVPWGYRTY,1
AINMWGGDTY,1
AIRWRGYCTY,1
AISYDASYTY,1
AINPFGLHTY,1
AICPFGSHTY,1
AILPVGWGTY,1
AIGPFGHTTH,1
AIVMCGGSTY,1
AISPYVEYTY,1
AIAPYGNNTY,1
AILYVGGPTY,1
AISPRGKYTY,1
AIASFGDSTY,1
AISPYGTHTY,1
TILYVGGSTY,1
AISPFGYQTN,1
AIVQYGSRTY,1
AISPFGQVAY,1
AISSYGDLTY,1
AISPFGGMTY,1
AIRPYGFTTY,1
AILMGGGSTY,1
AILPYCSFTY,1
AIRPLGNDTY,1
AIGPFSDKTY,1
TIAPFGRRTY,1
AISPFGGHNY,1
AIAPFGGYSY,1
VISPFGYRTY,1
VIGPFGSFTY,1
AISPFGRATN,1
AISPFGMTTY,1
AISYMSGSTY,1
SISPFGSKTY,1
AIVPFGLKTY,1
AINPFVGYTY,1
AIATFGLNTY,1
AIGPSGYYTY,1
AIGDYGRATY,1
AISQWGKYTY,1
AITYYGGPTF,1
AICPYGYTTY,1
AIRWSGNPTY,1
AIVPYGRRTC,1
AISPFGGDTN,1
AIFYYGGSTH,1
TITYKGGSTY,1
AIAPTGNYTY,1
AIQPFGYGTY,1
AINPGGWDTY,1
AIAPYGDLTY,1
AISGYGSHTY,1
AIGPSGRTTY,1
SITPFGEWTY,1
VISPFGKYTY,1
AIAEYGNTTY,1
AIGPFGSWTY,1
PIGPFGGTTY,1
AIMYIGGSTY,1
AILPFGQWTY,1
AIGPFGRGIY,1
AISYSGCSTY,1
TIRWNGSSTY,1
AIRNGGSWTY,1
ATSPFGKYTY,1
AINWSGRRTY,1
AISYKGGSTH,1
AIGPFGSFIY,1
AIVPYACRTY,1
AILPCGNYTY,1
AINPFGWGTY,1
AIAPFGRKTD,1
AITPFGQKTY,1
AISEYAYGTY,1
AISDHGTRTY,1
TINWNGKSTY,1
AILYKGCSTY,1
AIFPYGKLTY,1
AIRLFGVETY,1
AXVPFGNYTY,1
TISPYGYYTY,1
AISPYCGTTY,1
AISPFGEYAY,1
AIAPYGFRTY,1
AIHPYGRGTY,1
AIGPFGGLIY,1
AIAPCGSYTY,1
AINPFGLQTY,1
AISYMGGFTY,1
AIAPFGEDPY,1
AISSFGGSTY,1
AICYKGGSTH,1
AIIMRGGQTY,1
AILPYGISTY,1
AIRPYCGYTY,1
AISQFGAQTY,1
AIASFGGKTY,1
AISQFGYATY,1
AIQWAGDYTY,1
AISPYGRCTY,1
AIGPFGENTY,1
AISTYGYRTY,1
AIVPYGLATY,1
AISPFDSLTY,1
AIALFGHVTY,1
AIAQFGKWTY,1
AINWNGKYAY,1
AISPFCGTTY,1
AIRPFGWPTY,1
AISYRGHWTY,1
AINPYGSLTY,1
TISSFGDGTY,1
AILPYGQKTY,1
AIRLWAGSTY,1
AITPYGRSTY,1
AIAPFGSHAY,1
AIGPVGSQTY,1
AIRPFGFGTY,1
SISPFGYRTY,1
AIAPFGYHAY,1
AIRAYGNHTY,1
AISYVGGPTY,1
AITTFGYDTY,1
TIAPFGQSTY,1
VIGPFGSLTY,1
AISPFSNATY,1
AILPYCGYTY,1
AIQYKGCSTY,1
AIETFGGHTY,1
AISPFGLSIY,1
AISLRGQNTY,1
AIQPFGIKTY,1
AIRMGGISTY,1
AIAPLGEYTY,1
AIKPYGNWTY,1
VISPFGSYTY,1
AISTWGYRTY,1
AIAPFGYQTN,1
AISPWGCNTY,1
AIASFGRRTY,1
AMSPFGQNTY,1
AIDPYGLSTY,1
AIGPFGHETY,1
AIAPYGGLTY,1
AIAPFCGFTY,1
AMGPFGSKTY,1
AISNRGDRTY,1
AISPFGGYAY,1
AIIYSGGYTY,1
AISTYGGTTY,1
TISTFGNRTY,1
AINPFVGRTY,1
AIATFGGKTY,1
ALNPYGRITY,1
AIRPCGYDTY,1
EIVPYGRRTY,1
AIGPFGIVTY,1
AICPYGGNTY,1
AIQPFGDRAY,1
AISPYGGYIY,1
AISPFDNWTY,1
SISPFGYGTY,1
AIGPLGNGTY,1
AIAPYGEYTH,1
AIGAPGIGTY,1
AIKIDGYRTY,1
AIVPFGNTTY,1
TIAPFGGKTY,1
ATGPFGGGTY,1
AIAPYGGHTY,1
AIAYYSGSTY,1
AISYKGCSTY,1
AIAPYCGYTY,1
AIAPWGDYTY,1
AIIPYGEYTY,1
AIAYVGGTTY,1
AISNYGAYTY,1
AITPFDSHTY,1
AISPYGEYAY,1
AIGPFGIYTY,1
ATGPFGGYTY,1
ARVPYGRRTY,1
AILVWGGSTY,1
AIIPFGSRTY,1
AISPKGFRTY,1
AIVPPGGYTY,1
EINPFGGYTY,1
AILPYGIRTY,1
AIILWGGSTY,1
AIHQYGRRTY,1
AISWVGSYTY,1
AISPGGPKTY,1
AIRPIGYETY,1
AIAPFGCWTY,1
AISPFCHWTY,1
AITSFGNYTY,1
AIRPFCFNTY,1
AIPYSGGSTY,1
AIMIRGGSTY,1
AIYPYGSKTY,1
AISYSGGSTH,1
AIRTFGSYTY,1
AIGPFGCETY,1
AIAPFGGVTY,1
AISPFCEWTY,1
AISTWGNYTY,1
AIGMWGDATY,1
AIAPFCWHTY,1
AIATYGSHTY,1
AITPVGKGTY,1
EIGPFGYTTY,1
AIATYGRYTY,1
AIRPFGYGTY,1
AINPWGGYTY,1
AIAPFGYSTH,1
AIAPFGNRIY,1
PINPFGGRTY,1
PISPFGQVTY,1
SISPFGYDTY,1
AIAPNDIHTY,1
AMRWNGDYTY,1
AIAPFGHKTH,1
AISLFGENTY,1
AISPRGATTY,1
AIRLWGGSTH,1
AIGQFGEQTY,1
TIIYNGGSTY,1
EIRWNGDYTY,1
AIFTDGRQTY,1
AISEYGDSTY,1
AIAYMVGSTY,1
AIEYAGGSTY,1
AISPYGLWTY,1
AITQFGSFTY,1
AISSLGDNTY,1
AIGPYGSCTY,1
AITPYGFYTY,1
AIKPSGYRTY,1
AIRSFGCETY,1
AIGPYGLRTD,1
AIRPCGYQTY,1
SISEYGYCTY,1
AICPFGSQTY,1
AMNPYGSYTY,1
AIGTFGRGTY,1
AIRMGCGSTY,1
AINPYGLDTY,1
AISPSGIGTY,1
AISYTSGSTY,1
AIGQYGGNTY,1
AISQFGSSTY,1
AIGQFGEYTY,1
AMSPFGQGTY,1
TISPFGQRTY,1
SISPFGANTY,1
AILPYGTETY,1
TIDPFGGSTY,1
AISPFGDSAY,1
AISPFGLDTD,1
AIPYMCGSTY,1
SIKYMGGSTY,1
SISPYGGYTY,1
AITPGGFKTY,1
AILYYSGSTY,1
AINPFGKSTY,1
AIQPFGYSTY,1
AISPFGQKTN,1
AIRFSGADTY,1
AIRYRGGSTY,1
AISPFGPRTY,1
AIRPWGLGTY,1
AISYVGGYTY,1
AIRPFGWGIY,1
VIRYTGGSTY,1
AITEYGYRTY,1
AIAPFDNLTY,1
AISPFGSHTH,1
AISPFGISSY,1
AIGSFGYQTY,1
AIAPYGWKTY,1
AITQFGSYTY,1
VISPFGQNTY,1
AIEPFGNRTY,1
AIIPFGGRTY,1
TISPFGAYTY,1
VIMIWGGSTY,1
AIASFGQSTY,1
AICMWCGSTY,1
TITPYGGYTY,1
AIKVYGVRTY,1
AISDSGRSTY,1
SIRPFGDSTY,1
AIARFGYQTY,1
AITYMRGSTY,1
AIRPNGSYTY,1
AISPFCWKTY,1
AMSPFGANTY,1
AISLFGLSTY,1
AITDGGYYTY,1
AIRMWGDSTY,1
AISLFGRTTY,1
AICPLGYGTY,1
AINPYRRRTY,1
AISSYGRRTN,1
AIVPYGQYTY,1
AINPYGRRIY,1
AISPYGKSTY,1
AISPDGNKTY,1
AILPWGDQTY,1
AIGFYGCSTY,1
AISQYGGITY,1
AIYPYGQYTY,1
AIALFGISTY,1
TIKYMGGSTY,1
AINMWGRSTY,1
AISPFGDGTH,1
AIGPFGVYTY,1
AINPFGNHTY,1
AVAPFGNRTY,1
AIGYMGGSTD,1
TINPFGSATY,1
AIRPFALHTY,1
AIFPYGYKTY,1
AIRPWGRHTY,1
AIATFGHWTY,1
AIYPFGFGTY,1
AMVQYGRRTY,1
AIGFMCGSTY,1
AISPGGRKTY,1
AIAPFGYKTD,1
AISPFGNDTH,1
AINYMGGSNY,1
AILRYGYYTY,1
AIRPFGSRSY,1
AIRPFGLHTY,1
AIGPFGSVAY,1
AIGPFGDKTH,1
AIGLFGSLTY,1
AISPYGHTTY,1
AIRPFGDITY,1
AISGYGNYTY,1
AITPWGNSTY,1
AIWPYGDYTY,1
RITPFGSYTY,1
AINPYVRRTY,1
AISPFGYHTH,1
AISPWGNYIY,1
ALQPFGNYTY,1
TIRWAGEYTY,1
AIEPFGRKTY,1
AIYYWGGSTY,1
AIRCAGDYTY,1
AIVPYGGNTY,1
AISPFDIGTY,1
AIPYIGGSTY,1
SIGSYGNYTY,1
AIDQFGGSTY,1
RIKYLGGSTY,1
AIAPFGDATY,1
AIQMCGGSTY,1
AINPYGRITN,1
AISTYGDVTY,1
AISPYGINTY,1
AIGPFCEYTY,1
AMSWRGNYTY,1
AIRPNGYTTY,1
AIQWNGVSTY,1
AISVYGQLTY,1
AISPFGLRTH,1
AIRPYGRDTY,1
AIRPFDNYTY,1
AIGLFGDYTY,1
AIASYGEYTY,1
AIAHFGEYTY,1
AIRYSVDFTY,1
VISPFGSWTY,1
AIVYKGGSAY,1
AITPYGRTTY,1
AISPYGYRNY,1
AISPYGYYSY,1
RVNMWGGSTY,1
AIGTFGGLTY,1
AISPLGSHTY,1
AIAQFGDRTY,1
AILPFGGRTY,1
AISPFGFQTH,1
AIAMWGVSTY,1
AIHPYGRRTH,1
AIAYYCGSTY,1
AIVPFASNTY,1
AIQYMCGSTY,1
AIDPFGGLTY,1
VISPYGNYTY,1
AIRPFGIRTY,1
AINWRCSYTY,1
AIRPFGRTTY,1
AIGPNGYDTY,1
AINPFGHCTY,1
AMSPFGWETY,1
SISPFGKYTY,1
AIIYNCGSTY,1
AISWDGNYTH,1
AIRPYGGRTY,1
EISPYGNYTY,1
AITPFGMETY,1
AIRWNCDYTY,1
AISPRGSYTY,1
VINPFGGRTY,1
TIGPFGNGTY,1
AIGRFGDYTY,1
AISPFGPHTY,1
AITPLGRLTY,1
AINPFGFTTY,1
AILPLGYHTY,1
AIRWRGARTY,1
AISPYGRYIY,1
AMSPYGSRTY,1
VITPFGGRTY,1
AIIYYGGSTH,1
AIAPYCAYTY,1
AINSFGGYTY,1
AIDPYGYRTY,1
PITEYGYATY,1
AIAQFGGTTY,1
AIHAYGNYTY,1
AISPFGSYTH,1
AITPFGFHTY,1
AIIGYGRYTY,1
AIKPYGQYTY,1
AISPFGEWTH,1
AINPYGRINY,1
AINWNCKSTY,1
AILPNGSATY,1
AIRSFGVHTY,1
AITPFGLSTD,1
AIIPFCYKTY,1
AIRMHGCSTY,1
AIGPLGDWTY,1
ATSPFGSKTY,1
AISPVGNDTY,1
SIGPFGSYTY,1
SIAPWGSYTY,1
AMRPYGEYTY,1
VIGPFGGITY,1
AIAQFGHFTY,1
AIKYVGDSTY,1
AISPFGNETH,1
AIIPFGQYTY,1
AISTFGGITY,1
AIRWSDNQTY,1
AILYMGGSTH,1
EISPFGASTY,1
AIRWSGNHTY,1
AIRMWGGWTY,1
AIRPFGRRTY,1
AIRQFGWSTY,1
TISYSGGSTY,1
AISPFCDGTY,1
AIRPFGISTY,1
AIGPYGLTTY,1
AISPFGCLTY,1
AIAPSGISTY,1
PISPFGGRTY,1
AINPGGSYTY,1
AIGPFGNYSY,1
AIRPWCNQTY,1
AIRWNGDYNY,1
AIRPFDDFTY,1
AINPFGSHTY,1
SINMWGGSTY,1
AIVPYGHHTY,1
AISPFGLTTH,1
AINSLGGYTY,1
AIGPFGSSTN,1
ATSPFGNSTY,1
AIASFGWDTY,1
AIGPFGKNTY,1
AINSFGRDTY,1
TIPMWGGSTY,1
AIRPFGEWTY,1
AISEYGDWTY,1
AISEHGYSTY,1
AIRWNGSRTY,1
AVSEYGYATY,1
AIAPFGSSIY,1
AISPFGQLTY,1
AIVPRGQRTY,1
AIVYKGCSTY,1
AISTFGKATY,1
AISDYGGDTY,1
AINQFGGHTY,1
AINPYGKYTN,1
AIGPRGAHTY,1
AIVSFGSNTY,1
AILYLGGSTY,1
AISYVGGDTY,1
AICPYGSYTY,1
SIGPFCRTTY,1
AIGPWGDLTY,1
ATAMWGGSTY,1
AIADYGRLTY,1
AITPRGNLTY,1
AISPFGIPTY,1
AITEHGYATY,1
TIAPFGSWTY,1
AISPLGFNTY,1
AIKPFGGDTH,1
AILSYGRITY,1
AIGPFGELTY,1
AICPFCSFTY,1
AITPYGGTTY,1
AISQFGGQTY,1
TITEYGYVTY,1
AISQFGRSTY,1
AIYRYGQYTY,1
AIFQYGGYTY,1
AIKPFGQCTY,1
AIGPYGSLPY,1
AIIPGGGRTY,1
AIGPSGRSTY,1
AISPYGIKTY,1
AISPFGNYTH,1
AISPVGNLTY,1
AIRFRGGNTH,1
AISYLGVSTY,1
AISYDSSYTY,1
AIKTFGCNTY,1
AIAPFGYRAY,1
AIRWNGLGTY,1
AISPLGGNTY,1
AMSPFGSLTY,1
AISSFGHRTY,1
AIDPFGSGTY,1
AISTYGGGTY,1
AIRPYGPETY,1
AINPFGYQTY,1
AIQPFGINTY,1
AILPDGYSTY,1
AITRFGGYTH,1
AIQMWGGLTY,1
AITQFGEWTY,1
AINPFGKNTY,1
AIRWSCNQTY,1
AILPYGHYTY,1
AIRPFGVDTY,1
AIAPFGCKTY,1
AIAPFCGSTY,1
AIVPFGSGTY,1
AISIFGNFTY,1
AIGPCGGSTY,1
AIGSHGNNTY,1
ARSEYGYGTY,1
AIAQFGNKTY,1
AIRYIGGSTY,1
AISPFDTSTY,1
RVSDYGSYTY,1
SIIPFGYKTY,1
AISKVGNDTF,1
AIAPFCLTTY,1
AISPDCQATY,1
AIKPYGSWTY,1
AIAPYGLTTY,1
AIAMWSGSTY,1
AISTFGIKTY,1
AIRWDGSYTY,1
AIAPFGSFTY,1
AISPFGYSNY,1
AIGYMCGSTY,1
AISEYGEYTF,1
AIAPFGTITY,1
AIRLGCTYTY,1
TISFYGGSTY,1
AISPFCNDTY,1
AISWRGQNTH,1
TISPFGLTTY,1
AIYVYGQNTY,1
VIAPFGLKTY,1
AIQPSGGYTY,1
AISPFGDGTF,1
AIGQFGGLTY,1
AIVPYGTRAY,1
EINPFGGRTY,1
AIGTFGHTTY,1
AITDYGGYTY,1
AITEYGYATD,1
AISPFGGLIY,1
AINPFCHWTY,1
AINPYGDGTY,1
AILSYGSRTY,1
AIAPWGFCTY,1
AISSFGQVTY,1
AINYYGGSIY,1
AIIPFGSLTY,1
AIAPYGVYTY,1
AISPFGYWTY,1
AILYFGGSTY,1
AIRYEGSYTY,1
TISPFGRSTY,1
AICPFGSFTY,1
AIGPFGDRAY,1
AISLFGINTY,1
AIATFGGYTY,1
AIMMWGGPTY,1
ATNPYGRRTY,1
AITYYCGSTF,1
AINSFGDGTY,1
AILLWGGSTY,1
AIAPWCYRTY,1
AISPLGSLTY,1
AIDPFGGRTY,1
AIGPHGNYTY,1
AIGPSGLNTY,1
AILPFGDLTY,1
AIAPFCNRTY,1
AIATFGLKTY,1
AITPFGHQTY,1
AIGPFGNQTY,1
AISPSGYLTH,1
AXRPFGGDXY,1
AITHWGGSTY,1
SISYYGGSTY,1
AICYKGVSTY,1
ATSPFGLNTY,1
AMQPFGSNTY,1
AIRPLCYNTY,1
AICPFGFETY,1
TIGPFGGTTY,1
AITPFGHGTY,1
AITPFCAYTY,1
AISPYGRYTC,1
VIAPFGDRTY,1
AIRWNGDYTH,1
VISYYGGSTY,1
AINYMGGSAY,1
AISPFGGWAY,1
TIFPYGSYTY,1
AISPFDSFTY,1
AIRLFGWSTY,1
AIGPFGSVTC,1
AIRLFGDSTY,1
AIAPFGSYAY,1
AISYDGYYTY,1
AISPRCDYTY,1
AIVQFGGRTY,1
AISPFCWETY,1
TIAPLGATTY,1
AITPFGLTTY,1
AISPFGCDTY,1
AISPCGNYTY,1
AITPSGDATY,1
AISPWGCKTY,1
AIKWDGSYTH,1
AIGPFGIGTY,1
AILSYGYKTY,1
AIFPDGRHTY,1
AIRPFGFNNY,1
AISWDCSYTY,1
SISPWGLGTY,1
TIFPYGGYTY,1
AITPWGLQTY,1
AIAPYGSWTY,1
AISPYGSRNY,1
TISPFGTDTY,1
SIQPFGDRTY,1
AISPFGGQTD,1
AIITFGGTTY,1
AINPFGDATY,1
AISPFGGRIY,1
AIGPFDYTTY,1
AIVPFCGRTY,1
ALSEYGRRTY,1
SIGPYGESTY,1
AIGPFGSGTH,1
AIYPYGYHTY,1
AIDPFGGNTY,1
AIRWKGSCTY,1
AIGYMGGSTN,1
AINTFGGRTY,1
AIDPFGNGTY,1
AISPFGDDTY,1
AISGYGYATY,1
AIMIWCGSTY,1
AIRSCGGGTY,1
SISPYGKLTY,1
AIPPFGWKTY,1
AIELRGGLTY,1
AINYMGDSTY,1
AINPCGYYTY,1
AISPFGWNTH,1
AIKYVGCSTY,1
AIGPLGYETY,1
AINGTGNRTY,1
AIGPFGNATY,1
AISPWGGYNY,1
AICRFGGYTY,1
AIIPYGYYTY,1
AITYMGCSTY,1
AISPFCRGTY,1
AIHPFGDRTY,1
AISLFGSRTY,1
EISSYGRYTY,1
AIAYKGSSTY,1
AIKSVGGSTY,1
AIGMWGGSTN,1
AIRPFVNYTY,1
TIRMKGGSTY,1
SISPFGGLTY,1
AMGPFGSFTY,1
AIYPIGSSTY,1
AITEYGCYTY,1
AITPQGSLTY,1
AIAPFGNRTN,1
VIGPFGGLTY,1
SIRMWGGSTY,1
AMGPFGNFTY,1
AISPFGVNTY,1
ATGPFGSGTY,1
AISPYCNHTY,1
AIHPYGRSTY,1
AIRPSGGDNY,1
AISPWGGRTY,1
AIYPYRGGTY,1
AIGHFGGYTY,1
AIGPFGRLTY,1
AISPFGDATH,1
ATTPYGGYTY,1
AIRFSGGNTY,1
AMDPYGESTY,1
AINPYGIRTY,1
AIRPFGANIY,1
AILPYGDRTH,1
AIIPFGRSTY,1
AIGAFGGHTY,1
SISPFGAQTY,1
AIASFGSYTY,1
AILPYGEWTY,1
VISPFGGFTY,1
AIRYAGSDTY,1
AISPFGEGTY,1
AITPYGGYAY,1
SISPYGGSTY,1
EISWRGARTY,1
AISPFGQMTY,1
AIVQFGNNTY,1
AILPYGYYTY,1
AIAPFGNATY,1
AIGPFGDWTD,1
AIGPFSSGTY,1
AISPFGSVTH,1
AIGKAGNYTY,1
AISPFGQNAY,1
AINPFGQGTY,1
AIRMWGGSTN,1
AIAPAGYSTY,1
AIAPFGQLTY,1
AMSPWGGYTY,1
AISLFGRLTY,1
AISPRGGKTY,1
AICPFGGFTY,1
PINPFGGYTY,1
TISPFGDHTY,1
AIIYSGVSTY,1
AITPYGSHTY,1
TIMYTGGSTY,1
AIMYNGGSNY,1
AIMMWGRSTY,1
AISTSGYRTY,1
TIETFGGRTY,1
ALGPFGGYTY,1
AIAPFCSYTY,1
SISPSGKKTY,1
AIAPKGLSTY,1
AIAPFCKSTY,1
AISPFCKKTY,1
AISEFGGYIY,1
AISYYGSSTY,1
ARNPYGRRTY,1
AISPYGELTY,1
AISDNGKYTY,1
AIRLWGDSTY,1
AIRPFRDSTY,1
SISWDGSYTY,1
AIGMWGDSTY,1
AIIPFGYQTY,1
AINPFGLRTY,1
AIRYVGSYTY,1
EIGPFGNITY,1
AIKPFCYTTY,1
AICYWGGSTY,1
AIQPFCSNTY,1
AIGPFVDKTY,1
AIQSSGGSTY,1
AMSPFGSYTY,1
AISPFGGITH,1
AIGPFGLVTY,1
AISPFGLSTH,1
AISQFGLDTY,1
AIIPFCGTTY,1
AIRWDGDYTY,1
AMVPFGNNTY,1
AIKLMGGSSY,1
AISPYGEYTH,1
AIAQFGSYTY,1
AIGPFGSSTH,1
VISPYGFTTY,1
AIRPHGTETY,1
EIAPFGNNTY,1
TIGWDGEYTY,1
VIAYYGGSTY,1
AISPFAYNTY,1
AMAPFGDRTY,1
AIRSFCGETY,1
AILPFCHQTY,1
AISPFGYDTH,1
AIRLIGYSTY,1
EIRPFGYDTY,1
VISWRGDRTY,1
AVAPYGEYTY,1
AIGPFGGYNY,1
AINPYGKYTH,1
AIRWDGFATH,1
AIGQFGSSTY,1
AIQPFGDSTY,1
AIMFYGDSTY,1
AITPFCYDTY,1
AIAPLGRYTY,1
AISEYGHFTY,1
AISPLGYCTY,1
AIEYYGGSTH,1
EIGPFGGITY,1
AINPYGDRNY,1
AIIPFGQRTY,1
AIVYCGGSTY,1
AIALFGDRTY,1
AINPGGWGIY,1
EITPYGGYTY,1
VIVPFGKYTY,1
AIAPSGSSTY,1
AISQNGKWTY,1
SIRLWGGSTY,1
AISPFDGNTY,1
AIAPFGWKTH,1
SIGWDGEYTY,1
AISPFCLDTY,1
AISYRGNSTY,1
AIAPFGEQTY,1
AICPDGSRTY,1
AIALFGLSTY,1
AISWRGDSTY,1
AITPFGCATY,1
AISTFGNNTY,1
AIRWNGVEIY,1
AIRMQGGSAY,1
TIAYVGGSTY,1
AIAQYGRRTY,1
SISPFGGWTY,1
AISPWGMGTY,1
AISPYCYSTY,1
AIVPHGRRTY,1
AISCDGNYTY,1
AIVPFGRKTY,1
AIRSFGSYTY,1
AISPFGPKTY,1
AIGPYGRSTY,1
AISPFGYVTY,1
AIAYVGVSTY,1
AIAPKGRYTY,1
AISQFGWSTY,1
AIRPFGNHTY,1
AIGTYGSYTY,1
AIVPWGRSTY,1
AIIPFGHKTY,1
AISEYGARTY,1
AITPFCKSTY,1
AIRWRGGVTY,1
AIGPFGQRTY,1
AIAPFCRNTY,1
AIRPFGADTY,1
AIGLFGGHTY,1
TIAPFGYSTY,1
AITPYGGITY,1
SISPFGKFTY,1
AIAPCGLETY,1
AIRPFGNTTY,1
AISPFCSKTY,1
AIAPFGHWTD,1
AISPYGFRTY,1
AITPFGWDTY,1
AIRMGGCSTY,1
AMRWRGYGTY,1
AIAPLCLSTY,1
AITYWGSSTY,1
AINPYCSYTY,1
AILPYCTYTY,1
AINDYGSHTY,1
AIRWNGVGTY,1
AISPFGYRAY,1
AISPCGLGTY,1
PIDPYGNSTY,1
AIAQFGYQTY,1
AIRPFADYTY,1
AMSPFGLDTY,1
AIRYTGSSTY,1
AIRWRGGKTY,1
AITHTGGSTY,1
AISPFGLGPY,1
AISPRGCYTY,1
AIRIYGSRAY,1
VISPFGQITY,1
TINPFGNRTY,1
SISPFGNGTY,1
AIASYGNYTY,1
AIRLLGGSTY,1
AISNSGYNTY,1
AIDPYGYHTY,1
AISPFGYQTH,1
AISTAGLRTY,1
AIGPFGYFTY,1
AISPFGENTC,1
AIGPFGSRTN,1
AIVPFCGLTY,1
AIQMWGDSTY,1
AIAYMGDSTY,1
AISMWDGSTY,1
SIRYTGGSTY,1
TISPYGTRTY,1
AIGLFGSQTY,1
AIQSFGGHTY,1
AIVPWGNYTY,1
AIGMWSGSTY,1
VIIPFGRITY,1
SIIYSGGSTY,1
AIRWRGRGTY,1
AISQFGDQTY,1
AIAEFGNNTY,1
AIYPYGAYTY,1
AIRSFGDETY,1
ATSPFGYRTY,1
AISPIGGVTY,1
AIRPFGGDTN,1
AIRWNGMDTY,1
AITYMGSSTY,1
AISPFGMGTY,1
AISSDGSYTY,1
AISPWGCATY,1
AILSYGSFTY,1
AITPYGLYTY,1
AILPYGTLTY,1
AIAQFGGDTY,1
AIEPFGHQTY,1
AIGPFGDWAY,1
SIAPFGRNTY,1
AIAPFCARTY,1
ATRWNGSATY,1
AINPFGSVTY,1
AISEYGYAPY,1
TITYMGGSTY,1
AISPFCKATY,1
AINYMGGGTY,1
SITPFGHSTY,1
SIRPWGDQTY,1
AIVPYGSFTY,1
AIAMWGGRTY,1
AISPFGNWNY,1
AILPYGYHTY,1
AITPFCSSTY,1
AISSFGGYTY,1
AITPLGYYTY,1
TISPFGSSTY,1
AIGPFGQETY,1
AIRYNDGSTY,1
AIRFASYETY,1
AISPYGLNTY,1
AISTYGTRTY,1
AMSPFGHITY,1
RISPYGTYTY,1
AIGEYGDYTY,1
AIAPFCNTTY,1
AISTYGYSTY,1
AIQPFGGSTY,1
AIGPLGSITY,1
AISYYGRYTY,1
AIGPFGNGIY,1
EIGPFGDYTY,1
AIGPFGKLTH,1
AIGPWGGRTY,1
AIGYVGDSTY,1
AIRPFGWSTH,1
AISQFGKFTY,1
AINYYGGSPY,1
TISEYGYSTY,1
AIAQFGYDTY,1
AISYMGGYTY,1
AIEYYGDSTY,1
AILPYGRFTY,1
AISPFGGNTD,1
AIGPYGSPTY,1
AISYDGSYTN,1
AISYRGSKTY,1
VIGSYGVRTY,1
AIDSYGGYTY,1
AIVRYGRRTY,1
AIFPYGLRTY,1
AIAPFGWGTY,1
PINYYGGSTY,1
AIGARGDFTY,1
AISPFGMHTY,1
AINPFGEYTY,1
AISPYGNGTY,1
AMAPFGSSTY,1
AIVPFGLTTY,1
AISPGGKYAY,1
AISMWGSYTY,1
AIAPCGNYTY,1
AIAQYGGYTY,1
AITPFGEATY,1
AIGPFRSYTY,1
AIMYMGGYTY,1
AIPPFGLSTY,1
AISPFCFDTY,1
AISPYGAHTD,1
AINPDGKTTY,1
AICPFGGGTY,1
AIAFYGGSTH,1
VIAPFGYRTY,1
AIQYSGVSTY,1
AISPYGTKTH,1
AITHMGGSTY,1
TITPSGDRTY,1
AISPFCLNTY,1
AIRYAGDFAY,1
AIQYMGSSTY,1
AISPFSLKTY,1
AMSPFGYGTY,1
AITMWCGSTY,1
AISEYSWGTY,1
AIHGYGSYTY,1
AIVPFGRNTY,1
AITTYGGYTY,1
AIPPYGLCTY,1
AINPYGPITY,1
AISPFCYNTY,1
ALSPFGQTTY,1
AIAPFCEYTY,1
AISPFGQNTC,1
PIRYTGGSTY,1
AISPYGRYSY,1
AIQCYGGITY,1
AISYSGGTTY,1
VISPFGGDTY,1
AINDYGRYTY,1
TISYVGGSTY,1
AIIYFGGSTY,1
AINYYGRRTY,1
AIAPFCGWTY,1
AISPFGSHAY,1
AISEYGYSAY,1
AIRFACYETY,1
PISPYGGYTY,1
AIAPHGGYTY,1
AITQFGIGTY,1
AILSYGNYTY,1
AIVPFGNFTY,1
AILWNGLDTY,1
SISPFGLSTY,1
AINPYGYQTY,1
TIRPFGHSTY,1
AIGTFGSKTY,1
EISPFGSLTY,1
AIGPVGKATY,1
AIGPFDNNTY,1
AIRPFVLETY,1
AIKDYGNRTY,1
AINDYGSYTY,1
AIRMWGGATY,1
AITPYGKVTY,1
AIKPFGHYTY,1
AIGPGGGSTY,1
AIRCNGNYTY,1
AIALWGGSTY,1
AISPWGDYTY,1
AISYRGGSTY,1
TINWNGERTY,1
AIEMRGGTTY,1
SISPWGGYTY,1
AIRQWGYQTY,1
AIAPFGGETY,1
AIVPSGYKTY,1
AISPSGAFTY,1
AISLFGNSTY,1
AIRPFCYNTY,1
AIFPDGHQTY,1
AIAQFGHRTY,1
AISPFGGLTF,1
AIAPFGIDTD,1
AIRMWGGPTY,1
AIRWSSNQTY,1
AITPFGGYTH,1
AIRYKGRSTY,1
AIVPRGGHTY,1
AIGPFGRATY,1
AIGWFGGHTY,1
AISPYVSWTY,1
AIVPTGGRTY,1
AIGPFGIQTY,1
AISPFGDWAY,1
SISPFGSNTY,1
TIGSFGGNTY,1
AIAQFGIRTY,1
AIRPFCDSTY,1
AIFYKCGSTY,1
AMNPYGSITY,1
AIRHSGGQTY,1
AISPFGWNIY,1
VISPFGGPTY,1
AIKPFGGHIY,1
AIVPFGISTY,1
AISYKGDLTY,1
AITEYGRYTY,1
TINPFCYKTY,1
AIALFGRNTY,1
ATSPFGGATY,1
AISPHGNYTF,1
AIAPIGRYTY,1
AIRYVGDSTY,1
AIGPFGQKTY,1
AIAQFGWSTY,1
SIGPFGNITY,1
AIMMLGGSTY,1
AISYRGYWTY,1
AISPFGGYTN,1
AINWRGQYTY,1
AINTYGLRTY,1
AIDPFGSKTY,1
AIGPFGDNTY,1
AIIYVCGSTY,1
AISQDGSRTY,1
AIDMWGCSTY,1
AISQIGKGTY,1
AIKPFGVHTY,1
ATGPFGFSTY,1
AIAYIGGSTY,1
AISPFSASTY,1
AISSRGDRTY,1
AINWNGKRTY,1
AISQNGAYTY,1
AISQFGFNTY,1
AISPFGRGIY,1
AINPYSRRTY,1
AMSPFGSVTY,1
ATSPFGDKTY,1
TIQPFGNKTY,1
AIQMLGGSTY,1
AISPAGLKTY,1
AIRPFGNYPY,1
AINPYGYHTY,1
AIYPFGHRTY,1
AIMYTGDSTY,1
AISPFGGWTN,1
AINPYGDATY,1
EISPFGGWTY,1
AISRICKYTY,1
TISPFGDGTY,1
AIPVWGGSTY,1
AILLSGNWTY,1
AIQPFGSNTH,1
AIAQFGRNTY,1
AISEYGYGIY,1
TIGPFGGITY,1
AINPHGYYTY,1
AIVPYGRRTN,1
AIVQFGGDTY,1
AIGSFVDITY,1
AIRYYGCSTY,1
AIVPYGERTY,1
AIAPYGWHTY,1
AISRFGSDTY,1
AIVPFGYNTY,1
AIGRYGGNTY,1
AITPVGYRTY,1
AISPIGFGTY,1
AIATYGEYTY,1
AIVTFGGRTY,1
AIRPYGRFTY,1
AMKPFGQGTY,1
AISEYGSATY,1
AIRPDGEWTY,1
AMNYMGGSTY,1
SISGYGSYTY,1
AIGPFSSVTY,1
AIIPFGERTY,1
AIRSFGSHTY,1
AIAPFSQSTY,1
AITQFGSKTY,1
AIGPFVGTTY,1
SIAPFGQNTY,1
AISPWGCHTY,1
AIKSFGQGTY,1
AMSWDGNYTY,1
AIAPFGLKTH,1
AISPIGDFTY,1
AITFWGDSTY,1
AIALYGSYTY,1
AISEFGSWTY,1
AIRYAGGFTY,1
AISPRGDFTY,1
AITMCGGSTY,1
AMSPFGYRTY,1
ATVPYGRRTY,1
VITPFGNETY,1
AISPFGYATH,1
AIIYTSGSTY,1
AISPFGSWAY,1
AIEFRGNITY,1
AIGPFGTTTY,1
AISSRCARTY,1
AIGPFGEKTY,1
AITPFCFKTY,1
ARAPYGGDTY,1
AINPYVRYTY,1
AIQGYGGITH,1
AITPYGCYTY,1
AIRWNDDYTY,1
TISPFGWNTY,1
AIVPFGYDTY,1
AIPYVGGSTH,1
EISPFGAYTY,1
AISMWGGRTY,1
AITPFGRSTY,1
AISDYGYANY,1
AIGKFGSFTY,1
AVKMWGGSTY,1
AIRPLCRDTY,1
AMSPFGNDTY,1
AIPYLGGSTY,1
AIAQYGRYTY,1
AITPLGGLTY,1
AIAPFGYQTH,1
AIRSPGGSTY,1
AIPGYGGITY,1
TITYVGGSTY,1
AIRWKGSGTC,1
AIPPFGSHTY,1
AISDFGDKTY,1
AISTYGQPTY,1
AIRWHGDETY,1
EIAPFGNKTY,1
AIPSLGGSTY,1
AIGPIGGLTY,1
AISPFRYSTY,1
AISPLGCYTY,1
AISYMGGSTN,1
AIQPFGYDTY,1
AILYYGGSTH,1
AISPWGCFTY,1
AIDMWGGSSY,1
AIRGIGSKTY,1
RDKRIGEYTY,1
AIAPYGTITY,1
TIQYYGGSTY,1
AIGQYGNYTY,1
AIFTYGSYTY,1
SISNNGYRTY,1
AIRLLGLGTY,1
AITSYGGSTY,1
PIGPFGRGTY,1
AISAYGTRTY,1
AIAPFGRRAY,1
AIAPFGQHTY,1
AIRSHGGSTY,1
AIAPFGGPTY,1
AIQPFGISTY,1
AMAPFGRRTY,1
AIGPFGGHIY,1
AIRWRGRSTY,1
AIAQFGNSTY,1
AIRCNGSSTY,1
AISYFGEKTY,1
AINPYGHYTY,1
AISPFGFYTY,1
AIGPFGEHTY,1
AINPYGYATY,1
AIKPFCKFTY,1
AISLFGNDTY,1
AITMWGGYTY,1
AIAYVSGSTY,1
AIRPFGGATY,1
AIGPYGDDTY,1
AISPFVYETY,1
AIRPLGHDTY,1
AIAPFCGKTY,1
AISPFSQNTY,1
AISPFGYETD,1
AITFWGASTY,1
AISYRCDWTY,1
ATIPFGRITY,1
AIRCNGSATY,1
AINPYGENTY,1
AIRPYGNLTY,1
AISPFVIGTY,1
AISPYGCSTY,1
AIEPSGYKTY,1
TISPFGEYTY,1
AIVPFGCDTY,1
AISPKGYHTY,1
AIGPFDNGTY,1
AIGQYGSYTY,1
AITEYDYATY,1
SIQYRGNYTY,1
EISPFGGDTY,1
AISPRGYETY,1
AISQFGSVTY,1
AIRTFGSDTY,1
AIYPFGNYTY,1
VINWRGSYTY,1
ATSPFGYNTY,1
VIGPFGSTTY,1
SITPYGSITY,1
AIGPFGRSIY,1
AISPFGIITY,1
AIPMWGDSTY,1
ALSPNGSTTY,1
AITTFGNNTY,1
TISPFGGQTY,1
AIAPYGIYTY,1
SIMMWGGSTY,1
AISRFGGRTY,1
TISPFGQVTY,1
AISPFGAHTY,1
AIAPFCYGTY,1
SISEYGYSTY,1
AILPYGNRTY,1
AIAPFGQNNY,1
AISPRGGMTY,1
AINSFGDNTY,1
AIRPFGNYTC,1
AIRWRGGHTY,1
AISPFVQNTY,1
PISLFERTSQ,1
AINPFGDVTY,1
AITPFGDFTY,1
AMSPFGNYTY,1
AISPVGGSTY,1
AITPFGYVTY,1
AILPPGSQTY,1
AILPYGCFTY,1
AISPFCDITY,1
AISPYGDYSY,1
TISPFGINTY,1
AISPFGNWTC,1
AIQYMGCSTY,1
AIDPTGHGTY,1
AIAPFGRCTY,1
VIAPFGWSTY,1
AILYVGCSTY,1
AIAPFGKKTY,1
AILPSGGWTY,1
AIKPFGEFTY,1
AIVPFGVYTY,1
AIAPFVLSTY,1
AISPFAEWTY,1
AILPFGYDTY,1
EISPFGSKTY,1
AITEYGYATC,1
AISPSGGWTY,1
AISPFDRITY,1
AINTYGNHTY,1
AIGPFGDPTY,1
AIGPFGSCTY,1
AIASWGSFTY,1
AINPYGSDTY,1
AITPVGDSTY,1
AISSYGNRTY,1
AIRPFGTSTY,1
AISQLGRDAY,1
TILPFGLRTY,1
AIGPYGRCTY,1
AIVQFGNYTY,1
VIAPFGRYTY,1
AIIYSGCSTY,1
AIAYMGGPTY,1
AILLGGTYTY,1
AIKQFGGHTY,1
AMSPFGLSTY,1
AICMWGDSTY,1
AINYMVGSTY,1
AISEYGDGTY,1
AIGPFGGTNY,1
AIGTFGDSTY,1
AIVPYGGRTY,1
AISPFGGRAY,1
AIGPYGNTTY,1
TISPYGGTTY,1
AITYYGGSTH,1
AIYPFGGGTD,1
AIRPLGYDTY,1
AINPYGLCTY,1
SISPFGRATY,1
SISPYGFTTY,1
AIIPYGTRTY,1
AITEYGYAAY,1
AIAPYGGDTY,1
RISPWGGYTY,1
AIRQLGYNTY,1
AISPIGRLTY,1
AQIMFGRYTY,1
AIRCMGGSTY,1
AISPFGQHTY,1
TIGPYGSYTY,1
AIAPFGRYTH,1
AISPYCRRTY,1
AIHPYGLRTY,1
AIMMWGGSNY,1
AVAPFGYKTY,1
AIAPDGYFTY,1
AIRMGSGSTY,1
AIGDFGRYTY,1
AIPMSGGSTY,1
AIMMWGDSTY,1
AINSYGRYTY,1
AISPFGWATY,1
AITPFVVETY,1
AISPLGRTTY,1
AIGPYGEATY,1
AIAQWGGRTY,1
AIVPFGHTTY,1
RINPFGSDTY,1
AISPFGSRAY,1
AISPCGGKTY,1
AIGYMVGSTY,1
AIIYYGGLTY,1
AINPFGHKTY,1
AITPIGYGTY,1
AINTYGLYTY,1
AIRPIGSDTY,1
AIGPFGGNTH,1
AIRSFGHETY,1
AIVPYGGTTY,1
AIVPYGTRNY,1
AINQYGRSTY,1
SIAPFGRSTY,1
SISANGLKTY,1
AINPFCYKTY,1
AISTWGGHTY,1
AIGPFCSSTY,1
AISEYGFNTY,1
TITDYGSYTY,1
AINNGGGLTY,1
AIRPYGAFTY,1
AINYMSGSTY,1
AISPFGGTTH,1
AIRWNAVETY,1
AIRPWGYGTY,1
AILPFGWDTY,1
AISPLCKHTY,1
AISWDCNYTY,1
AIGPFCHSTY,1
AMSPFGQRTY,1
AIRSFGGGTH,1
AINRYGSRTY,1
AIGPFDGSTY,1
AISEYGSNTY,1
AIKAYGSHTY,1
AISPVGSDTY,1
AISPYGCWTY,1
AIRMWGVSTY,1
AITPWGGYTY,1
AINPFGDKTY,1
AISYYGGSTD,1
AITPFGTSTY,1
AILPFGNNTY,1
AIAPAGYNTY,1
AIAPSGEYTY,1
AIIPFGNTTY,1
AISPYGCRTY,1
AIRPFGVHTY,1
AISPGGYCTY,1
TISPWGRTTY,1
AMGPHGNNTY,1
AITPFCSLTY,1
AIRPYGGHTY,1
VISPFGSNTY,1
AISPYGSRTS,1
AIRPFGGTTY,1
AIAPLGHWTY,1
AISLIGRSTY,1
SISPFCNSTY,1
AISQNGQGTY,1
AIGPYCGYTY,1
AIAKVGSYTY,1
AIAQFGYTTY,1
AISQFGRHTY,1
AISQFGNETY,1
AIRAFGNFTY,1
AIAQWGNYTY,1
TISPFGGLTY,1
AMAPYGEYTY,1
ATSPFGGNTY,1
AIRWIGNQTY,1
AIPYVCGSTY,1
AISPYGGSAY,1
AIKPFDGDTY,1
AIAYMSGSTY,1
AITYWGGSAY,1
AINPYGGYTN,1
TISPYGYRTY,1
ATAPFGLSTY,1
AISDYGARTY,1
AIKPFGNFTY,1
RVSPFGANTY,1
RYCRMVNIPI,1
TISPYGSFTY,1
AIIPYGGYTY,1
AILTYGSITY,1
ATRWNGVSTY,1
AISEYDWGTY,1
AIRSFGGETC,1
AIAPYCSHTY,1
ATAPFGGYTY,1
AIIPFGDATY,1
AIGPYGGITY,1
AISPFSYNTY,1
AIIFMGGLTY,1
AMRMWGGSTY,1
AIRPFGPHTY,1
AIGTHGKGTY,1
AIRYKGIYTY,1
AISPWGSHTH,1
AIAPLGWRTY,1
AIGEYGDLTY,1
AICPFGSNTY,1
AIHPDGYYTY,1
AMGPFGTRTY,1
AIQLWGGSTY,1
AIAPSGAKTY,1
AIAPSGHWTY,1
AISRWGDWTY,1
AICSFGGNTY,1
AIAPFCHFTY,1
AISPGGGCTY,1
TIYPYGGGTY,1
AIRAHGNYTY,1
AISPRGKQTY,1
AIRPFGYLTY,1
AISPIGKYTY,1
AIRYTCGSTY,1
SILPYGDLTY,1
AIGPYGGQTY,1
AINPYGGQTY,1
AIRQFGANTY,1
AIRPYGTKTY,1
AISPWGHRTY,1
AISPFGNMTY,1
AIRPYGTDTY,1
AIQSYGSRTY,1
AISPAGEGTY,1
AIGRFGGSTY,1
AISEYVYGTY,1
AIAYMGRSTY,1
AITTFGADTY,1
AISPYCAYTY,1
AIAPLGATTH,1
AIGPYGQLTY,1
TIGMWGGSTY,1
AMGPFGRGTY,1
AISYYGGSTS,1
AISYDGCYTY,1
AIVPFSGKTY,1
AISEYGVYTY,1
AISAYGQRTY,1
AIDPFGTNTY,1
AIQYMGGPTY,1
AIGPNGYRTY,1
AISPFGSLTC,1
AIRLSGNRTY,1
TIAPWGSFTY,1
AIAPFGLYTY,1
AIGQFGSFTY,1
AIGQFGGGTY,1
AMAPYGRYTY,1
AISPFGQGTD,1
AIAPYGYETY,1
AIALFGSSTY,1
AISPFVLDTY,1
AIAPYGHVTY,1
AISQYGSRTY,1
AIHPYGAYTY,1
AIRPWGCSTY,1
AINSYGNLTY,1
AICPFGYGTY,1
AMGPFGNITY,1
AISPYGYDTY,1
AIQDYGGITY,1
AITTFGNYTY,1
AIAPYGYWTY,1
AISPFGICTY,1
ARGPFGSRTY,1
AISPLGEYTY,1
AISPIGRRTY,1
AIGPFGDSTN,1
TISPFGYATY,1
AISGHGSYTY,1
AIVYMSGSTY,1
AIAPCGGYTY,1
AIGPYGYTAY,1
AISWVGNYTY,1
AISPFGLSAY,1
AIGPFGGLAY,1
AIQGYCGITY,1
AIVPFGRSTY,1
AIRMHCGSTY,1
AINPYGGNTY,1
AIKPFGPTTY,1
AIKPFGSRAY,1
AISYMGVSTY,1
AIMMWRGSTY,1
AIKWNGHYTY,1
AIIPFGYETY,1
AISPWGLETY,1
AILHRGGQTY,1
AISCYGSYTY,1
AIAYAGDSTY,1
AITPIGYYTY,1
AINPFGLNTY,1
AIGQFGERTY,1
AIGGFGVRTY,1
AINPYGNNTY,1
VISPFGASTY,1
AIVPYGRNTY,1
AIRYMSGSTY,1
AISPFGDITH,1
AIAPYGKTTY,1
AISYSDGSTY,1
AMSPFGGATY,1
TITPFGNYTY,1
AISPYCDRTY,1
AITPFGSLPY,1
AISWRGARTD,1
AIAYVGDSTY,1
AILYTGGSTY,1
AIVMWGGSAY,1
AISPFGSYIY,1
AIAPFGRTTH,1
AISYMGSSTY,1
AIAPYGTRTY,1
AIAPYGRRAY,1
PISYMGGSTY,1
AIRPFCSETY,1
AISLFGDSTY,1
TITYYGGSTY,1
AIILFGGTTY,1
AIEPFGFDTY,1
SIGPFGYSTY,1
AISPQGNSTY,1
AIPYMGGSAY,1
AISEYGRITY,1
AISWSGARTY,1
AISPFGNNIY,1
AIKPFGYRTY,1
AISDFCEKTY,1
AIGPFGGTAY,1
VISPYGGYTY,1
AISQFADYTY,1
AIRPFGPEIY,1
AISPYGEYTN,1
TIAPFGHWTY,1
AIRMLGCSTY,1
AIAPYGGFTY,1
AITFMGGSTY,1
AIYPYGRATY,1
AIRLWSGSTY,1
TISPFGKATY,1
RISMWGGSTY,1
AIGPFGGFTH,1
AIIYSDGSTY,1
TITPYGRYTY,1
AIDPFGKYTY,1
AISPWVLGTY,1
AINPFDGYTY,1
AIAQFGGSTY,1
AISPLGDLTY,1
AIAPFGNLAY,1
TISPFGFDTY,1
AISPYGGYNY,1
AIQPFVDRTY,1
AISPFCGITY,1
AIATFGYQTY,1
AIAKWGGSTY,1
AIRYTGGSTH,1
AISSFGNTTY,1
TIGPFSSRTY,1
AISEFCWNTY,1
AINSYGGSTY,1
AITPYGNWTH,1
AIMMWGVSTY,1
AIDIFGGWTY,1
AIAPWGIFTY,1
VIGPFGDWTY,1
VIGPYGSYTY,1
AIQPFCSGTY,1
PISPFGLSTY,1
AMAPFGNSTY,1
AIRSFGNSIY,1
AISPFGSRTD,1
VISPFGLTTY,1
GIKPFGHTTY,1
ARRYTGGSTY,1
AISYRGGNTY,1
EISPFGYTTY,1
AIKMWCGSTY,1
AIQYSCGSTY,1
AIQYKGGSIY,1
AITMWGGSTN,1
AISPLGRDTY,1
AINPDGQNTY,1
AIGLFGSRTY,1
TIDPYGDVTY,1
AIGQYGERTY,1
AIRPYGRGTY,1
VISPFGIGTY,1
AISPFGQYSY,1
AISEYGHGTY,1
AISNYGSYTY,1
TILPYGNYTY,1
AISPLGSKTY,1
TISPFGNATY,1
AISPFGLDTS,1
AIGPFVDSTY,1
AIVPYGTYTY,1
AISPLGWETY,1
AISPFGNATH,1
AIAPSGSKTY,1
AIRTFCGDTY,1
AILPFGSYTY,1
AIQYRVNYTY,1
AIGTHGKGTH,1
AMGPFGYTTY,1
SIRWNGSATY,1
AISQFGYETY,1
AISDLGGYTY,1
AISPIGRATY,1
AISPIGRHTY,1
AISPIGDSTY,1
AIAPIGEYTY,1
AIQPLGSGTY,1
AIRWYGDYTY,1
AIAPVGGTTY,1
AISPIGNATY,1
AISPIGFSTY,1
AISPVGFNTY,1
AIAPIGGNTY,1
AITEDGYATY,1
AISPIGGGTY,1
AIRWHGDYTY,1
AISPIGGYTY,1
AIRPIGYDTY,1
AISPIGLTTY,1
AIRWYGDETY,1
AILWRGYGTY,1
AIVPYGRRPY,1
AIYPYGTYTY,1
SIAPFGIRTY,1
AIQPSGGGTY,1
AISPIGDATY,1
AINWDGSYTY,1
AIASFGHQTY,1
EIAPWGRTTY,1
VIGPFGGFTY,1
PITPLGKSTY,1
AISQFGYHTY,1
AITYKGCSTY,1
AISYSGGKTY,1
AIRIWGDSTY,1
TIQPFGDRTY,1
AISPGGGFTY,1
AIAYEGGSTY,1
TISPFGQWTY,1
AISPIGDITY,1
AIRPYGNWTY,1
AIAPIGISTY,1
AITPLGSLTY,1
AIDYHGGSTY,1
AINYHGGSTY,1
AISPHGTKTY,1
AIAPIGWKTY,1
AISPLGGRTY,1
AIAYRGGSTY,1
AIRPLGNYTY,1
AIALFGYKTY,1
AIVPFGQNTY,1
AISTNGFRTY,1
AIAPFGSHTN,1
AISQFGLNTY,1
AIAMYGRSTY,1
AIIPFGLQTY,1
AISPYGSWTH,1
AIKIFGFKTY,1
AISPFGEITH,1
AMQPFGDRTY,1
AIGYMGGSNY,1
AIAPFGDNTY,1
AITPFGETAY,1
AIASFGGSTY,1
AISYDGSYTH,1
ATQPFGSNTY,1
AMGPFGDRTY,1
AIVSFGKYTY,1
SIRSFGGETY,1
AIVPNGDYTY,1
AISTFGRATY,1
AXSPFGYRTY,1
AIQSYGDYTY,1
AIKPFGGFTH,1
AISSRGRTTY,1
AIGHMGGSTY,1
AIRWRGGGTN,1
AISPNGYDTY,1
AISPRGNYTY,1
AIRYTSGSTY,1
AISPSGTSTY,1
AISMWGVSTY,1
AILWNGDYTY,1
VIAPYGSYTY,1
AIGPFGTNTY,1
AINSFCNSTY,1
AIRYVGRYTY,1
SIRPFGAHTY,1
AIIYEGGSTY,1
AISPFGEWTN,1
AIRWRGSGTY,1
AIGPKGDTTY,1
AIRAFGRYTY,1
AIAPFCDGTY,1
VISPFGISTY,1
VIAPFGWNTY,1
TIAPFGRSTY,1
AIGPFGRSTH,1
AISPYGDYAY,1
AIIPFGYRTY,1
AIRPFGERTY,1
AIAPFSSYTY,1
AIDPYGGSTY,1
AILPYGNTTY,1
AITPFCHKTY,1
AIVSYGTRTY,1
AILSFGYSTY,1
AIGPYGGNTC,1
AIRPYGRYTH,1
AISPYGSGTY,1
AISPFCTSTY,1
AMRPYGGYTY,1
AISWHGDRTY,1
AIRWNGSETY,1
AISPYGQKTY,1
AISPFGSLAY,1
VISPFGNATY,1
AIGLYGSWTY,1
AIRWNGRATY,1
AISQFGGPTY,1
AIAPCGGWTY,1
AISQFGTDTY,1
AMSPFGYQTY,1
AIDPFGLSTY,1
AISPFGLRTD,1
AIRWNGVEAY,1
VISPFGYNTY,1
AIYPYGYYTY,1
AIADYGGYTY,1
AISLYGTRTY,1
AITPFCSYTY,1
AISEYGYNTH,1
AISPFGYRTN,1
AIALYGEYTY,1
AIPYVRGSTY,1
AIAPYGSYTH,1
SICQGRKTYY,1
TISPFGRVTY,1
AIAPGGYYTY,1
AIQHRGDSTY,1
TIAPFGHQTY,1
EISPFGDATY,1
AIDPYGMYTY,1
AIPWNGVETY,1
AISSFGRRTN,1
AIGPFGSFTH,1
AIGPYVRRTY,1
AISECGWGTY,1
AIKPFCQGTY,1
AIALFGLKTY,1
AISPDGHETY,1
AIVPFCNYTY,1
AIIPFGSTTY,1
AIVSFGGYTY,1
AISLFGNATY,1
AISPFGYSTF,1
AISRFGGYTY,1
AIQYAGYYTY,1
AIAPFGGDIY,1
AIRPFGSKTY,1
AISPYGGMTY,1
AIAPFGCQTY,1
AISQGGGRTY,1
ATNPFGGRTY,1
AISQFGEKTY,1
TIGPFGDSTY,1
AISAYGSYTY,1
AINPYGRQTY,1
AMRPFGFNTY,1
AIAPFRHWTY,1
AIQQFGSNTY,1
TIRYMGGSTY,1
AISPFGLVTY,1
AISQFGRQTY,1
AIGYMGGSTH,1
AIDPFGHYTY,1
TISPDGYKTY,1
AISPWGYHAY,1
AISPDGSGSY,1
AIDSFGGYTY,1
AINYFGCSTY,1
AIVPRGQLTY,1
AISAYGYCTY,1
AIAPKGYSTY,1
AIATFGNTTY,1
AINPYGYYAY,1
AINPFGLDTY,1
AIRWAGWNTY,1
AIGPVGYSTY,1
AINPFGYSTY,1
AIRPFGHNTY,1
TIAPFGDRTY,1
AIAPCGKYTY,1
VISPFGQKTY,1
AMAPYGSFTY,1
AIATFGARTY,1
AIGPYGQRTY,1
AIGPDGHYTY,1
AIGPFCEQTY,1
AICPFGLNTY,1
AIAPLGDYTY,1
AIQGTGDYTY,1
AISYYGGSTN,1
EIGPYGYSTY,1
PIKYMGGSTY,1
AIASVGGSTY,1
AVGPFGNNTY,1
VINPYGKYTY,1
AISPYVSRTY,1
AIVPWGGRTY,1
AIKPYGFTTY,1
AISWCGNYTY,1
AISPYDHRTY,1
AIQRRGGYNY,1
AIIMRGSSTY,1
AIGSFGFETY,1
AISQFGLTTY,1
TISPFGYHTY,1
AISPFGSKTC,1
AIQYMVGSTY,1
AISPFCATTY,1
AIRAGGGFTY,1
AIAPCGSITY,1
AIGPFGSYIY,1
TISYKGGSTY,1
EIAYVGGSTY,1
AISMWGGSAY,1
AIRPYGADTY,1
AIASFGLKTY,1
AITPFCQRTY,1
AISPYCHRTY,1
AISPYCARTY,1
AIRYASSYTY,1
AIVPFDGKTY,1
AISPYGSYTH,1
AILMWGGSTH,1
AIGPFGVTTY,1
AIKLNGYYTY,1
AIDPFGSSTY,1
AIRWNGEDTY,1
TISPFGSHTY,1
AIQYSGSSTY,1
AIRYKGGYTY,1
AIRSFGTYTY,1
AIRPFGSVTY,1
AIYPLGFGTY,1
AMAPFGYDTY,1
AIFPCGSYTY,1
AIKSFCNSTY,1
AIGSFGGTTY,1
AISPWGRDTY,1
AISPYGQRTY,1
AIGSFGSYTY,1
AISYRGGTTH,1
AINPYCRGTY,1
AISPIGLGTY,1
AIQPFGGHTY,1
AISPFCGHTY,1
SISPFGNWTY,1
AILWSGNQTY,1
VISEYGYGTD,1
AIGPFGEYIY,1
AIGTFGDKTY,1
SIAPFGSHTY,1
AIIMCGGSTY,1
AIAPFGHWAY,1
AIAPFGKYNY,1
AISDYGDLTY,1
AILAFGGGTY,1
AIAMWGGSTN,1
AIKMSGGSTY,1
AISTFGSTTY,1
AIRFTGTETY,1
TIAPFGGWTY,1
AITTFGASTY,1
AIVPSGRRTY,1
AMSPYGYRTY,1
AMSPFGFQTY,1
AIKWNGIYTY,1
AIGPFCISTY,1
AIMYTGGSSY,1
AIRQFGYHTY,1
AISLFGYSTY,1
AISPLGFQTY,1
AISEYGYASY,1
TITPFGFKTY,1
AIRWNGMSTY,1
AIDPFGTRTY,1
VIPYMGGSTY,1
AISPWGDKTY,1
AISPFCNFTY,1
AIAPWGCNTY,1
TIAPFGNLTY,1
AIVYMGGSTF,1
AIAPYGQSTY,1
AIQMWGGATY,1
TISPFGFKTY,1
AIAPLGHKTY,1
AIRAFGGSTY,1
ATSPFGRTTY,1
SIGPFGRGTY,1
ATSPFGYTTY,1
AIQPIGDRTY,1
AIVPFGWSTY,1
AISSFGYQTY,1
AIRILGQGTY,1
AIGMLGGSTY,1
AIGQFGSQTY,1
AIKMWGRSTY,1
TIGPFGGYTY,1
SINPYGRYTY,1
AINPYSRITY,1
AISPFGHLTY,1
TISSYGRYTY,1
AIAPYCLKTY,1
AIDPFGFETY,1
AMRMGGGSTY,1
AIRSFGVETY,1
AIAPFVRGTY,1
AIGPYGQSTY,1
AIIYYGRITY,1
AIQPFGWDTY,1
AMSPFGNATY,1
AIIYCGGSTY,1
AIGYYGCSTY,1
AIIPFGGNTY,1
AIGPLGSHTY,1
AIVTFGGDTY,1
AIQPYGYSTY,1
AIVPFGDTTY,1
VINYVGGSTY,1
AIDPFGYETY,1
AIFSKGGSTY,1
AINPFGGRTH,1
AIVPFGGITY,1
AIRWGGTGTY,1
AMRPFGYRTY,1
SIRPFGLETY,1
AILPFGDYTY,1
AIAQFGLKTY,1
TISPYGRYTY,1
AISNYGGYTY,1
AIAYVGSSTY,1
AISPWGSNTY,1
AINPYGWETY,1
AISYNGSSTY,1
ATSPFGSVTY,1
AISPFGFNTH,1
AIAPWGQYTH,1
AISSFGDSTY,1
AIQPFGEVTY,1
AIGPWGYYTY,1
TISPYGAHTY,1
AISSFGSNTY,1
AIGPLGGSTY,1
ATNPYGKYTY,1
EIGPFGGYTY,1
AIGPFSGITY,1
AIGPLGYKTY,1
AIRWNGGATY,1
AIVMSGGSTY,1
AIRPDGFYTY,1
AINPFGSFTY,1
AISPFGLSSY,1
TIEYYGGSTY,1
AIIYSGGSAY,1
AIVPFGGWTY,1
AIVPFGRYTY,1
AISPYGFKTY,1
AISPFSGFTY,1
AISDYGTHTY,1
AIGPFAGSTY,1
AIMMWGGLTY,1
AISPFGNIAY,1
AISPFSQKTY,1
AIGLFGYTTY,1
AITPFGPDTY,1
AITPFGNDTY,1
AIGPFGGRTH,1
AISPFSYTTY,1
AIRYVSGSTY,1
AIAPRGDHTY,1
AIAPFGQPTY,1
AIRRYGGYTY,1
AISPFGNDAY,1
TIAPFGHGTY,1
AICPFGFSTY,1
AIRAYGNYTH,1
AIAPLGFQTY,1
AINQYGHYTY,1
AIGPFGGSTC,1
TIGPFGGGTY,1
AIKPPGSYTY,1
AISPFSYRTY,1
AIAPFGKYTH,1
AIRPFSYSTY,1
AIHPYGSWTY,1
AITPWGGKTY,1
AIVPFGLRTY,1
AISPWGGYTH,1
AIEEYGSYTY,1
AIDYLGGSTY,1
AISPRGCLTY,1
AIRPFGSDTH,1
AISPYGKYTH,1
AIVPYGYRTY,1
AISQFGINTY,1
AIQPFGSRTY,1
AIGPFVFQTY,1
AIVMRCGSTY,1
AISPLGRRTY,1
AIGGYGQYTY,1
AISTIGYKTY,1
AIAPFSKRTY,1
AITPFGEWAY,1
AIRPFGRDTY,1
TIQYSGGSTY,1
AISTFGRSTY,1
AIAPFCLNTY,1
AISPIGFNTY,1
AISPFGWNTN,1
AITYYGGYTY,1
AIQMWGRSTY,1
ALSDNGLKTY,1
AIRPFGLNTY,1
AIQYKGVSTY,1
AIKPFCTRTY,1
AITPFGNYAY,1
AIYPYGNSTY,1
SISYDGSYTY,1
AITMWGDSTY,1
VIGPFGNGTY,1
EIGPFGSLTY,1
AIKRFGNSTY,1
AILSYGDRTY,1
VINPYGGYTY,1
AITPFGKFTY,1
AIKPFGKYTY,1
AISDYGSHTY,1
AILPNDSQTY,1
AIGPFGSLTC,1
AIGPFGNCTY,1
AITTFGEFTY,1
AIRWRGDSTY,1
AIAPFGNRAY,1
AIRYVGWSTY,1
AISPWCGYTY,1
AIQPFGGWTY,1
SIAPFGSYTY,1
AIQPFGSSTY,1
AIRPFGFKTY,1
AIKVYGKRTY,1
AIGPFGYSSY,1
AINPFGGTTY,1
AILTFGSTTY,1
SIAPFGEYTY,1
AINYYGGITY,1
VIYYMGGSTY,1
AIAPFGHWTH,1
AIYPYGRRTY,1
AISPFCHQTY,1
AIGPFGHTSY,1
AIAPFGIYTY,1
AIRSFGGHIY,1
AIAPSGRSTY,1
AINPYGSYAY,1
EISPFGLTTY,1
AISSFGDATY,1
AIGPLGGSTN,1
AISPWCYATY,1
AIGPFVGSTY,1
AIEEFGSKTY,1
AIYPYGDFTY,1
SISPFGYETY,1
AISPYGGRPY,1
AITSFGADTY,1
AINQYGSITY,1
AIGPGGSYTY,1
AIAMWVGSTY,1
AISPNGNFTY,1
AIRWNGNVTY,1
VISPFGSLTY,1
AIIPWGNYTY,1
AITPFGAKTY,1
AITFYGDSTY,1
AIRPFSNYTY,1
AISYYGRSTY,1
AIRWAGDYTH,1
AISPHGGSTY,1
AIRPFCWSTY,1
AISPFCGFTY,1
AISTFGYDTY,1
AISPGGKYSY,1
AMAPFGIRTY,1
AISQFGDITY,1
AIKYVGSSTY,1
AIKPFCYHTY,1
AITPWGISTY,1
AISPFCQATY,1
AIVMWGDSTY,1
AILMSGGSTY,1
AISPFGPQTY,1
AINPYARRTY,1
AIVPYGGLTY,1
AISPWGRRTY,1
AISPYGDRTH,1
AIKIDGKRTY,1
AIVPFGASTY,1
VISPFGDITY,1
AIGPFGGHSY,1
AISYRGSTTY,1
AIYPYGNWTY,1
AIAQFGNHTY,1
VIAPFGGGTY,1
AISPAGSYTY,1
AIVPFGYYTY,1
AIIHYGGSTY,1
VIRPFGSWTY,1
SISPFGGDTY,1
AIASFGKYTY,1
AISCYGGSTY,1
AIFPYCRYTY,1
ATTMWGGSTY,1
AILYMGSSTY,1
AIQPFCNRTY,1
AIGPFGSGTN,1
PIRWNGVETY,1
AIIFYGCSTY,1
AISQYGYATY,1
TISWDGNYTY,1
AISPYGMYTY,1
AIIQFGYKTY,1
SISPFGRETY,1
VIAPFGLRTY,1
AINPFGDRTH,1
ALSPYGNRTY,1
AIRPFCHSTY,1
AIGPFGDWIY,1
AIGDYGYKTY,1
AIQPFGQYIY,1
AIAPYGRRTH,1
AITPFGAYTH,1
AIVPFGQSTY,1
AIAPFGCTTY,1
AMRLWGGSTY,1
AILPYGDWTY,1
AISPWGFSTC,1
AIGSFGSGTY,1
AIQPFGSNIY,1
AIRPFGLETN,1
AISNHGEWTY,1
PISPFGGNTY,1
AISPRGAATY,1
AINPYGLITY,1
AIRQFGWDTY,1
AISTFGYHTY,1
AIGPFCNITY,1
AILSFGGHTY,1
ALYPYGFGTY,1
AIDDYGSYTY,1
AISYYGYSTY,1
EISYYGGSTY,1
AISPFGGQAY,1
TITPFGYQTY,1
AIGLFGGITY,1
SIGRFGGYTY,1
AIRAFGGHTY,1
AISTFGNDTY,1
TITPFGQRTY,1
SISPFGIQTY,1
AIRAFGGRTF,1
VIGPFGGTTY,1
AITPFGVDTY,1
AISPFGGAAY,1
AIVPFGLETY,1
AISPFGGPTD,1
AIRSNGVETY,1
AIMMWGGYTY,1
AITPFRSYTY,1
AIGPFGGYIY,1
AISPIGRVTY,1
AIRYVGDFTY,1
SIRFSGAYTY,1
AILPSGDRTY,1
AINWGGARTY,1
AISPFGQRSY,1
AISSFGDDTY,1
AMGPFGSTTY,1
AILPYGTFTY,1
SIGMWGGSTY,1
AIAPFGKYIY,1
AISTFGGSTY,1
AISRFGKNTY,1
AISMWGDSTY,1
AISQWGYATY,1
AIRPSGNLTY,1
AILPSGGFTY,1
AINPYGLHTY,1
AIPPYGSFTY,1
AISPFCKQTY,1
AIRPFGITTY,1
AISPWCDLTY,1
AINMLGGSTY,1
AIRSRGGGTY,1
AITQYGGYTY,1
AIVPFGNSTH,1
AIKMWGGYTY,1
AITEYVYATY,1
AIMYLCGSTY,1
AIAYACGSTY,1
AIAYVGGYTY,1
VISPFGLDTY,1
AIRPFDGDTY,1
AIALFGRTTY,1
AMAPFGGKTY,1
AIAPFGHQNY,1
AIKPYGYSTY,1
AIGWRGDRTY,1
AISSFGCDTY,1
AISPFCHVTH,1
AISPFCDHTY,1
AIAPFGQSSY,1
AIIPFGASTY,1
AINLYGSYTY,1
AISPYCLGTY,1
AISEYGWGTD,1
AIKPFGRTTY,1
AIAPYGSVTY,1
AICPFGEYTY,1
AISEYGYFTY,1
AISNRGGWTY,1
AISWRGARSY,1
AISPYCRYTY,1
AITPTGYNTY,1
AIPMWDGSTY,1
AIQYKGGSTH,1
AIAPFCRTTY,1
TIGFYGGSTY,1
AISWRCNYTY,1
AISMRGGFTY,1
AISSTGGCTY,1
TIQPFGSNTY,1
AIRWSGVSTY,1
VIAPFGGTTY,1
AISTFGNWAY,1
AIRPWGGSTH,1
AIKPIGKETY,1
AITMWGCSTY,1
AIKPYGTYTY,1
AIAPYSEYTY,1
AISTFGQNTY,1
AIPYMGDSTY,1
AIYPYGHWTY,1
AIRPFGSSAY,1
AISPFGNSTS,1
AIGMRGGSTY,1
EIIYSGGSTY,1
AIGYMGDSTY,1
AIDPFGYNTY,1
AIMMRGCSTY,1
VISPFGYGTY,1
AIAPFGHVTH,1
ALKPFGNHTY,1
AIMMWCGSTY,1
AINSFGRHTY,1
AIRPFGQFTY,1
AIGPFGHVTY,1
TINTYGSYTY,1
AIRWSGNQNY,1
AISPDCYKTY,1
AIGPSGGSTY,1
AIQSFGVDTY,1
AIGPFGHTAY,1
AITVWGGSTY,1
AIRPFGIDTY,1
AISPFGCHTY,1
AISPLGSQTY,1
AISPFGLDTH,1
AIRPFCQWTY,1
SINYNGYRTY,1
AILPFGSETY,1
AISPWCGHTY,1
AINPYGLYTH,1
AIRPFVGDTY,1
AIRPLGGDTY,1
AIRPFGQVTY,1
TISPFGDITY,1
AISPFGNYIY,1
AINPWGGHTY,1
AITQFGYQTY,1
AISPIGYNTY,1
AISEDGYGTY,1
AISTYGSRTY,1
AIRFAGIETY,1
AIAQFGGWTY,1
AISPFADYAY,1
AISPYGWKTY,1
AIIWRGARTY,1
AISSFGDGTH,1
TISPFCSLTY,1
TIRWNGDYTY,1
VIRMWGGSTY,1
AISQFGGATY,1
AIGQFGGFTY,1
AISPWGDATY,1
AISPSGFSTY,1
AIREYGWGTY,1
AIIPFGCTTY,1
AISKYGWGTY,1
AIRPFGFQTY,1
TISPYGNLTY,1
AINHRGDRTY,1
AITPFGNITY,1
AIASFGSSTY,1
AIAPLGETTY,1
AISPFCKLTY,1
AISPHGFYTY,1
AIRPYGYHTY,1
AIAPFGYRNY,1
AIRFVGYETY,1
AVSPYGGYTY,1
AMSPFGFDTY,1
AIGPFCTRTY,1
AIQMWVGSTY,1
AMSYLGGSTY,1
AIKVYGDHTY,1
AISPVGRDTY,1
VISWDGSYTY,1
AIRPFGYETH,1
AINPWGLGTY,1
AIRLFGNYTY,1
AISTFGSVTY,1
AINPFGNATY,1
TIMYMGGSTY,1
AINYMGRSTY,1
TIGPFGSFTY,1
TITPFGRETY,1
TINPYGGRTY,1
AISQFGELTY,1
AISPVGRNTY,1
TISPYGSYTY,1
AIKMWSGSTY,1
AIQYYGSSTY,1
AIAPLGYQTY,1
AISPIGYDTY,1
SISPFGQKTY,1
AISPYCSHTY,1
AINPYGRRPS,1
AIVPRGDRTY,1
AIGHYGGSTY,1
AITDGGNYTY,1
AIEPFGCKTY,1
AIGPFASYTY,1
AISPFCLGTY,1
AISPFCNTTY,1
AMSPFGNNTY,1
AIGPFCYSTY,1
AIAPFDNRTY,1
AILWNGSSTY,1
VIGMWGGSTY,1
SISPFGGITY,1
AISTYGDYTY,1
AIWPRGDGTY,1
AIGPFGDFAY,1
AISKVGNYTY,1
SIRPYGTYTY,1
AISQFGHWTY,1
AITPYGLSTY,1
TISPYGFYTY,1
AICEFGWNTY,1
AIGPFGVETY,1
VIQPFGDRTY,1
AIALFGNTTY,1
AIFYYGGSNY,1
AIAPFGELTY,1
AIRPFGAHTH,1
AIGPFGTLTY,1
AITPFGGWTY,1
AIRWNGSTTY,1
AIRPWGHQTY,1
AISEYGWSTY,1
AISPWSYDTY,1
AILPHGDRTY,1
AMTEYGYATY,1
AISDFGYRTY,1
AIKPFGLTTN,1
AIAPFGYRTD,1
AISPSGKLTY,1
AISPFGSYAY,1
AIGDYGTKTY,1
AIRMKGCSTY,1
VISPFGNSTY,1
AISLFGRYTY,1
AINYYGSSTY,1
AIAPFGNFTY,1
AIVPWGSYTY,1
AITEYGYAIY,1
AIEPFGGYTY,1
TISQFGGRTY,1
AIRIIGGSTY,1
AIGPFGFGTY,1
AIRPNGFRTY,1
AMSPFGIRTY,1
AIVPFGEWTY,1
AIHPYGGSTY,1
AIAPYGYQTY,1
SISMWGGSTY,1
AITPLGNHTY,1
AISPFDNSTY,1
AINNGGRYTY,1
AISPYGDTTY,1
AIAPSCYKTY,1
AIAPVGYQTY,1
AIGTFGFETY,1
SISPYGSRTY,1
TIAYAGGSTY,1
AISTFGNRTY,1
AIGPFCERTY,1
AISPFDLGTY,1
AISEYGYATA,1
AIIPYGGSTY,1
AIDDYGNHTY,1
AINDFGQRTY,1
ALSPLGINTY,1
AIGPFGQSTY,1
AIHPYGRHTY,1
AISLFGGYTY,1
AIAPFGYKTH,1
AIAYVGGPTY,1
AIGPFGINTY,1
AISPRGQHTY,1
AIAMLCGSTY,1
AINWSGGRTY,1
AIQSFGHSTY,1
AISPIGFDTY,1
AILYYGGYTY,1
AIPYMGVSTY,1
AIAPFGQKTY,1
AISQFGKNTY,1
SIQYMGGSTY,1
AITPEGYFTY,1
AIVPYARSTY,1
TIGPFGDRTY,1
AICWRGARTY,1
AIAPFCWKTY,1
SISPFGLKTY,1
AINLYGRITY,1
TIAPFGSSTY,1
AIKPFGGETY,1
AIALMGGSTY,1
SIRPFGYNTY,1
AIRCRGGGTY,1
AIIYRGGSTY,1
AISAYGRYTY,1
AISSLGRDTY,1
TISPYGVDTY,1
AINPYGGYNY,1
AISPYSGYTY,1
AISPFGQVKY,1
AIAPFGCGTY,1
AITPCGEWTY,1
TISPFGSYTY,1
GITPFGKYTY,1
AISGTSNRTY,1
AIGPFGESTY,1
AMSPFGLNTY,1
TIVPFGGDTY,1
AIAQYGSHTY,1
AIAPYCKYTY,1
AIPYMRGSTY,1
AIQEYGEFTY,1
AISEYGNGTY,1
AINPFGGPTY,1
AIVYMGGSIY,1
AISPFVGNTY,1
VIAPFGQNTY,1
AIGPFGGLTH,1
AIQPFGNNTY,1
AINPYGRISY,1
AIGPFCDITY,1
SIAPFGYDTY,1
AISPCSGHTY,1
AIGSFGDWTY,1
AITYNGYSTY,1
AIAQFGTYTY,1
RSVWSLYLLA,1
AIEPFGSHTY,1
AIGFYCGSTY,1
AIEPFGGSTY,1
AIRGTGNRTY,1
AIAPFGRGTH,1
TIAPFGNYTY,1
AITQFGYDTY,1
SIRMHGGSTY,1
AISTFGNWTY,1
AISWRGARTN,1
SISPFGINTY,1
RITPKGFKTY,1
AIGDYGEYTY,1
AIFPYCGYTY,1
EISYSGGSTY,1
AIRRNGLDTY,1
AIRYNCGSTY,1
AIPPYGSNTY,1
AISPFGLWTY,1
AIRFSGVYTY,1
AISLFGQNTY,1
AIRWNGIATY,1
AITPFGYYTY,1
AIAPFGDLTY,1
AISPYGYTTY,1
AIRPGGYNTY,1
AIALFGNSTY,1
AIRQFGYRTY,1
AIGHVGGSTY,1
AIVPRGNWTY,1
AIRLNGDETY,1
AISPFGFDSY,1
AISSFGDWTY,1
TISPFGLDTY,1
AISPFGVDTY,1
TIAPFGRTTY,1
AISTFGNFTY,1
AIGQLGGRTY,1
AISHFGGYTY,1
AISDIGKHTY,1
AIVPFGCRTY,1
SIGPFGEYTY,1
AIGTFGYTTY,1
TIKMWGGSTY,1
AIRPFCYSTY,1
TISPFGLSTY,1
AMRPFGGSTY,1
AIRPFGLETH,1
SIAPFGYRTY,1
VIGPFGGGTY,1
AIRWNGSSTH,1
AIAPWGKYTY,1
AISQWGRHTY,1
AIIEYGYGTY,1
AITSFGGYTY,1
AIPMWSGSTY,1
AISQYGNITY,1
AISPYGECTY,1
AMGPYGGYTY,1
TIAPFGLTTY,1
AISPFGNRIY,1
AISPYCGKTY,1
AIAPFGHKTD,1
VIQGYGGITY,1
VIAPFGISTY,1
AISGIGCKTY,1
AIRWNGPDTY,1
AIRVYGNYTY,1
AITPFVEWTY,1
AIMFWGGSTY,1
ATSPYGGYTY,1
AIAPYGLKTY,1
AISTFGWSTY,1
AISSYGGSTY,1
AIGQFGNFTY,1
AIGPFGIDTY,1
AISPFGQVTS,1
VIGPFGSYTY,1
AIEPFGGTTY,1
AISWDDSYTY,1
AISQFGRETY,1
AIGPFGYATY,1
AIGSFGGHTY,1
AISPFGPGTY,1
AIMYNDGSTY,1
AISQRGDFTY,1
EINPYGRYTY,1
AIASFGNSTY,1
AISEYGGGTY,1
AMSWDGSYTY,1
AISWRSARTY,1
AILAFGGRTY,1
AIGLFGGTTY,1
AISPLGSITY,1
AISPFGISTS,1
AIQPFGSDTY,1
AIIPFGNLTY,1
AISPFGNTTH,1
TISDFGEKTY,1
AINPYGDLTY,1
AIHDYGNYTY,1
AISPLGNDTY,1
AIGLFGSFTY,1
AINPFGISTY,1
AINPYGKSTY,1
AISDIGKQTY,1
AISPEGYFTY,1
AIVPFVGRTY,1
AIIPYGGTTY,1
AISQFGGDTY,1
AIGPFGHITY,1
AIAQLGISTY,1
AIRAFGGGTH,1
SISYMGGSTY,1
PISEYGYATY,1
AIGPFRGSTY,1
AINIWGGSTY,1
AISFHGGSTY,1
AIKDYGSRTY,1
AISPFSGYTY,1
VIRLWGGSTY,1
AIGPHCNNTY,1
PISEYGYSTY,1
AISQWGGHTY,1
SISPFGFKTY,1
AIQQFGDRTY,1
AIAPFCYNTY,1
AITPSGSDTY,1
AISQYGFYTY,1
AIVPYSRYTY,1
SISDYGTRTY,1
SINPFGGYTY,1
AISSYGGRTY,1
TISGNGYTTY,1
AITTYGDSTY,1
AIGPWGNYTY,1
AISPCGGTTY,1
AISTWGGYTY,1
AISPFGSWTH,1
AIRCNGSFTY,1
ATSPFGDLTY,1
AISWRCDRTY,1
AIVPFGIRTY,1
AIGPFCAYTY,1
AISEYGTGTY,1
AILPYSDYTY,1
TITPFGLNTY,1
AISQYGLTTY,1
AIYPYGGRTY,1
AIRWNGCSTY,1
AISTFGNTTY,1
VIVPFGNYTY,1
AIAPFCHWTY,1
AIKPYGYNTY,1
VISTSGARTY,1
AILPFGSHTY,1
AIAPWGNHTY,1
AITLFGLDTY,1
AIAPLGGSTY,1
AISPFSNDTY,1
AIDYWCGSTY,1
AIGYIGGSTY,1
AISSFGYNTY,1
AIASYGAYTY,1
AIDPFGQNTY,1
AIMYTGGSTH,1
AISQFGHQTY,1
TISPFGFQTY,1
TIGPFGSYTY,1
AISYRGNETY,1
TISPFGLRTY,1
AIQQFGAGTY,1
AISDYGLHTY,1
AIPYVGCSTY,1
AIVPFGSLTY,1
AIILFGYKTY,1
AITPFGYGTY,1
AIGPFGASTY,1
TIGPFGSTTY,1
AIEPFGYSTY,1
TIAPFGHVTY,1
AIRPYGEYTH,1
AISPYDNLTY,1
AISTYGERTY,1
AIAPFSHQTY,1
AINPAGQWTY,1
AISPFGGRKT,1
AITPYGSWTY,1
SIRAYGNYTY,1
AISPFGEASY,1
AIAQFGYNTY,1
AIKPWGNQTY,1
AIKPYGFNTY,1
AIQPFGRSTY,1
VISPFGNYTY,1
AMRMRGGSTY,1
AISPFGAYIY,1
ALRYAGSYTY,1
AMGPFGKLTY,1
AIGPFGRSTD,1
TISPYGGRTY,1
AIRWDGDATY,1
AITYYGGSTN,1
AISPFGNSTN,1
AIQMIGGSTY,1
AISSTGCWTY,1
VIAPFGRSTY,1
AISPFGASTH,1
AISPVGNTTY,1
AISPFGQVTD,1
AIGPFGWDTY,1
AISPYGGYTS,1
ALAPFGDRTY,1
TIGPFGYTTY,1
TISPWGYATY,1
AMSPYGEYTY,1
AISPSGNFTY,1
AISPYCKYTY,1
AMMYNGGSTY,1
AMSPGGKYTY,1
AINTYGNYTS,1
VISPFGFVTY,1
ALGPFGGSTY,1
AISEYGSRTY,1
AIVPRGGYTY,1
AIGPFGSLIY,1
AIQYVGSSTY,1
AISTFGISTY,1
AISWDGIYTY,1
AISPFGDETY,1
AIGPYCERTY,1
PIGPFGGLTY,1
VISPFGSTTY,1
SIVYKGGSTY,1
AIAPLGRNTY,1
AIRTSGYSTY,1
AITPFGVYTY,1
AIMYTSGSTY,1
EIGPFGSYTY,1
AIYPFGGDTY,1
AISAFGQYTY,1
AIGIWGGSTY,1
AIGLYGESTY,1
AISQFGLETY,1
AIATWGGSTY,1
AITTFGSYTY,1
AMGPYGYTTY,1
AIRWNGNYTD,1
ARRPFGGDTD,1
ARSLYGGATD,1
AIIPFGGHTY,1
VISPYGRYTY,1
AIIPYGDSTY,1
AAAHALHTYY,1
AISPFGCTTY,1
AISPFCLHTY,1
AISLCGARTY,1
ATSPFGGRTY,1
AIHDYGTYTY,1
AIRMWGGHTY,1
AIAPWGGHTY,1
AITPFVSNTY,1
AISPYGYFTY,1
AITYMGGSTH,1
AIQMWGCSTY,1
AISPWGTGTY,1
ATRPFGGDTY,1
AIASFGNLTY,1
ARSPFGHQTY,1
AIAQFGHWTY,1
AIAPFDHKTY,1
AISPYGHFTH,1
AIGSFGGGTY,1
AISESGYATY,1
AISPFGDMTY,1
AISPYDEYTY,1
AIASFGQNTY,1
AIAPFCRRTY,1
AISQFGNFTY,1
AIKPSGESTY,1
AIRLNGSATY,1
AISPYCDYTY,1
AISSFGGETY,1
AIMIWGDSTY,1
AIKLYGWRTY,1
TIDWRGNFTY,1
AIKLYGERTY,1
AISSFGYSTY,1
AIAPYGDNTY,1
AINPYGMRTY,1
AISPFGNDTD,1
AIDYRGGSTY,1
AIVPFGSNTH,1
AIGPFGGSTD,1
AIYPFGGRTY,1
AIQLRGDFTY,1
AIRWIGVETY,1
AISPWGGLTY,1
AITQFGNYTY,1
