Count_CDR2,count
AISEYGYATY,236797
AISEYGYGTY,72688
AITEYGYATY,56276
AIRWNGVETY,46453
AINPYGRRTY,39031
AINPYGRITY,25275
AISEYGWGTY,23414
AIAPFGEYTY,17496
AISPYGEYTY,16754
AIVPYGRRTY,15074
AISPFGGYTY,13378
AIAPFGGYTY,12634
AISPFGYTTY,11799
AIAPYGEYTY,11691
AISPFGYSTY,10876
AISPFGGRTY,10138
AINYMGGSTY,9975
AINPFGGYTY,9811
AISPFGNSTY,9652
AIAMWGGSTY,9534
AIRMWGGSTY,7650
AIAPFGLSTY,7387
AISPFGNWTY,6973
AIAPWGSFTY,6680
AISPFGNYTY,6484
AISPFGGWTY,6290
AISPFGGNTY,6179
AISPFGSNTY,6016
AISPYGGYTY,5803
AIAPFGSSTY,5616
AISPFGYRTY,5502
AIRPFGGDTY,5460
AIGPFGGSTY,5386
AISPFGSLTY,5177
AISPFGYNTY,5129
AIAPFGYSTY,5016
AIAPFGQNTY,4837
AIAPFGYQTY,4826
AIAPFGISTY,4676
AIAPFGHKTY,4441
AISPFGRTTY,4419
AISPFGSYTY,4333
AISEYGYSTY,4235
AISPFGNRTY,4214
AIAPFGKYTY,4176
AIGPFGGTTY,4135
AISPFGRYTY,4018
AIAPFGSYTY,3893
AISYDGSYTY,3874
AISPFGYGTY,3815
AISPLGYSTY,3760
AISPFGSRTY,3749
AIGPFGDWTY,3703
AIAPFGNSTY,3639
AISYMGGSTY,3625
AISPFGGDTY,3586
AISPFGLSTY,3511
AISMWGGSTY,3366
AIMMWGGSTY,3343
AISPFGQNTY,3333
AIGPFGRSTY,3240
AIAPFGYKTY,3211
AITFWGGSTY,3191
AITPFGEWTY,3145
AINYYGGSTY,3115
AIRWNGDETY,3003
AISPFGGHTY,2976
AISPFGISTY,2970
AISPFGLKTY,2955
AISPYGSRTY,2854
AIAYVGGSTY,2773
AISPWGGYTY,2750
AIAPFGSHTY,2704
AIGPFGSRTY,2568
AIGPFGSYTY,2567
AIAPFGHQTY,2549
AISPFGYKTY,2536
AIGPFGNGTY,2503
AISPFGQKTY,2470
AIGPFGGYTY,2451
AIEYYGGSTY,2417
AIAPFGNLTY,2405
AIAPFGYRTY,2381
AIGPFGRGTY,2363
AISPFGQGTY,2355
AISPFGYETY,2323
AIAPYGSYTY,2284
AISPFGQVTY,2266
AISYYGGSTY,2264
AIRWNGDYTY,2264
AIGPFGSFTY,2230
AIGPFGHTTY,2226
AIAPFGWSTY,2214
AISPYGSYTY,2169
AINPFGGRTY,2167
AIGPFGDSTY,2155
AISPFGDATY,2094
AISPFGYHTY,2084
AISPFGFNTY,2070
AIGPFGYETY,2040
AIIYSGGSTY,2013
AITPYGGYTY,2004
AISWRGARTY,1991
AIPMWGGSTY,1983
AISYVGGSTY,1957
AITYYGGSTY,1911
AIAPFGRGTY,1910
AIRPFGLETY,1904
AISPFGIGTY,1829
AIGPFGGHTY,1818
AIGPFGSLTY,1794
AISPFGNTTY,1775
AIVMWGGSTY,1739
AISPFGGLTY,1738
AISPFGNNTY,1731
AIRWRGGGTY,1725
AIAPFGNRTY,1683
AISPFGGATY,1671
AISPFGASTY,1670
AISPFGNATY,1663
AISPFGSSTY,1660
AIAPFGYNTY,1657
AIAPFGRRTY,1641
AISPFGENTY,1626
AIGPFGSVTY,1619
AISPFGGFTY,1595
AIGPFGDYTY,1574
AIQPFGDRTY,1566
AIGPYGESTY,1562
AISPFGFSTY,1551
AIQPFGSNTY,1533
AISPFGGQTY,1521
AISWRGDRTY,1477
AIAYMGGSTY,1475
AISPFGLDTY,1472
AISPYGNYTY,1465
AISPFGWNTY,1465
AISPFGSVTY,1457
AISPFGSHTY,1425
AIRYTGGSTY,1424
AISPFGNFTY,1416
AIPYMGGSTY,1415
AINPYGSYTY,1413
AIAPFGGTTY,1396
AISPFGFKTY,1386
AINPYGRYTY,1382
AIQMWGGSTY,1381
AIGMWGGSTY,1365
AISPWGNYTY,1356
AIGPFGGGTY,1352
AISPFGKYTY,1342
AISPFGRATY,1331
AISWDGSYTY,1300
AIGYMGGSTY,1285
AISPYGRYTY,1278
AISPFGDSTY,1260
AIGPFGSKTY,1251
AIGPFGNITY,1201
AIRPFGNYTY,1174
AIRWNGVSTY,1166
AIAPFGQSTY,1166
AISPFGSWTY,1139
AISPFGRSTY,1107
AIAPFGYHTY,1100
AIVPFGGDTY,1096
AISPWGGHTY,1096
AISPFGDWTY,1086
AIQYMGGSTY,1084
AISPYGSHTY,1079
AIAPFGHWTY,1068
AISPFGGSTY,1068
AIGPFGSTTY,1065
AINPYGKYTY,1057
AITYMGGSTY,1056
AITPFGVETY,1055
AISSFGRDTY,1044
AIKMWGGSTY,1039
AIQYRGNYTY,1035
AISPFGYQTY,1033
AITPFGSYTY,1027
AISPFGWETY,1021
AISYSGGSTY,1019
AITMWGGSTY,1008
AIAPFGASTY,994
AISPYGAYTY,988
AISPFGAYTY,986
AIGPYGYTTY,973
AISPFGEWTY,968
AISPYGGRTY,962
AISSFGDNTY,956
AIIYYGGSTY,952
AISPYGYKTY,951
AIGYVGGSTY,938
AIQGYGGITY,935
AIGPFGSSTY,927
AISPFGLTTY,922
AISPFGDLTY,920
AIVPYGTRTY,917
AIGPFGGLTY,912
AISPFGEYTY,910
AIGPFGGFTY,908
AIRWAGDYTY,907
AIRWNGSATY,899
AIAYYGGSTY,896
AISPFGDITY,895
AISPFGDRTY,894
AITPFGNYTY,888
AIGPFGDKTY,882
AIGPFGDRTY,875
AIRLWGGSTY,870
AIAPFGDRTY,870
AISPFGGTTY,868
AISPFGLRTY,865
AILYYGGSTY,863
AIGPFGGRTY,863
AISPFGGITY,857
AISPWGYATY,855
AIPYVGGSTY,854
AIVPFGNYTY,854
AISPFGYATY,846
AIIPFGGTTY,844
AIGPYGSYTY,835
AITPFGYDTY,835
AISPYGYYTY,822
AIAPFGKSTY,819
AISPFGNDTY,816
AISPWGLGTY,815
AILPYGNYTY,814
AIGPFGDFTY,809
AIAPFGYTTY,809
AISPFGLNTY,804
AIGPFGEYTY,801
AIRWSGNQTY,798
AISPFGKATY,796
AIAPFGYDTY,787
AISDYGDWTY,780
AIGYKGGSTY,777
AIRFAGTETY,776
AIAPFGLKTY,773
AISPYGGGTY,772
AISPFGINTY,771
AISPFGSTTY,767
AILPYGDRTY,754
AIGPFGYTTY,749
AIAPFGLNTY,747
AIAPFGSNTY,744
AIMYNGGSTY,734
AIAPYGGYTY,733
AIGPFGTRTY,731
AISPFGANTY,729
AIGPFGERTY,726
AIAPFGGKTY,725
AIGRFGGYTY,725
AIRMGGGSTY,720
AISPFGLHTY,718
AIAPFGRNTY,717
AISPFGYDTY,715
AISPFGIQTY,710
AIVPFGKYTY,705
AISYRGGTTY,704
AIEPFGGKTY,704
AITYKGGSTY,699
AINMWGGSTY,699
AISEFGWNTY,699
AIRYKGGSTY,698
AIGPFGSGTY,694
AIMYTGGSTY,693
AISEFGGYTY,678
AITPFGIGTY,676
AISPFGKLTY,674
AISPFGSKTY,664
AIRPYGEYTY,659
AIGPFGKLTY,659
AIRYMGGSTY,659
AIAPFGLTTY,651
AIAPWGRSTY,651
AISPYGGTTY,648
AIGPFGGITY,644
AIKYVGGSTY,643
AIGPFGSQTY,637
AIAPFGNNTY,632
AIAPFGNYTY,631
AISFYGGSTY,630
AISPYGYRTY,629
AISPFGQYTY,624
AISPFGRQTY,623
AISPYGKYTY,622
AIAPFGRTTY,620
AIRYAGDFTY,616
AISPYGGSTY,611
AISPFGRGTY,607
AIRSFGGETY,604
AISPFGSFTY,603
AIAPWGSYTY,603
AIAYAGGSTY,581
AISPFGFQTY,580
AITPFGSHTY,577
AISPYGGKTY,563
AIAPFGLRTY,556
AISPFGFDTY,551
AIMIWGGSTY,550
AISPFGKNTY,548
AINPYGGYTY,548
AISPFGDNTY,547
AIRAYGNYTY,541
AISPFGGPTY,539
AIRPFGYDTY,528
AIAPYGSFTY,525
AIGPFGEQTY,519
AIAPFGRYTY,517
AISPFGFTTY,516
AIAPFGRKTY,513
AIVYKGGSTY,502
AISPYGTRTY,500
AISDYGTRTY,497
AISPFGNLTY,495
AISWDGNYTY,495
AIAPFGHFTY,493
AISPFGERTY,493
AIKPFGGDTY,492
AIRFSGAYTY,491
AISEYGYVTY,491
AISGYGSYTY,491
AIRPFGGYTY,491
AITPYGSYTY,487
AIHPYGRRTY,483
AISPYGQTTY,480
AIRYVGGSTY,478
AISPFGDKTY,475
AISPFGLQTY,471
AIGPFGNNTY,468
AISPYGYSTY,463
AIRPFGWSTY,462
AIGPHGNNTY,461
AIRYAGSYTY,460
AIRWNGLDTY,460
AISEYCYATY,459
AISPYGSKTY,457
AIVYMGGSTY,456
AIIYNGGSTY,453
AIGPYGNYTY,451
AISPYGDYTY,446
AIQYKGGSTY,446
AIAPFGRSTY,443
AIAPFGSWTY,440
AIGPYGGNTY,440
AIRPFGWDTY,438
AIMFYGGSTY,428
AISPFGNETY,425
AISPFGNQTY,424
AISPWGGWTY,424
AISPFGWSTY,424
AIAPFGHVTY,424
AINYVGGSTY,423
AIAPFGFRTY,420
AISGYGRYTY,418
AIGPFGYSTY,415
AISPFGLGTY,412
AILPYGSFTY,409
AIAPFGNTTY,408
AIRPFGSETY,405
AITYWGGSTY,396
AISPYGQLTY,396
AIAPWGNYTY,396
AINPYGLRTY,395
AIRPWGYQTY,395
AINSFGNSTY,394
AIAPFGGDTY,393
AIQYSGGSTY,392
AIAPFGIRTY,390
AIRSFGGHTY,389
AINPYGLYTY,386
AIAPFGTRTY,385
AISSFGDGTY,375
AIRMHGGSTY,369
AIRPWGGSTY,368
AIAPFGGQTY,365
AIAPYGRYTY,365
AIAPLGHSTY,364
AIVPFGSNTY,361
AISPFGLETY,359
AIAPFGKRTY,357
AILMWGGSTY,356
AIGPFGFETY,356
AIAPFGNKTY,355
AIAPWGGRTY,352
AIRPFGDSTY,352
AIAPFGYETY,351
AISSFGEYTY,348
AIGPFGNFTY,348
AIRYYGGSTY,348
AISSFGRRTY,347
AISPFGGETY,347
AIVPFGGKTY,346
AIAPFGLQTY,342
AIRPFGYETY,341
AIAPLGISTY,340
AISPFGQRTY,340
AISPFGKSTY,339
AISSYGRYTY,337
AIKPFGQGTY,335
AIGFMGGSTY,334
AISSYGDYTY,333
AIQYVGGSTY,332
AISPFGKFTY,332
AIGSYGNYTY,330
AISPFGRRTY,330
AISPYGNSTY,330
AIGPFGHYTY,327
AIGSYGVRTY,324
AITPFGGYTY,323
AITPFGYQTY,319
AIVPFGGYTY,319
AINQYGRYTY,318
AISPFGDGTY,317
AIRPFGYHTY,317
AIRPFGHSTY,316
AISPFGGGTY,314
AIGPYGYSTY,309
AISPYGFTTY,308
AIRMNGGSTY,306
AISPYGIGTY,299
AIQYYGGSTY,298
AIRPFGYRTY,298
AIRWNGSSTY,296
AIIPFGYKTY,295
AIKPFGGHTY,295
AIAPYGAYTY,295
AISDFGEKTY,292
AIGPFGNYTY,290
AISGTGNRTY,288
AIRFRGGNTY,288
AIAPFGRHTY,288
AINPFGGHTY,287
AIAPFGGRTY,287
AIAPFGEWTY,286
AISQYGRTTY,286
AISPYGNLTY,285
AISPYGFYTY,284
AISPYGHRTY,284
AISPYGSLTY,284
AILPYGGFTY,284
AIRYNGGSTY,281
AITFYGGSTY,280
AISYKGGSTY,280
AIRPFGYNTY,277
AISPYGDRTY,275
AISPYGRRTY,275
AISPYGSFTY,272
AIRPFGANTY,268
AIAPFGNHTY,268
AISPFGDHTY,266
AIDYWGGSTY,264
AIRPFGGRTY,263
AIAPFGWKTY,260
AIVPFGGRTY,257
AIRFAGYETY,257
AIAPFGGSTY,256
AIKVYGDRTY,255
AIRPFGLGTY,255
AINWRGSYTY,255
AITPFGSLTY,251
AISPFGHQTY,250
AILYMGGSTY,250
AIRPFGDFTY,249
AITPFGGATY,248
AIRTFGGDTY,247
AIGPFGLATY,247
AISKVGNDTY,246
AISPFGKQTY,245
AIYPFGNGTY,241
AIAPWGYRTY,240
AISYRGGKTY,240
AIFPYGGYTY,240
AISPFGARTY,239
AIHPFGSGTY,238
AITPFGSFTY,237
AIAPFGGWTY,235
AIKYMGGSTY,235
AISPFGVTTY,235
AINWNGKSTY,235
AISEYGFYTY,233
AISEWGYRTY,231
AIAPYGRRTY,230
AIGPFGNHTY,229
AITYVGGSTY,227
AIAPFGIDTY,226
AISPFGKHTY,225
AISPFGDYTY,224
AISPFGHSTY,224
AIRMKGGSTY,223
AIVPYGRHTY,222
AISYLGGSTY,222
AISPWGYHTY,221
AITPFGHSTY,217
AISPYGDWTY,216
AIRYLGGSTY,216
AIVMRGGSTY,216
AIGPFGYNTY,216
AILPYGGYTY,215
AISPFGITTY,214
AINPYGSRTY,214
AITPYGSITY,213
AITPFGAYTY,212
AISPYGTKTY,212
AISPFGFGTY,212
AIAPFGARTY,212
AIFYMGGSTY,212
AISPFGTDTY,212
AIIYMGGSTY,210
AIIPWGGSTY,209
AISPFGQATY,207
AISPFGRETY,205
AITPFGLSTY,205
AIVPFGSYTY,205
AISPFGFETY,205
AITPFGLNTY,203
AITPFGSKTY,201
AIQMRGGSTY,201
AIRPFGFNTY,200
AIAPFGWDTY,199
AIAPYGKYTY,199
SIGPFGRTTY,199
AIRMSGGSTY,197
AIAPFGALTY,197
AIKSFGNSTY,196
AIGPYGGYTY,194
AIGSFGGNTY,194
AISPFGSITY,194
AISWRGNYTY,194
AIRPWGDQTY,193
AINPYGYYTY,193
AIAPFGITTY,193
AIGDFGSYTY,193
AIDMWGGSTY,193
AIMMRGGSTY,193
AISPFGQWTY,192
AIRWNGNYTY,191
AISPFGTSTY,190
AISPWGGNTY,190
AITPFGADTY,188
AIVPFGNNTY,188
AISPFGHFTY,187
AISPYGARTY,186
AIGPFGYQTY,186
AIVPFGDWTY,184
AINWNGKYTY,184
AIAPFGSRTY,183
AIPYNGGSTY,183
AISPFGELTY,182
AISSTGGWTY,181
AIGYYGGSTY,181
AISPFGNITY,178
AIRPFGYSTY,176
AISPYGTYTY,176
AIGPFGFQTY,176
AISPFGKETY,175
AIKPFGHTTY,173
AIKPFGLTTY,173
AISPFGFRTY,172
AIRPYGRYTY,172
AISSYGRRTY,171
AIGPRGARTY,170
AITPFGHKTY,167
AIRPWGNQTY,167
AITYTGGSTY,167
AISPYGGLTY,166
AIIPFGGYTY,166
AISPFGEKTY,165
AISDFGGYTY,165
AISPFGVGTY,165
AISPFGGVTY,165
AIRPFGAHTY,164
AISPFGHKTY,162
AIQPFGQYTY,162
AINPFGQNTY,160
AIIMWGGSTY,160
AITPFGLGTY,159
AIAPFGNVTY,159
AIGPFGRKTY,159
AIGPYGERTY,157
AIYYMGGSTY,157
AISPYGNRTY,157
AIGPLGNNTY,157
AINPFGEKTY,156
AISPFGNGTY,156
AIGSFGDITY,156
AISPWGSHTY,155
AISPFGQSTY,154
AITPFGQRTY,154
AIQPFGNKTY,154
AIAPFGWHTY,154
AIAPFGYGTY,153
AIAPFGGFTY,153
AIGFYGGSTY,152
AIRSFGGGTY,152
AISPFGHWTY,151
TISEYGYATY,151
AIRWNGRYTY,150
AISYRGDWTY,149
AIAPFGVDTY,148
AIGPFGFSTY,148
AISPYGDSTY,148
AITPFGHITY,148
AITYYGGSTF,147
AISPWGDLTY,146
AISPYGQYTY,146
AITPFGLDTY,145
AIKPFGKFTY,144
AIAYKGGSTY,144
AITPFGQSTY,142
AIGPFGNLTY,142
AISSYGGYTY,141
AIMYMGGSTY,141
AISPWGKYTY,141
AITPFGYNTY,140
AISPFGRITY,139
AISPFGRHTY,138
AIINSGHYTY,138
AIAPYGSHTY,138
AISPFGLATY,137
AISPYGLYTY,137
AIRYNGIYTY,137
AIKIDGKTTY,136
AIRILGLGTY,135
AIGPFGSHTY,135
AIKAYGSRTY,135
AITPFGYRTY,134
AIAPFGAKTY,134
AILPYGEFTY,133
AIFYYGGSTY,133
AINPYGSITY,133
AISPFGWKTY,132
AIRSFGRETY,132
AISNNGYRTY,132
AILPYGNLTY,131
AIETFGGRTY,130
AIAPWGRRTY,130
AISSFGDVTY,130
AITPFGNWTY,130
AIRLDGFATY,129
AINWNGGSTY,128
AISPFGNHTY,127
AISPYGKITY,127
AILPYGGRTY,127
AISEYGYCTY,127
AISPFGRFTY,126
AITPFGFKTY,125
AISPFGIRTY,125
AISPNGQGTY,125
AIYPFGGGTY,124
AITPFGEFTY,124
AIRWAGEYTY,124
AIVPYGRYTY,123
AILPFGYRTY,123
AISPLGWQTY,123
AIRAFGGGTY,123
AITPFGHLTY,122
AISPFGTNTY,122
AITPYGRYTY,122
AIFPYGSYTY,121
AISPFGGKTY,121
AIAPFGWNTY,121
AINYKGGSTY,120
AIRSFGDGTY,120
AIVPFGGLTY,120
AISPWGRHTY,119
AISPYGERTY,119
AINPYGRDTY,119
AIRCNGVETY,119
AISPFGSETY,119
AIAPYGGITY,119
AINPYGAYTY,117
AIRPFGDVTY,116
AISEYGSYTY,116
AISPLVGSTY,115
AIADFGYRTY,115
AINPFGHWTY,115
AIDPYGLYTY,114
AIAPFGGGTY,114
AITPFGTITY,113
AISDYGRYTY,113
AIGWDGEYTY,113
AISEYCYGTY,113
AISPFGEVTY,112
AIAPFGINTY,112
AITPFGGRTY,112
AINWSGSRTY,111
AINPYGSNTY,111
AITPFGSSTY,111
AITEYCYATY,111
AISPYGKRTY,111
AISPYGDLTY,110
AITPFGNSTY,109
AISPYGDQTY,108
AIRPFGQWTY,108
AIRPFGRSTY,108
AISPYGKLTY,108
AISPFGDVTY,107
AIGPFGWSTY,107
AIQAYGNYTY,107
AIRPFGGSTY,106
AIAPFGDSTY,106
AISPYGTWTY,105
AIRWNGSFTY,105
AISPFGSGTY,105
AIHPYGYRTY,104
AITEYGYVTY,103
AIVYVGGSTY,103
AIRPYGSYTY,103
AIFPYGRYTY,103
AISPFADYTY,103
AIAPFGLGTY,103
AINPYGGRTY,102
AIHYKGGSTY,102
AIAPFGHGTY,102
AIHPYGGRTY,101
AITPFGGGTY,101
AIRWRGYGTY,100
AINPYCRRTY,100
AISPYGLTTY,100
AITRFGGYTY,100
AINPYGQITY,100
AISPIGSGTY,99
AISPFGHHTY,99
AIKPFGGFTY,99
AIAPSGYKTY,99
AIAPFGSKTY,98
AIKPFGFSTY,98
AISPYGLRTY,98
AITPFGTYTY,97
AIGPFGHSTY,97
AINPFGNRTY,96
AIVPYGKSTY,96
AIAPFGRLTY,95
AIRPYGTYTY,95
AIDYMGGSTY,95
AIGPWGNSTY,95
AISPFGSQTY,94
AIRPFGEYTY,93
AIMYVGGSTY,93
AISWRGQNTY,93
AISEYGYATH,92
AISPFGATTY,92
AIMYYGGSTY,91
AIAPWGFRTY,90
AIAPWGGNTY,90
AITPFGETTY,90
AIRHRGGQTY,89
AIRLGGTYTY,89
AICMWGGSTY,89
AISHGGGYTY,89
AIQPFGSGTY,89
AISPFGTQTY,89
AISPYGLGTY,88
AIRIYGSRTY,87
AIAPWGQYTY,87
AISHRGGWTY,87
AIAPFGLHTY,86
AISPWGGKTY,86
AITPFGISTY,86
AISDYGYRTY,86
AIVPYGNYTY,85
AIGPQGYYTY,85
AIGPYGDVTY,84
AITPFGYKTY,84
AINYNGYRTY,84
AIRPWGNDTY,83
AIRHSGWGTY,83
AIIPFGRITY,83
AIVPYGSRTY,83
AISPVGYRTY,83
AISNRGEWTY,82
AIGPFGEVTY,82
AIAPFGFKTY,82
AISPWGYRTY,82
AIAPFGKTTY,82
AISSFGDTTY,82
AISPFGESTY,81
AISPFGIKTY,81
AIKTFGGNTY,81
AIGPWGDYTY,81
AIIYTGGSTY,81
AITPFGTRTY,80
AINTYGNYTY,79
AITPYGEYTY,79
AIGPFGQNTY,79
AISEYGEWTY,79
AISPLGGGTY,79
AIRMPGGSTY,79
AITEYGYYTY,78
AISPYGGWTY,78
AIPFMGGSTY,78
AITPFGKSTY,78
AIGPFGFNTY,78
AISPYGGITY,77
AIAPYGGRTY,77
AIRMIGGSTY,77
AISPYGNHTY,77
AIGYSGGSTY,76
AIREYGYATY,76
AILPYGWNTY,76
AIRWNGIYTY,76
AIAPFGQYTY,76
AIGPFGRQTY,76
AISEYGYETY,75
AIKWNGSYTY,75
AIIYKGGSTY,75
AISPYGAHTY,75
AIAFYGGSTY,75
AINPFGNNTY,74
AISYNGGSTY,74
AIRYSGGSTY,74
AITPFGFNTY,74
AISPYGEITY,74
AIRAFGGRTY,74
AISDYGQRTY,74
AISPFGQITY,74
AIPYKGGSTY,74
AIGPFGNVTY,73
AIGPFGGNTY,73
AIQPFGKETY,73
AINPFGRSTY,73
AINQYGRRTY,73
AISYDGYSTY,73
AIDSYGNYTY,73
AISPSGRYTY,72
AISPYGDFTY,72
AINPYGGWTY,72
AILWNGVETY,72
AIGPFGNSTY,72
AILPYGSKTY,71
AISPFGRLTY,70
AISDYGLGTY,70
AISASGGRTY,70
AITPFGFRTY,70
AISPFGHYTY,70
AIQPFGHSTY,70
AISPYGHYTY,69
AINDYGSNTY,69
AISPFGHVTY,69
AIAPFGHHTY,69
AIHYMGGSTY,69
AIHPWGGRTY,69
AITPFGQNTY,69
AIRARGEYTY,69
AIAPLGATTY,68
AIRPLGDKTY,68
AILPWGSYTY,67
AINPFGRRTY,67
SISEYGYATY,67
AILYVGGSTY,67
AIRPFGQETY,66
AINDFGYRTY,66
AIQPFGNRTY,66
AISPGGGWTY,66
AISPFGIETY,66
AIGPYGGTTY,66
AIIMRGGSTY,66
AISPYGEKTY,66
AIRWIGSSTY,66
AIFPYGAYTY,66
AISRIGKYTY,66
AISPIGNWTY,65
AISEAGYHTY,65
AISDYGYNTY,65
AIEYMGGSTY,65
AISPFGRNTY,65
AIKPFGDRTY,65
AILPYGDYTY,64
AISPDGSGTY,64
AICYMGGSTY,64
AIFPYGQLTY,64
AISPDGYNTY,64
AIDSFGGWTY,63
AIAPFGWRTY,63
AIRLNGVETY,63
AISPWGGFTY,62
AISDYGSYTY,62
AIGPFGISTY,62
AIGPYGSWTY,62
AISPGGDHTY,61
AIAPFGDTTY,61
AISSYGSTTY,61
AISMWGGYTY,61
AIGPFGKHTY,61
AIRPYGTETY,61
AISWRGELTY,61
AIGPFGYRTY,60
AISPLGGTTY,60
AIAPYGDYTY,60
AISPYGQWTY,60
AISPLGGSTY,60
AIPPYGLWTY,60
AINPYGGSTY,59
AIGPFGDITY,59
AITPFGSATY,59
AIRPFGSRTY,58
AISPWGIHTY,58
AITPFGYSTY,58
AISPYGNKTY,58
AIRLSGNWTY,58
AISPYGSWTY,58
AIRPFGNNTY,58
AINGFGQRTY,58
AIGGYGKYTY,57
AIGSFGDVTY,57
AIQPFGAGTY,57
AISPRGEATY,57
AISPDGWTTY,57
AITPFGIKTY,57
AIAPWGRTTY,56
AISPIGYGTY,56
AISEYGSTTY,56
AIAPFGIKTY,56
AISPLGNSTY,56
AITPYGGLTY,55
AIGPYGLRTY,55
AITPFGVQTY,55
AIGPFGRNTY,55
AISPYGDKTY,55
AINSRGDRTY,55
AISYTGGSTY,55
AITPYGKYTY,55
AITPFGASTY,54
AIGPYGRYTY,54
AISPFGHGTY,54
AITPFGDRTY,54
AIIPFGYNTY,54
AIAPYGKLTY,54
AIAPLGGYTY,54
AISPYGKKTY,54
AITPFGEITY,53
AITPYGNYTY,53
AIHPFGYGTY,53
AIGPFGDLTY,53
AIAPYGDWTY,53
AINSFGRRTY,53
AIRMEGGSTY,53
AISEYCWGTY,53
AIMYLGGSTY,53
AISPFGKRTY,53
AISSYGSYTY,53
AIYPYGGGTY,53
AIGGFGARTY,52
AISPRGGWTY,52
AIHPYGSYTY,52
AIRPFGLTTY,52
AIGNVGNITY,52
AIRWNCVETY,52
AISPWGFRTY,52
AIGPFGAYTY,52
AILPYGDLTY,52
AINPYGYDTY,52
AIRWNGGSTY,52
AIRMQGGSTY,51
AISPYGDPTY,51
AIRIWGGSTY,51
AIVPYGYSTY,51
AIGPYGRRTY,51
AIRPYGSHTY,50
TITEYGYATY,50
AIIPFGGSTY,50
AISPFGDQTY,50
AIRPSGGDTY,50
AILPFGKYTY,50
AITEYGNYTY,49
AIRPYGGYTY,49
AISPYGHITY,49
AIGPFGYHTY,49
AIAPFGTYTY,49
AISPNGRYTY,49
AIQWNGGLTY,49
AISPYGNITY,49
AISPVGGRTY,48
AISEYGYYTY,48
AIRPLGRDTY,48
AINGFGYRTY,48
AIGPFGTETY,48
AITPFGWSTY,48
AIAPFGFNTY,48
AIGPPGEYTY,47
AILPYGSWTY,47
AITPFGERTY,47
AISPYGEWTY,47
AILFYGGSTY,47
AISHNGGSTY,47
AIRPFGSSTY,47
AIIEYGYATY,46
AISPWGQRTY,46
AIRWNGHYTY,46
AIAPYGNRTY,46
AISAYGYATY,46
AISTSGARTY,46
AIRPFGTYTY,46
AISPYGYNTY,46
AIKYLGGSTY,46
AIVPWGTHTY,46
AISPDGKTTY,46
AIRWNGDATY,45
AIRPFGDLTY,45
AISDYGLTTY,45
AINPYGRSTY,45
AISEYGEYTY,45
AISPLGNRTY,45
AISPRGDWTY,45
AIDPYGGYTY,45
AISPYGKFTY,45
AIRFRGGATY,45
AIFYKGGSTY,45
AIRMLGGSTY,44
AILPYGSITY,44
AISPWGYGTY,44
AIAPNGYRTY,44
AINPFGGDTY,44
AISPDGKVTY,44
AIAPWGDNTY,44
AIDPYGRYTY,44
AIIYVGGSTY,44
AIGPYGLYTY,43
AIRPWGSLTY,43
AILYNGGSTY,43
AILYKGGSTY,43
AISPFGRVTY,43
AISPWGSTTY,43
AIRPYGSFTY,43
AIGPFGDVTY,43
AISPDGYKTY,42
AISPDGSKTY,42
AIGPLGSSTY,42
AISPWGGTTY,42
AIRSFGNSTY,42
TISEYGYGTY,42
AIAPFGSLTY,42
AILPYGAYTY,42
AISDYGEWTY,42
AIDVYGQNTY,41
AILPYGTYTY,41
AISPYGSPTY,41
AIMPWGGSTY,41
AINPYCRITY,41
AIAPFGNITY,41
AIAPYGNYTY,41
AIMYSGGSTY,41
AIRPRGGNTY,40
AIKWNGDYTY,40
AINTYGRYTY,40
AINQYGRITY,40
AISPAGNYTY,40
AIRPHGGSTY,40
AILPYGYKTY,40
AISEYGYDTY,40
AIRPFGRGTY,40
AINPYGEYTY,40
AIHPYGFRTY,40
AISSYGNYTY,39
AILPYGSRTY,39
AIQFMGGSTY,39
AISPYGGATY,39
AIRPYGIRTY,39
AITPFGYTTY,39
AIVPYGSYTY,39
AISPYGQSTY,39
AINPYGHITY,38
AITPFGNETY,38
AISPNGYRTY,38
AISPNGKRTY,38
AIGEYGYATY,38
AIRPFGWGTY,38
AIGWDGGYTY,38
AISPFGTVTY,38
AISPYGSNTY,38
AIGPYGYYTY,38
AISECGYATY,38
AISDYGELTY,37
AIKFMGGSTY,37
AIKPFGSNTY,37
AINPYGRHTY,37
AISPLGRGTY,37
AMSEYGYATY,37
AISPFGVATY,37
AIRWNGHSTY,37
AISPWGYETY,37
AIRPFGKNTY,37
AIGPFGRTTY,37
AIRPFGPETY,37
AISYFGGSTY,37
AISSYGNSTY,37
AIQPFGPRTY,37
AIVYYGGSTY,36
AIRWAGDNTY,36
AINPYGQYTY,36
AINPFGGSTY,36
AIAPFGSDTY,36
AISPFGEQTY,36
AISEYGGYTY,35
AIQPFGYRTY,35
AISPNGFYTY,35
AIDYYGGSTY,35
AIQPFGVDTY,35
AIQPFGNYTY,35
AIDPYGSYTY,35
AISNFGRYTY,35
AINWNGERTY,35
AIQPFGRGTY,35
AITPFGEYTY,35
AISPNGKHTY,35
AIKWNGYYTY,35
AITPYGYRTY,34
AISPRGNWTY,34
AIAPYGEWTY,34
AIRPYGKYTY,34
AIGPYGTYTY,34
AITPFGYATY,34
AIKVYGNRTY,34
AIRPFGSDTY,34
AISPLGDSTY,34
AIRYSGLHTY,33
AISPRGDRTY,33
AISPWGDNTY,33
AITPFGGSTY,33
AIGPFGHWTY,33
AISPFGRDTY,33
AISPFGAGTY,33
AISPYGNFTY,33
AISPGGKYTY,33
AIRPWGDYTY,33
AISPRGGLTY,33
AISPYGGETY,33
AISPYGKVTY,33
AIDVYGRYTY,33
AINPYGKYTF,33
AINYIGGSTY,33
AIRYAGDYTY,32
AIKPFGNHTY,32
AIRPFGHFTY,32
AIRPFGLDTY,32
AIDVYGYRTY,32
AIGPFGKRTY,32
AISPYGVDTY,32
AIGPFGLTTY,32
AIAPFGQGTY,32
AISSYGYRTY,32
AIIFYGGSTY,32
VISEYGYATY,32
AISPFGCYTY,32
AISPNGKWTY,32
AISPNGEWTY,32
AIDPFGKNTY,32
AISGIGSKTY,32
AISPFGEITY,31
AISGHGLATY,31
AIGYNGQLTY,31
AILPYGDITY,31
AIGPFGKSTY,31
AIAPFGSQTY,31
AISGKGLATY,31
AIKPFGKLTY,31
AIHYVGGSTY,31
AIGPFGWRTY,31
AIAPFGKQTY,31
AINFRGGYTY,31
AIREYGYGTY,31
AIRPFGSFTY,31
AIGSFGDQTY,31
AISPFGSATY,31
AIGPLGGRTY,31
AIVQYGRRTY,31
AIDPFGGYTY,31
AISEYGTYTY,31
AIRPYGSWTY,31
TINPYGRRTY,31
AISPFGQQTY,31
AISTSGYSTY,31
AISPLGGYTY,31
AISPYGRFTY,31
AISHRGDRTY,31
AIRYAGYYTY,30
AISPEGSYTY,30
AIGPWGGYTY,30
AILPFGVQTY,30
AISPFGQETY,30
AIRPFGKWTY,30
AIQRRGGYTY,30
AIDPYGNYTY,30
AISPRGDLTY,30
AIKTFGGSTY,30
AIAPFGRITY,30
AILPYGNWTY,29
AIGDYGSNTY,29
AISPLGYQTY,29
AINPYGNYTY,29
AIRPFGLSTY,29
AISPDGNLTY,29
AIAPFGRATY,29
AINTYGRRTY,29
AISSRGGYTY,29
AISEFGSRTY,29
AISPYGDVTY,28
AINPFGSATY,28
AISPFGTLTY,28
AISPNGAYTY,28
AINPFGSYTY,28
AIVPYCRRTY,28
AISPWGFGTY,28
AINPYGDTTY,28
AITPFGNHTY,28
AILPYGQYTY,28
AIVPYGRSTY,28
AIAPFCEYTY,28
AIAPYGYRTY,28
AIVPYARRTY,28
AISPFGEATY,28
AINTYGSYTY,28
AIAPYGYYTY,28
AILPFGSITY,28
AINPYGDSTY,28
AIKYYGGSTY,27
AIRMRGGSTY,27
AISPYGEHTY,27
AISPFVNYTY,27
AINPFGQYTY,27
AIAPFGDYTY,27
AIPYWGGSTY,27
AISSYGHYTY,27
AIAPFGNDTY,27
AITPFGFSTY,27
AISPDGSYTY,27
AISPFGSDTY,27
AISPFGHNTY,27
AIRPLGYHTY,26
AISPFCYSTY,26
AILPFGGDTY,26
AISPDGAVTY,26
AIVPYGGYTY,26
AISEYGYTTY,26
AIGPFGTITY,26
AILPYGSYTY,26
AIRSFGTRTY,26
AINPFGLSTY,26
AIVYFGGSTY,26
AISDYGGYTY,26
AIGPFGSNTY,26
AIGPFGHNTY,26
AIAPFGMSTY,26
AISPGGYKTY,26
AISPSGKNTY,26
AISPFGAQTY,26
AITPYGRITY,25
AIAPFGVRTY,25
AISPSGKKTY,25
AIQPFGERTY,25
AISPFGTYTY,25
AISPVGYSTY,25
AISPFGHRTY,25
AIRPFGFSTY,25
AIGPLGGYTY,25
AINPYGGLTY,25
AISPWGTYTY,25
AISARGEWTY,25
AIPFYGGSTY,25
AISPNGLDTY,25
AISPFGKVTY,25
AIGPFGNTTY,25
AISPFGNKTY,25
AIYPYGGYTY,25
AIIPFGDYTY,25
AISKYGYATY,25
AISPNGDSTY,25
AILPYGRYTY,24
AIQNSGGHTY,24
AIDPFGYRTY,24
AIKPFGGTTY,24
AISPLGSYTY,24
AISPNGYSTY,24
AIKYKGGSTY,24
AIRPFGGKTY,24
AIRPFGDYTY,24
AIRWNGFYTY,24
AINPFGEDTY,24
AINPFGRYTY,24
AIGPFGEETY,24
AISEYGDLTY,24
AIAPFGNGTY,24
AICYVGGSTY,23
AITEYGYATH,23
AISDYGDYTY,23
AIAPFGHRTY,23
AISPLGYATY,23
AIGPLGYSTY,23
AISPIGYKTY,23
AISPFGCRTY,23
AIAPYGGWTY,23
AILPYGKRTY,23
AIYPYGLNTY,23
AITPFGAQTY,23
AIHPYGGDTY,23
AIRYAGWSTY,23
AISPNGNWTY,23
AISPYGQFTY,23
AISPNGGYTY,23
AISPFGKTTY,23
AICEYGYATY,22
AISPDGRETY,22
AIGFWGGSTY,22
AISPVGLGTY,22
AIRTFGSTTY,22
AITPYGHSTY,22
AIAPYGRITY,22
AIRPFGWKTY,22
AISPRGQDTY,22
AIKAFGSSTY,22
AIAPFGHYTY,22
AIRPSGDRTY,22
AIAPFGKNTY,22
AISPNGYTTY,22
AISPSGSLTY,22
AIRPFGNSTY,22
AISYDGKYTY,22
AINEYGYATY,22
AINPFGDTTY,22
AISEYGCGTY,22
AISEYGLYTY,22
AIIPYGNYTY,22
AIGARGDLTY,22
AITPFGRETY,21
AIAPFGGITY,21
AIRPYGYDTY,21
AISPSGDATY,21
AIAQFGEYTY,21
AILPYGRITY,21
AISMRGGSTY,21
AIAPIGSRTY,21
AISPFGKKTY,21
AIVPWGGHTY,21
AISSFGRYTY,21
AIVYNGGSTY,21
AIDDYGRYTY,21
AISPWGAYTY,21
AISPDGYSTY,21
AIAQFGGYTY,21
AILPFGYSTY,21
AIAPIGYGTY,21
AISPGGGYTY,21
AIQTYGKYTY,21
AISGFGDNTY,21
AINTYGRITY,21
AIEYSGGSTY,20
AIRWDGFATY,20
AIMYWGGSTY,20
AINPFGYKTY,20
AISWRGKHTY,20
AISPFGKITY,20
AIQWNGVETY,20
AISPYGEFTY,20
AISPDGSRTY,20
AISPRGGYTY,20
AISPNGYYTY,20
AIDEYGRYTY,20
AISPFGEFTY,20
AISPDGRYTY,20
AISPYGTFTY,20
AIYYYGGSTY,20
AIQPYGSRTY,20
AISEYGNYTY,20
AINPFCGYTY,20
AISANGTTTY,20
AINPFGGNTY,20
AISWRGYHTY,20
AIAPFGTSTY,20
AINPYGRCTY,20
AISDYGYYTY,20
AITPFGKLTY,20
AISQFGGYTY,20
AISQFGYTTY,20
AISASGARTY,20
AIAPFGNQTY,20
AISPYGWTTY,19
AIAPFGRQTY,19
AIAPFGCYTY,19
AIEYRGGYTY,19
AIKPFGYHTY,19
AIDLYGNYTY,19
AIQPYGGYTY,19
AIRPFGHYTY,19
AISPFGHATY,19
AISEYGWCTY,19
AISPNGYNTY,19
AISPFGKDTY,19
AIPYTGGSTY,19
AIAPFGDFTY,19
AIQEYGRYTY,19
AIGPFGLSTY,19
AISPYGNVTY,19
AIAFWGGSTY,19
AISPFGCNTY,19
AIMFMGGSTY,19
AISPLGDWTY,19
AIRPRGGDTY,19
AIRPFGYQTY,19
AISPFCGYTY,19
SISEYGYGTY,19
AIYPLGDGTY,19
AIRYAGRYTY,19
AIAPFGQQTY,19
AISPYCEYTY,19
AISQFGYSTY,19
AISSFGKYTY,19
AISPVGRGTY,19
AIRWDGYYTY,19
AINPYGSFTY,19
AIIPFGRNTY,18
AIGPYGQYTY,18
AISPSGSRTY,18
AIKTSGSRTY,18
AIIPYGSYTY,18
AIAPFGDGTY,18
AIGPYGRTTY,18
AIAPFGDQTY,18
AISPFGHETY,18
AIFPDGRTTY,18
AINQFGGYTY,18
AISDYGNYTY,18
AISPYGRKTY,18
AILPSGGYTY,18
AISPDGYWTY,18
AIRWNGSYTY,18
AIAPRGARTY,18
AIIYLGGSTY,18
AIHWRGNFTY,18
AIDPYGFYTY,18
AISPGGLYTY,18
AINDYGQSTY,18
AISPYGISTY,18
AIYPYGGDTY,18
AINPFGRHTY,18
AISPIGKGTY,18
AISPFGKGTY,18
AISPSGKSTY,18
AISEYGYATN,18
AIAMCGGSTY,17
AISANGLKTY,17
AISPSGGQTY,17
AITKYGYATY,17
AIAQYGEYTY,17
TINPYGRITY,17
AISQYGEYTY,17
AITPFGRRTY,17
AISPWGYNTY,17
AINWRGNYTY,17
AISPRGNITY,17
AIAPRGYRTY,17
AISQFGGRTY,17
AITPFGRYTY,17
AIRWKGSGTY,17
AITPYGDSTY,17
AISEYGYGTH,17
AINPYGRRTH,17
AISWRGWHTY,17
EISEYGYATY,17
AIAPFCGYTY,17
AIHWDGNTTY,17
AISGNGSKTY,17
AISPGGQYTY,17
AISEYVYATY,17
AIYPYGNRTY,17
AIVPYGEYTY,17
AIAMWGCSTY,17
AISEYGLGTY,17
AIGPFGFHTY,17
AISPRGKLTY,17
AISPWGDFTY,17
AIDYRGGYTY,17
AIGPFGYKTY,17
AISPYGYGTY,17
AIQPFGKDTY,17
AIAYFGGSTY,17
AISEAGDHTY,17
AIKIDGKVTY,17
AIGPFGLGTY,16
AISDPGGYTY,16
AIGPDGKYTY,16
AITEYGYETY,16
AISPRGNETY,16
AILPYGAKTY,16
AIAPFCLSTY,16
AISPFGTRTY,16
AISPFGHITY,16
AIVPFGEYTY,16
AIAPFGIATY,16
AILPYGEYTY,16
AIIEYGYGTY,16
AISPLGDQTY,16
AIDWRGNFTY,16
AIRMWGCSTY,16
AIAPFCSSTY,16
AIDPYGDVTY,16
AISPYGSSTY,16
AIRFSGYSTY,16
AISPRGGGTY,16
AIAPFGHNTY,16
AINPYGWHTY,16
AIRPYGNFTY,16
AIKPGGNQTY,16
AISPGGGTTY,16
AINTYGKYTY,16
AIEFRGGQTY,16
AIKLYGTRTY,16
AISPFGVETY,16
AIGSFGGYTY,16
AINPYGHRTY,16
ALAPFGIRTY,16
AIDPYGKYTY,16
AIVYTGGSTY,16
AISNLGGYTY,15
AISQFGGWTY,15
AIRPNGYSTY,15
AIDPYGAYTY,15
AIDWRGNYTY,15
AIGQFGGSTY,15
AIAPYGGTTY,15
AITPYGRRTY,15
AITPGGRSTY,15
AINPYGYSTY,15
AILPYGFKTY,15
AIVMWGGSTH,15
AIAPFGLETY,15
AIRWDGYATY,15
AISEYGWDTY,15
AITPFGIWTY,15
AIQPRGGGTY,15
AISPYGAVTY,15
AICYKGGSTY,15
AISPLGKHTY,15
AIDTFGGYTY,15
AISPYGEETY,15
AICYNGGSTY,15
AIEPYGRYTY,15
AIVPLGGYTY,15
AIRSFGGWTY,15
AISPIGYRTY,15
AINPFGLGTY,15
AILPNGSQTY,15
AINPYGDYTY,15
AISPNGSYTY,15
AIKPFGQYTY,15
AINPYGYRTY,15
AIVPYGTETY,15
AINTFGGYTY,15
TISEYGWGTY,15
AISEYGRFTY,15
AIEYVGGSTY,15
AISPFGHTTY,14
AISPLGWRTY,14
AISEYGSITY,14
AIKPNGTDTY,14
AIAPNGIHTY,14
AIGYNGYRTY,14
AINPYGRLTY,14
AISPYGDNTY,14
AISPGGLRTY,14
AISPFGSNTF,14
AITPYGNWTY,14
AITPFGEHTY,14
AISPFGFHTY,14
AITEYGYSTY,14
AISDNGLKTY,14
AISPGGTYTY,14
AIDSFGKYTY,14
SIRWNGVETY,14
AISPFGNCTY,14
AIDPYGDRTY,14
AISYYGSYTY,14
AIRMCGGSTY,14
AITPFGLHTY,14
AIGPFGTHTY,14
AIAPRGGFTY,14
AIVSYGRRTY,14
AIRWNGVETH,14
AISEYGRRTY,14
AIMYKGGSTY,14
AIGPVGGYTY,14
AINPWGYNTY,14
AISPSGTRTY,14
AISQFGNSTY,14
AISPIGQWTY,14
AISAYGYGTY,14
VIRWNGVETY,13
AIRSFGYDTY,13
AISPFGNVTY,13
AISPRGNFTY,13
AISFDGSYTY,13
AISPLGYTTY,13
AIDPYGNSTY,13
AIAPFGTTTY,13
AISPFCRYTY,13
AISPFGRKTY,13
AISPFGVRTY,13
AITPFGHNTY,13
AISPIGSRTY,13
AIAPFCHKTY,13
AISPWGFSTY,13
AIADYGRYTY,13
AISPNGYETY,13
AIFPYGSFTY,13
AIGPSGNDTY,13
AIKPYGSYTY,13
AITPFGTKTY,13
AIDQYGRYTY,13
AIRPQGAYTY,13
AIHPYGNYTY,13
AISPSGFDTY,13
AIAPFGKWTY,13
AILPYGKYTY,13
AINENGEHTY,13
AIGPEGNNTY,13
TIRWNGVETY,13
AISPRGNRTY,13
AITPFGNFTY,13
AIDYAGGSTY,12
AISPFCSNTY,12
AISPLGSGTY,12
AIVPYGAYTY,12
VINPYGRRTY,12
AIRSFGSFTY,12
AIYPNGSYTY,12
AISPNGEYTY,12
AISPFGTWTY,12
AIQWNGSLTY,12
AISPGGSWTY,12
AISPRGARTY,12
AIDPYGYYTY,12
AISDYGLYTY,12
AIRLGGTNTY,12
AITPFGESTY,12
AIHYYGGSTY,12
AIRWNGVESY,12
AIKPFGYTTY,12
AINPFGNYTY,12
AISPWGRYTY,12
AIAMLGGSTY,12
AIGPYGRITY,12
AISPDGNTTY,12
AIRPNGQYTY,12
AIAPFGRETY,12
AISTYGEYTY,12
AILMRGGSTY,12
AIAPCGSFTY,12
AISPGGSRTY,12
AIEMRGGSTY,12
AINPSGIKTY,12
AITEYGYGTY,12
AISPYGWPTY,12
AIEPYGSNTY,12
AISPFGETTY,12
AISYIGGSTY,12
AISPQGFSTY,12
AISPAGSGTY,12
AISPFCGRTY,12
AISPWGFKTY,12
AISPNGTNTY,12
AITPFGSWTY,12
AIGEYGYGTY,12
AISDYGFYTY,12
AIKTFGGYTY,12
AIYPYGNYTY,12
AIKPYGNFTY,12
AISEYGYANY,12
AIGPFGLHTY,12
AIQPYGLRTY,11
AIAPNGNSTY,11
AITPWGSYTY,11
AITDYGLSTY,11
AISEYGRTTY,11
AIAQFGLSTY,11
AISQFGWKTY,11
AIGPYGKYTY,11
AISPSGYLTY,11
AINWNGSYTY,11
VISEYGYGTY,11
AINYMGCSTY,11
AISPFGAITY,11
AIEFRGGNTY,11
AIRFSGWSTY,11
AIRPLGYNTY,11
AINPYGGATY,11
AIRLFGAETY,11
AIDPYGIYTY,11
AIYYKGGSTY,11
AIKPFGYNTY,11
AISPFGWRTY,11
AISANGLSTY,11
AINHRGDSTY,11
AIRQFGGDTY,11
AINYNGGSTY,11
AIAPFGRFTY,11
AIAPWGGETY,11
AISPLGNKTY,11
SITEYGYATY,11
AISARGDWTY,11
AIGPFGKYTY,11
AITPYGNGTY,11
AISPDGWYTY,11
AIQPFGKRTY,11
AINPYGDWTY,11
TINPFGGYTY,11
AISPEGARTY,11
AIAQWGSFTY,11
AILPDGSYTY,11
AISPYGTTTY,11
AISGIGGKTY,11
AISDNGQYTY,11
AIAPLGSFTY,11
AISPNGHITY,11
AIRVYGSSTY,11
AISPFVWNTY,11
AILPFGDRTY,11
AINPYGNLTY,11
AIVPTGNRTY,11
AISPGGQSTY,10
AIAPYGAETY,10
AIRWNGMETY,10
AISEYGSWTY,10
AISPNGQWTY,10
AIRNKGNYTY,10
AISPFGVQTY,10
AIDDYGRSTY,10
VITEYGYATY,10
AIRYAGYSTY,10
AIYPFGYGTY,10
AIRPFGRQTY,10
AIKPFGGYTY,10
AISEYDYATY,10
AIGTYGKYTY,10
AIAPYGEFTY,10
AIRWNGDYSY,10
AIGPYGLSTY,10
AISPFCYTTY,10
AITPFGDDTY,10
AIDYFGGSTY,10
AISPFCNSTY,10
AISPLGDATY,10
AISPFGYCTY,10
AIKSFGRRTY,10
AIRPFGKSTY,10
AISPSGHDTY,10
AIDTYGNYTY,10
AIAPSGLSTY,10
AIRWDGVETY,10
VINPYGRITY,10
AIIPFGNYTY,10
AISPFCYGTY,10
AISPFCLKTY,10
AILPNGYGTY,10
AIGPFGDCTY,10
AITPFGRITY,10
AISPSGGYTY,10
AIRPLGWKTY,10
AIVPKGGHTY,10
AINPYGSKTY,10
AIDYAGTETY,10
AIRYSGLTTY,10
AIAFMGGSTY,10
AIAPWCSFTY,10
AISPFGMKTY,10
AIRPRGGWTY,10
AISEYGDYTY,10
AIRPFGQNTY,10
AISGNGYTTY,10
AISPYGVTTY,10
AISEYGYATD,10
AISQFGNYTY,10
AISPYGRHTY,10
AISPYGFNTY,10
AIAPLGLSTY,10
AISPNGLYTY,10
AISPIGGRTY,9
AISEYGCATY,9
AISPYGSETY,9
AISYDCSYTY,9
AIYPFGHKTY,9
AISPFCSYTY,9
AIDPYGKNTY,9
AIGPLGGITY,9
AIGPFGRFTY,9
AISPFGQTTY,9
AISPLGFSTY,9
TISPFGGRTY,9
AIRPFGKFTY,9
AIAQFGISTY,9
AIGRFGGFTY,9
AITPFGDQTY,9
AINENGSHTY,9
AISPFCFKTY,9
AIEYKGGSTY,9
EIRWNGVETY,9
AIRSFGYRTY,9
AISPFCNYTY,9
AIRPYGRSTY,9
AITECGYATY,9
AITPFGSETY,9
AISDNGSYTY,9
SIEYMGGSTY,9
AISEDGYATY,9
AIIPGGDRTY,9
AISPNGKSTY,9
AIRPIGRETY,9
AIAPFGFTTY,9
AIDWNGKYTY,9
AISEYCYSTY,9
AIKPYGDWTY,9
TISPYGEYTY,9
AISPYGNNTY,9
AISEYGAYTY,9
AITPFGSNTY,9
AISPLGRYTY,9
AISQFGNRTY,9
AISDNGHITY,9
AIRRNGVETY,9
AISEYSYATY,9
AISPNGGSTY,9
AISTFGSLTY,9
AISPRGDYTY,9
SINPYGRITY,9
AISQFGSNTY,9
AISEYGKYTY,9
SISPFGGYTY,9
AISPDGNATY,9
AISQWGGYTY,9
AISMWCGSTY,9
AISPNGGWTY,9
AIAPNGWRTY,9
AITPTGSYTY,9
AISPFGGCTY,9
AISPFCNWTY,9
AITMRGGSTY,9
AINYFGGSTY,9
AIAPYCEYTY,9
AIKPYGNYTY,9
AIGPFGEWTY,9
AISPYGRITY,9
AILPNGGGTY,9
AISPLGNWTY,9
AISPYGHHTY,8
AIDDYGEYTY,8
AIAPFGLDTY,8
AIEPYGSYTY,8
AIVFYGGSTY,8
AISPSGNYTY,8
AINYMCGSTY,8
AISPSGSITY,8
AIFPFGNYTY,8
AISYMGCSTY,8
AIRPIGGNTY,8
AIADNGYRTY,8
AIKPFSLTTY,8
AIGPFGCSTY,8
AIGPFGCYTY,8
AISPFGMSTY,8
AIAPGGKKTY,8
AIVPWGSHTY,8
AISPRGEYTY,8
AITPSGSGTY,8
AIDEYGDFTY,8
EISEYGYGTY,8
AISPSGDHTY,8
AINPYGNATY,8
SIQPFGSNTY,8
AIAMWCGSTY,8
AIRPIGGETY,8
AISPAGDHTY,8
AIDVYGKYTY,8
AISPGGHFTY,8
AIHPYGARTY,8
AISPLGRNTY,8
AIGPYGNNTY,8
AISTFGYSTY,8
AIRPLGGSTY,8
AICYYGGSTY,8
AISTFGGYTY,8
AITPLGYRTY,8
AISPFGTKTY,8
AIDDYGNYTY,8
AIRANGEYTY,8
AILPFGLETY,8
AISNRGDWTY,8
AISQFGNWTY,8
AISPYGHLTY,8
AISPTGNRTY,8
AISPFCGWTY,8
AISEYGYAIY,8
AISPFCGNTY,8
AIGPFGLPTY,8
AIEPFGFNTY,8
AIMMWGCSTY,8
AISKYGYGTY,8
AIAPDGYFTY,8
AINPFGCYTY,8
AISPYGWRTY,8
AITPFGLETY,8
AISDYGYLTY,8
AIYPYGEWTY,8
AISEYGDATY,8
AIGPYGDYTY,8
AIRPDGYETY,8
TISPFGYTTY,8
AISPYGWNTY,8
AITPFGQFTY,8
AISPDGNNTY,8
AISPGGDITY,8
AINPYGIATY,8
AISPYGSVTY,8
AIAPFVRKTY,8
AISPFCQKTY,8
AITPLGYKTY,8
AISPGGYLTY,8
AIRSFGNYTY,8
AISPNGNYTY,8
AIRPIGSYTY,8
AIAPFCSHTY,8
AISPGGNSTY,8
AIVPFGARTY,8
AIAPFCQNTY,8
AMSEYGYGTY,8
AISPAGLRTY,8
AISPDGYFTY,8
AIKPFGSRTY,8
AISEYGIYTY,8
AISPSGSTTY,8
AIAQFGYSTY,8
AINPYGDRTY,8
AITPDGYGTY,8
AISPWGYSTY,8
AITFCGGSTY,8
AIDPFGSYTY,8
AIPYFGGSTY,8
AISEYGWGTH,8
AISPYGYATY,8
AISMCGGSTY,8
AITPYGGDTY,8
AIKPDGSYTY,8
AILFWGGSTY,8
AISPFCNRTY,8
AIVPFGTYTY,8
AIAQFGSYTY,8
AISPLGNYTY,8
AIGPFCHTTY,8
AIPYYGGSTY,8
AISPNGSSTY,8
AIAPFGYATY,8
AIGPSGYNTY,8
AISQLGYSTY,8
AIGPNGSYTY,8
AIRPDGYSTY,8
AINPYGTYTY,8
AIDWNGFYTY,8
AIVPFGNLTY,8
AISPSGHQTY,8
AISPGGGVTY,8
SINPYGRRTY,7
AISQFGQNTY,7
AITPYGDRTY,7
AICEYGYGTY,7
AISPYGGHTY,7
AINYAGDSTY,7
AISPGGGKTY,7
AIKAWGQYTY,7
AIRPNGKITY,7
AINPYGVNTY,7
AISPYGRVTY,7
AISPYGGDTY,7
AISPGGKRTY,7
AISQFGSYTY,7
AIVYSGGSTY,7
AISNRGGITY,7
AISQFGLKTY,7
AIAPKGYRTY,7
AISPQGVQTY,7
AIDPYGTYTY,7
AISPFSFNTY,7
AIRPSGGYTY,7
AIAPFCRRTY,7
AISIPGYGTY,7
AIAPFGSTTY,7
AISEHGYATY,7
AIRPYGDYTY,7
AIAPCGEYTY,7
AIKPYGEFTY,7
AIYPYGSYTY,7
AISPGGFSTY,7
AIGPLGAITY,7
AITPLGDNTY,7
AISPIGYSTY,7
AIGPFCGSTY,7
TISPFGYSTY,7
AITPFGKYTY,7
AIAPSGSITY,7
AIGPFGLDTY,7
AMRWNGVETY,7
AISQFGGDTY,7
AISPYGGQTY,7
AIGPYGSLTY,7
AIRPFGCDTY,7
AIAPFGHLTY,7
AIGPFGYFTY,7
AITPFGNRTY,7
AIAPFGVTTY,7
AIYYVGGSTY,7
AINPFGRITY,7
AILPYGYRTY,7
AISQYGYATY,7
AISMWGSSTY,7
AISPYGYDTY,7
AISPYGGNTY,7
AIEPYGEYTY,7
AIAKNGSYTY,7
AISWDGSHTY,7
AIGPDGDYTY,7
AISRSGKFTY,7
AISPYGYHTY,7
AISEFGRFTY,7
AISPYGNWTY,7
AITPFGDLTY,7
AIAPWGGSTY,7
AIHGYGFRTY,7
AISPDGQATY,7
AITPFGGVTY,7
AITPFGFTTY,7
AISQFGYGTY,7
AISNYGTYTY,7
AIHPYGEYTY,7
AISQFGGHTY,7
AISPYCGYTY,7
AITPFGGFTY,7
AISPWGRTTY,7
AIAQFGHKTY,7
AITPFGHRTY,7
AIAPFGETTY,7
AISPNGLGTY,7
AITPFGKITY,7
AITTFGEWTY,7
AISPFVGDTY,7
AISYMCGSTY,7
AIYFMGGSTY,7
AISPFGCHTY,7
AISPFGEDTY,7
AISEYGRYTY,7
AISPFCQNTY,7
AITDYGDNTY,7
AIQPYGWRTY,7
AISPSGGSTY,7
AISPNGNITY,7
AIGPFGRYTY,7
AISEYGSFTY,7
AISQGGYRTY,7
AINDNGLKTY,7
AILPYGGWTY,7
AINQYGRTTY,7
AISSFGSDTY,7
AISPFGCTTY,7
AIAPRGDWTY,7
AITPFGECTY,7
AISPNGSWTY,7
AISPYGRPTY,7
AIDPYGEWTY,7
AISEFGIRTY,7
AISPNGFRTY,7
AIVPRGGATY,7
AISTFGGRTY,7
AIIPYGRRTY,7
AITFWGCSTY,7
AISNRGNRTY,7
AIRWNGVETC,7
AIQGYGHYTY,7
SISPFGGRTY,7
AIAPFGSGTY,7
AISPFGYSTH,7
AISPNGDYTY,7
AISDNGNYTY,6
AISPLGYYTY,6
AISTFGYTTY,6
AISPNGFSTY,6
AISECGYGTY,6
AISQFGRTTY,6
AITPDGNYTY,6
AISPTGHQTY,6
AISPFCLSTY,6
AISPSGGATY,6
AISPYGYTTY,6
AIFPFGKFTY,6
AQIQYGRRTY,6
AISGYGDYTY,6
AISPFCGHTY,6
AIGPFCSYTY,6
AIVPWGSFTY,6
AITPRGGRTY,6
AIGPYGSSTY,6
AITPSGKRTY,6
AIKMRGGSTY,6
AINQFGGRTY,6
AISQFGLSTY,6
AISPNGKYTY,6
AISPNGYLTY,6
AISPFCYRTY,6
AISEYSYGTY,6
AILAYGNYTY,6
AIRTYGEYTY,6
AISPLGGWTY,6
AISPFCRTTY,6
AITPFGEKTY,6
AIPMWCGSTY,6
AIIPYGRYTY,6
AISPRGQLTY,6
AISPHGSDTY,6
SISEYGWGTY,6
TISPFGGYTY,6
AIAPSGSTTY,6
AISPTGSNTY,6
AIAPFCISTY,6
AISPDGRWTY,6
AISPYGRSTY,6
AISPRGGFTY,6
AISPHGSSTY,6
AISEYGYAAY,6
AISPFCYKTY,6
AIAPFGKETY,6
AISPWGEATY,6
AIRMMGGSTY,6
AISPLGWHTY,6
AISQYGGYTY,6
AISDYGEYTY,6
AITEYGSYTY,6
AIVPYGRCTY,6
AINPFCGRTY,6
AIGPFGYYTY,6
AITAYGYATY,6
AIKPNGAYTY,6
AICPFGGTTY,6
AIDFMGGSTY,6
AITPFGFDTY,6
AISTFGSNTY,6
AITPGGLGTY,6
AITPSGIETY,6
AIAMRGGSTY,6
AIGPFCSLTY,6
AITPRGGYTY,6
AIYPYGDNTY,6
AMTEYGYATY,6
AINPFGGWTY,6
AISPSGDRTY,6
AICPFGGYTY,6
AITTYGGYTY,6
AISPFGYYTY,6
AISPFGCWTY,6
AIRQFGLETY,6
AISPGGYQTY,6
AITPSGDRTY,6
AINEYGGRTY,6
AIAQFGYQTY,6
AIQPYGSKTY,6
AICFMGGSTY,6
TISPYGGYTY,6
AITPGGEYTY,6
AIAPFCWSTY,6
AISENGYYTY,6
AISPYGHSTY,6
AILPFGNYTY,6
AIAPRGNRTY,6
AISPYGHFTY,6
AIDPFGGSTY,6
AIAPYGQYTY,6
AISPFCSLTY,6
AISPFGVHTY,6
AIGPFGRHTY,6
AITPFGELTY,6
AISETGDYTY,6
AIGPFCGYTY,6
AISPFCISTY,6
AIYPYGDWTY,6
AIRMWCGSTY,6
AISPNGHWTY,6
AILPRGSRTY,6
AISPAGNVTY,6
AIAIWGGSTY,6
AIRWAGYYTY,6
AIQWNGSNTY,6
AIAQFGSSTY,6
AISPGGYSTY,6
AIAPFCHQTY,6
AISQFGWNTY,6
AINPYGYPTY,6
AIRLAGDYTY,6
AIAQFGKYTY,6
AISPSGTYTY,6
AIGTFGGTTY,6
AISPYGWETY,6
VIAPFGEYTY,6
AISPYGTITY,6
AIGPYCESTY,6
AINPCGRRTY,6
AIAPFCYKTY,6
AIAPSGDKTY,6
AINPGGWGTY,6
AISPFGALTY,6
AIAQFGNLTY,6
AINQYGSYTY,6
AILPYGRNTY,6
AIAPFGFSTY,6
AISPFCGDTY,6
AISPFGTETY,6
AIAPFGSITY,6
AISPIGGKTY,6
AISPRGDTTY,6
AINPYGLKTY,6
AISPYGSITY,6
AISPLGSSTY,6
AINPYGSWTY,6
AISPTGLYTY,6
AISPNGLSTY,5
AIGPFGYWTY,5
AINNGGGYTY,5
AISPSGYRTY,5
AINWRGTHTY,5
AISPLGSHTY,5
AIAPFGVQTY,5
AIYPYGSGTY,5
AISTFGGWTY,5
AIAPFGRDTY,5
AISQFGNFTY,5
AINPYGRITH,5
AINYRGEYTY,5
AISPGGEVTY,5
AIRNSGFYTY,5
SISPFGYSTY,5
AISYRGSKTY,5
AIKLYGERTY,5
AICPFGRSTY,5
AIYPLGHGTY,5
AIALWGGSTY,5
AIAPNGYLTY,5
AIGYNGGSTY,5
AINPYGSDTY,5
AIRSFGGRTY,5
AIGPFCRSTY,5
AIHDYGSYTY,5
AIHPYGYKTY,5
AISPFGCDTY,5
AILPYGKKTY,5
AISYDGSHTY,5
AIRPFGKYTY,5
AITPFGSRTY,5
AISPFGYWTY,5
AISQFGYKTY,5
AIGPYGGSTY,5
AIAYIGGSTY,5
AIAPWGYHTY,5
AISTFGNSTY,5
SIAPYGEYTY,5
AISTFGNWTY,5
AISPFCRATY,5
AISPYGLQTY,5
AIYPYGSWTY,5
AIVMLGGSTY,5
AIAQFGGTTY,5
TIAPFGYSTY,5
AIVPFGNRTY,5
AINPFGDRTY,5
AINPFGYRTY,5
AINYWGGSTY,5
AISPAGNDTY,5
AISPFGQCTY,5
AIRPFGSYTY,5
AISPFCSWTY,5
AIRPFGRYTY,5
AITFWCGSTY,5
AISPYGIRTY,5
AISPWGSFTY,5
AIGDYGYNTY,5
AITDYGSYTY,5
AISPLGKLTY,5
AIGTFGDWTY,5
AISPFCNNTY,5
AISEYGWSTY,5
AISPFGWGTY,5
AIAPFCNLTY,5
AISPGGAFTY,5
AISPIGHNTY,5
AISPNGESTY,5
AISPFGDTTY,5
AISPYCDYTY,5
SIVPYGRRTY,5
AITPIGYGTY,5
AISPAGNTTY,5
AISPNGKFTY,5
AISPFGYVTY,5
AIAPFGNWTY,5
AISEYGSLTY,5
AIAPFCNSTY,5
AITPYGNFTY,5
AITPYGQNTY,5
AISDTGSYTY,5
AISPFGYTTH,5
AIGPWGYNTY,5
AISPWGYKTY,5
AISPLGYETY,5
AIAPGGYYTY,5
AISPSGTSTY,5
AIFPNGKGTY,5
AIRWNGVATY,5
AIYPLGSGTY,5
AISPYGCYTY,5
AISQDGIRTY,5
AISTFGNRTY,5
AISEYGYATS,5
AISQFGGLTY,5
AILPFGGYTY,5
AISPCGGYTY,5
VIAPFGGYTY,5
AIVPRGGLTY,5
AIRWYGGNTY,5
AIAPNGSRTY,5
AISPYGEDTY,5
AIRPFGSWTY,5
AISPLGRDTY,5
AISQFGRATY,5
AISPRGEGTY,5
AISPFGGNIY,5
AISPNGSRTY,5
AISPYGRTTY,5
AISPQGNYTY,5
AIAQFGYKTY,5
AINWNGGYTY,5
AISPNGTRTY,5
AILPYGRKTY,5
AIVPFGDYTY,5
AIMMCGGSTY,5
AISLYGGSTY,5
AIGGYGGYTY,5
AICMRGGSTY,5
AIAPWGGYTY,5
AIRYFGGRTY,5
AIRPYGESTY,5
AISKSGNYTY,5
AITPFGGITY,5
AILPYGTFTY,5
AIQEYGEFTY,5
AISPGGLDTY,5
AISNNGSSTY,5
AIAPFGQFTY,5
AISPFGTATY,5
AIRCNGDETY,5
AIAPFGEYTH,5
AIAQFGNSTY,5
AISPAGAHTY,5
AIRWNGYYTY,5
EINPYGRRTY,5
AISPWGDYTY,5
AIYPYGGITY,5
AISPFGTGTY,5
AIAMWGSSTY,5
AISPFGADTY,5
AISPYGSDTY,5
AISQFGSLTY,5
AIRPFGSNTY,5
AIEFMGGSTY,5
AISPSGNDTY,5
AISQFGWETY,5
AINPFGYSTY,5
AIAPFCYSTY,5
AISPYGVRTY,5
AIQPFCSNTY,5
AIAPFGWETY,5
AISEYGGKTY,5
AIVPFGLSTY,5
AIDPFGERTY,5
AILFMGGSTY,5
AISEYGSKTY,5
AIGPFCDWTY,5
AIRPFGMETY,5
AISEYGYRTY,5
AIIPFGNRTY,5
AIRINGSYTY,5
AILPDGSATY,5
AIRYGGGSTY,5
ATSEYGYATY,5
AITEYGYTTY,5
TIAPFGGYTY,5
AIVPYGHYTY,5
AIGPFCRGTY,5
AISPTGLNTY,5
AISEYGARTY,5
AILPYGDWTY,5
AIAMWGRSTY,5
AINSYGNYTY,5
AIGPYGSRTY,5
AIRMAGGSTY,5
AIGYIGGSTY,5
AISYYGCSTY,5
AIGLRGNDTY,5
AISEYGEVTY,5
AIPMLGGSTY,5
AISEYGNFTY,5
AITPFCEWTY,5
AMAPYGEYTY,5
AIAPLGRSTY,5
AILPYGESTY,5
ALSEYGYATY,5
AISPFGMNTY,5
AISFYGCSTY,5
AISPYGAFTY,5
AISPLGFTTY,5
AIAPNGKYTY,5
AIAQFGQNTY,5
AIQPFGDSTY,5
AIVPFCGDTY,5
VISEYGWGTY,5
AISPNGSGTY,5
AITPYGQETY,5
AISPSGGRTY,5
AIAPWGGTTY,5
AIGPFGGQTY,5
AINWRGYRTY,5
AISNNGESTY,5
AISPHGGYTY,5
AIEYYGCSTY,5
AISPYGAETY,5
AISQFGYNTY,5
AISPFCYHTY,5
AIAPFCYQTY,5
AIARWGYETY,5
AIREYGWGTY,5
AIVMCGGSTY,4
TIAPYGEYTY,4
AISHRGNWTY,4
AISQFGAYTY,4
AIGPFGNWTY,4
AIAPFCRGTY,4
TIGPYGESTY,4
AISPTGYYTY,4
AISPSGIKTY,4
AILPYGDSTY,4
AIGPNGETTY,4
AISPFCQVTY,4
AISPFCSRTY,4
AIQGYGGSTY,4
AIGLRGNETY,4
AIVPSGGYTY,4
AIHPDGYYTY,4
TISPFGNSTY,4
AIDYKGGSTY,4
AISPFGMRTY,4
AIVPQGVQTY,4
AISTWGGYTY,4
AIDPFGEYTY,4
AIEPYGDSTY,4
AIKPYGRRTY,4
AIAPLGETTY,4
AIRPYGLRTY,4
AINPFGLTTY,4
AISPFCDRTY,4
AIADYGAYTY,4
AISTFGYRTY,4
AIAPFGYSTH,4
AISPFGGRNY,4
AISPLGYRTY,4
AIGEFGYYTY,4
AISEYGHATY,4
AIQFRGNETY,4
AIGQFGDWTY,4
AIRWAGKYTY,4
AIRNIGNYTY,4
AILPFGWETY,4
AIAPNGSFTY,4
AIHDYGNYTY,4
AISDKGKKTY,4
AIGPRGYRTY,4
AISPYGNDTY,4
AINPYGYATY,4
AINPCGRITY,4
AIGPFGGYTH,4
AISPFGTHTY,4
AITPLGKATY,4
AITPFGKRTY,4
AIDDYGGRTY,4
AISPSGTWTY,4
AIQSFGSNTY,4
AISPGGRQTY,4
AIGPFGYATY,4
ALYYKGGSTY,4
AIRMWGGKTY,4
AIAPVGYTTY,4
AIGPFCSVTY,4
AISPFCYETY,4
AISQFGEYTY,4
AISTFGISTY,4
AISPYGWKTY,4
AIAQFGRRTY,4
AIESRGGYTY,4
AIKPFGYRTY,4
AIAPIGRYTY,4
AISPNGYKTY,4
AISPYGFSTY,4
AIAQFGYRTY,4
AISPYGNTTY,4
AINPYCSYTY,4
AITPYGKVTY,4
AISPWGQYTY,4
AITEYGYATN,4
AIGPFGNCTY,4
AISPSGFNTY,4
AINPFGQITY,4
AIRPWGLSTY,4
VIGPFGGTTY,4
AITYIGGSTY,4
AILPFGWSTY,4
AITQYGGYTY,4
AIRSRGGYTY,4
AIYPYGHTTY,4
AISEFGSYTY,4
AIRPYGKITY,4
AITPYGFNTY,4
AIRPIGSSTY,4
AIAPYCSYTY,4
AISTFGYETY,4
AIAPYGTYTY,4
AISDYGTYTY,4
AIVPFGISTY,4
AICPFGSLTY,4
AIGQFGGTTY,4
AIKARGEWTY,4
AINPYGDFTY,4
AISPYGEYIY,4
AIAPSGHETY,4
AIDPFGGTTY,4
AITPFGSTTY,4
AISPFGCSTY,4
AIVPFGHQTY,4
AIGKAGHYTY,4
AISPIGTVTY,4
AISNSGYNTY,4
AITLWGGSTY,4
AIAPTGLQTY,4
AIAPFGNMTY,4
AISPSGAFTY,4
AITPSGSRTY,4
AIGTFGSYTY,4
AISPYGRLTY,4
AISECGWGTY,4
AILPYGTTTY,4
AIAPFGQITY,4
AISSRGDFTY,4
TISPFGSRTY,4
AISPFCNATY,4
AISPNGYDTY,4
AIGPFCSQTY,4
AISPGGTGTY,4
AISPDGYLTY,4
AISPFCKYTY,4
AIRPFCGDTY,4
AIEPFGSRTY,4
AIQYMCGSTY,4
AISPDGRKTY,4
AIGPFGCTTY,4
AISPGGHWTY,4
AITPKGRNTY,4
AISEYDYGTY,4
AISPFCSSTY,4
AISQFGDATY,4
AINPYGRRAY,4
AIEISGGRTY,4
AIAPYGYSTY,4
AIAQFGHQTY,4
AIRFVGTETY,4
AISPGGAYTY,4
TIGPFGRSTY,4
AISPRGHWTY,4
AISTFGDATY,4
AISTYGSYTY,4
AISEYGYATC,4
AINTSGGVTY,4
AIGPFCHYTY,4
AIAPYGEYTH,4
AIRPLGFDTY,4
AISKSGGYTY,4
AISQFGYQTY,4
AISDYGAYTY,4
AINPTGYSTY,4
AISPSGRLTY,4
AISPIGQGTY,4
AISPRGKQTY,4
AINPFGSSTY,4
AICMSGGSTY,4
AIGQFGRSTY,4
AISPYGESTY,4
AISPFVSKTY,4
AISAYGWGTY,4
AIAYCGGSTY,4
AISPYCRYTY,4
TINYMGGSTY,4
AILPFGLRTY,4
AIGPRGSRTY,4
AIQYTGGSTY,4
TISPFGNYTY,4
AILPFGHQTY,4
AIAYVGCSTY,4
AIQMCGGSTY,4
AIGPFVHYTY,4
AITPDGEYTY,4
TISPWGGYTY,4
AIAQFGNYTY,4
AIRWHGVETY,4
AIAQFGWSTY,4
AIRMWGRSTY,4
TIAPFGEYTY,4
AIGPRGDGTY,4
AISPSGKRTY,4
AISLFGYNTY,4
AIGTFGSRTY,4
AINEYGWGTY,4
AISPQGDNTY,4
AISEFGEFTY,4
AISPDGLYTY,4
AINLFGQNTY,4
AIFPYGQYTY,4
AISPAGYRTY,4
AISQFGNTTY,4
AIYPYGSRTY,4
AIAPYGLSTY,4
AISPIGEATY,4
AIHPYGSDTY,4
AISQFGSWTY,4
AILPYGDFTY,4
AIGQFGDSTY,4
AIVPYGWKTY,4
AINYYCGSTY,4
AINPGGNYTY,4
AIRPNGRYTY,4
AIIYSGCSTY,4
AISPFAMHTY,4
AISPFGICTY,4
AIRWAGYSTY,4
AISTFGDSTY,4
AISPYGATTY,4
AIRPFCLETY,4
AIRYIGGSTY,4
AIGPYGEYTY,4
AISPRGDETY,4
AIGPTGHGTY,4
AISPFCQGTY,4
AISQFGNATY,4
AISPKGDGTY,4
AIGPFCSRTY,4
AIRPRGQGTY,4
AISPFCYNTY,4
AIGPFGIHTY,4
AINPRGGQTY,4
AIQPFCDRTY,4
AISPRGHFTY,4
AIAPLGYSTY,4
AIGPYGKHTY,4
AIKYSGGSTY,4
AISPRGQYTY,4
AISPFGGWTH,4
AITEYGDATY,4
AISPSGNNTY,4
AISPRGQQTY,4
AIRCSGNQTY,4
AISPVGSDTY,4
VISPFGYTTY,4
AISPFCNTTY,4
AINSFGGRTY,4
AINPRGGWTY,4
AISYDGCYTY,4
AIRPWGYKTY,4
AISPSGWSTY,4
AIRPIGRYTY,4
AISPFGNSTH,4
AIGQYGYTTY,4
AISPFCIGTY,4
AIKWNGRYTY,4
AIVYLGGSTY,4
AISPTGSYTY,4
AINPFGRFTY,4
AIGPNGSLTY,4
AIAPFGMNTY,4
AIATFGEYTY,4
AIRWNVVETY,4
AISPVGFSTY,4
TISPYGSYTY,4
AISPIGAYTY,4
AIGWDGNYTY,4
AMSEYGWGTY,4
AISPFGCLTY,4
AIGMWGCSTY,4
AILPYGIATY,4
AIAPFCKYTY,4
AISDYGDTTY,4
AISDYGDDTY,4
TISPFGRTTY,4
AIGQFGSYTY,4
AIRLWGRSTY,4
AIAPYGLYTY,4
AISERGNYTY,4
AIRWRGGCTY,4
AIGQFGSSTY,4
AISPFCDATY,4
AISTNGGVTY,4
AIAPNGRRTY,4
AISWRCARTY,4
AIRWRCGGTY,4
AIVPFGQNTY,4
AIMMSGGSTY,4
AISPGGSSTY,3
AIYPYGNKTY,3
AILPYGANTY,3
AISTFGNYTY,3
AISPFGQVMY,3
AIPYYGSYTY,3
AIRCNGSATY,3
AISPLGTRTY,3
SINYMGGSTY,3
AINPFGCRTY,3
AITPFGDSTY,3
AICPFGSTTY,3
AITPFGARTY,3
AITPVGKSTY,3
AISANGSYTY,3
AIVPFGRGTY,3
AIVPRGGRTY,3
AISPFVSRTY,3
AINPYGNNTY,3
SISPLGYSTY,3
AIYPYGGQTY,3
AISLFGGYTY,3
AIVYGGGSTY,3
AILWNGVSTY,3
AIRWNDVETY,3
AIDYVGGSTY,3
AIKPWGGSTY,3
SIRPYGEYTY,3
AIHPYCRRTY,3
AIKPYGNRTY,3
AIAQFGYDTY,3
AIKLFGKYTY,3
AITPGGGVTY,3
AINPYGRRNY,3
AISTFGLSTY,3
AMAMWGGSTY,3
TISPFGSNTY,3
AIAPFGCTTY,3
AISPLGLGTY,3
AINPYGCITY,3
AISPGGLETY,3
AISKYGKTTY,3
AITPFGRFTY,3
AIVQFGKYTY,3
AAIAPFGGYT,3
AIGPFGNDTY,3
AICPFGNGTY,3
AIRWNGLETY,3
AIGQFGSGTY,3
AISRRGKFTY,3
AIHPRGNKTY,3
VISPFGNSTY,3
AIREYGYSTY,3
AIYPYGIRTY,3
AISQFGDWTY,3
AIGPFCGFTY,3
AISQFGFQTY,3
AISDFGLYTY,3
AISQGGGRTY,3
AITPYGDITY,3
AISPYGLKTY,3
AISPHGEYTY,3
TISWRGARTY,3
AISDYGVYTY,3
AISPYGVQTY,3
AIGPGGWSTY,3
AIGPFGRCTY,3
AIVQFGSNTY,3
AINPFGFNTY,3
AIGPFGCFTY,3
AMAPWGSFTY,3
AISPCGSHTY,3
AILWNGDETY,3
AIRTYGDYTY,3
AISQFGGNTY,3
AIHTYGDYTY,3
AIGPFCSFTY,3
AINSYGSYTY,3
AISPLGGHTY,3
TISPFGASTY,3
AIGQFGGHTY,3
AIADYGYYTY,3
RYIRMVAVPI,3
AIRWSGNPTY,3
AITPFGQWTY,3
AISPLCYSTY,3
AISPWGYVTY,3
AINPYCRYTY,3
ALNPYGRITY,3
AIGPFCGTTY,3
AISPFGNSIY,3
AINPFGSNTY,3
SIAMWGGSTY,3
TISPYGSRTY,3
AISPSGLSTY,3
AIEYYCGSTY,3
AIRPFGSLTY,3
AISTFGYGTY,3
AIRPWGYDTY,3
AIRPFGYGTY,3
AIKPFGSYTY,3
AIGPVGDKTY,3
AISYVCGSTY,3
AIGTFGGHTY,3
AISEYGGRTY,3
AISPNGRFTY,3
SISPYGEYTY,3
AISPWGGSTY,3
AIMMWGRSTY,3
AISEYGDWTY,3
AMAPFGEYTY,3
AIAPFGWGTY,3
AINNHGGLTY,3
AISPLGKTTY,3
AIRQFGNYTY,3
AIEPFGYSTY,3
AIAPYGSITY,3
AISYWGGSTY,3
AIAPFVNLTY,3
AITPYGSRTY,3
AISPFCQYTY,3
AITPFGIRTY,3
AISPFCLQTY,3
AIAQFGRGTY,3
AISPGGDRTY,3
AIRPHGRRTY,3
AIKPFGISTY,3
AIAYVCGSTY,3
AIAPFGGHTY,3
AICPFGRGTY,3
AITPRGEGTY,3
AISEYGYNTY,3
AIEFRGGYTY,3
AIGPFGLRTY,3
AIAPYGWSTY,3
AISEYGVYTY,3
AINPYGHLTY,3
AISPWGSGTY,3
AIGQFGYTTY,3
PISEYGWGTY,3
AISTSGGVTY,3
AISTFGNDTY,3
AIRPYGLSTY,3
AIQYVGCSTY,3
AIYPYGSATY,3
AISPDGYYTY,3
TISPFGGWTY,3
AIDPFGTYTY,3
AIGPFGRDTY,3
AIDPYGRKTY,3
AISEYGKFTY,3
AINPYGHYTY,3
AISQFGRYTY,3
AITPYGRETY,3
AIRFRGGSTY,3
AISPLGQQTY,3
AISPFCRSTY,3
AIRPYGYYTY,3
AITDYGYNTY,3
AISNYGSYTY,3
AITEYGYAAY,3
AIDPYGSKTY,3
AIRPFGTRTY,3
AITPGGGATY,3
AINMWGGWTY,3
AIAQFGSHTY,3
AISPWGYDTY,3
AIGQFGNGTY,3
AISPFGSRTF,3
AITPFGYYTY,3
AIRPRGGSTY,3
AINPYGRRTD,3
AIQPYGNYTY,3
AIRWGGSYTY,3
AISNRGGRTY,3
AIAEYGYATY,3
AIKAYGSATY,3
AIHPYGWKTY,3
AISTFGENTY,3
AIHGYGGRTY,3
VIAPFGYSTY,3
AISQYGYSTY,3
AISPFCLRTY,3
AIGPLGDITY,3
AISQYGSYTY,3
AIQPYGSYTY,3
AITPYGRFTY,3
AITPYGDYTY,3
AINQYGKYTY,3
AIAPYGEYIY,3
AIHPYGSNTY,3
AITPYGNHTY,3
AINPFGWETY,3
AIGPFGGTTH,3
AISPYGSQTY,3
AINDYGFYTY,3
AISPFGMHTY,3
AISPYCYRTY,3
AISPLGEYTF,3
AITPFGGHTY,3
AIAPYGISTY,3
AISTFGYKTY,3
AIRYTCGSTY,3
AIMFYCGSTY,3
AISWRCDRTY,3
AIQMWCGSTY,3
AISPQGEQTY,3
AINPLGGRTY,3
AISPFCWNTY,3
AIQNSGNYTY,3
AISPYCGGTY,3
AIIIWGGSTY,3
EITEYGYATY,3
AISPYGLITY,3
AITPVGKGTY,3
AISPKGSFTY,3
AIQMWGGSTH,3
AISPAGWSTY,3
AILLWGGSTY,3
AISPYGGFTY,3
AIWYLGGSTY,3
AIVYKCGSTY,3
AIVTYGRRTY,3
AISPHGSWTY,3
AIAPYGYHTY,3
AIQGYCGITY,3
SIAYVGGSTY,3
AISQFGIQTY,3
AITPYGIRTY,3
AIDPFGAYTY,3
AISPLGHATY,3
AIDPFGENTY,3
AISPTGRYTY,3
AIAMWGGSTH,3
AITYMGCSTY,3
AIVPFGSWTY,3
AIGPWGKYTY,3
AISPGGYRTY,3
AIGPVGSYTY,3
AIGPYCYTTY,3
AIAYNGGSTY,3
AIRLNGVSTY,3
AINPFGGRTH,3
AISMWGCSTY,3
AISQFGGFTY,3
AINTSGGNTY,3
AINPYGRIAY,3
AINENGNHTY,3
AITPFGGNTY,3
AIAPYGYQTY,3
AIAPFCLQTY,3
AISEFGYATY,3
AIRWKGVETY,3
AIAPFGMKTY,3
AISLDGSYTY,3
AIRPFCYETY,3
AISQFGGQTY,3
AIAPFCYRTY,3
AISDFGNYTY,3
VINPFGGYTY,3
AIGPSGSSTY,3
AILSYGDRTY,3
AIRPNGYGTY,3
AISEYGDGTY,3
TISPFGNWTY,3
AINPYGGDTY,3
AISTFGASTY,3
AISPFCLNTY,3
AISPTGKYTY,3
AIVPFGYKTY,3
AISPSGKLTY,3
AISPEGGSTY,3
AIAYVSGSTY,3
AIAMWGDSTY,3
AISPYCNSTY,3
AIAPFGSATY,3
TIAPFGLSTY,3
TIAPFGSSTY,3
AISTFGDWTY,3
AITPVGGRTY,3
AISPWGSKTY,3
AINFMGGSTY,3
AILPYGGNTY,3
AISQFGNDTY,3
AISPYGQRTY,3
AIRPFGYFTY,3
AILPFGYETY,3
AIVPYGHRTY,3
AIGEYGRYTY,3
AISPFGLCTY,3
AIASRGDYTY,3
AISPDGHYTY,3
AISPNGYGTY,3
AIGQFGGYTY,3
AINYSGSQTY,3
AIAPSGKYTY,3
AIFYVGGSTY,3
AISPAGLKTY,3
AISSFGGSTY,3
AISPYGLSTY,3
AIAPFGEYIY,3
AIRPFGPHTY,3
AIAPYGCYTY,3
AISPHGSYTY,3
AIGTFGRGTY,3
TITYYGGSTY,3
TISPFGLDTY,3
AIQLWGGSTY,3
AISPFGYGTH,3
AISPNGSTTY,3
AIPPYGSNTY,3
AINDYGDWTY,3
AITPYGGHTY,3
AISTFGLKTY,3
AINPYGRGTY,3
AIQQFGDRTY,3
AIGQFGGFTY,3
AIAPFGSHTH,3
AISSFGRNTY,3
AIAPFGNFTY,3
AISQFGYRTY,3
AISQFGSSTY,3
AIRMWGDSTY,3
AISLYGEYTY,3
AISDYGKSTY,3
AIDPFGNYTY,3
SISPFGRYTY,3
AMVPYGRRTY,3
AISPLGDITY,3
AITDYGQRTY,3
AISMLGGSTY,3
AINYSGGSTY,3
AINPYGRQTY,3
AISEYGTFTY,3
VINYMGGSTY,3
AIVPIGSYTY,3
AIAPFGVSTY,3
AIRLFGSSTY,3
AIYYWGGSTY,3
AISPYGKDTY,3
AIALFGLSTY,3
AIAPFGQKTY,3
AIRCDGFATY,3
AISPGGQGTY,3
AIIPTGGRTY,3
AIRWNGVETN,3
AIRPTGGRTY,3
AIDDYGSYTY,3
AIGPFGCGTY,3
AIGDYGTNTY,3
AISPCGGWTY,3
TISPFGGATY,3
AISRRGRYTY,3
AISPSGNLTY,3
VIVPYGRRTY,3
AITDYGYYTY,3
AIRMWGSSTY,3
AISPVGNLTY,3
AIYPYGSFTY,3
AISQYGNYTY,3
AIGPWGASTY,3
AIAPLGNSTY,3
AITPFGYHTY,3
AIVPRGGGTY,3
AICYFGGSTY,3
AISDYGRWTY,3
AIFPYGKFTY,3
AIGQFGEYTY,3
AISSFGYNTY,3
TISPFGSYTY,3
AIQPFGKYTY,3
AIGPTGLNTY,3
AISPFCGLTY,3
AIRWNGYETY,3
AISSFCDNTY,3
AIMYNGCSTY,3
AIGPFCNGTY,3
AITPLGKYTY,3
ATQPFGKETY,3
AISQFGYHTY,3
AISQFGGSTY,3
AISLRGARTY,3
AISPFCGSTY,3
AIGPFGSMTY,3
AMSPYGEYTY,3
AIIPIGGRTY,3
AIRPNGYRTY,3
AISYVGCSTY,3
AITPFDNWTY,3
SIGPFGGTTY,3
AIAPRGHRTY,3
AISNYGRYTY,3
AIAPKGLSTY,3
AIGQYGESTY,3
AIAPYGGSTY,3
AIGPFGNKTY,3
AISPIGSWTY,3
AIAQFGNRTY,3
AIIYYGCSTY,3
AISPFGSLTH,3
AISNNGFSTY,3
AIKPYGKRTY,3
AIDPYGDFTY,3
AILFAGTETY,3
AISPRGTYTY,3
AIGPYGHTTY,3
AIIPFGGNTY,3
AISPFCIQTY,3
AIGPFCGGTY,3
AISPFGWNTH,3
AIAPFGEFTY,3
AIAPEGLSTY,3
AIGPFGNRTY,3
AINPHGRITY,3
AILPFGDYTY,3
AITPFGMSTY,3
AITPFGDYTY,3
AITYFGGSTY,3
AIKWDGSYTY,3
AIVPFGSHTY,3
AIKPYGRITY,3
AISQFGLNTY,3
AICEYGWGTY,3
AISSFCEYTY,3
AINEYGYGTY,3
AITPFGHYTY,3
AIRWYGVETY,3
AIRYDGSYTY,3
AIIPFGSNTY,3
AIDVYGNRTY,3
AIGPFGEHTY,3
AISPGGSYTY,3
AIIEYGWGTY,3
AITPFGGDTY,3
AISQFGSRTY,3
AIAPVGDKTY,3
AIAQFGYTTY,3
AISPYCSRTY,3
AITPFGVSTY,3
AIDAYGHYTY,3
AISPYGDHTY,3
AIGPEGFNTY,3
AINPFGQKTY,3
AIRWCGGGTY,3
AIYPLGIGTY,3
AIAPFGEYAY,3
AISQFGQVTY,3
TIAPFGKYTY,3
AIGASGKYTY,3
AIRPFGFRTY,3
AISPRGDFTY,3
AIYPNGGGTY,3
AITMWGCSTY,3
AISYRGSYTY,3
AIRYTGCSTY,3
AIAPFCHWTY,3
AISPYGFDTY,3
AIGPTGYLTY,3
AICPFGDWTY,3
AIDVYGYYTY,3
AISPLGRRTY,2
AIIMRGGYTY,2
AINPYGFKTY,2
TILPYGDRTY,2
TITPFGLDTY,2
AIQYSGNYTY,2
AISTFGANTY,2
AIRCNCVETY,2
VISPFGSLTY,2
AITFLGGSTY,2
AIRFSCAYTY,2
AIVPFGYSTY,2
AIAPFGISTH,2
AILPYGLNTY,2
AIEPYGYYTY,2
VIAPFGLTTY,2
AIAQFGHFTY,2
AILPYGSNTY,2
AIGTYGESTY,2
AITPFGNKTY,2
AIGQFGDYTY,2
AIIMSGGSTY,2
AIAPFGSPTY,2
AIAQFGRYTY,2
AIAPFDGYTY,2
EISPFGNYTY,2
AIAPFGKKTY,2
AITYMCGSTY,2
AITPLGYHTY,2
AIATFGYHTY,2
AISQAGQYTY,2
EISPFGSSTY,2
AISPCGGRTY,2
AITPFGRQTY,2
AISYDGKTTY,2
AIDTYGLYTY,2
VISPFGGYTY,2
AIGQFGSFTY,2
AILPNGSATY,2
AISPYCHRTY,2
AINTRGGQTY,2
AISMSGGSTY,2
AISPFGMGTY,2
AIIPFGGWTY,2
AITPYGYATY,2
AIRPFGRRTY,2
AIKPYGSRTY,2
AISTFGFNTY,2
AIRWIGVETY,2
AISPFCFQTY,2
SINYYGGSTY,2
AICPFGGGTY,2
AIGPFGDTTY,2
AISQFGYETY,2
AIRNRGDYTY,2
AIGPYGGATY,2
AIDPYGQVTY,2
AISERGAYTY,2
AIKPYGGLTY,2
AIGPYCGNTY,2
AIDPYGNNTY,2
AINYYGCSTY,2
AIGTFGGSTY,2
AIAKVGSYTY,2
AIRYMGGYTY,2
AISPWGRNTY,2
AITPFGNNTY,2
AISPFGASTH,2
AIAPFGKHTY,2
AISQFGGITY,2
AIRWEGDYTY,2
TISPFGSLTY,2
SIAPFGYSTY,2
AIRPFCYDTY,2
AISTFGGATY,2
AIRLWGSSTY,2
AIRAFGGDTY,2
TIGPFGGSTY,2
AISPIGLSTY,2
AISPFDSNTY,2
AIHPYGSWTY,2
AISEYVYGTY,2
AIHPYGGYTY,2
AISTFGGDTY,2
AISYRGDVTY,2
AIRWNGAETY,2
PISEYGYATY,2
AIGTFGYETY,2
ATTEYGYATY,2
AITMLGGSTY,2
AIAPFCYETY,2
AISPFGCATY,2
AISEYGYPTY,2
AISPFGYSIY,2
AISPDGRRTY,2
AISTFGFSTY,2
AIAQFGEWTY,2
AISPFGMDTY,2
AIGPFGSCTY,2
AIRPFGFKTY,2
AIAQFGHWTY,2
AIVPDGRRTY,2
AITPTGYNTY,2
AISPEGKYTY,2
SISPFGSRTY,2
VISPFGRTTY,2
AISQYGRYTY,2
AISSYGYYTY,2
AIAPWGSSTY,2
AINYMGVSTY,2
AIRPRGYETY,2
AIGYKGCSTY,2
AISPIGYNTY,2
AIRYEGGSTY,2
AISTFGNATY,2
AIAPYGSSTY,2
AIQMWGCSTY,2
AITPFCSYTY,2
AITEDGYATY,2
AISQFGNLTY,2
VISPWGGHTY,2
AISFYCGSTY,2
AIAPLGHKTY,2
AIEPFGYNTY,2
AINPYGRPTY,2
AINHRGDFTY,2
AIGPFGDYTH,2
ATSPFGDWTY,2
AILPYCNYTY,2
VISYDGSYTY,2
AIFPYGTYTY,2
AIAPFCYHTY,2
AISEFGLNTY,2
AISQYGAYTY,2
AIRPWCYQTY,2
AIVPFGGHTY,2
AIHPLGSGTY,2
AISPFVYHTY,2
AIGPFGSDTY,2
AITPIGSSTY,2
AISSFGGHTY,2
AITPLGKSTY,2
AIRYACSYTY,2
AIGTFGDSTY,2
AISPFGSRTH,2
AITPFGRSTY,2
AISPLGRKTY,2
AIKPYGQYTY,2
TISPFGFKTY,2
AIAPNGYYTY,2
AIATFGYKTY,2
AIRMWGGHTY,2
AISEYGYGIY,2
AISPFCGATY,2
AISEFGSWTY,2
AISTSGGRTY,2
TISPFGGQTY,2
AIAPYGYTTY,2
AIAQFGQSTY,2
AISPFVENTY,2
AIGSFGRYTY,2
AIVQFGGDTY,2
AIAPFCASTY,2
AINPFGYNTY,2
AIVPLGGRTY,2
AISPYGECTY,2
AIGPFCGRTY,2
SIAPFGRSTY,2
AISPSGYATY,2
AISPIGSKTY,2
AIVSFGNYTY,2
AIADYGSYTY,2
AITPRGGQTY,2
AITEYGRDTY,2
AIGPFCDKTY,2
AMAPFGQNTY,2
AISPYGVYTY,2
AISTFGNTTY,2
AIAPLGYYTY,2
AIYPYGIKTY,2
AICFYGGSTY,2
AIRPFGYATY,2
ATNPYGRITY,2
AIVPYGQYTY,2
AIDWGGRYTY,2
AIAPFGEQTY,2
AISPFGYTNY,2
VISPFGGWTY,2
AISKYGRTTY,2
AICPYGEYTY,2
AIGQFGSVTY,2
AISEYGSRTY,2
AIGPFSGYTY,2
AISNRGHITY,2
AIRPSGRRTY,2
AINPFGKFTY,2
SIAPFGFRTY,2
AISPYGYRNY,2
AIRSYGLRTY,2
SIAPFGEYTY,2
AIAPFGRCTY,2
AIEPFGYLTY,2
AITEYGHFTY,2
AISPNGGGTY,2
AIKMWGGYTY,2
AISPYCGTTY,2
AINPFCHWTY,2
AIRQWGYQTY,2
AISPFGNRTH,2
AIAPCGSYTY,2
AILPYGRATY,2
TISPFGQNTY,2
AIGPFCSSTY,2
AIRMKGVSTY,2
AMSEYGYSTY,2
AINPFGGYAY,2
AMSPFGYSTY,2
AINPYCGYTY,2
AINPYGQSTY,2
AIELRGGLTY,2
AISPFCLHTY,2
AISEYGDFTY,2
AISPCGEYTY,2
TISPFGGFTY,2
AIEYAGGSTY,2
AISPCGDLTY,2
AIGPLGFRTY,2
AITPSGDFTY,2
SINWRGSYTY,2
AISPFCDSTY,2
AIAPFGSSTH,2
AILPFGYNTY,2
AIAYYGCSTY,2
AILFSGAYTY,2
AIRSFGDCTY,2
AILPFGYGTY,2
AISESGYATY,2
AIGSYCNYTY,2
TISPFGANTY,2
AISPFGYSTN,2
AIQPSGGNTY,2
AINPFGSETY,2
AISPFVYNTY,2
AIGPFGYGTY,2
AISPWCGYTY,2
AITPFGSGTY,2
TIRPFGGDTY,2
AISYFGEKTY,2
AIAQFGKTTY,2
TISPFGRYTY,2
AISPGGNVTY,2
AINPFGSFTY,2
AISYSGGTTY,2
AIQGYGCITY,2
AIGPFGDHTY,2
AINLYGRRTY,2
AIGPLGSITY,2
AIATFGYQTY,2
AIRLNGDYTY,2
AIGPFGGDTY,2
AIRPYGYGTY,2
AINPHGRRTY,2
AISQFGKYTY,2
AISEYGRGTY,2
AIATFGGYTY,2
AIAPFGHTTY,2
AISSFGSNTY,2
AISTFGSRTY,2
SICPFGRTTY,2
TITPFGEWTY,2
AISPFGYTTD,2
AIGPFVHTTY,2
AISPFGGYTH,2
SISPFGYRTY,2
TISPFGLSTY,2
AISPYGGYTH,2
AISPFCFNTY,2
AIPYMCGSTY,2
AIQPYGGLTY,2
AISPRGYRTY,2
AIDPFGKLTY,2
AINPYGCRTY,2
AISPFCGITY,2
AIHDYGTYTY,2
AITQYGSYTY,2
AISPFGMTTY,2
TINPYGKYTY,2
AITQFGDRTY,2
SIRSFGGETY,2
AIRLRGGGTY,2
AIKWNGLYTY,2
AIYPLGGGTY,2
AIGPVGKATY,2
AIMMWCGSTY,2
AIRPLGSYTY,2
AILPNGGYTY,2
AIMYMGGSTH,2
TISDYGDWTY,2
AIVPFGRRTY,2
AISDYGQHTY,2
AISQYGYYTY,2
AISQWGLGTY,2
AISPYGKTTY,2
AISPFGVNTY,2
AIVPFGGSTY,2
AIQMWGRSTY,2
AITEYVYATY,2
AILPWGYQTY,2
AISPRGQWTY,2
AITEYGYAIY,2
AISPYGCRTY,2
VISPFGYNTY,2
AISPGGLGTY,2
ATSPYGEYTY,2
AINPFGQGTY,2
AIRLFGKSTY,2
AISPLGRSTY,2
AINPYSRRTY,2
AILWSGNQTY,2
AIVPFCNNTY,2
AIVPFGTRTY,2
AILPYGTRTY,2
AIGQFGDFTY,2
AIHGYGGITY,2
TISPFGYETY,2
AIHPFGGYTY,2
SISPFGGHTY,2
AIRLNGDETY,2
AIIPFGYSTY,2
AISPYGSRAY,2
AIVPFGNSTY,2
VISPYGSRTY,2
TITFWGGSTY,2
AISEYGWVTY,2
AIFPDGRHTY,2
AISWRGPRTY,2
AISQFGQGTY,2
AIASVGGSTY,2
AIRPYGRRTY,2
AINPYGKYIY,2
AISDNGNITY,2
AILQYGNYTY,2
AISPRGDVTY,2
AISPNGTTTY,2
AIRPKGDRTY,2
AIPMWGRSTY,2
AIAPFCRSTY,2
AIQPFGGYTY,2
AIRPQGKRTY,2
AIATFGYSTY,2
AILYAGDFTY,2
AIRPKGYSTY,2
AIGEYGWGTY,2
AIPYMGCSTY,2
AISTLGYSTY,2
AIGPYCSYTY,2
AISPFGNTTH,2
AIVQFGNYTY,2
AIDPYGLSTY,2
AIKTFGQGTY,2
AIGPDGKFTY,2
AISDYCTRTY,2
AIVPRGTYTY,2
TIAPFGNRTY,2
AIKNYGLRTY,2
AISPYCSHTY,2
AISDYGRSTY,2
AIYPYGKGTY,2
AITPLGLKTY,2
AISPLGKSTY,2
AIAPFGQNAY,2
AISEYGYGTN,2
AIGQFGHTTY,2
AIGPFGHHTY,2
AISPRGRTTY,2
AISPFCGQTY,2
SISPFGLSTY,2
AITDYGYATY,2
AIFMWGGSTY,2
AIGSFGYITY,2
AIDPYGWYTY,2
AISPFGGYIY,2
AISTFGGTTY,2
AISPFGGNTH,2
AIVPYGGRTY,2
AIRWNGLSTY,2
VISPYGGYTY,2
TISPYGRYTY,2
AIMFWGGSTY,2
AIAPFGHKTH,2
AISPWCLGTY,2
AINPRGDFTY,2
AIAPFGYYTY,2
AISTFGQNTY,2
AISPVGARTY,2
AILPYGISTY,2
TINPFGGRTY,2
TIAMWGGSTY,2
AISYMGGYTY,2
AIKLYGWRTY,2
AIRPFGYKTY,2
AIGTFGDYTY,2
AIFPDGRQTY,2
AIAPFCQSTY,2
AINPYSRITY,2
AIQPYGSLTY,2
AIGQFGSKTY,2
AISQFGIGTY,2
AISSFGSRTY,2
AISQFGANTY,2
AIGPYCNYTY,2
AIRWSGNKTY,2
TITPFGSYTY,2
AISGFGGNTY,2
AINDYGSYTY,2
AILPDGRQTY,2
AIAPFGMQTY,2
AIGPFCYETY,2
AISPFGNRTF,2
AIAPYGQSTY,2
AINPFGGYTH,2
AISPYCNYTY,2
AINPYDRRTY,2
AINPYVRITY,2
AIAPFGMTTY,2
AIRPYGYNTY,2
AILWNGDYTY,2
AIFPYGDFTY,2
AIAQFGSNTY,2
AINPYGRITF,2
AIGPFGHGTY,2
AIVPYGGITY,2
AISPIGHGTY,2
TIGPFGGGTY,2
AITPFCIGTY,2
TISPFGDWTY,2
AIQPYGTRTY,2
AISQFGSVTY,2
AISPWGNSTY,2
AISTFGFKTY,2
AINPFGYGTY,2
AISPFCWETY,2
AIMMLGGSTY,2
AIPHKGGQTY,2
AISPIGKETY,2
SIAPFGSSTY,2
AISTFGGNTY,2
VIAPFGKYTY,2
AMSPFGLSTY,2
AIYPYGSNTY,2
AIAPYGIYTY,2
AVSPFGYTTY,2
AISPFCEYTY,2
AISQFGDLTY,2
AICPFGGSTY,2
TISPFGRRTY,2
AITPYGQYTY,2
AIEPFGYKTY,2
AIRPNGNGTY,2
AISPWGCYTY,2
AIAPFCSYTY,2
AIVPFCSNTY,2
AIAPWGRFTY,2
AIGPNGYYTY,2
AIRLGGYSTY,2
ATNPYGRRTY,2
TISPWGNYTY,2
AIIPFGSYTY,2
AIAPFGHCTY,2
AISPFCNITY,2
AISPFGSYIY,2
AINPYCKYTY,2
AISPSGYYTY,2
AISPIGSYTY,2
AILPFGYHTY,2
AIRPNGFYTY,2
AISTYGDYTY,2
AINPYGRRPY,2
AISPFGDATH,2
SISYDGSYTY,2
AINPFGKLTY,2
AIDPWGLLTY,2
AITPRGNLTY,2
AIADYGNYTY,2
AINEYGDRTY,2
AISSRGARTY,2
AIQYIGGSTY,2
AIGQFGHYTY,2
AISPVGNSTY,2
AISPFCFSTY,2
AIRSFGFRTY,2
AIYPFGDGTY,2
AIAQFGGDTY,2
AMGPFGGHTY,2
AISPFCYQTY,2
AIKPFGNTTY,2
AIDPFGDYTY,2
AISPTGYNTY,2
AISQYGKYTY,2
AIGPFGDWAY,2
AINPFGSRTY,2
AIAYVGDSTY,2
AIAPYVEYTY,2
AIRLFGKYTY,2
AISPFGGMTY,2
AITPRGQFTY,2
AIEFRGNITY,2
AISPLGKQTY,2
AIAPYGHFTY,2
AISPYGEYTN,2
AISKYGYSTY,2
AITPTGRYTY,2
AIDPYGRRTY,2
AIRYAGGSTY,2
AIAPNGWSTY,2
AISYYCGSTY,2
AIAPFGNPTY,2
AIAPFCGTTY,2
AISPFGNPTY,2
AIRPMGGSTY,2
AIASFGEYTY,2
AIRPFGAITY,2
AISPFGYRTH,2
AIYPFGLRTY,2
AITPAGRSTY,2
AIAPFGLPTY,2
SIGPFGGSTY,2
AISPFGNYTH,2
TISPFGYNTY,2
AIAEYGNTTY,2
TISPFGGDTY,2
AISPCGNYTY,2
AITYLGGSTY,2
AINYNGYTTY,2
SINPFGGYTY,2
AISPHGRSTY,2
AITPNGRYTY,2
AICPFGGPTY,2
AIKVYGKRTY,2
AISPFSNSTY,2
AISTFGQGTY,2
AISPSGYNTY,2
AISQWGNYTY,2
AISPFGCQTY,2
SITPYGGYTY,2
AIQPFGGDTY,2
AITPLGGSTY,2
AMSPFGNYTY,2
AIGMWGGSTH,2
AITPYGYYTY,2
AIDPYGSETY,2
AIRNGGSWTY,2
AISEYCYVTY,2
SISPFGYETY,2
AIATFGRGTY,2
AISWRGAHTY,2
VISPYGEYTY,2
AIEPFGASTY,2
AISQFGNQTY,2
AISPFCSFTY,2
AIKPPGSYTY,2
AITPYGGSTY,2
AISPFCRRTY,2
AISPIGKVTY,2
AISEYGDRTY,2
AIRYVGSYTY,2
AIGTFGGYTY,2
AITQFGEWTY,2
AMAPFGISTY,2
AICPFGYETY,2
VISPFGLSTY,2
AISPRGGETY,2
AIDPYGRATY,2
AISDYGYWTY,2
AISPLGYGTY,2
AIVPYGRLTY,2
TISPFGYRTY,2
AITPFCLGTY,2
AISPYCSYTY,2
AIPEYGYATY,2
AISGYCSYTY,2
SISPFGGDTY,2
AIGQFGRGTY,2
AISFMGGYTY,2
AIGPFGTYTY,2
AITQFGYDTY,2
AIRPDGYWTY,2
AIQPFGGNTY,2
AISPFGVSTY,2
AISEYGYASY,2
AIGPGGGLTY,2
AITPFGSITY,2
SIAPFGHKTY,2
AIIYAGGSTY,2
AIEPFGWSTY,2
AIAPFGLSTH,2
AIAPYGGYTH,2
TIRPFGLETY,2
AIRWAGWNTY,2
AITTFGSYTY,2
AIAPYGKFTY,2
AILMCGGSTY,2
AISPFCNFTY,2
AINPFGHNTY,2
AIVPHGRRTY,2
AIKPYGYYTY,2
AISPYSSYTY,2
AISPYGNYAY,2
AISTYGGYTY,2
AIAPFGCDTY,2
AISPCGLGTY,2
AINPFGNWTY,2
AINPFGSHTY,2
TISPFGYKTY,2
AIRTFGYSTY,2
AISPRGSYTY,2
AIAPYGSRTY,2
AICPFGNITY,2
AIGPFCGLTY,2
AISPYSEYTY,2
AMAPFGKYTY,2
AISEYGYGNY,2
AISTFGINTY,2
AICPFGSYTY,2
AIAPFGTITY,2
AIAPWGSLTY,2
AISQFGENTY,2
AISPYGIKTY,2
AITFMGGSTY,2
AIRSYGNYTY,2
AISPFGSMTY,2
AIAPWGGHTY,2
AIHPRGAYTY,2
AIAPAGAWTY,2
AIRYVGDFTY,2
SIRPFGNYTY,2
AISTYGYKTY,2
AIPPYGRYTY,2
AIGPYGDATY,2
AINPNGYRTY,2
AIRPFGYTTY,2
AISLFGQNTY,2
AISQFGLQTY,2
AILPYGCFTY,2
AISQYGGSTY,2
AISQFGLTTY,2
AIGTFGSFTY,2
AIGEYGSYTY,2
AIIYKGCSTY,2
AIVPFGHKTY,2
AIAPFCKSTY,2
AIQSFGSGTY,2
AISGYGYATY,2
AITPFGYETY,2
AIVPYGRRTH,2
AIGPWGGSTY,2
AIGPVGSQTY,2
AISPFGECTY,2
AISEHGWGTY,2
TISPFGQGTY,2
AIAPFCSNTY,2
AISAPGYTTY,2
AIVPYGTYTY,2
AIVPYGTLTY,2
TIGPFGGHTY,2
AINPFGQVTY,2
AIVPFCNYTY,2
AIAPYGHWTY,2
AISQYGHRTY,2
AIRPLGSDTY,2
AIAPFGGYIY,2
AIRCNGDYTY,2
AIAPFGCQTY,2
AIIYYCGSTY,2
AISQFGRRTY,2
AISEFGCYTY,2
SIGPFGHTTY,2
AIIPFGYTTY,2
VISPFGYSTY,2
AISTFGNNTY,2
ATRMWGGSTY,2
AILYSGGSTY,2
AINYGGGYTY,2
AIVPWGDLTY,2
AIKPIGKETY,2
AISCTGNRTY,2
AIIPFGDTTY,2
AILPYGNRTY,2
AINYMGGSAY,2
AIRMWGGSTH,2
SIRYTGGSTY,2
AISDYGKYTY,2
AICPYGNYTY,2
AISPFGKWTY,2
AISPFCNDTY,2
AIVFMGGSTY,2
AITPYGLYTY,2
AIIPFGGHTY,2
AIAPYCGYTY,2
AILPYGDHTY,2
AIRPIGRITY,2
AITPLGSYTY,2
ALKPFGNHTY,2
AIGYVGCSTY,2
AISPFCSHTY,2
AIEPFGGYTY,2
SISPFGFSTY,2
AIRWNSVETY,2
AISEYGDVTY,2
AISQYGGGTY,2
AISPFGFLTY,2
AILPYGDGTY,2
AISPFGYRTF,2
TITPYGGYTY,2
AILPYGRRTY,2
VIGPFGGGTY,2
AINPFGEYTY,2
AITPDGYKTY,2
ARSEYGYATY,2
AIVDFGYRTY,2
AITPNGSYTY,2
AIRSFGSETY,2
AIPMWGCSTY,2
SIMMWGGSTY,2
AIVPYVRRTY,2
AISPVGGSTY,2
AISSFGQKTY,2
AISPFCASTY,2
TISPFGSWTY,2
AISPIGEVTY,2
AISDFGYGTY,2
AISWRGDSTY,2
AISPYGTSTY,2
AIAPYGHRTY,2
AIDPYGESTY,2
AIVPFGYRTY,2
AISQYGGKTY,2
AIPYTGCSTY,2
AIAPRGGYTY,2
AIAPCGNSTY,2
AINPAGYRTY,2
AISPWGEYTY,2
AISPGGEVAY,2
AISPVGYDTY,2
AIGPFCNITY,2
AISQWGGHTY,2
AICPFGKLTY,2
SISPFGQRTY,2
AIDPFGYSTY,2
AIDIYGSYTY,2
AIHPYGSRTY,2
AIVSFGGDTY,2
AISEFCWNTY,2
AIGQFGGITY,2
AIAQFGYETY,2
AIPWNGVETY,2
AIAPWGCRTY,2
AIATYGSYTY,2
AISENGRYTY,2
AITPQGGLTY,2
AISWRGYRTY,2
AISQYGSTTY,2
AIVPFGINTY,2
TISPFGYHTY,2
AISPLGCGTY,2
AIAPRGTRTY,2
AIAPLGYTTY,2
AIAPYGGYSY,2
AILPYGFRTY,2
AICPFGEYTY,2
AINPFGRTTY,2
AIEPWGSFTY,2
ALAMWGGSTY,2
AISKFGNFTY,2
TISPFGDITY,2
AIAPFGGYTH,2
AIMMAGGSTY,2
AISPIGSNTY,2
AIRPSGLSTY,2
AIRPFGQFTY,2
AISTYGYYTY,2
AMNYMGGSTY,2
AITPFGAKTY,2
AIVYMGGWTY,2
AIVPFCGYTY,2
AIAPCGSHTY,2
AISPFGCFTY,2
AISPYCKLTY,2
AIRYKGCSTY,2
AISPIGRLTY,2
AIAPWGRLTY,2
AIVPWGNYTY,2
AINPFGSDTY,2
AIGPNGKATY,2
AISSTGGGTY,2
AIAPFGYQTH,2
AISTNGQYTY,2
AISRWGDWTY,2
AINYMGGSNY,2
AIGPGGGGTY,2
AISQFGFNTY,2
AIQYKGCSTY,2
AICPFGHYTY,2
AIRWVGDYTY,2
AILPYGEWTY,2
EINPYGRITY,2
AIRFSGVYTY,2
AISEYGDCTY,2
AIAPFGYRSY,2
AINPYGRRTN,2
TIAPFGYQTY,2
AIRWSGVETY,2
AIIPYGEYTY,2
SISPFGQKTY,2
AISQFGSHTY,2
AISPHGYKTY,2
SISNNGYRTY,2
VISPYGNYTY,2
AISPIGDFTY,2
AISDYGYATY,2
AISPFGFYTY,2
VISPFGSWTY,2
TISPFGKYTY,2
AIFPYGDITY,2
AISYMGDSTY,2
SIIYSGGSTY,2
AITPFGSDTY,2
AISEHGYGTY,1
AIVPTGGRTY,1
AIHPYGRYTY,1
VIAPFGLSTY,1
AISTFGGFTY,1
AIRPYGNWTY,1
AISYMGGSAY,1
TINYIGGSTY,1
AINPYGHQTY,1
AISPRGRYTN,1
AINPFVGRTY,1
AIRPFGKETY,1
AIGPLGYETY,1
AILFRGGNTY,1
AISPFCDNTY,1
AIIYRGGSTY,1
AIGPFCDFTY,1
AISYDGSYTH,1
AIPPFGSETY,1
AISLYGSRTY,1
SISPFGGPTY,1
AISPLGSQTY,1
AIVPFGWSTY,1
AIQPFASNTY,1
AIGPSGYYTY,1
AIATFGGDTY,1
AIAPWGGFTY,1
AISPFCHYTY,1
AITYCGGSTY,1
AISTFGGITY,1
AITPFGMNTY,1
AINQYGGRTY,1
AIEPFGSHTY,1
TIAPFGGDTY,1
AIFPYGYTTY,1
AIVPCGRRTY,1
AIAPLGRNTY,1
AILPFGAHTY,1
AIHQYGYRTY,1
AIDSYGGYTY,1
AIGPFCYTTY,1
AIRLWGCSTY,1
EIAYYGGSTY,1
AISTFGYQTY,1
AISTYGGTTY,1
TISDFGLYTY,1
AIGYRGGSTY,1
AIRPLGNRTY,1
AIPFIGGSTY,1
AISPSGFYTY,1
AIAPFGSVTY,1
AINYYGGATY,1
AIVPLGHSTY,1
AISTFGYNTY,1
AIQHRGDSTY,1
AIVPFGKTTY,1
ATAPYGGTTY,1
AIGQFGGLTY,1
AISQYGSRTY,1
AIITWGGSTY,1
TISPFGISTY,1
AIRPFVGRTY,1
AIRLGGTHTY,1
AISYRGDLTY,1
AISPFCQWTY,1
AISEYGYKTY,1
AIEPFGNSTY,1
AINPFGENTY,1
EISPFGYTTY,1
SISPFGHYTY,1
AISPYGRNTY,1
AISHYGDWTY,1
AITPFGVETS,1
AIIPFGVETY,1
AIEPYGSSTY,1
AIFPYGSNTY,1
AIGPFGHTTH,1
VIAPLGHSTY,1
SIPMWGGSTY,1
AIGRFGGVTY,1
AISPFGDWAY,1
AISPFALHTY,1
AIAPYGGCTY,1
VIGPFGNNTY,1
AIAQFGSRTY,1
AILPFCGDTY,1
AITEHGYATY,1
AINLYGRITY,1
AISPFGNRAY,1
AITEYGHVTY,1
EIHPFGSGTY,1
AMSPFGGFTY,1
AINPRGDLTY,1
AIAQFGFRTY,1
AISPGGWHTY,1
AISDYGYGTY,1
AILPWGSLTY,1
AIRPYGYRTY,1
VIAPYGEYTY,1
AIRMWGGLTY,1
AIRPYGAYTY,1
AISGYGIYTY,1
AIQYMGCSTY,1
AISQFGSGTY,1
AIGYLGGSTY,1
AISPFCQATY,1
AIIWRGARTY,1
AITQFGSKTY,1
AMSPFGSYTY,1
ARAPFGKYTY,1
TISMWGGSTY,1
AIGPSGSRTY,1
SIGYIGGSTY,1
AIRWYGVSTY,1
AIGPFGKITY,1
AISPFDRQTY,1
AMSWRGARTY,1
AIAPFAGKTY,1
AISQFGHSTY,1
AIALFGEYTY,1
AVSPYGEYTY,1
AISPWGGDTY,1
AISPFCARTY,1
AITPYGCYTY,1
TIDPFGYRTY,1
AIKPFGLHTY,1
SITPFGEFTY,1
AISPFGVWTY,1
AIYPYGYGTY,1
AIIYNGCSTY,1
AIRPLGGCTY,1
AISYDGRYTY,1
AIGKVGNYTY,1
AINPFGCNTY,1
AIVPRGQLTY,1
AIKVYGVRTY,1
AMAPFGRKTY,1
AMAPFGHKTY,1
TISPFGGNTY,1
AINEYGEHTY,1
AINYVGSSTY,1
AIAPCGNYTY,1
AISPFCSKTY,1
SIGPFGRSTY,1
AIKYYCGSTY,1
SISPFGYNTY,1
AISQFGVGTY,1
AIGPWGGHTY,1
AITPYGSITH,1
AIYDYGEYTY,1
AIQQFGNYTY,1
AISTWGNYTY,1
AINPFGNSTY,1
AITTFGKSTY,1
ATAPFGEYTY,1
AITPEGNYTY,1
AISQSGSRTY,1
TINPFGHWTY,1
AIGQFGSTTY,1
AINPFGKYTY,1
AINWNGSSTY,1
AITPIGTSTY,1
AIGPFCNLTY,1
AINPYDRITY,1
SISPFGAYTY,1
TISPFGGLTY,1
AIYPYGNITY,1
AIAPWCSYTY,1
AITPYGDQTY,1
AITPEGLYTY,1
AIAPSSSSTY,1
AISSYGRSTY,1
AISPFGSPTY,1
AISASGGSTY,1
AIKPFGGPTY,1
AIGPFVNYTY,1
AIIPFGVWTY,1
EIGPSGYNTY,1
AISTSGGSTY,1
AIMMWGGPTY,1
AIRQFGWSTY,1
AISPRGNCTY,1
TIGPFGSLTY,1
ATTPFGSYTY,1
AIVPFGGGTY,1
AMSPFGLTTY,1
TIGPFGYETY,1
AIMIWCGSTY,1
AIAPFGLATY,1
AISPLGDWNY,1
AIGPFCSKTY,1
AITPFCQRTY,1
AISPFGAKTY,1
AIIPFGGDTY,1
AIGPIGYSTY,1
AMSPFGQKTY,1
AITSKGGSTY,1
AIGWRGARTY,1
RIGPFGSGTY,1
AIDPFGKYTY,1
AISQFAMHTY,1
TIGPFGGYTY,1
AIPFKGGSTY,1
AISPEGGWTY,1
AISPFGLTTH,1
AISPFGHCTY,1
AIVPYGEATY,1
AISSTGGSTY,1
AIAPFGISTD,1
AISWRGSRTY,1
AISSFGSSTY,1
AITPFGDKTY,1
AIAPFVYQTY,1
AIAYAGCSTY,1
AISGFGYNTY,1
AISEYAYGTY,1
AISPFGCPTY,1
AILPWGLSTY,1
AISPFGTPTY,1
AISTYGYRTY,1
AIGTYGSYTY,1
AIIPFGNSTY,1
AISPWGNLTY,1
AIAPFGGNTY,1
AISYLGGKTY,1
AIQGCGDITY,1
AITTFGFSTY,1
AIGPFGELTY,1
SIAPFGDRTY,1
AINPYGKITY,1
TIMMWGGSTY,1
AIRDTGSYTY,1
AIVPYGSFTY,1
EIQPFGDRTY,1
AITPKGRNTH,1
AISPFGPNTY,1
AINQYGSRTY,1
AITPFGLSIY,1
AINPFGYTTY,1
AIRPWGSMTY,1
AIVSYGEYTY,1
AIKYVGCSTY,1
SISPFGRETY,1
AISPFGGYAY,1
AIGTFGRSTY,1
AISDFSEKTY,1
AAAMALHTYY,1
AISPNGYITY,1
EIGPFGSYTY,1
TIAPWGRSTY,1
AISQFGGATY,1
AISDYGTSTY,1
AMSPYGYKTY,1
AISEAGYNTY,1
AISYKGDSTY,1
AINYTGGSTY,1
AIRSFGGNTY,1
AIAPFGSCTY,1
AINMWGCSTY,1
AIAPSGSKTY,1
AINPFGDKTY,1
AIKPSGESTY,1
AIQYYCGSTY,1
AISPKGHYTY,1
AISPFGCGTY,1
AIGRFGGTTY,1
AISPFGSCTY,1
AINEYGYSTY,1
AIRPFGAHIY,1
AIVPWGRSTY,1
AISDIGKQTY,1
AIVTFGGDTY,1
AIVPYGGPTY,1
AITEYCYATH,1
AISEFGSYNY,1
ATSHGGGYTY,1
AISPFGLSTH,1
AISPYGRDTY,1
AISPWGHATY,1
AISPFGRMTY,1
SISPFGLHTY,1
AIQQFGNKTY,1
RITPFGSYTY,1
SISPFGKATY,1
AMNPYGRITY,1
AIRYKGSSTY,1
AIKPLGGSTY,1
AIIPFGERTY,1
AIGPFGWDTY,1
SISPFGNWTY,1
AIRWNGDATD,1
AISLFGHGTY,1
AILPWGNDTY,1
RISPFGFDTY,1
AIGLFGDWTY,1
AILHRGGQTY,1
AIIYSCGSTY,1
AISPGGGFTY,1
AIVFYGGSPY,1
AIGQFGSRTY,1
AIGPFGQYTY,1
AIQPYGSNTY,1
AIFMWGDSTY,1
AIGPNGYRTY,1
AISPVVLGTY,1
AIRYAGSYTH,1
AILYMCGSTY,1
AISPFGGLTF,1
VIGPFGSYTY,1
AIDPFGDWTY,1
SIAPFGHWTY,1
AIMFEGGSTY,1
AMRWNGDETY,1
AILLGGGNTY,1
EIVPYGRRTY,1
AILPWGDQTY,1
AIAPFGLRIY,1
TIPMWGGSTY,1
AIAPFGPSTY,1
AIRPFGEWTY,1
AIVPYCRYTY,1
VISPFGSRTY,1
AIGPFGNFNY,1
AIVPFGDWTH,1
AIEMWGGSTY,1
AIEQFGGKTY,1
AINPYGQFTY,1
AIVPFGGDAY,1
AIAPFGESTY,1
AIIPFGDSTY,1
AITPYGYNTY,1
AISPFGIDTY,1
TIAPFGSHTY,1
AIGPFGTSTY,1
TITPFGYDTY,1
AIRPFGHWTY,1
AISPFGCETY,1
AIAYYCGSTY,1
AIDPFGYETY,1
AICPFGNWTY,1
AIQPFGRNTY,1
AIRHRGGKTY,1
AISQFGASTY,1
AISTYGFYTY,1
AMGPFGSRTY,1
AISPFGGWTN,1
AIKSYGNLTY,1
AISPWGSLTY,1
AIRYRGNYTY,1
AIRWNGGETY,1
AITQFGSHTY,1
AISPFCENTY,1
AIAPFGNRAY,1
AIRLLGGSTY,1
AIAPFCLKTY,1
AIAPFGVETY,1
AIRSFGYSTY,1
AIYPFCGGTY,1
AISTYGSKTY,1
AITPHGYRTY,1
AISPRGGSTY,1
AIPMCGGSTY,1
AINPFGLRTY,1
AISRIGFGTY,1
AIRPWGIHTY,1
EIGPFGNGTY,1
AIAPLGHYTY,1
AINPGGYYTY,1
AIKVYGDSTY,1
VISYMGGSTY,1
ATSPFGYRTY,1
TITPYGSYTY,1
AIGYMGDSTY,1
AIGPFGASTY,1
AISKYGKYTY,1
SIAPFGYETY,1
AISPRGYETY,1
AIAPLGYRTY,1
AIQQFGERTY,1
AITPWGSFTY,1
AISDYGRRTY,1
AIGSFGRSTY,1
AICYLGGSTY,1
AIGPLGSRTY,1
AILSYGSFTY,1
EIAPWGSFTY,1
EIDMWGGSTY,1
ATSPFGNYTY,1
AISEIGWNTY,1
SIDVYGRYTY,1
AIGQFGNNTY,1
AIRMWSGSTY,1
AISQFGFDTY,1
AISPNGYATY,1
AIAPYGNITY,1
AISWDCSYTY,1
AILPFCYRTY,1
AIRSFCGHTY,1
AIQMLGSSTY,1
AIFPYGTHTY,1
AILPYGYYTY,1
EITPYGGYTY,1
AIEPFGRRTY,1
AIAPWVSFTY,1
EISPLGYSTY,1
ATSPFGHFTY,1
AISTFGGSTY,1
AISPFGYSTF,1
AIRWSGAYTY,1
AIRPWGRHTY,1
AIGPQGGYTY,1
AIAPFGNSAY,1
AIRWNGSETY,1
AIRPFGNTTY,1
AITPFGEWTD,1
SITPLGSYTY,1
AISPFGGITD,1
AISQYGLYTY,1
AISYMGRSTY,1
AISLFGGFTY,1
AIQSMGGSTY,1
AINLFGGRTY,1
AIGPFCKLTY,1
AISPFCRGTY,1
AIKPYGVRTY,1
VITPFGVETY,1
AISYRCGTTY,1
TISPFGLTTY,1
AISTWGDNTY,1
VISPFGIETY,1
AICPFDGSTY,1
AISPYGSYAY,1
AIRPFGGCTY,1
AISPYDEYTY,1
TIAPFGGQTY,1
AITEYGHATY,1
AIAPWGNFTY,1
AISPNGYFTY,1
AISPMGYSTY,1
AISPLGYSTD,1
AIRLYGYKTY,1
AIGPYGYTTH,1
AIAPFGYTTH,1
AIGSYGNHTY,1
AISPFGWPTY,1
AITPYCEYTY,1
AILPYGDMTY,1
AISSFGDCTY,1
AISPYCSETY,1
AIAMWGGSAY,1
AIATFGNSTY,1
VIGPFGEYTY,1
AIAPFGEWIY,1
AIQMLGGSTY,1
AIRWNGDYTH,1
AIGHFGGYTY,1
VISPLGNSTY,1
AIHMRGGSTY,1
AISPFGLPTY,1
AICWRGDRTY,1
AINPNGQGTY,1
AISPFCYATY,1
AMAPFGLKTY,1
AISPRGQHTY,1
AINPYCLRTY,1
AIRPYGSETY,1
TISPFGLNTY,1
AINPSGRRTY,1
AIMPYGRRTY,1
AIAPFGGYSY,1
AIPMWGGSTF,1
AISTFGSVTY,1
AISMWGGSTN,1
AISQFGRNTY,1
AISPYGANTY,1
EIQMWGGSTY,1
AIQYVGGSTN,1
AIIYFGGSTY,1
AMSPFGQNTY,1
EIGPFGGYTY,1
AIIPFGASTY,1
AIATLGHSTY,1
TIKYVGGSTY,1
AIVPFGDTTY,1
AIGMCGGSTY,1
AIGPFGSRNY,1
AIRYKGGSAY,1
AIRPFGEYNY,1
AIHPYCYRTY,1
AIRPFCFNTY,1
AISTYGKYTY,1
AITPFGHETY,1
AIDWNGKTTY,1
TISGYGRYTY,1
AICYWGGSTY,1
AIDPFGGHTY,1
AIRMPGGATY,1
AISPFGGLAY,1
AIHYKGCSTY,1
SIRWSGNQTY,1
AISEYGWGAY,1
AIRMKCGSTY,1
AIAPWGKYTY,1
ATHPFGSGTY,1
AIDPFGNGTY,1
AIDMWGGSTH,1
AIRPSGLYTY,1
AIRPFGNLTY,1
AIDVYCQNTY,1
AIRWNGVENY,1
AISDYGYVTY,1
SISPFGSSTY,1
EIQPFGSNTY,1
AIHNSGGHTY,1
AIHPYGGHTY,1
AIIPFGNWTY,1
AMEPFGGKTY,1
AISPFRGTTY,1
AIKPFGKGTY,1
ARNPYGRRTY,1
AISPFCKETY,1
AILMLGGSTY,1
AISPYCYKTY,1
AIVPWGGNTY,1
AINPYGNSTY,1
AIGPFGRPTY,1
AINLNGERTY,1
AISPRGYATY,1
AISPWGSNTY,1
AIMYNCGSTY,1
AISPDGQYTY,1
AISPFCNETY,1
AVNPYGRRTY,1
AISSFGGWTY,1
AILSYGGFTY,1
AINWNGGWTY,1
ATGPFGNNTY,1
AIAPWGSFTN,1
AIVTYGTRTY,1
AISLFGSNTY,1
AIAQFGRSTY,1
VISPFGNWTY,1
AIGSFGVNTY,1
AISGNGEGTY,1
AIMMWGYSTY,1
AISTYGAYTY,1
AINYMGGSTN,1
AIQSFGKETY,1
AIGTFGSSTY,1
AISWDGSYTD,1
AISPFCINTY,1
AIAYAGISTY,1
SIAPFGGDTY,1
AIYPYGYKTY,1
AISPGGGLTY,1
AIRPDGEWTY,1
AISPFSQGTY,1
AMSPYGGKTY,1
AIYPYGDYTY,1
AISPFGGRKT,1
AISPFCGGTY,1
AILPYGYNTY,1
AIQPFGSKTY,1
SISPFGYTTY,1
AIIPFGQGTY,1
AIGPFCYRTY,1
AIGPYSESTY,1
RISPIGNWTY,1
SIAPFGEWTY,1
AICPFGGRTY,1
AINPYGYYAY,1
AIAPFAEYTY,1
AIPPFGHQTY,1
AISKSGGATY,1
AIKPYGRYTY,1
AISPFGIVTY,1
AITYMGSSTY,1
TIAPFGHKTY,1
AICPFGSVTY,1
AIGPYGEATY,1
AIGPSGQWTY,1
RYDGTVWKPI,1
AISEYGTCTY,1
SIRYKGGSTY,1
VISPYGYYTY,1
AISPDGNRTY,1
VITPFGYQTY,1
AISTFGRYTY,1
AISPFGTSTH,1
RITYKGGSTY,1
AITYKGRSTY,1
AISEFGRHTY,1
AIATFGNLTY,1
AIRPWGYSTY,1
AISYYGDWTY,1
AIAYVGGSTH,1
AICPWGNSTY,1
AIRPLGGTTY,1
SIAPFGNSTY,1
AIGTYGGNTY,1
PISPFGGYTY,1
AIGPFGSLTH,1
AMSPFGQVTY,1
EISPFGSWTY,1
AIRDYGTRTY,1
AISWDGNDTY,1
AIRQLGYNTY,1
SIAPFGHVTY,1
AIRLFGRHTY,1
AITPFGCDTY,1
AIKVYGDHTY,1
AIGPFGLKTY,1
AISLFGGRTY,1
AIAPFGHQTH,1
AIGPFGSYTD,1
AISPFDENTY,1
SIAPYGGITY,1
AIGTFGHTTY,1
AMRPFGLETY,1
AIRWVGDNTY,1
AITPYCGSTY,1
AIRPFCRSTY,1
AINPYGGKTY,1
AISPHGSKTY,1
AITTFGEFTY,1
AILQYGDYTY,1
AIKIFGFKTY,1
VIAPYGKFTY,1
TIRWAGDNTY,1
AIQPFGSQTY,1
AISEYGQRTY,1
AISWRGDRTH,1
AISTYGQLTY,1
AINDYGTHTY,1
AIAPFCIRTY,1
SINQYGRYTY,1
AISPFSLKTY,1
AISPFGNLNY,1
AISYYGDLTY,1
AIVPRGGYTY,1
AIDPFGRSTY,1
AIRMNGGSTH,1
AIQPSGGYTY,1
AMAPFGSSTY,1
AISPVGLKTY,1
AISPFDGYTY,1
AIQPSGRRTY,1
AIGPFGCHTY,1
AIAPLCHSTY,1
AIRMGGSSTY,1
AITPYGGYAY,1
AIALYGEYTY,1
AINKSGGGTY,1
AIGWYGVETY,1
AIKPYGNWTY,1
AIRCNGAETY,1
AITPFGDGTY,1
AIRTFGCDTY,1
AITPFGNYTH,1
AIGCDGEYTY,1
AISNNGYLTY,1
AIQPFCQYTY,1
AIQPYGRFTY,1
AIGTFGNGTY,1
AIGPFGGRTH,1
AIAPFGNRTN,1
AISDYGRGTY,1
AISPFCEKTY,1
VIAYVGGSTY,1
AIQPFGEHTY,1
AILPYGIRTY,1
EIGFMGGSTY,1
AITPYVGYTY,1
AISQFGDNTY,1
AITPFCVETY,1
AISYDGIYTY,1
TIVPYGRRTY,1
AIASYGSYTY,1
TIAPFGGTTY,1
AIISFGRRTY,1
AISPFGIGTC,1
AIKAYGSHTY,1
AIIPFGCSTY,1
AISPFGWDTY,1
AISPYGEYAY,1
AITTFGSLTY,1
AIRMHGRRTY,1
AIGPFCSGTY,1
TIAPFGKSTY,1
AIASFGNLTY,1
AMSPFGSTTY,1
AIQPFGDRIY,1
AIAPFSNNTY,1
AINYMGGTTY,1
TISPFGWNTY,1
AISQFGKHTY,1
AIGTFGNFTY,1
AITMCGGSTY,1
EISPYGGTTY,1
AILPFGWGTY,1
AISPSGYGTY,1
AIAPLGEYTY,1
AIRYSGSSTY,1
AINPFGLHTY,1
AMGPFGNHTY,1
SIAPFGGYTY,1
AIRPFGHQTY,1
AISEYGFATY,1
AISPFCGFTY,1
ATSWRGDRTY,1
AITPFGIYTY,1
AISLGGRQTY,1
AIIPFGWNTY,1
AISPFDNWTY,1
AITTYGSYTY,1
AIIPFGRYTY,1
AITFWGGYTY,1
AIRSNGVETY,1
AIAPFGGWTN,1
AIEYYGDSTY,1
AIASFGYSTY,1
AIVPYGHQTY,1
AITQFGTRTY,1
AIPPFGKYTY,1
AITPHGGYTY,1
AITDYGQYTY,1
AISPFGGYTC,1
SIGPFGSRTY,1
AINPFGGATY,1
AISPFGQHTY,1
AINPFGCHTY,1
AIRPNCYSTY,1
AIAPYGDKTY,1
AISPFGCKTY,1
AIGPFGSPTY,1
AMVPFGGDTY,1
AILPCGEFTY,1
AISPFCAYTY,1
SIVPYGSYTY,1
AIAPLGRKTY,1
AISPFGYATH,1
AIQMWGGSAY,1
AIHTYGRRTY,1
AILPYGSFIY,1
AIGPFGSYTH,1
AILMNGGSTY,1
AIRPVGLNTY,1
TIAPFGQSTY,1
AISPFGEWTH,1
VIAPFGISTY,1
AIIPFGCTTY,1
AIGSYGYATY,1
AISPFGYITY,1
AMAPFGNNTY,1
AISSFGGDTY,1
AISLRGQNTY,1
SISPFGGWTY,1
AICEYGSYTY,1
AIRQFGYHTY,1
AIETFGCRTY,1
AISSFGNSTY,1
AIYPYGKFTY,1
AISPFGGWNY,1
AISPFGWNSY,1
AITPFGNETS,1
AISPWGCNTY,1
AISGFGDYTY,1
AIGMWGGPTY,1
AISKVGNYTY,1
AIAQFGYHTY,1
EISPFGGLTY,1
AIVPFGSSTY,1
AISPFDYKTY,1
AISQWGYATY,1
EISPFGGFTY,1
TILYMGGSTY,1
AINPYGSLTY,1
AIRPLGNDTY,1
AIRSTGGWTY,1
AIRWRGGGTC,1
SIGPWGDYTY,1
AIKPFCGHTY,1
TILPFGKYTY,1
AIQCNGSLTY,1
AIYPYGGFTY,1
AIGQFGYETY,1
AICPYGRRTY,1
AINPFGGYIY,1
AIGPYGELTY,1
AISPFGDETY,1
AISQFGKATY,1
AISEYGSNTY,1
AIRPSGKYTY,1
AIRMWGGSNY,1
AISPEGVRTY,1
AIAPSGHQTY,1
SIRWKGVETY,1
AIQCYGGITY,1
AITEYGWGTY,1
AISPAGLNTY,1
AISLLGYSTY,1
AIQNSGWSTY,1
AISPWCYATY,1
SIRPFGLETY,1
AIGPYGCYTY,1
AIRYKCGSTY,1
VIAPFGNKTY,1
AISPYGDETY,1
AITEYGGRTY,1
AISPVGFDTY,1
AISQFGNETY,1
AISPFGGDAY,1
AIRLYGEYTY,1
AIAPWCGNTY,1
AICPFGYTTY,1
VIRAYGNYTY,1
AIITFGGYTY,1
AISPFGGAAY,1
AIVMWGCSTY,1
AMSEYGYTTY,1
AISTFGDLTY,1
TISPFGRGTY,1
TIRYTGGSTY,1
TIGPYGGYTY,1
AISWDCNYTY,1
TIAPFGWSTY,1
EIAPYGEYTY,1
AIGPFSSTTY,1
AISPWCGNTY,1
AISDCGYNTY,1
VIGPFGSGTY,1
AIRPLGYDTY,1
SIGPYGSYTY,1
AISPFDNRTY,1
AIRWNCNYTY,1
AIKPYGVDTY,1
AIVPYGRRPY,1
AIGPFSSSTY,1
AIAPFGLRTH,1
AIRYSGWSTY,1
AIAPFGLNTH,1
AITEYGRRTY,1
AITPFGKKTY,1
AISPFGKYIY,1
TISPYGERTY,1
AIRWNGRSTY,1
AIDMLGGSTY,1
AIAPFGSFTY,1
AMRYAGSYTY,1
AINPFDGYTY,1
AILPFGGRTY,1
AIRPFGSTTY,1
TIRYNGGSTY,1
AIKPFGGWTY,1
AIEPFGHQTY,1
AIGPFGPDTY,1
EIAPFGEYTY,1
TIVPFGSYTY,1
SITPFGHKTY,1
AISTFGRRTY,1
AIGPSGLNTY,1
AIPYVCGSTY,1
AIGGYGRYTY,1
AIQYSGGSTN,1
AILPFGDVTY,1
AIEPYGCKTY,1
TISGTGNRTY,1
AITMWCGSTY,1
AITPFGGWTY,1
AMRSFGTRTY,1
AIAPIGKKTY,1
AITEYGYHTY,1
AISYYGYLTY,1
VITYWGGSTY,1
EISEYGWGTY,1
AIGPFGGPTY,1
AISPFGYDAY,1
TISWDGSYTY,1
AIALWGSFTY,1
VIGPYGYTTY,1
AIGQFGSQTY,1
TISEFGGYTY,1
AISPYGQITY,1
AIKAWGQVTY,1
AITQFGIGTY,1
TISPFGGETY,1
AIDPFGSKTY,1
TIGPFGSSTY,1
AISPFGLNNY,1
AITQFGLGTY,1
TINQYGRYTY,1
AITMWGGPTY,1
AILYTGGSTY,1
AISLWGYHTY,1
AISPFGGRTC,1
AIAQFGASTY,1
AIIPLGYSTY,1
AIQPFCYRTY,1
AITYMGGSPY,1
AIDPYGRITY,1
AISYRGCKTY,1
AISEYGYGPY,1
AIVPYGRITY,1
ATSPFGISTY,1
EIAPFGNSTY,1
AMAPFGGYTY,1
ATSPFGSTTY,1
AISPFGNWIY,1
AISPIGFGTY,1
AISQFGDHTY,1
AISPFGGWAY,1
AIAPWGIFTY,1
AISPFGSNIY,1
TIAPFGRKTY,1
AIGTFGRRTY,1
AISSLGGYTY,1
AISYDGSCTY,1
AIFPYGDYTY,1
AISPFGFKTH,1
AISPYGTHTY,1
AINCNGGSTY,1
AIAPFGNRNY,1
AIMYMGGYTY,1
AIAPYGATTY,1
AIIMWCGSTY,1
AISGAGGKTY,1
AIAYNCGSTY,1
AIVSFGKYTY,1
AISPGGRYTY,1
AIALYGSFTY,1
AIEEYGSYTY,1
VIGPFGSKTY,1
AIKPYGGSTY,1
AITPYGYRTH,1
AITFYGCSTY,1
AISQFGFTTY,1
AIGPSGSYTY,1
SISPFGSQTY,1
AIAPFGDHTY,1
AILPYCSKTY,1
AIFPYGGYTD,1
VIPYVGGSTY,1
AIQPFGSHTY,1
AIKPFGQGNY,1
AIRRFGGETY,1
AICPFGDRTY,1
AIAPIGKYTY,1
SISPFGSLTY,1
AIMVRGGSTY,1
AIGPFGHATY,1
AISEYGERTY,1
AIRYTSGSTY,1
AIGPYGYPTY,1
AISPFGDVNY,1
AIMLWGGSTY,1
AISAYGYGNY,1
AIKPFGLPTY,1
AITSYGGSTY,1
EISPYGSYTY,1
AISSLGGSTY,1
AIETYGSYTY,1
AISRFGRDTY,1
ATSPFGRTTY,1
AISPFCIRTY,1
AINPYGRRIY,1
AISFYGGSTH,1
TINPYGSRTY,1
AISSRGSTTY,1
AINFYGGSTY,1
AIGQYGGTTY,1
AISPLGLDTY,1
SISYVGGSTY,1
TISPFGFSTY,1
EISPFGNTTY,1
AISPYGNYTH,1
AISTFGLNTY,1
AISPGGRKTY,1
ALSPFGNNTY,1
AIAPFDNLTY,1
AIVPYGCRTY,1
AITPYGTITY,1
AIGPFCDRTY,1
AIRPFGVETY,1
AIIPFGNFTY,1
AIRYVGCSTY,1
AIQWNGDETY,1
AIATCGEYTY,1
AMSPFGAGTY,1
AISEYCGKTY,1
AIKPFCQGTY,1
AIASFGSNTY,1
AIGLFGGSTY,1
AISSFGRHTY,1
AINPFGDYTY,1
AISTFGKYTY,1
AISPWGLCTY,1
AINPFGLKTY,1
AIGPFCNNTY,1
AMSPFGYGTY,1
AIKSFGGETY,1
AISPFVSYTY,1
AISYMGGSTN,1
AISQYGGRTY,1
TISPWGIHTY,1
TISPFGYDTY,1
AIGTHGKGTY,1
AIRPFGGLTY,1
AIAPYGRSTY,1
AIRSFGEYTY,1
TIRMWGGSTY,1
VISPFGGQTY,1
AINAYGQITY,1
AIAPFGYCTY,1
AIYPYGDLTY,1
AISEYGYAPY,1
SINPFGGRTY,1
AIAPLGLNTY,1
ATAPFGSYTY,1
AIVYVDGSTY,1
AIKTYGDVTY,1
AITPVGYRTY,1
AITQFGYRTY,1
AIRPFVDSTY,1
AISGTGGRTY,1
AISHNGTSTY,1
AIAYMGCSTY,1
AIRPYCSHTY,1
AISDYGYNTH,1
AIKPFGQGSY,1
AISPFGQDTY,1
AMAPFGNLTY,1
AIGYYGSNTY,1
AISTFGRFTY,1
AIGPYCYSTY,1
AILCNGVETY,1
AISRFGKNTY,1
AIGPFGNFTD,1
AIVSFGSNTY,1
AISTRGDWTY,1
AIRWNGLDTH,1
AIEPFGGNTY,1
SIRCNGVETY,1
TISPYGGSTY,1
AISSFGRTTY,1
AIKPYGYKTY,1
AIAPFGPKTY,1
AIGPFCRNTY,1
AITPFGEWIY,1
AISPWGNYIY,1
AIVPFGCYTY,1
AIDPYGNETY,1
AMVPFGSNTY,1
SIRPFGDFTY,1
AINQYGSITY,1
AIRPYGIYTY,1
AIGQFGYSTY,1
PISEYCAYTY,1
AIDPYGHMTY,1
AISPDGKFTY,1
SISPFGNSTY,1
AIETFGGSTY,1
AITTYGRYTY,1
AISPYGEITH,1
AISTFGDVTY,1
AIYPYGEYTY,1
AIAPFGIYTY,1
AIYPYGIDTY,1
AINLNGGSTY,1
AISLFGGNTY,1
AIIPFGGYAY,1
AICPFGSKTY,1
VIAPFGHKTY,1
AILPFGSFTY,1
AISPYCAYTY,1
TILYYGGSTY,1
AISPCGKLTY,1
AIDPFGNNTY,1
AISPYCARTY,1
AISQYGFTTY,1
AIVPYGDRTY,1
AIHQWGGRTY,1
TIVPFGNNTY,1
AIGTFGNITY,1
AISPYGQNTY,1
AISPLGRHTY,1
TISPYGNYTY,1
AIAPYGFRTY,1
AITEYGYANY,1
AILQFGYRTY,1
AIRWNGVSIY,1
TIAPFGDRTY,1
AIAPYGGQTY,1
AIHPYGSLTY,1
AIGPFGGYTD,1
AISPYCQLTY,1
AINQYCRYTY,1
AILPWGNQTY,1
AIAPYGYNTY,1
AIRPYGGKTY,1
VISPWGYATY,1
AIKPFCGDTY,1
VISPYGYSTY,1
AISSFCDGTY,1
VISPYGAYTY,1
AIGPFGGWTY,1
AISPYCGSTY,1
AIMIWGCSTY,1
TIMFYGGSTY,1
AISPFGMETY,1
AIIYYGSSTY,1
AILQYGSFTY,1
AISPFGSNTC,1
AMNPYGRRTY,1
AILPYGNFTY,1
AITSWGGSTY,1
AISPFGQATN,1
AISTFGIGTY,1
AIVPFGDRTY,1
AIKPYGRKTY,1
AITEYGQWTY,1
AISQDGAVTY,1
AITPNGDYTY,1
AIATFGHFTY,1
AIAPFGRHTF,1
AILPFGGKTY,1
AIMVWGGSTY,1
AISEYCYYTY,1
AISEDGGGTY,1
AISPCGSRTY,1
AIAPWSSFTY,1
AIGPNGYDTY,1
AISPNCQGTY,1
AIVPYGYATY,1
AINFRGGSTY,1
AIAYMCGSTY,1
AINYMGGPTY,1
AISPYCGRTY,1
AIGPYCRRTY,1
AISPLGYKTY,1
AISPLGTDTY,1
AISTFGGGTY,1
SITYWGGSTY,1
AMAPFGRHTY,1
TIRPFGYNTY,1
AIRQYGSFTY,1
AISPYVEYTY,1
AISLFGRTTY,1
AIRLSGNFTY,1
AISPFGDGTF,1
AIQPFGLKTY,1
SISEYGYSTY,1
AITPIGYNTY,1
AIASFGYHTY,1
TIAPFGLKTY,1
AISPFGYETN,1
AIEYSGGSTH,1
AISWDGSYTN,1
SISPFGYDTY,1
TISPFGENTY,1
AIRWNGIETY,1
AIQPYGYSTY,1
AISPFGRGNY,1
AIRLNGSSTY,1
AIGSFVDITY,1
AIVQYGTRTY,1
AIKQFGKLTY,1
AISPLGFNTY,1
ATTFWGGSTY,1
AICMCGGSTY,1
AIAPEGNSTY,1
AISSFCRRTY,1
AILPYGWNIY,1
AIAMWGVSTY,1
SIRPHGGSTY,1
AINMQGGSTY,1
AIGWDGSYTY,1
AITPFGEWTH,1
AIAPFGQNTD,1
AIAPFCSKTY,1
AIADYGQYTY,1
AILPYCSRTY,1
AIRLNGIYTY,1
VIAPFGYRTY,1
AINPYGKYTH,1
AICPFGSSTY,1
AIFYYGCSTY,1
AICSFGGNTY,1
AIIPFGLKTY,1
AMNPFGGYTY,1
AITEYGYPTY,1
AISEYGTGTY,1
AIIPFGSITY,1
AISPFSGRTY,1
AISTFGFQTY,1
AIQPFGINTY,1
ALAPWGQYTY,1
AISPYGIDTY,1
AITPFCSHTY,1
AITPQGSLTY,1
AITQFGEFTY,1
VISPYGGKTY,1
AIAQFGDRTY,1
AIAPNGYKTY,1
AITPFGSYIY,1
AIAPFDISTY,1
AIVPFCSYTY,1
AIKVYGRYTY,1
AITYMGGYTY,1
AIVSFGGRTY,1
AISPRGRYTY,1
AIAQWGRSTY,1
AISSFGHQTY,1
AISWRGASTY,1
AISQFGRQTY,1
AIVPFGDSTY,1
AMAPFGYTTY,1
AMSPWGYATY,1
AIPMWGDSTY,1
AIVPFGHFTY,1
AIAPYGHKTY,1
ALGPFGDKTY,1
AITYSGGSTY,1
AISQYGQLTY,1
AITPFGLATY,1
AISPRGNLTY,1
AIQPFGYTTY,1
AISSFGLNTY,1
AISTYGGKTY,1
SISPFGYKTY,1
AISPYCTRTY,1
AIAPFGTYTH,1
AISTFGSTTY,1
AIVQYVRRTY,1
VISPFGGLTY,1
AIRWNGGATY,1
AIKPFCFSTY,1
SIGFMGGSTY,1
AIDPYGRYSY,1
AISPYGEYTH,1
AIAPFCIDTY,1
AITPFGSQTY,1
AIEPGGGRTY,1
ATSPFGSNTY,1
AIALFGHKTY,1
AISPFGYTTC,1
AMSPFGRSTY,1
AMPYMGGSTY,1
TISPFGNTTY,1
AIAPCGYKTY,1
AITPFGRSTH,1
TISPWGLGTY,1
AIRMWGGSTF,1
AISPYGMYTY,1
AIAPPGLYTY,1
SISPYGYKTY,1
VIGPFGGSTY,1
AIAPFGDKTY,1
AIALFGHQTY,1
AIYPYGDRTY,1
AIGPFGGETY,1
AIEPFGCKTY,1
AIVPYGTRTF,1
AIAPHGEYTY,1
AITPTGGYTY,1
AICSYGNYTY,1
AINPYGLCTY,1
TILPYGSFTY,1
AIQSYGNYTY,1
EISPFGGRTY,1
AISEYGQYTY,1
AISTFGRQTY,1
AISPRGADTY,1
AISDYGNGTY,1
AIGPFGMATY,1
AISPFGGKTN,1
AITPYCRITY,1
AIIPWGLGTY,1
AISSFGGGTY,1
AIVPFGNGTY,1
AIGPFVGYTY,1
AIGPHCNNTY,1
AITPYGYSTY,1
AISPFGISAY,1
AIGPFGSFAY,1
AIGPFCGHTY,1
AIQQFGAGTY,1
AISSFGRSTY,1
AINPGGGWTY,1
AIGLFGNGTY,1
AIGYMGVSTY,1
AISWCGDRTY,1
AIAPFGKFTY,1
AISEFGGSTY,1
AIKPFGYKTY,1
AIAPFGSYAY,1
SIAPFGRYTY,1
AIKQFGGDTY,1
AINMCGGSTY,1
AIQYNGGSTY,1
AITMWSGSTY,1
AINTYGGYTY,1
AISPFCHFTY,1
VITPFGRETY,1
AIRWTGVETY,1
AIGTFGFNTY,1
AIGRFGCYTY,1
AISPRGGMTY,1
AISPFGVITY,1
AIALFGQNTY,1
AIAPCGQNTY,1
AISPFCQSTY,1
AIIKYGYGTY,1
AIATFGCSTY,1
AISNYGNYTY,1
AIMYTSGSTY,1
AISNSGGATY,1
AIHPYGALTY,1
AINPYGKKTY,1
EISPFGRTTY,1
AITKYGYVTY,1
AIAPFCNTTY,1
AIVPFGSKTY,1
AISPFVYRTY,1
AIRYAGSFTY,1
AIVMWGGPTY,1
AIVYKGGLTY,1
SISPYGTKTY,1
AIVPFGSFTY,1
VINQYGRYTY,1
AISPFGGPTH,1
AIDPFGSRTY,1
AITPYGLSTY,1
AISPFGGHTH,1
AIFPYCSYTY,1
AISTFGGPTY,1
AIIPWGGYTY,1
AISTFGRTTY,1
AIVPFCGLTY,1
AISPWCSTTY,1
SISEFGWNTY,1
AIGPFGFDTY,1
AIAPCGYRTY,1
AIQWNCGLTY,1
AISTFGKATY,1
AIRWRGGGTN,1
EIAPYGSYTY,1
SISPFGNYTY,1
AIIPYGGSTY,1
AISPRGKYTY,1
AILQFGKYTY,1
AMRPFGLSTY,1
AIAPFGHYIY,1
AISPFGNSTS,1
AISPFGLNTC,1
AIRWNCVSTY,1
AISPTGAYTY,1
AINQYGYDTY,1
AISSTGGCTY,1
AICPFGFQTY,1
AIRPFGIGTY,1
AITPLGSRTY,1
AIAPFCWKTY,1
AISPFGYSAY,1
AISQYGYRTY,1
TIQPYGSRTY,1
AISPFGGITH,1
AIHPYGQDTY,1
AIDMWGCSTY,1
AIKPLGFTTY,1
SISPAGNYTY,1
AIQPGGGRTY,1
AIARYGISTY,1
AIDPFGSSTY,1
AINPYGRVTY,1
AIVPWGSYTY,1
SISEYGSYTY,1
AISEFCGYTY,1
AISPFGDRIY,1
AIRWNGDYYY,1
AISLFGDITY,1
AMSPWGGYTY,1
AIQGTGDYTY,1
AITEYGNFTY,1
AMAPFGYQTY,1
AIVYMGCSTY,1
AISTFGAYTY,1
AIIPYGGGTY,1
AMGPYGSYTY,1
VIAPFGGWTY,1
AIQPFGACTY,1
AISDFSGYTY,1
VINPYGSYTY,1
AISEYGGGTY,1
TIGYVGGSTY,1
AINWNGRYTY,1
AIAPFGQWTY,1
AIRAYCNYTY,1
AITTFGSFTY,1
AIAPFCEWTY,1
AISPFVYTTY,1
AISWSGARTY,1
SIKYVGGSTY,1
AQIMFGRYTY,1
PISPFGRFTY,1
AICYTGCSTY,1
AIRPYGRITY,1
AISPFRGFTY,1
AIATFGYRTY,1
AIFPYGSRTY,1
AIRQFGLDTY,1
SIAPFGSWTY,1
AISSYGGSTY,1
AISTYGGGTY,1
PIRWNGVETY,1
AINPFGNATY,1
AISQFGSFTY,1
AISPFGNATH,1
AIQRSGGYTY,1
ATSPFGSHTY,1
AISPFGWSSY,1
AIRMWGGYTY,1
AILPYGYHTY,1
AIFPYCQLTY,1
AIRFAGTKTY,1
AISSDGKVTY,1
AIGPYGNHTY,1
AISQFGEWTY,1
AIHPFGGRTY,1
AISDYGGSTY,1
AIAPFGLRTN,1
AIEPFGNNTY,1
TISPFGLHTY,1
AISPKGYATY,1
AISSFGYGTY,1
AINSYGSITY,1
EIGPFGGTTY,1
AIRQFGGYTY,1
AITPIGRITY,1
AINPYGTHTY,1
VIAPFGRGTY,1
SIKWNGDYTY,1
AISRFGQVTY,1
AIQPFGNHTY,1
AISQLGRYTY,1
AISNSGHYTY,1
SINPFGGHTY,1
AINPFSGYTY,1
AISPWGVSTY,1
AIGARGDFTY,1
AITHMGGSTY,1
AISQFGLETY,1
AIRSYGSTTY,1
AIAPWGSFIY,1
SIQMWGGSTY,1
AISTFGKLTY,1
AILAFGGGTY,1
AISPFGKSTH,1
AIYPYGGYTH,1
AIGQFGERTY,1
AISQFGESTY,1
AILPFGSYTY,1
AIGTFGNNTY,1
AIIPYGQYTY,1
AISPYGNCTY,1
VIRMWGGSTY,1
EIGPFGSTTY,1
AIASYGEYTY,1
VIGPFGTRTY,1
AIQSFGDRTY,1
AISEFGCNTY,1
AIQSFGGHTY,1
AIGPFCNHTY,1
AIRWRGGDTY,1
AISSFGGYTY,1
AISPFGVDTY,1
AILPFGLQTY,1
AISEYRYGTY,1
TINFRGGYTY,1
AISTFGGHTY,1
AIIMRGRSTY,1
AIRPFGWYTY,1
AIIPWCGSTY,1
AIGYAGGSTY,1
AISTSGYRTY,1
AISYMGGSTH,1
AIEPFGDRTY,1
AISNYGDWTY,1
AIGTWGGSTY,1
AIDPYGYRTY,1
AISPWGLDTY,1
AIADYGRSTY,1
AIGPYGCNTY,1
AITTFGYQTY,1
AIAPFVSSTY,1
TIRPFGNYTY,1
LISPYGEYTY,1
AIHPYGYLTY,1
AIATFGSYTY,1
TIRPFGNWTY,1
AINPTGYNTY,1
AMAPFGEWTY,1
AISGTGNSTY,1
AITPFGIGTH,1
AISHYGGSTY,1
AISPFGSTTH,1
AINSYGGSTY,1
AIRPFGADTY,1
AISQHGSSTY,1
AIAPFGQNTN,1
AISPSGNRTY,1
AIAPWGSCTY,1
AISEYGGSTY,1
AISPLGKFTY,1
AISPFSAYTY,1
AITQFGNSTY,1
AILMWGCSTY,1
AIRWSCNQTY,1
AIAQFGHHTY,1
AMRPFGGDTY,1
TISGFGDNTY,1
VISPFGEWTY,1
AISEYGHTTY,1
TISPWGYATY,1
AMGPFGEQTY,1
AITQFGLSTY,1
AISQWGGWTY,1
AISPFGNWTH,1
SISWRGDRTY,1
AISPYGGSTH,1
AITPDCYKTY,1
AILPYCDRTY,1
AIRSFCGETY,1
TIEPFGGKTY,1
AISLWGGSTY,1
AIAPYGRYTH,1
AISSFGHDTY,1
TISPFGTSTY,1
AIVPFGGDTH,1
AIKPDGKYTY,1
AISEFGLDTY,1
AIIPFGGKTY,1
AISLYGNVTY,1
AIYPYGGWTY,1
AISPFGNNTN,1
VISPFGYETY,1
SIAPFGQNTY,1
ATRPFGYNTY,1
AISPFGFDTH,1
AIRPFCDFTY,1
SIGPFGSLTY,1
RDKRFGELTY,1
AIAPFCDTTY,1
AIAPYGNSTY,1
AISPWGGKSY,1
AILPFGYDTY,1
AISPFGRSIY,1
AISPFGGRIY,1
AIAPFCNNTY,1
AIGPFGRRTY,1
AIRYYGCSTY,1
EIAPFGGYTY,1
AIAPSGAKTY,1
AIYPYGSPTY,1
AIVPFGWNTY,1
TIQYRGNYTY,1
AIGTYGGYTY,1
AISYNGCSTY,1
ATSPFGGRTY,1
AIKYIGGSTY,1
AITPRGGHTY,1
AIVPFGGMTY,1
AIAPFGYKTH,1
AIRPYGGLTY,1
AIRWNCSATY,1
AIGMWCGSTY,1
ATSPFGYETY,1
AIRWNGDETH,1
AIAPDGDYTY,1
AINCSGSRTY,1
TISDYGTRTY,1
AIAMWGGSNY,1
TISDYGYNTY,1
AIAPLGYQTY,1
AILMHGGSTY,1
AIYPFGCGTY,1
AINQYGSWTY,1
AIAPFGCSTY,1
AIAPFGIRTD,1
AIAPWGSFTH,1
ATSEYGYGTY,1
AITTFGVETY,1
AIAPFGRWTY,1
AISPFGRFIY,1
AIRPYGKYAY,1
AISPSGSYTY,1
AIDPFGVNTY,1
AISQFALHTY,1
AIVQFGGKTY,1
AINQYGLRTY,1
AIGPKGDTTY,1
AISQFGKLTY,1
AILPYGRFTY,1
AISDYGYITY,1
SIGPFGKLTY,1
AIRAFCGGTY,1
AISMWGRSTY,1
AISPQGGQTY,1
AINPFGWGTY,1
AIQPFGVTTY,1
AIGTHGNNTY,1
AIRWNGGYTY,1
AIAPWGYSTY,1
AIIPFGYGTY,1
AISPFCGTTY,1
AIAPFCRKTY,1
AIRPFGSKTY,1
AIRWNGVKTY,1
AISQRGEATY,1
AIAPLGKYTY,1
AIEPYGGKTY,1
VIAPYGSFTY,1
AICPFGWETY,1
AINPYGGVTY,1
AISTWGFGTY,1
AIAPFCNRTY,1
SIGPFGSQTY,1
AISWRSARTY,1
AIKPYCEFTY,1
AINPYGLQTY,1
SIAPWGSFTY,1
AIDVYGYLTY,1
AICPFGSRTY,1
AIVYKGGSAY,1
AITPFCIKTY,1
AIGPFGSVTC,1
AISPFGSYTH,1
TISPFGDNTY,1
AIRWNGVQTY,1
ATRPFGLETY,1
AILWAGDYTY,1
AIGPFGNIIY,1
VILPYGGFTY,1
TIQYMGGSTY,1
AISTFGSKTY,1
AINPYGLTTY,1
SISPYGNYTY,1
AMSPFGKFTY,1
AITPFCFSTY,1
AIPMWGGSTH,1
AINPYGHFTY,1
AIGLFGGYTY,1
AILAFGGRTY,1
EIGPFGDWTY,1
AIAQFGGKTY,1
AISPWVGTTY,1
AISPIGRVTY,1
AIRWADDYTY,1
AITPFCADTY,1
SIAPFGNRTY,1
AIRQWGNDTY,1
AITQYGSITY,1
AISPCGDHTY,1
AISPCGWETY,1
AIGYMGCSTY,1
AISQNGNYTY,1
TISPLGYSTY,1
AIASFGNRTY,1
AISPFGFNAY,1
AIQNSGFNTY,1
AIAPFGGLTY,1
AISTFGDGTY,1
AIGDFGNYTY,1
SIFPYGGYTY,1
AICYAGGSTY,1
AIAPIGYSTY,1
EISPFGRATY,1
TIMYLGGSTY,1
AISWRGDYTY,1
AISPFCSITY,1
AITMWGDSTY,1
AILPFGLDTY,1
AITPFCYQTY,1
AIYPYGYHTY,1
AIAMWGGRTY,1
AINPCGSYTY,1
AIGPYGNSTY,1
AISWRCNYTY,1
VIAPWGSFTY,1
AIRPYGRFTY,1
AINQYGLYTY,1
AIMILGGSTY,1
AILHYGGSTY,1
AIAPIGRNTY,1
AIVSYGTRTY,1
AMGPFGDSTY,1
AISPLGQGTY,1
AISPLGAYTY,1
AIAPVGRNTY,1
AISPIGSLTY,1
AIRSSGYDTY,1
AINYLGGSTY,1
AITPIGEWTY,1
AIADNGYETY,1
AINPDGSYTY,1
AMGPFGGTTY,1
AIRPIGGYTY,1
AIKPYGSFTY,1
AIATFGNYTY,1
AILSFGGETY,1
AIVPYCTRTY,1
AIAPIGWSTY,1
AISSFGDSTY,1
AISPIGSSTY,1
AIITFGGTTY,1
SITPFGSHTY,1
TIGPFGDKTY,1
AIINSGHYTH,1
AISPNGQYTY,1
AMSPYGDYTY,1
AIAQFGGFTY,1
AISPFGYRIY,1
EISPFGYETY,1
AISPYGCKTY,1
AISASGCRTY,1
AIAPFGYTTS,1
AISPFGEVTC,1
AIKPFGYSTY,1
SISPDGSRTY,1
AIASYGKYTY,1
AITSFGVETY,1
AIAPFSHFTY,1
VISPFGRATY,1
AITPYGKRTY,1
TIGPFGRGTY,1
AIGDFGHYTY,1
AIQPFGGRTY,1
AIAPFCRHTY,1
AISPLGNNTY,1
AIAPFGNLAY,1
AIQPFGSYTY,1
AILPFGYTTY,1
AISPYGDITY,1
AIKPFGSSTY,1
AIGDYGTKTY,1
SITYKGGSTY,1
AIGPLCYSTY,1
AMSPFGNGTY,1
AISPNGWRTY,1
AIAPFGWPTY,1
AITQFGGATY,1
AIIEYGYSTY,1
AIIYSGGSTH,1
ALNYNGGSTY,1
AIGPFGDSAY,1
AIAPFGGWTH,1
AITPSGYKTY,1
AISPYCDFTY,1
AILPFGDLTY,1
EISPFGYRTY,1
AMSPFGSNTY,1
AIGPFGGYAY,1
AIGPYGESTS,1
SISEHGYATY,1
AITTFGGATY,1
AIEYDGGSTY,1
AILPYCGFTY,1
AIRWYGDETY,1
AISPIGYETY,1
AIEFRGDQTY,1
AISPIGYTTY,1
AISGSGNRTY,1
AIAPVGHFTY,1
AINPDGRITY,1
AIAPIGLSTY,1
AITPFGFQTY,1
AISPFVLTTY,1
AIGPLGGTTY,1
AIAPIGSYTY,1
AIRCAGSYTY,1
SIAPFGYRTY,1
AIRWNGVPTY,1
AIQQFGQYTY,1
AIAPFGIWTY,1
AIGSYGLRTY,1
AIAPFCLGTY,1
SISPFGGSTY,1
AILWNGSATY,1
AIAQFGLTTY,1
AISEYGHGTY,1
AISQFGNITY,1
AISTFGQVTY,1
AISPAGSYTY,1
AIASFGQSTY,1
AISPFVGYTY,1
AIVYMGGSTF,1
AIGPFGATTY,1
AISEYGWATY,1
AIQPFGPHTY,1
AISSTCGWTY,1
AIRCNGVSTY,1
TIAPFGRYTY,1
AISPDGSVTY,1
AITPFCISTY,1
AIGPYDESTY,1
AIRDYGRYTY,1
AITPFGVETH,1
AISTFGSHTY,1
AMRPFGSSTY,1
AISPFGAHTY,1
AIYPFGKYTY,1
AIMLYGGSTY,1
AIRWNGLNTY,1
AILYRGNYTY,1
AISPFGSNTH,1
AIGDYGKYTY,1
AISPFGGRTN,1
AIFYMGVSTY,1
AISPCGNQTY,1
AIGLFGTRTY,1
AITPFGIETY,1
EISPFGDITY,1
AITPFGQQTY,1
AINQYGHITY,1
VIAPYGSYTY,1
AILLGGTYTY,1
AISYYGYYTY,1
AMSPFGSITY,1
SIGSFGDQTY,1
AIMYTCGSTY,1
AINYYSGSTY,1
AIKPYGHHTY,1
AILPYGSATY,1
AISPRGATTY,1
AISPFDYSTY,1
AIAPFCLNTY,1
AISPIGKWTY,1
AITPFGNITY,1
AIGPFGYETH,1
AIAPLGYHTY,1
AINPYGRTTY,1
AISQYGRFTY,1
AIKPHGSSTY,1
AIKMWGCSTY,1
AIATYGGYTY,1
ALGPYGYTTY,1
AINMSGGSTY,1
AMAYVGGSTY,1
AIAQLGATTY,1
AISAYGYYTY,1
AINPFGTYTY,1
AISKSGGGTY,1
AIRNGGGWTY,1
AIHPFGLRTY,1
EISPFGHQTY,1
AISPDGSHTY,1
AIIPFGQKTY,1
AINNMGGSTY,1
AIAQYGSYTY,1
TIQPFGTRTY,1
AISPFGILTY,1
VITPFGKYTY,1
AINTYGYYTY,1
AINPYGHHTY,1
AIAPFCYNTY,1
SISPFGFDTY,1
AIRCNGSSTY,1
AIAPFGTCTY,1
AISPYGYLTY,1
AINPFGYATY,1
AITPFGGCTY,1
AIIPFCRITY,1
AIMIWGGHTY,1
AISPFGGWSY,1
AISDYGIYTY,1
AINPYGASTY,1
AIAPFGQLTY,1
AISPYDYSTY,1
AISPWGTGTY,1
AIRMEGCSTY,1
AISDIGHGTY,1
AINPFGHQTY,1
EIGPFGSSTY,1
AISSYGEYTY,1
AIAPRGDYTY,1
AIQYKCGSTY,1
AIAPFVKRTY,1
AIAPFGEHTY,1
AIGLFGRGTY,1
RDRSVWSLYL,1
AINPAGQNTY,1
AISPIGYDTY,1
AISPYGCTTY,1
SIRPFGHSTY,1
AIHQYGRRTY,1
EIAPFGKYTY,1
SIAYMGGSTY,1
AISPWGDGTY,1
AIGPFGHITY,1
AINYMGRSTY,1
AISQFGSITY,1
AISYYGGSTH,1
SIGPFGSTTY,1
AIRSFGDHTY,1
AIRLYGGSTY,1
AIVMWDGSTY,1
AIRWNGVDTY,1
AIFPFGNGTY,1
AIQTFGSNTY,1
AICPWGLGTY,1
AIAPFGDITY,1
AIKPFGGDAY,1
AIRPFGYYTY,1
AINSFGDNTY,1
AIAPFGQNSY,1
AITYYGCSTY,1
AICPYGSYTY,1
AIVPFGGQTY,1
AISPYGNYNY,1
AIAPWGGPTY,1
AIRWDGEYTY,1
AIAPFGSWAY,1
AIVMWGDSTY,1
AIRKFGSNTY,1
AIVPYGLRTY,1
AISQYGGTTY,1
AIGLFGDFTY,1
AINWNCKSTY,1
AIAPCGHFTY,1
PISPFGYGTY,1
SIAYAGGSTY,1
AISSFGYRTY,1
TIIYNGGSTY,1
AIEVNGGNTY,1
VIAPFGHHTY,1
AIRIWGGYTY,1
AIAPFGYSIY,1
AINMWGRSTY,1
AIRPFGKSAY,1
AISPFVGRTY,1
AIAPTGNYTY,1
AISEYGYATF,1
AISPFGGNNY,1
AITPYGDFTY,1
AIAPWSFRTY,1
AINMWCGSTY,1
AISPYGSRTH,1
VISPFGYRTY,1
AIGQFGDRTY,1
AISTFGSSTY,1
AIAPFGSYNY,1
AIRLNGNYTY,1
AIQWNGVSTY,1
AIGPYCGYTY,1
AIAMWGGPTY,1
TISPFGSHTY,1
AISLFGFSTY,1
AIQPFCKETY,1
AIAPFCTTTY,1
AIRPWGNRTY,1
AISPWVNYTY,1
AISPYGYCTY,1
AILYYGCSTY,1
AISPFGGRAY,1
AIAPFVALTY,1
AIRCNGGSTY,1
AIKPYGTFTY,1
AMSPFGDATY,1
TIKPFGDRTY,1
AIRPLGGWTY,1
AIDPFGNITY,1
AISKYGWGTY,1
AIRPFGGDTH,1
AISLFGLSTY,1
AISPFGERTH,1
AISPFCKNTY,1
AIAPYGLQTY,1
VISPFGKATY,1
VIRPFGYETY,1
AILPYGNTTY,1
AILYMGRSTY,1
AIITFGRNTY,1
AILPFGYQTY,1
VISPFGFNTY,1
AISPFGRTTH,1
AISPIGFDTY,1
AICPFGNRTY,1
RISPYGSYTY,1
AIDPFGIQTY,1
AISPWGYCTY,1
AIRWAGNYTY,1
AIVPYGGHTY,1
AIQHRGNYTY,1
AISPCGDQTY,1
AIGPWGNSTH,1
AIGPFGSRSY,1
TIRMKGGSTY,1
AIGYVGDFTY,1
AISTFGWETY,1
AIKIDGNVTY,1
AIAPVGEYTY,1
AIAPFGCKTY,1
AINYMGGYTY,1
AIKPYGKYTY,1
AISPASNYTY,1
VIGPFGGHTY,1
AIDPFGNFTY,1
AISPNGETTY,1
AISPFGRITH,1
AILPYCKYTY,1
AISPAGSWTY,1
AIRWNGISTY,1
AIAPIGGYTY,1
AISYDGSYTN,1
AICPFGTRTY,1
AIAQFGGQTY,1
AILPYGDRTH,1
AIVYKGRSTY,1
AISQFGGTTY,1
AIGTFGFETY,1
AIRPSGDWTY,1
TISPFGRETY,1
AIAPFCRNTY,1
EISPFGYNTY,1
AINPIGLSTY,1
AISPLCYQTY,1
AILPWGGSTY,1
AITYNGGSTY,1
AIVPFGCKTY,1
VIRPFGDFTY,1
AIRLDGFVTY,1
AISTFGWNTY,1
AIQPFGYNTY,1
AISPYGEYTC,1
AICPFGSGTY,1
TIGPYGERTY,1
AIKGYGGITY,1
TIPYMGGSTY,1
SITPFGEWTY,1
AISEYGNGTY,1
AIKPYGEYTY,1
AISQIGSGTY,1
AISPVGGYTY,1
AILYYGGYTY,1
AISPFGKNTH,1
AIRPFGSGTY,1
AIKPFGCHTY,1
AINEYGDYTY,1
AIAPFVYRTY,1
AIQPFGYGTY,1
AIGQFGNITY,1
AIRPLGYQTY,1
AISPGGKYSY,1
ARSEYGYGTY,1
AIAPSGEYTY,1
AISPFRGWTY,1
AIAPCGGTTY,1
AISPFGVCTY,1
AISSYCHYTY,1
AIFPYGRRTY,1
AIAPFGKLTY,1
AISYSGCSTY,1
AIRPFGGDAY,1
TIKPFGGDTY,1
AISQYGYGTY,1
AIATFGLSTY,1
AITEYGYNTY,1
AISPYRGYTY,1
SIQPFGDRTY,1
AIAPYGGDTY,1
AISPYGGMTY,1
AMSSFGDNTY,1
AITPYGSSTY,1
AISPYGRYAY,1
TITYKGGSTY,1
AIYPYGTYTY,1
AIIYMGSSTY,1
SISPFGENTY,1
AAAAHALHTY,1
AICPFGSFTY,1
AIFYIGGSTY,1
AIGYMGSYTY,1
RISPFGSSTY,1
AIAQFGITTY,1
AIGPFGCRTY,1
AIAPFGRGTH,1
AISYNGNITY,1
AIRPFGGWTY,1
AIRPYGAFTY,1
AIMYAGGSTY,1
AISPYSGKTY,1
AIGPFGWNTY,1
AISPFGLKTH,1
AISYRGNSTY,1
AIGPYGSTTY,1
AIKPFGWSTY,1
AINPYCNATY,1
AISPFCFDTY,1
AITYYGCSTF,1
TISPFGFQTY,1
AIAPFGYDNY,1
AISPSGCATY,1
AISPFGKSIY,1
AISPYVIRTY,1
SIGPFGSGTY,1
ATSPFGNETY,1
AISFMGGSTY,1
AISYVGGSIY,1
AISWRGKYTY,1
AIVMWVGSTY,1
AISQRGGYTY,1
AIIPFGGLTY,1
AISPFCGPTY,1
AIAPFDEYTY,1
AIIQFGGYTY,1
AISPWGCHTY,1
RDKPFGLTTY,1
AMSPFGGYTY,1
AIQHRGGQTY,1
AIRQFGWDTY,1
AIKPFCKFTY,1
AISPFGDCTY,1
EIQPFGNRTY,1
AIDYKGCSTY,1
AIGPYGSPTY,1
AIEPFGFDTY,1
AIAPFGYPTY,1
AINSYGNLTY,1
AITQFGETTY,1
AITQFGVETY,1
AIAPYGYKTY,1
EISPFGAYTY,1
AIRWNGMSTY,1
AIIPGGGRTY,1
AISYDGSYTS,1
AIRWNSDYTY,1
AIAPFGMRTY,1
AIIEYGSTTY,1
AIAPNGYHTY,1
AIFPYGGSTY,1
AISPYSGYTY,1
AISPFGFKTD,1
AISPLGINTY,1
AIGQYGGNTY,1
AIRPIGRCTY,1
AIRPFGWCTY,1
VIVPFGNNTY,1
AISPWCGHTY,1
AIYPLGFGTY,1
VISPYGDYTY,1
TISYMGGSTY,1
AISPFCHSTY,1
AISPFCITTY,1
AINPFDGHTY,1
AISPYGNLTH,1
AIAPYGTRTY,1
AIGPYGDWTY,1
AIGPFCAYTY,1
AISPFDYTTY,1
TISEYGYATN,1
AIRWNCDETY,1
AISPWGSYTY,1
AISSYGSRTY,1
AMSPFGQGTY,1
AIRPWGLGTY,1
AMSGYGSYTY,1
AIGPFGRETY,1
AIRPGGLFTY,1
AIAPFGYSNY,1
AIAPWGDRTY,1
AISEYGWGTD,1
AIAPWGYRTH,1
TISPFGNNTY,1
AIGPLGGWTY,1
AIAYSGGSTY,1
AIAPYGQNTY,1
AIIPFGDNTY,1
TIAPWGGRTY,1
AIRLWCGSTY,1
EISPFGYSTY,1
AITPFGYRAY,1
AISPFCDKTY,1
AISDFGSYTY,1
AIALFGYRTY,1
EISPFGERTY,1
AIAPFGVYTY,1
AILPFGDFTY,1
AICPFGYSTY,1
AIFPYGEWTY,1
AIVMWGRSTY,1
EISEWGYRTY,1
TISPFGYGTY,1
AIRYAGYFTY,1
AISPFGPSTY,1
AISPYCSKTY,1
AIRISGGSTY,1
AIAPFGKITY,1
SIAPSGYKTY,1
AIGPFCKHTY,1
AINPLGYSTY,1
AISPAGQRTY,1
AISKYCYATY,1
AICPFGFETY,1
AISPYGGVTY,1
VIAYMGGSTY,1
SISGYGSYTY,1
AIAPWGNYTN,1
AIIPFGRTTY,1
AIRLFGASTY,1
AIYPYGLPTY,1
AIAPFCGFTY,1
AISPHGQSTY,1
AMAPWGQYTY,1
GISPFGNYTY,1
AIRPGGYYTY,1
AIRHGGGYTY,1
AILPFGRRTY,1
AIKIAGGDTY,1
AINYVCGSTY,1
AINPYGNGTY,1
TIAPFGHFTY,1
ATAPWGSFTY,1
AMSPYGNYTY,1
AIASFGYRTY,1
AISCYGSYTY,1
AITPFCHKTY,1
AISPYGDSTN,1
SIVPYGTRTY,1
PINPYGAYTY,1
AITPFGDFTY,1
AISECGYRTY,1
AIGYDGSYTY,1
AIQGFGGITY,1
AISPGGNKTY,1
AITTFGHLTY,1
AISPFCLTTY,1
AIIMRGCSTY,1
AINPFGWNTY,1
AISQFGARTY,1
AIVPFGYQTY,1
AIQWRGGGTY,1
AIMFYGGYTY,1
VISPFGGPTY,1
AIRLWGGSTN,1
AIGQHGNNTY,1
AISQFGHFTY,1
TISPYGRRTY,1
AIVPSGQYTY,1
AISPSGDYTY,1
TIAPFGRGTY,1
AIGPFGGMTY,1
VIGSYGVRTY,1
AITPFGLSTH,1
AISPYGDWTN,1
AIRPFGDDTY,1
AISPFGIHTY,1
AITTFGVQTY,1
AISPYGGIAY,1
TITPFGSATY,1
AIRSFGCHTY,1
AILYVGDSTY,1
SISPYGSHTY,1
AIRLMGGSTY,1
AILPFGSRTY,1
AITPWGGHTY,1
AIAQFGDTTY,1
SISPFGATTY,1
AISDFGGSTY,1
AISEYGYSTH,1
AIGPFCDSTY,1
AIEPFGEYTY,1
AIGPYGYNTY,1
AITYWGDSTY,1
AISPFGEYNY,1
AISPAGLDTY,1
VIAPFGKRTY,1
AIPYMGGSAY,1
AIGNVGNIAY,1
AITPFGGAAY,1
VIRYKGGSTY,1
SIDPFGEQTY,1
AIDEYGDYTY,1
RDNLYGWLTY,1
AMSPYGGTTY,1
TISPYGKYTY,1
AISLFGYRTY,1
AIIPYGKYTY,1
AIRLWGGSAY,1
AIVQYGRHTY,1
AILMRGGRTY,1
AIGPFCTRTY,1
AISPYCYSTY,1
AIGPFGKTTY,1
AIRPFDYEIY,1
AISPFGRYAY,1
EIAPWGNYTY,1
AISEYGGNTY,1
AIGTYGYTTY,1
AIRWNGVETD,1
AISPYGLNTY,1
AISPYGGYIY,1
AISSFGFDTY,1
AIEPFGLSTY,1
AIRLGGGNTY,1
AISDYGQLTY,1
AIKPFGKSTY,1
AICYTGGSTY,1
AIYPDGHKTY,1
AISGFCDYTY,1
TINPYGLYTY,1
AINPFGGGTY,1
AIEPFGYQTY,1
SISWDGSYTY,1
AISPIGRYTY,1
EISYRGGTTY,1
SIAPFGSHTY,1
AINTFGGHTY,1
AISQFGIRTY,1
AIDVYGQNNY,1
AIGPFGRSTH,1
AIGPLGYSIY,1
AIQPFGDHTY,1
AIIPYGGYTY,1
AIRPFGDATY,1
ATSPFGQVTY,1
AIAQWGGNTY,1
AMSPFGFKTY,1
AISLFGYTTY,1
AIQIWGGSTY,1
AISEYRYATY,1
AIAQFGWKTY,1
AITPIGSTTY,1
AISLFGSLTY,1
AIGMWGGSTN,1
AIGPFGITTY,1
EISPFGSVTY,1
SIAPFGHQTY,1
SILPYGSFTY,1
AISMWGGSTH,1
VISPFGQKTY,1
AISWRGARTH,1
AISEYVWGTY,1
AIALFGSNTY,1
AISDYVDWTY,1
AISQYGSLTY,1
AISPSGNQTY,1
AITPKGRYTY,1
AILYAGSYTY,1
AISQFGGKTY,1
AISPGGLKTY,1
AISPYGHDTY,1
AISYMGGRTY,1
AIVPFCKYTY,1
AIAPRGDHTY,1
AIRPKCDRTY,1
VIAPFGLRTY,1
AISPFGYGTD,1
AISPFCDQTY,1
TISYVGGSTY,1
AIGPFGSVTH,1
AIGPFGDWTH,1
AIKPFGLGTY,1
AIVYMGVSTY,1
AIIYSRGSTY,1
AIGPFGGFTH,1
VITFWCGSTY,1
AISPAGDYTY,1
AINPYGGGTY,1
AITPFGPITY,1
AIIMRGGSTH,1
AISPLGHYTY,1
AIRIYGSSTY,1
AICPFGHTTY,1
TISEYGEWTY,1
AIVPFGAKTY,1
TIQYVGGSTY,1
AIRPFCYNTY,1
AIKGYGYYTY,1
AITQFGLNTY,1
AIRWAGGSTY,1
AISQYGNFTY,1
AISPLGYSIY,1
AISQFGSTTY,1
AIVPFGRSTY,1
AISGHGLATH,1
AIRQFGHSTY,1
AIAPFGNRTH,1
AIKCDGSYTY,1
AIRFMGGSTY,1
AISPYCYYTY,1
AIEPFGFKTY,1
AIGPFGIETY,1
AIRGNGVETY,1
AIAPFGGTNY,1
AIDPFGDSTY,1
AISMWGGTTY,1
AIYPYGKNTY,1
AIEYSGVSTY,1
AIPYIGGSTY,1
AIAPRGSFTY,1
AIRPHGCSTY,1
AIASFGNSTY,1
AILYNGIYTY,1
AISHMGGSTY,1
AIGPWGSSTY,1
AISTFGRATY,1
TIVPFGGDTY,1
AIFPFGKGTY,1
AIGTFGSQTY,1
VISPFGNITY,1
AISWRGGGTY,1
AISPFGSHAY,1
AITEYSYATY,1
AISPFSYRTY,1
AILPYGSTTY,1
AIAPFGGDTD,1
AIEPFGKYTY,1
AIAPYGRKTY,1
AIFYSGGSTY,1
VISPFGSHTY,1
AIGQFGKHTY,1
AINPYVGYTY,1
AINPFGYETY,1
AINPYGLHTY,1
AMRWSGNQTY,1
AISSFCRDTY,1
AINPYCRDTY,1
AISPWGGHTC,1
AISKYGYVTY,1
AISPFGFCTY,1
AMSPFGISTY,1
AILPYGSCTY,1
AISPIGRRTY,1
SISPFGDNTY,1
AISPFGAPTY,1
AIHTYGFRTY,1
AIRWRGDGTY,1
AISTFGSWTY,1
AIATWGSFTY,1
AINPEGQNTY,1
AIAPFGGCTY,1
AISPLGDATF,1
AIVPRGQRTY,1
AISYVSGSTY,1
VISPFGENTY,1
AIGQWGNSTY,1
AILPPGGQTY,1
AIGPFGGHAY,1
AISCDGSYTY,1
SIAPFGLNTY,1
TIGMWGGSTY,1
TIAPWGQYTY,1
AIGPYGDRTY,1
SIAPWGGNTY,1
AISQFGKSTY,1
AIRCAGDYTY,1
AIAPWGNHTY,1
AINYMGGSIY,1
AIQPFGLETY,1
AIDPFGQNTY,1
AIGFIGGSTY,1
SISYSGGSTY,1
TISYDGSYTY,1
AISPYGQWTN,1
AIGPFSSVTY,1
AISPSGGNTY,1
AILTFGGDTY,1
AIRVYGSGTY,1
AIKIDCKTTY,1
AISYKGRSTY,1
AIRWNGEETY,1
AITPNGYYTY,1
AISPGGYDTY,1
AIIFMGGSTY,1
AISGSGRSTY,1
AISPLVYSTY,1
AIGEPGKFTY,1
AIRMHGGSTH,1
AISDYCELTY,1
AIRWNSDETY,1
AISPYCQYTY,1
AITPFGLTTY,1
AISTFGESTY,1
AISSFGHRTY,1
AISWCGARTY,1
TITPYGRGTY,1
AIGPFGSVAY,1
AMSPFGFNTY,1
AISWRGYNTY,1
AISMWGGSAY,1
AISPYGFRTY,1
AIAPYGDQTY,1
AMSPYGYYTY,1
AISPNGVYTY,1
AIVPNGDYTY,1
AITPFGNYAY,1
AIGSFGSYTY,1
AISPFCDLTY,1
AISQFGGVTY,1
AIAPKGYQTY,1
AISPYGCGTY,1
AISQFGDITY,1
SIAPFGKSTY,1
SISEWGYRTY,1
AILQYGDRTY,1
AISQYGYKTY,1
AIRLSGNQTY,1
AITPFGSHTH,1
AIGPFGWPTY,1
TIAYVGGSTY,1
AIAPFGHPTY,1
AISPFVNTTY,1
AIDPFGSNTY,1
AIRCNGVESY,1
AITTFGISTY,1
AISGNGLATY,1
AIDAFGNYTY,1
AIAPFGCHTY,1
AIRDYGNYTY,1
SISPFGSNTY,1
AIAPFGYRTN,1
TIAPFGQNTY,1
AIKPFGGNTY,1
AISEYCYCTY,1
AISPFGVYTY,1
AISQFGISTY,1
AITPRGRNTY,1
SISPFGLKTY,1
VIIYYGGSTY,1
AIRWNGVETS,1
AIGPFGSRTS,1
AIKMWGGSTS,1
AINPYGRITD,1
AIRPVGNYTY,1
TIGPFGGLTY,1
EIAPFGQSTY,1
AISPLGEATD,1
AIAPLGSHTD,1
AIAPWGSFTD,1
ALAPFGHKTD,1
AISPLGSITY,1
AISPFGTYAY,1
AISYDGNYTY,1
AIKPFGQCTY,1
AIEMRGGTTY,1
AIKLWGGSTY,1
AINPFGSLTY,1
AIGPFGEYAY,1
AIGPFGIFTY,1
AIRMWGGSAY,1
TIGYKGGSTY,1
AISPFSYTTY,1
AIDTYGRYTY,1
SIAPFGNYTY,1
AISPFDNSTY,1
MISEYGYGTY,1
AIAPSCYKTY,1
AIAPVGGITY,1
AITPFGVYTY,1
SIGPYGYTTY,1
AISPGGSITY,1
AIEPLGHSTY,1
VIAPFGAKTY,1
AIVPSGYKTY,1
SIAPFGTRTY,1
AMGPFGDFTY,1
AIRPFCFSTY,1
AIAPFGFCTY,1
AINPYGSHTY,1
ALAPFGISTY,1
AIVPYSRRTY,1
AMGPFGDWTY,1
AISHRGDSTY,1
TISPFGRATY,1
AISPFCEWTY,1
AIQPFGNSTY,1
AILMPGGSTY,1
AIKIGGKTTY,1
AIGPYGESNY,1
AIVPHGTRTY,1
EITPFGNYTY,1
AIVMWGSSTY,1
AISPRGYNTY,1
AISQYGIGTY,1
AINPYCYYTY,1
AIAPFCGKTY,1
AISPIGKSTY,1
AIDPFGSFTY,1
AISYLGCSTY,1
AIGPFGLNTY,1
AISQYGKITY,1
AITPFCDLTY,1
AIAQFGVDTY,1
AIAPFVHKTY,1
AISTNGFRTY,1
AISPLGGDTY,1
AIQQFGPRTY,1
AIKQFGHTTY,1
AILPFGWDTY,1
AITPFGAGTY,1
AIVPYGRRAY,1
AITPFGYDIY,1
VISPFGNATY,1
AIGFYGGSTH,1
AISPWGGLTY,1
AIGQFGEQTY,1
AIGPFGYTTH,1
AIQRRGCYTY,1
SIQGYGGITY,1
SIAPFGYTTY,1
AMSPYGSFTY,1
ATSPFGNRTY,1
AISPFGIYTY,1
AISPAGEGTY,1
AISPLGYHTY,1
AIRLAGEYTY,1
AIRAFGCGTY,1
AIASFGGYTY,1
AISPWGRRTY,1
AISPKGFRTY,1
AIMMWGSSTY,1
AISPFCKSTY,1
AINPYGRITN,1
TISPFGEWTY,1
AINPYGCYTY,1
AMGPFGSLTY,1
AISPFVGFTY,1
AIRPSGKSTY,1
AIGTFGYNTY,1
AIEYSGGYTY,1
AIVPFGGTTY,1
TIAPYGGYTY,1
TIVPFGGYTY,1
AISPYGDCTY,1
AIAPCGRSTY,1
AIAPFGGRTH,1
AQIMFGLTTY,1
AIRFACTETY,1
AISEYGIGTY,1
AIRYKRGSTY,1
AITRFCGYTY,1
AISTFGQKTY,1
AIKMWSGSTY,1
AIGSFGNGTY,1
AITPYGWRTY,1
AITPYGQSTY,1
AICYMGYKTY,1
AISPFGNSNY,1
AMSNNGSSTY,1
AIATYGEYTY,1
AIRYNGDSTY,1
ATTPFGVETY,1
AITEYGYATS,1
AINWHGNYTY,1
VISPWGLGTY,1
TIRWNGDYTY,1
ARSPFGFSTY,1
AIRLNGNLTY,1
AIGPFGGCTY,1
AISPFCLETY,1
AIAPWGRGTY,1
AISEYGWGIY,1
AISPYGLCTY,1
AMGPFGRGTY,1
AIPMWGSSTY,1
AISQFGTSTY,1
AISQFGRGTY,1
AILYFGGSTY,1
TIRPFGFNTY,1
AISTFGDRTY,1
AIDPFGSVTY,1
AILYCGGSTY,1
AISQYGDYTY,1
TIRPFGLGTY,1
AIAPFGKSIY,1
AIIYNCGSTY,1
AIRPYGSLTY,1
AISPFCSVTY,1
AISCRGNYTY,1
AIRPFGQSTY,1
AISPRGEATH,1
AIAPLGRRTY,1
AMSPYGAYTY,1
AINPYGDLTY,1
VITPFGNYTY,1
AIAPFGELTY,1
AIAPFGTLTY,1
AIEPFGGTTY,1
AIRPFGWETY,1
AIGPGGCGTY,1
AIGWNGVETY,1
TIAPFGRNTY,1
AIAPFGYQIY,1
AISPCGRYTY,1
TISPYGRFTY,1
AISPYGSLTH,1
AIATFGQNTY,1
AILMWGRSTY,1
AIGTFGERTY,1
AINPLGATTY,1
AISPFGPKTY,1
AINPFGGPTY,1
AIRAFGGCTY,1
AIAPFGMHTY,1
AISPSGNFTY,1
AISSDGSYTY,1
AISPYGNYIY,1
AISPFCLGTY,1
AISPFGHDTY,1
SIGPFGDSTY,1
AIIPYGSKTY,1
AIGPFGSLTN,1
SISPFGFQTY,1
AINSYGRYTY,1
AISPIGRNTY,1
AITPFGHGTY,1
AISPLGWQAY,1
AIRPFGMSTY,1
AIAPFGGETY,1
EISYMGGSTY,1
AIGTFGSGTY,1
AIGPFGGTPY,1
SIAPFGYQTY,1
AIRPYCRYTY,1
AIVMWCGSTY,1
AISEACYHTY,1
AISPSGSGTY,1
AISPFGCITY,1
PISPFGGLTY,1
AIATFGSSAY,1
SISPFGNTTY,1
AIGPFGDNTY,1
AISPRGSGTY,1
AMSPFGSLTY,1
SIVPFGDWTY,1
AIRYACDFTY,1
AIPYMGGSNY,1
AIRPFCYHTY,1
AIAPFGPQTY,1
AIAYTGGSTY,1
AMSEYCYATY,1
SISPFGDKTY,1
AIAPFGGATY,1
AIRPYGGDTY,1
AINPYVRRTY,1
VISPFGGDTY,1
AIQPYGLSTY,1
AMSPYGLYTY,1
AIKMCGGSTY,1
AITPSGLYTY,1
AIAPYGQTTY,1
VISPFGDATY,1
AIVPRGDWTY,1
AIHYMCGSTY,1
AITPLGSSTY,1
AILPRGGWTY,1
AMAPWGGRTY,1
AISPDGVVTY,1
TINMWGGSTY,1
AITTWGGSTY,1
AISPLGTITY,1
AISQYGDRTY,1
AIRHIGWGTY,1
AIGPYGIGTY,1
AINWRGARTY,1
AIRLNGLDTY,1
AIAPYGYATY,1
AIRWRGGSTY,1
AISPNGHYTY,1
AIMPLGGSTY,1
AISPSGYVTY,1
AISPVGNYTY,1
AISYYGTRTY,1
AILPYGVYTY,1
AIGLFGGRTY,1
AIVPRGEYTY,1
AISPYCDWTY,1
AIRPFGYSAY,1
AIGFMGCSTY,1
AITQFGQRTY,1
ALVPYGKSTY,1
AIRPFGGETY,1
AIQMWGASTY,1
AISPPGSRTY,1
AIATFGLKTY,1
AISEYSWGTY,1
AIEPFGNLTY,1
SIRPFGSDTY,1
AIYPYGKYTY,1
AISGYGYGTY,1
AICPFGNDTY,1
AISHSGARTY,1
AICPFGDATY,1
AIGPFSGFTY,1
AISQFGNNTY,1
AINQYGGWTY,1
AIQNSGQYTY,1
AIRWSGTQTY,1
AIGPFGVYTY,1
AIGPFCNYTY,1
AITPFGCATY,1
AITPFGGLTY,1
AISQFGKFTY,1
AMGPFGHYTY,1
AIQPFVDRTY,1
AIRPFGGNTY,1
AIRVWGGSTY,1
AIVMWGCSTH,1
AIRPFGGYAY,1
AISPFDRTTY,1
AISYDGGYTY,1
AISPYGRYTH,1
AIGSFGYVTY,1
AISNSGEWTY,1
TIAPFGYRTY,1
AILPPGGDTY,1
VISPYGQLTY,1
AIGPSGGATY,1
AIAPFGQSTH,1
AINPFGGMTY,1
AISPFGNMTY,1
AISPLGQYTY,1
AIRSFGYATY,1
AITYYGSSTY,1
AIVYVGGYTY,1
AINPGGSYTY,1
RLSPGGEVTY,1
AIAPCGISTY,1
AITPFCYKTY,1
AISPFCTNTY,1
AILWNGSSTY,1
AISPYGYYSY,1
AITTFGHKTY,1
AIRPDGYYTY,1
AIAPFGNSTH,1
AIRDNGLKTY,1
AISPYCLGTY,1
TIGPFGDWTY,1
EISPFGSHTY,1
AISPFSGQTY,1
AIAPCGHKTY,1
AIKPFGNYTY,1
AIYPYGNRTH,1
TIDPYGDYTY,1
AIDSFGGYTY,1
TISPFGSVTY,1
AISPLGYNTY,1
SISPYGRYTY,1
SINPYGSRTY,1
AISPTGYTTY,1
AISDYGTGTY,1
AIRPCGDQTY,1
AISPFCDWTY,1
AISPYGSRNY,1
AISPFGYKIY,1
AINYMGSSTY,1
