Count_CDR2,count
AISEYGYATY,454199
AIRWNGVETY,448415
AISEYGYGTY,145486
AITEYGYATY,50940
AISEYGWGTY,44423
AIRWNGVSTY,23908
AIRWNGGSTY,20987
AIRWNGLDTY,20258
AIAPYGEYTY,16185
AIAPFGEYTY,13987
AIRWNGDETY,13705
AISPYGEYTY,12977
AIGWDGEYTY,12188
AIAPFGGYTY,11774
AISPFGYSTY,6866
AIAPFGLSTY,6517
AIRWNGSSTY,6347
AIAPWGSFTY,5451
AIGWDGGYTY,5244
AIAPFGYSTY,4732
AIRWNGSATY,4632
AIAPFGYQTY,4118
AISPLGYSTY,3993
AIAPFGQNTY,3132
AIRWNGFYTY,2553
AIAPFGISTY,2514
AIAPFGSHTY,2092
AISEYGYSTY,1867
AIEYYGGSTY,1765
AIAPFGASTY,1450
AITFWGGSTY,1410
AISEFGGYTY,1404
AIRWNGDYTY,1385
AIRWNGSFTY,1316
AIAPFGWSTY,1107
AISPWGNYTY,959
AIAPFGSYTY,939
AIRCNGVETY,916
AISEYGYVTY,895
AISEFGWNTY,869
AISEYCYATY,803
AISPFGFSTY,764
AILWNGVETY,699
AIRWNGNYTY,687
AIVMWGGSTY,654
AIAPFGYNTY,623
AIKWNGYYTY,541
AIPYMGGSTY,528
AIAPFGYHTY,493
AIRLNGVETY,465
AIAMWGGSTY,447
AIRWNCVETY,446
AIRWSGNQTY,417
AISPFGDSTY,415
AISPFGGYTY,398
AINWSGSRTY,385
AIRWDGYATY,359
AISPYGGYTY,348
AIAPFGKSTY,298
TISEYGYATY,294
AISPFGASTY,291
AISDYGDWTY,288
AIRWDGFATY,270
AIRWNGRYTY,266
AIAPLGHSTY,263
AINWNGKSTY,255
AISPDGNNTY,238
AINWNGKYTY,236
AISPYGSHTY,235
AISEYCYGTY,233
AISPYGSYTY,227
AINHRGDSTY,225
AIQWNGVETY,214
AISEYGYCTY,211
AIAPFGLTTY,210
AISPYGDWTY,195
AISEYGYETY,195
AIAYMGGSTY,193
AIAPYGGYTY,187
AISPWGGYTY,185
AISPYGRYTY,174
AISEYGYATH,174
AISPFGYATY,169
AISPFGYGTY,169
AISEYGFYTY,162
AISPFGISTY,158
TIRWNGVETY,158
AIAPYGSYTY,157
AISPFGYNTY,156
SIRWNGVETY,155
AISPDGKTTY,154
AIRWNGVESY,152
AIRWNGVETH,146
AIRWNGSYTY,145
AIMYNGGSTY,143
AIRWNGHYTY,134
AIVMRGGSTY,132
AISPFGIGTY,131
AIREYGYATY,129
AISPFGRFTY,129
AISPFGKSTY,124
AISPFGDHTY,124
AISWDGSYTY,123
SISEYGYATY,122
AIDPYGLYTY,122
AISPFGQGTY,118
AISPYGNYTY,116
AIAPFGGQTY,115
AIRWNGHSTY,111
AIIEYGYATY,111
AISAYGYATY,107
AIMMWGGSTY,101
AITEYGYVTY,100
AIAPLGISTY,99
AISEYGSYTY,99
AISEYGYDTY,97
AIRMWGGSTY,97
AISPFGYRTY,96
VIRWNGVETY,95
AIAPFGRNTY,94
AITEYCYATY,93
AISPFGENTY,92
AISPFGGWTY,91
AISPFGRYTY,91
AISPYGYYTY,91
AIAPWGSYTY,90
AISPWGSTTY,90
AIRWNGMETY,89
AISPFGSYTY,89
AISPFGNYTY,88
AISPFGGLTY,86
AIAPFGRTTY,86
AIGEYGYATY,84
AISPYGKYTY,84
AIAYYGGSTY,83
AISEYCWGTY,82
AIPMWGGSTY,81
AISPWGYATY,81
VISEYGYATY,80
AIRPFGLETY,80
AIAPFGSWTY,77
AIRWNGDATY,75
AISPDGSGTY,75
AISECGYATY,75
AIRWNGIYTY,74
AISPYGEITY,74
AMRWNGVETY,72
AIGPFGNGTY,70
TISEYGYGTY,70
AIDMWGGSTY,70
AISPFGSSTY,69
AISPYGDYTY,67
AIRWHGVETY,66
AISPYGAYTY,66
AISPEGSYTY,66
AIAPFGKYTY,66
AIRWNSVETY,66
AIKIDGKTTY,66
AISDYGLGTY,65
AISPYGYSTY,64
AIRWYGVETY,64
AISDFGNYTY,63
AISPFGYQTY,63
AINYNGYRTY,63
AINPYGNATY,61
AMSEYGYATY,61
AISPDGSKTY,60
AIRWNDVETY,59
AIGPYGSYTY,59
AISKYGYATY,58
AINWNGGSTY,58
AILYMGGSTY,57
AISEYGWCTY,56
AISPFGGFTY,56
AISPLVGSTY,56
AISEYGYYTY,56
AISPDGWTTY,56
AISPNGTNTY,55
AISPFGYKTY,55
AIIYMGGSTY,55
AISPFGNSTY,54
AISEWGYRTY,54
AISMWGGSTY,54
AISPRGEATY,53
AISPNGEWTY,52
AISPFGYTTY,50
AISWDGNYTY,50
AIRWAGDNTY,49
AISPFGEYTY,49
AISEYGYGTH,49
AISPFGKYTY,49
AIAPFGGTTY,49
AISPFGLSTY,48
AISPFGDYTY,48
AISDYGYNTY,48
AISPFGFNTY,47
AIRWNGVDTY,46
AISPFGGRTY,46
TISEYGWGTY,46
SISEYGYGTY,46
AIRWDGVETY,45
AITMWGGSTY,45
AIRCNGVSTY,44
AISPYGGRTY,44
AISPYGSRTY,44
AISPFGGNTY,43
AISEYGCGTY,43
AIMYMGGSTY,43
AIQWNGSNTY,43
AISPFGNNTY,42
AINYMGGSTY,42
AIRWSGVETY,42
AIKWNGRYTY,42
AIDPYGDVTY,42
AISPFGSHTY,42
AISPWGGWTY,41
AIKWNGLYTY,41
AISPDGYNTY,41
AIRYMGGSTY,41
AINYYGGSTY,41
AIRCNGLDTY,41
AIRCNGGSTY,41
AIAYVGGSTY,41
AISPDGKVTY,40
AIRWNGLETY,40
AINEYGYATY,40
AIREYGYGTY,40
AIIMWGGSTY,40
AICYSGGSTY,39
AISPYGGGTY,39
AIAPFGLQTY,39
AISPDGYKTY,39
AISPDGYSTY,39
EIRWNGVETY,38
AICEYGYATY,38
AISEYGSTTY,38
AIVYMGGSTY,38
AIRWNGMDTY,38
AIDPYGRYTY,38
AISPFGHSTY,37
AIAPFGHGTY,37
AIRWAGDYTY,37
AISSTGGGTY,36
AISPIGYGTY,36
AIGPFGWSTY,36
AISPLGGYTY,35
AISPYGNRTY,35
AISPDGNLTY,35
AISPDGSYTY,35
AISPFGGTTY,35
AISPGGGTTY,35
AISEYGEYTY,35
AISEYGYTTY,35
AISAYGYGTY,35
AILYVGGSTY,35
AISEYGYATN,35
AICYMGGSTY,35
AILWNGLDTY,34
AISPYGGETY,34
AIAPFGYTTY,34
AISPFGEWTY,34
AISPFGDWTY,34
AISPFGYETY,34
AISEYGDATY,33
AISPFGGSTY,33
AIGEYGYGTY,33
AISPFGRNTY,33
AISYMGGSTY,33
EISEYGYATY,33
AIVYVGGSTY,33
AILMWGGSTY,32
AISPYGTYTY,32
AISYYGGSTY,32
AIDDYGRYTY,32
AISPYGGLTY,32
AIGPYGYTTY,32
AISPYGYRTY,32
AISPSGSRTY,32
AISPFGSRTY,32
AISEAGYHTY,32
AISPYGLRTY,32
AIRLNGVSTY,32
AISHRGDRTY,31
AIRRNGVETY,31
AIRWKGVETY,31
AISPLGDWTY,31
AICMWGGSTY,31
AISPFGNWTY,30
AIRWNGVSSY,30
AIQYMGGSTY,30
AIAPFGSSTY,30
AISPNGKWTY,30
AIRPFGGDTY,30
AISEYVYATY,30
AISPFGLGTY,30
AISEYGGYTY,29
AISPDGAVTY,29
AIRCNGDETY,29
AISPFGNQTY,29
AIRWNVVETY,29
AISPSGKSTY,29
AIEFRGGNTY,29
AISPYGEWTY,28
AISPFGNRTY,28
AISPFGSLTY,28
AIRWNGLSTY,28
AISPLGGSTY,28
AITPYGEYTY,28
AIRWDGEYTY,28
AISPFGLNTY,28
AISPYGLYTY,28
AIDEYGRYTY,28
AIIYSGGSTY,28
AIRYNGIYTY,27
AISKYGYGTY,27
AILWNGGSTY,27
AISPFGDKTY,27
AISPFGDVTY,27
AISPLGDSTY,27
AIRWNGAETY,27
AISPDGSRTY,27
AISEYGWDTY,26
AIRWNGYETY,26
AIKMWGGSTY,26
AIDPYGGYTY,26
AILWNGVSTY,26
AISPNGLDTY,26
AIRPFGYHTY,26
AIRYNGGSTY,26
AINPYGRRTY,26
AISPYGDQTY,26
AISSYGNSTY,26
AISDNGLKTY,25
AISPFGEVTY,25
AISEDGYATY,25
AISPLGNSTY,25
AIAQFGEYTY,25
AISPYGDSTY,25
AISPFGDQTY,25
TITEYGYATY,25
AIRWNGVENY,25
AIAPFGQYTY,25
AIIYVGGSTY,25
AISYVGGSTY,24
AITYMGGSTY,24
AISPFGLRTY,24
AIGPFGDWTY,24
AIRWNGVETC,24
AIGWDCEYTY,24
AIIMRGGSTY,24
AIAPYGRYTY,24
AISEYSYATY,24
AISPWGGHTY,24
AINSRGDRTY,23
AISPFGLTTY,23
AIAPFGQFTY,23
AISPGGDHTY,23
AIQMWGGSTY,23
VISEYGYGTY,23
AIRWNGVQTY,23
AIRWNCLDTY,23
AIIEYGYGTY,23
AISPFGDRTY,23
AISPFGSTTY,23
AISPDGQATY,23
AIRWNCVSTY,22
AISPNGDSTY,22
AISPFGGATY,22
AISEYDYATY,22
AISEYGCATY,22
AITPYGGYTY,22
AISPYGFNTY,22
AISPNGYTTY,22
AISEYGLGTY,22
AIRWNGCSTY,22
AISPGGGWTY,22
RIAPFGYSTY,22
AIYPYGEYTY,22
AISDYGYYTY,22
AIGPYGSWTY,21
AIGPQGYYTY,21
AISPWGDLTY,21
AISPYGDKTY,21
AISPSGKNTY,21
AISPNGYSTY,21
AISEYGYANY,21
AMSEYGYGTY,21
AITEYGYETY,21
AISYTGGSTY,21
AISPLGDQTY,20
AISECGYGTY,20
AIRWNCGSTY,20
AISPFGYHTY,20
AISPYGNLTY,20
AISPYGDFTY,20
AISPYGQYTY,20
AIRPFGYNTY,20
AISPRGNETY,20
AISDYGYRTY,20
AIRYVGGSTY,20
AIRWNGVKTY,20
AISPGGLYTY,20
AISPFGSNTY,20
AIHPYGGYTY,19
AISPYGERTY,19
AIRLNGGSTY,19
AISPFGQNTY,19
AISPLGWQTY,19
AIVYTGGSTY,19
AISPNGKHTY,19
AISPFGLETY,19
AINSFGGRTY,19
AIGWYGEYTY,18
AISPFGDLTY,18
AIRLNGLDTY,18
AISPNGKRTY,18
AISPYGGWTY,18
AISPYGEKTY,18
AISPFGGDTY,18
AISPNGYETY,18
AINMWGGSTY,18
AISSFGDGTY,18
AILYKGGSTY,18
AISEHGYATY,18
AITPFGDQTY,18
AIGPDGKYTY,18
AIRWDGYYTY,17
AISPDGNTTY,17
AIGPPGEYTY,17
AIKTFGGYTY,17
AILPYGGYTY,17
AIAPFGYKTY,17
AISPNGRYTY,17
AIVPYGEYTY,17
AISPRGDWTY,17
AISEYGYAIY,17
AISEYGGKTY,17
AITEYGYATH,17
AISPWGYETY,17
AISPFGQYTY,17
AISPNGSYTY,17
AISPRGDLTY,17
AISPDGRWTY,17
AISQYGYATY,17
AISYDGSYTY,17
SITEYGYATY,17
AIAPYGGITY,17
AISPFGGETY,17
AIRWNGVATY,17
AISPLGSYTY,17
AISPYGSKTY,17
AISPFGTSTY,17
AISPYGNVTY,17
AISEYGYAAY,17
AISPAGNYTY,16
AICYVGGSTY,16
AIGYMGGSTY,16
AISPFGQETY,16
AIRWNGVEIY,16
AIAQYGEYTY,16
AIPYWGGSTY,16
AISYKGGSTY,16
AISPRGDRTY,16
AINEYGYGTY,16
AIRPSGDWTY,16
AIDPYGTYTY,16
AISPFGRTTY,16
AISPNGYRTY,16
AICYKGGSTY,16
AIRPFGHSTY,16
AIAPFGMSTY,16
AIAQFGGYTY,16
AISPYGEETY,16
AISPFGSFTY,16
AISPFGLDTY,16
AISPYCEYTY,15
AIPYKGFSTY,15
AITPFGSYTY,15
AISSYGRYTY,15
AIAPFGCYTY,15
AIAPFGNSTY,15
AIRCNGSSTY,15
AIAPYCEYTY,15
AISDYGYATY,15
AINPYGGYTY,15
AIGPFGSLTY,15
AISPGGYLTY,15
TIRWNGVSTY,15
AISPFGKHTY,15
AIAPFGFRTY,15
AITPYGRYTY,15
AIDYMGGSTY,15
AISPYGYNTY,15
AIRPIGGETY,15
AISPFGNETY,15
AISPFGEITY,15
AIRYTGGSTY,15
AISPDGRYTY,15
AILPSGGYTY,15
AIAPFGKNTY,15
AISPFGKETY,15
AISDYGEYTY,15
AIMYVGGSTY,14
AIGPFGGYTY,14
AISPFGSQTY,14
AIGPNGETTY,14
AISPGGGYTY,14
AISPNGFYTY,14
AISPYGDRTY,14
AITYYGGSTY,14
AIRYAGYYTY,14
AIRPYGYNTY,14
AISPFGRETY,14
AISPFGSKTY,14
AISPFGLQTY,14
AISEYGEWTY,14
AITPFGEITY,14
AISPSGGQTY,14
AIRSFGGHTY,14
AIRWSGAYTY,14
SIRWNGDETY,14
AIDVYGQNTY,13
AISPYGLTTY,13
AIAPFGGWTY,13
AISYSGGSTY,13
AIRPFGWSTY,13
AIVYKGGSTY,13
AINYVGGSTY,13
AISPSGFDTY,13
AITKYGYATY,13
AISPFGNITY,13
AISDNGHITY,13
AIRLNGDETY,13
AIAPFGHKTY,13
AIAPYGKYTY,13
AIGMWGGSTY,13
AISPFCYSTY,13
AISDYGELTY,13
AITPYGSYTY,13
AISPFGHVTY,13
AISAYGWGTY,13
AISANGTTTY,13
AIAPFGRGTY,13
AIAYKGGSTY,13
AIAPFCGYTY,13
AISPFGFDTY,13
AIRWNGVETD,13
AIRWNCDETY,13
AISPNGNITY,13
AIFPDGRTTY,13
AISPFGRHTY,12
AISPFGQVTY,12
AIDDYGRSTY,12
AIQWNGVSTY,12
AIGPFGDSTY,12
AIAPFGNRTY,12
AIYPYGGYTY,12
AISYNGGSTY,12
AISPFGDGTY,12
AISEYGWGTH,12
AISPNGEYTY,12
AISPFGQKTY,12
AITYKGGSTY,12
AICMSGGSTY,12
AISDYGAYTY,12
AISPFGINTY,12
AISPYGEHTY,12
AISEYGGRTY,12
AISEYGDLTY,12
AISPFGRVTY,12
AILWNGSSTY,12
AIRWAGYSTY,12
AISPFGRSTY,12
AISEYGKYTY,12
AISPYGSITY,12
AISPYGSFTY,12
AISPRGNWTY,12
AIRWNGDDTY,12
AISPYGGSTY,12
AISDYGTRTY,12
AISSYGGYTY,12
AISPYGKITY,12
AIMYYGGSTY,11
AISEYGHATY,11
AICEYGYGTY,11
AITPFGDLTY,11
AIYYMGGSTY,11
AIQYVGGSTY,11
AIGPFGKHTY,11
VITEYGYATY,11
AIAPFGHQTY,11
AINPYGSYTY,11
AIDYYGGSTY,11
AIIYKGGSTY,11
AISPGGEVTY,11
AIGLDGEYTY,11
AIDPFGGYTY,11
AISPYGIRTY,11
AILWNGDETY,11
AISEYGYATC,11
AIGPFGSYTY,11
AISPDGRKTY,11
AIRWNGLDTH,11
AIAPFGGRTY,11
AIVPFGEYTY,11
AISPLGTYTY,11
AISPYGNKTY,11
AIDPYGSYTY,11
AIAPYGGRTY,11
AISPIGEVTY,11
AIVPYGRRTY,11
AIRYYGGSTY,11
TIRWNGGSTY,11
AISPFGDATY,11
AIQWNGLDTY,11
AISPFGEFTY,11
AIDPYGAYTY,11
AIAPLGSFTY,11
AISPFGQRTY,11
AITPFGGYTY,11
AISEYSYGTY,11
AIGWDGEYIY,11
AISPNGQWTY,11
AIAPFCEYTY,11
AISPFGRATY,11
AIAPIGYGTY,10
AISPTGRYTY,10
TIRWNGLDTY,10
AISPFGGGTY,10
AITPGGRSTY,10
AIGPFGNITY,10
AITAYGYATY,10
AINWRGSYTY,10
AIAEYGYATY,10
AISPYGSWTY,10
AISPRGGWTY,10
AISPYGGQTY,10
AIQWNGDETY,10
AISQYGEYTY,10
AIGPFGGTTY,10
AISANGLKTY,10
AISPSGDATY,10
AISPFGRRTY,10
AILFYGGSTY,10
AISPYGGATY,10
AISPYGNFTY,10
AISPSGGATY,10
AISPFGGITY,10
AISPFGFKTY,10
AIAPIGSRTY,10
AITPYGKYTY,10
AIGPFGEQTY,10
AISDYGRYTY,10
AISDYGEWTY,10
AITPFGSETY,10
AISPNGGYTY,10
AIAQFGYSTY,10
AIDPYGNSTY,10
AIRWNGLYTY,10
AISDYGSYTY,10
AISPFGDNTY,10
AISPAGNTTY,10
AISPRGGGTY,10
AIRWNDVSTY,10
AIMYKGGSTY,10
AISEYGYGNY,10
AIGEFGYYTY,10
AISPDGNATY,10
AISPFGNLTY,10
AISEYGAYTY,10
AIRWNGVETN,10
AINPYGRITY,10
AISPSGRYTY,10
AISPSGYLTY,10
AIRYAGGSTY,9
AISPFGNKTY,9
AISPYGEFTY,9
AISPFGNATY,9
AISANGLSTY,9
AIGWDGCYTY,9
SIRWNGVSTY,9
AISPNGLSTY,9
AIGPFGEYTY,9
AISPWGGFTY,9
AIRPDGYSTY,9
AIGPSGNDTY,9
AIGEYGWGTY,9
AIGPFGDRTY,9
AISPRGDVTY,9
AISPYGNWTY,9
AISPYGWRTY,9
AIGPFGGGTY,9
AIAPFCQNTY,9
AIRWKGSGTY,9
AIRYKGGSTY,9
AILPYGSYTY,9
AIGPLGYSTY,9
AIYPYGSYTY,9
AISPYGSDTY,9
AISEYGLYTY,9
AINPFGDRTY,9
AISPYGSETY,9
AISEYGYATD,9
AIRWNSGSTY,9
AIAPFGYRTY,9
AITPWGSYTY,9
AIIYNGGSTY,9
AISDYGKYTY,9
AISPNGYNTY,9
AIAPYGAYTY,9
AIDPYGYYTY,9
AIRWRGGGTY,9
EISEYGYGTY,9
AIRYSGGSTY,9
AIRWNSVSTY,9
AISPFGAYTY,9
AIRWAGEYTY,9
AISDYGDYTY,9
AIGWYGGYTY,9
AISEYGYATS,9
AIFPYGGYTY,9
AISPSGSTTY,9
AIGLRGNDTY,9
AISPYGKFTY,9
AISPLGYQTY,9
AILYYGGSTY,9
AISPNGQGTY,9
AISPGGSWTY,9
AISHNGGSTY,9
AIRLSGNWTY,9
AIGLDGGYTY,9
AISPDGYLTY,9
AISPDGYWTY,9
AIEYMGGSTY,9
AIAPWGGRTY,9
AISPDGRETY,9
AISPFGSVTY,9
AISPFGNDTY,9
AISECGWGTY,9
AIRFSGAYTY,9
AISPFGSDTY,8
AIRWNGGSTH,8
AISPTGSYTY,8
AISYDGYSTY,8
AISPSGLSTY,8
AISPFGLKTY,8
AISPGGGKTY,8
AIDPFGENTY,8
AIAPFGLRTY,8
AISPRGNITY,8
AIVPFGGYTY,8
AISPRGEYTY,8
AIYPNGGGTY,8
AISPKGDGTY,8
AITYTGGSTY,8
AIYPFGGGTY,8
AISPWGSHTY,8
AIAPFGDSTY,8
AISPFGGHTY,8
AISPIGEATY,8
AIGPFGNYTY,8
AISWRGARTY,8
AISPSGSYTY,8
AISPFGNVTY,8
ATRWNGVETY,8
AISDYGLTTY,8
AISPLGNKTY,8
AISPFGANTY,8
AIGPFGSGTY,8
AISEYGYGTN,8
AIDPYGEWTY,8
AIRWNGVETS,8
AISPSGFNTY,8
AINPYGEYTY,8
AIKWNGDYTY,8
AIIPYGEYTY,8
AIGCDGEYTY,8
AISDYGNYTY,8
AISANGSYTY,8
AISPFGTDTY,8
AISPGGAYTY,8
AITYNGGSTY,8
AIGPFGSSTY,8
AISPGGKYTY,8
AISPYGTWTY,8
AIRSFGGETY,8
SISEYGWGTY,8
AISPYGNSTY,8
AIDPYGKYTY,8
AISPFGFTTY,8
AIGPFGHTTY,8
AISPYGTRTY,8
AISPSGKKTY,8
AISPFGEKTY,8
AIGPFGRSTY,8
AISPYGYKTY,8
AIRPFGYSTY,8
AIREYGWGTY,8
AISPYGHYTY,8
AISPIGGKTY,8
AIRWNCSSTY,8
AISPDGWYTY,8
AISPFGIRTY,8
AISPEGARTY,8
AIAPGGKKTY,8
AIPYVGGSTY,8
AISPAGDHTY,8
AISEYGNYTY,8
AITPFGEYTY,7
ATSEYGYATY,7
AINQYGRTTY,7
AIRPWGYQTY,7
TIRWNGDETY,7
AIGPYGESTY,7
AISPYGHRTY,7
AIDVYGKYTY,7
AISPYGSSTY,7
AITECGYATY,7
AIKYVGGSTY,7
AIRMHGGSTY,7
AIYPYGLNTY,7
AISPGGNVTY,7
AITEYGYSTY,7
AIKWNGSYTY,7
AISPSGSITY,7
AITPFGLETY,7
AITPYGGSTY,7
AISPFGWKTY,7
AISPDGKFTY,7
AITPYGNYTY,7
AIRFAGTETY,7
AIAPFGNYTY,7
AISPFGESTY,7
AIGPFGNTTY,7
AISSYGSYTY,7
AINPYGDTTY,7
AISTSGGRTY,7
AISPIGSRTY,7
AISPYGQWTY,7
AIIPFGGYTY,7
AISPYGTFTY,7
AISPFGEATY,7
AISPFGSWTY,7
AIYPYGEWTY,7
AISPYGSLTY,7
AISYDGKTTY,7
AIKPDGSYTY,7
AIFPYGSFTY,7
AIAPFGNLTY,7
AIVPWGSFTY,7
AISPFGERTY,7
AISPYGQTTY,7
AIRCNGFYTY,7
AIDPYGQVTY,7
AISPNGKYTY,7
AISPFGVTTY,7
AIAPFGRQTY,7
AIAPFGWHTY,7
AISPYGNNTY,7
AISPLGYATY,7
AISPGGTGTY,7
AIGYVGGSTY,7
AIGPYGQYTY,7
AILWNGSATY,7
AIMMRGGSTY,7
AITPFGKITY,7
AISPFGVHTY,7
AIRPWGGSTY,7
AISPYGYHTY,7
AIAPWCSFTY,7
AISPWGYRTY,7
AIAPYGEWTY,7
AIRWNGIATY,7
AISEYGDGTY,7
AIRWNGDSTY,7
AINSFGNSTY,7
AISPFGNFTY,7
AINPFGGYTY,7
AISQFGYSTY,7
AISPYGAETY,7
AISPWGTGTY,6
AISPFGFETY,6
AIGPFGDYTY,6
AISEYGYPTY,6
AISPFGSATY,6
AISASGGRTY,6
AIAPFGDRTY,6
AISPWGSFTY,6
AISPWGGKTY,6
AISPYGTQTY,6
AISDNGSYTY,6
AINWRGYRTY,6
AITEYGYTTY,6
AIGPNGSYTY,6
AISYDGKYTY,6
AMAPFGEYTY,6
TIAPYGEYTY,6
AISWRGDRTY,6
AIRWNGGETY,6
AIEPFGGKTY,6
AINWNGSYTY,6
AIRLNGSSTY,6
AISEYGRFTY,6
AISPYGGKTY,6
AINPYGLYTY,6
AIGPFGSTTY,6
AISPFGNTTY,6
AIGPEGNNTY,6
SIRWNGGSTY,6
AIRWNGVETF,6
AISPSGSLTY,6
AIADYGNYTY,6
AISPYGNITY,6
AIRWNGVGTY,6
AIKIFGFKTY,6
AISPNGLYTY,6
AILPYGDWTY,6
AISPSGTWTY,6
AISPFGRLTY,6
AISPGGDRTY,6
AISPFGHWTY,6
AIVPFGYSTY,6
AIRLNGFYTY,6
AISPYGDNTY,6
AIRWNGDYSY,6
AISPSGGNTY,6
AIKIDGKVTY,6
EITEYGYATY,6
AISEYGTYTY,6
AIRSNGVETY,6
AIFYMGGSTY,6
AISPGGGVTY,6
AISPYGVRTY,6
AIAPYGEYIY,6
AIHYMGGSTY,6
AIRLWGGSTY,6
AIRWNGVEAY,6
AIEPYGEYTY,6
AIDPFGGPTY,6
AIFPYGAYTY,6
AIRWAGWNTY,6
AIDPYGSKTY,6
AILFMGGSTY,6
AISPFGKLTY,6
AIRTFGGDTY,6
AIRCNGSATY,6
AITPFGNFTY,6
AISPYGQSTY,6
AIRYAGDFTY,6
AIAPFCYQTY,6
AINFMGGSTY,6
AISPLGGWTY,6
AISPFGQSTY,6
AILYNGGSTY,6
PIRWNGVETY,6
AISDFGGYTY,6
AISPFGELTY,6
AIIEYGWGTY,6
AIVYNGGSTY,6
TIAPFGEYTY,6
AIDPYGIYTY,6
TIGWDGEYTY,6
AISPRGNRTY,6
AISWRGYHTY,6
AISPQGGQTY,6
AIGPNGKATY,6
AISPRGGYTY,6
AIRWNGYYTY,6
AIAPFCLSTY,6
AIRWHGVSTY,6
AISPFGRITY,6
AILPNGSQTY,6
SIGWDGEYTY,6
AIRPNGYSTY,6
AISPFGLATY,6
AISPLGFSTY,6
AISPFGRQTY,6
AIDYKGGSTY,6
AIPWNGVETY,6
AIRTFGSTTY,6
AIAPFCYSTY,6
AISPNGKSTY,6
AIAQFGISTY,6
AIAPFGQSTY,6
AIDPFGNYTY,6
AISGHGLATY,6
SISPYGEYTY,6
AIRWGGSYTY,6
AIDWDGEYTY,6
AIQYKGGSTY,6
AISPGGLDTY,6
AIAPHGEYTY,6
AIGPFGYTTY,5
AISPWGGNTY,5
AIEYYCGSTY,5
AIGPFGLGTY,5
AIDWDGGYTY,5
AINPYGTYTY,5
AISEYGWSTY,5
AISEYDYGTY,5
AISEYGYGTD,5
AISPSGNYTY,5
AIMYAGGSTY,5
AIAYAGGSTY,5
TISPYGEYTY,5
AIGPLGGITY,5
AIKPYGYLTY,5
AISPFGARTY,5
AISPWGDGTY,5
AISPLGDATY,5
AIQWNGGSTY,5
AIAPTGLQTY,5
AIAPFGRFTY,5
AISPAGNVTY,5
AIAPSGYKTY,5
AITEYGSYTY,5
AITPLGDNTY,5
AISPFGQTTY,5
AISPGGLETY,5
AILPYGGWTY,5
AIAPWGGNTY,5
AIAPFGSDTY,5
AIFPDGRQTY,5
AISPFGFQTY,5
AINYNGGSTY,5
AISPTGYNTY,5
AIGWNGVETY,5
AIAPSGDKTY,5
AIGPGGGLTY,5
AISPNGTTTY,5
AIDPYGDFTY,5
AISTYGEYTY,5
AISPSGDHTY,5
AIDPYGKNTY,5
AISNRGDWTY,5
AIQPFGDRTY,5
AISPRGDETY,5
AISPYGSVTY,5
AIAPFGRSTY,5
AISPFGNHTY,5
AISPLGTRTY,5
AIFYYGGSTY,5
AINPFGGRTY,5
AIQPYGWRTY,5
AIRWNGVSIY,5
AIRAYGNYTY,5
AIDPYGDRTY,5
AITPDGNYTY,5
AITPFGDSTY,5
AISKYGWGTY,5
AIRWNGMSTY,5
EISEYGWGTY,5
AISPFGIQTY,5
AISPNGYLTY,5
AIAQFGYQTY,5
AIGPVGGYTY,5
AITEYGYATN,5
AISPGGLRTY,5
SIAPFGEYTY,5
AISPYGDVTY,5
AISEYVYGTY,5
AITPFGNYTY,5
AISQLGYSTY,5
AISEHGYGTY,5
AIGPFGLSTY,5
AISPFGDITY,5
AISPNGHITY,5
AIRWNGEETY,5
AISPGGSSTY,5
AISPFGTNTY,5
AIRPFGYRTY,5
AIGPFGRGTY,5
AIRWNGDETH,5
TIAPFGGYTY,5
AITPFGTITY,5
AIGPTGHGTY,5
AITPFGYRTY,5
VISEYGWGTY,5
AIAPEGLSTY,5
AIAPFGGYTH,5
AITPFGYKTY,5
AIDPYGNNTY,5
AISPNGYGTY,5
AIAPYGDYTY,5
AIDYVGGSTY,5
AITPLGYKTY,5
AISSYGYRTY,5
AIGPFGYETY,5
AISPYGNHTY,5
AIMYTGGSTY,5
AISPHGSDTY,5
AIRSFGTRTY,5
AIRWYGDETY,5
AISPSGKRTY,5
AIRWHGLDTY,5
AIAPYGLSTY,5
AIDPYGNYTY,5
AISPWGFKTY,5
AINPYGSRTY,5
AISPSGTYTY,5
AMSEYGWGTY,5
AISPFGWETY,5
AISEYGWGTD,5
AIYPDGHKTY,5
AMRWNGGSTY,5
AIDQYGRYTY,5
AIRWNGGSAY,5
AIAPFGSNTY,5
AIEYVGGSTY,5
AISPFGETTY,5
AISPYGTTTY,5
AISSFGDNTY,5
AINPYGSWTY,5
AIVFYGGSTY,5
AISPFGGVTY,5
AISPGGYSTY,5
AIRYAGYSTY,5
AIDEYGVSTY,5
AISPYGESTY,5
AISPFGKATY,5
AIRPYGEYTY,5
AIGPFGGRTY,5
AITEYVYATY,5
AITPFGSHTY,5
AIGPYGLYTY,5
AISPFGSITY,5
AIYYYGGSTY,5
AISPLGLSTY,5
AMRWNGLDTY,5
AITPFGYATY,4
AMRWNGVSTY,4
AISPFGKFTY,4
AISPFGTYTY,4
AIRWNGASTY,4
AIRSFGYRTY,4
AINPYGGRTY,4
AISPTGYTTY,4
AISQDGIRTY,4
AISPNGESTY,4
AIDDYGGRTY,4
AISPFGIKTY,4
AIDLYGNYTY,4
AISPWGAYTY,4
AIGPYGDVTY,4
AISPNGDYTY,4
AIAPWGRRTY,4
AIRPYGSYTY,4
AIQWNGSSTY,4
AILPYGRYTY,4
AIGPFGDITY,4
AIRWKGDETY,4
AITPFGYSTY,4
AIEMRGGSTY,4
AISPIGSKTY,4
AISPYGQLTY,4
AIGPDGDYTY,4
AISPNGAYTY,4
AITPGGEYTY,4
AIAPNGRRTY,4
AISPFGQITY,4
AISPSGNNTY,4
AIAPFGTYTY,4
AISEYVWGTY,4
AISPGGQSTY,4
AIKVYGDRTY,4
AISPWGYHTY,4
AISPFGNGTY,4
AIRPFGRSTY,4
AIGDFGSYTY,4
AIIPWGGSTY,4
AIRSFGFRTY,4
AINPFGRYTY,4
AITPFGSSTY,4
AITPYGQETY,4
AIGPFGLDTY,4
AISFYGGSTY,4
AITPFGQSTY,4
AIDPFGVNTY,4
AIGPFGRKTY,4
AISPGGLKTY,4
AIAPFGTRTY,4
AISARGEWTY,4
AIGPYGRYTY,4
AISPFGQATY,4
AIDPYGFYTY,4
AIRWNGGATY,4
AILYLGGSTY,4
AISPLGSLTY,4
AISPFGEQTY,4
AITLWGGSTY,4
AIGPFGGHTY,4
AISPHGGYTY,4
AIGCDGGYTY,4
AITPFGQFTY,4
AIAPNGIHTY,4
AIVYAGGSTY,4
AINPYGSKTY,4
AIGPFGRQTY,4
AISPLGYRTY,4
AIAPFGLGTY,4
AIGPFGLTTY,4
AIGPYGGNTY,4
AMAPYGEYTY,4
AISPNGFSTY,4
AISPWGYGTY,4
AIRWNGLDAY,4
AISDNGQYTY,4
AISPGGFSTY,4
AISEYGSRTY,4
AITEYGYANY,4
AILPYGDITY,4
AIGPGGGGTY,4
ALSEYGYATY,4
AILPDGSATY,4
AISYRGDWTY,4
AISNNGYRTY,4
AIDFMGGSTY,4
AIGPYGGYTY,4
AIADFGYRTY,4
AIIPYGSYTY,4
AIAPFGLHTY,4
AITPFGNSTY,4
AINPYGKYTY,4
AISPRGHWTY,4
VIRWNGDETY,4
AISPYGYGTY,4
AISPFGGQTY,4
AIAPRGGFTY,4
AIAPCGEYTY,4
AISPFGVSTY,4
AIRPFGYQTY,4
AIGPLGAITY,4
AITPFGRETY,4
AIDEYGDFTY,4
AISPFGYDTY,4
AIRPFGWDTY,4
AIHPYGGDTY,4
AIAPFGKRTY,4
AISYRGDVTY,4
AISPYGGITY,4
AISPFGKRTY,4
AIRMQGGSTY,4
AIVPSGNRTY,4
AIGPYGKYTY,4
AISPNGHWTY,4
AINWNGGYTY,4
AISEYGIYTY,4
AISPYGNDTY,4
AIIYLGGSTY,4
ARRWNGVETY,4
AIVYLGGSTY,4
AISPFGKDTY,4
AIRPFGLGTY,4
VIRWNGVSTY,4
AIAPFGRRTY,4
AISSTGGWTY,4
AIGEYGRYTY,4
AIDPYGSETY,4
AIVPTGNRTY,4
AISDNGNYTY,4
AISPIGGWTY,4
AIGPYGSLTY,4
AIAPFGEYNY,4
AISPNGNWTY,4
AIAPFGGKTY,4
AITEYGNYTY,4
AIGPFGTYTY,4
AIRLNGDYTY,4
AIKPFGLGTY,4
AISEFGLNTY,4
AISPNGYITY,4
AISPIGGRTY,4
AINTSGGVTY,4
AINWNGERTY,4
AISPYGDLTY,4
AIYPYGGYTH,4
AICFMGGSTY,4
AISPYGRVTY,4
AISPYGKVTY,4
AIGPFGSFTY,4
AISPYGDITY,4
AIVPFGDWTY,4
AIAPSGGSTY,4
AISPVGARTY,4
AIGPFGGSTY,4
AISPFGSGTY,4
AINPYGYKTY,4
AIRSSGYETY,4
AINPYGNYTY,4
AITPGGLGTY,4
AISPYGLKTY,4
AISPLGRSTY,4
AINPYGDFTY,4
AIKYMGGSTY,4
AIAPFCISTY,4
VIGWDGEYTY,4
AISPLCYSTY,4
AITPYGDSTY,4
AISPNGYDTY,4
AIGARGDLTY,4
AISPVGGRTY,4
AISPIGQWTY,4
AIGPYGRTTY,4
AISPNGNYTY,4
AIRMGGGSTY,4
VIAPFGGYTY,4
AIAPFGRLTY,4
AIGPFGTRTY,4
AIGPFGNHTY,4
AIAPWGSFTH,4
AIDYAGTETY,4
AIAPWGRSTY,4
AITPYGDRTY,4
AISPIGSYTY,4
AIDWNGKTTY,4
SIAPFGLSTY,4
AISPSGNFTY,4
AIRWYGGSTY,4
AISPVGNSTY,4
AISEYGRYTY,4
AIGPFGSVTY,4
AISPYGKRTY,4
AIFPYGSYTY,4
AISEYGYGIY,4
AISPRGDTTY,4
AIAPLGGYTY,4
AIAPFGYETY,4
AIRWNCSATY,4
AIRPIGSYTY,4
AITPGGGVTY,4
AISPYGGFTY,4
AIAPFGHNTY,4
AISPLGRYTY,4
AIAPFGYGTY,4
AISPNGSGTY,4
AIAPFGTSTY,4
AILPYGAYTY,3
AIAPYGEFTY,3
AISPYGRKTY,3
AISEYGDFTY,3
AIEYSGGSTY,3
AIEVNGGNTY,3
AIALFGGYTY,3
AIIFMGGSTY,3
AIRWKGVSTY,3
AIREYGYSTY,3
SIRWNGLDTY,3
AINSYGNLTY,3
AIEPFGYNTY,3
AISPYGHDTY,3
AISERGNYTY,3
AISPFGKNTY,3
AILPYGTTTY,3
AIAPFGEYTH,3
AIRWNGNSTY,3
AISEDGYGTY,3
AMTEYGYATY,3
AIMIWGGSTY,3
AITPYGHSTY,3
AISPLGNTTY,3
AISPSGHQTY,3
AISDFGEKTY,3
AISPYGFTTY,3
AIAPFGVRTY,3
AIGPFGEETY,3
AIGPGGSSTY,3
AIRPYGKYTY,3
AISPSGRLTY,3
TISEYGYVTY,3
AITPSGKRTY,3
AIHPFGSGTY,3
AIKTFGGNTY,3
AIAPFGNVTY,3
AIDYRGGYTY,3
AISPFGKVTY,3
AIAPWGYRTY,3
AILPNGYGTY,3
AIAPFGARTY,3
AITEYGYGTY,3
AINDNGLKTY,3
AITEYSYATY,3
AIAPYGSHTY,3
AIRWNDLDTY,3
AIRMRGGSTY,3
AIRLNGSATY,3
AIGPSGNYTY,3
AISTNGFRTY,3
AIFPYGEWTY,3
AIKPFGSKTY,3
EISPLGYSTY,3
AIRWYGLDTY,3
AITPIGYGTY,3
AITPFGTYTY,3
AISTFGYSTY,3
AISTNGGVTY,3
AISEFGSRTY,3
AIGYYGGSTY,3
AISPYGISTY,3
AISPLGKLTY,3
AIVPFGYQTY,3
AISPGGYQTY,3
AISPGGKRTY,3
AISNNGSSTY,3
AITPDGYGTY,3
AIRWTGVETY,3
AIGPWGGYTY,3
AIRYAGRYTY,3
AITPFGSFTY,3
AIYPYGSLTY,3
AITPFGAYTY,3
VIRWNGGSTY,3
VIAPYGEYTY,3
AISPYGKTTY,3
AIAPFGGETY,3
AISQYGWGTY,3
AIGWDGEYAY,3
AIGPFGDLTY,3
AIAPFCSHTY,3
AIGPFGGLTY,3
AISPRGATTY,3
AIYPYGSRTY,3
AITPFGSLTY,3
AISPFGHKTY,3
AITFYGGSTY,3
AIKPNGTDTY,3
AIAPYGGTTY,3
AIGPYGITTY,3
AIGWDSEYTY,3
AIRHSGWGTY,3
AIRPFGSETY,3
AINPYGAYTY,3
TISPFGYSTY,3
AIAPNGNSTY,3
AIGWDGDYTY,3
AIRPDGYETY,3
AIAPFGRKTY,3
AIAPCGGYTY,3
AISPYGLSTY,3
AISSFGDTTY,3
AISPFGFRTY,3
AIYPNGSYTY,3
AIKYKGGSTY,3
AIAPPGNYTY,3
AITYVGGSTY,3
AIGPFGERTY,3
AIPYNGGSTY,3
TIAPFGYQTY,3
AILPRGGYTY,3
AISPWGLGTY,3
AIRWNGVLTY,3
AIGPFGEVTY,3
AIVPRGGLTY,3
AISPAGYRTY,3
AILPPGGDTY,3
AISEYAYATY,3
AICWDGEYTY,3
AIGPYGNYTY,3
AISPSGNDTY,3
AIGPYGEYTY,3
AISPYGEYTH,3
AISPWGFRTY,3
AINPYGQITY,3
AITPFGGSTY,3
AIGPVGDKTY,3
AINYKGGSTY,3
AISPSGAFTY,3
AIEPFGLSTY,3
AIGYKGGSTY,3
AIVPFGLSTY,3
AIAPFGGDTY,3
AINWRGNYTY,3
AIQFMGGSTY,3
AIVPYGGYTY,3
AIGPFGAYTY,3
AISPRGEGTY,3
AITPFGDKTY,3
AITPIGTSTY,3
AISPHGSYTY,3
SIAPFGGYTY,3
TISPLGYSTY,3
AISPYGTITY,3
AISPYGTKTY,3
AIRFSGWSTY,3
AISPYGRPTY,3
AISPSGFSTY,3
AISPLGHATY,3
AIAPIGKETY,3
AISPLGTITY,3
AINYTGGSTY,3
AILPYGDLTY,3
AIRPFGYDTY,3
AIYPYGGQTY,3
AISPFGLHTY,3
AIAPRGGYTY,3
AISPVGLGTY,3
AISTSGGVTY,3
AISPIGNWTY,3
EIAPFGEYTY,3
AISEYRYATY,3
AISPYGWPTY,3
AINPYGDSTY,3
AIQYRGNYTY,3
AILPNGGGTY,3
AISPSGYATY,3
AINPLGYSTY,3
AISPFGWSTY,3
AITPYGGLTY,3
AISPRGYETY,3
AITPFGFKTY,3
AIAPLGWSTY,3
AIEFRGGQTY,3
AINPAGQNTY,3
AISPWGRTTY,3
AISPSGWSTY,3
AIAPWGDNTY,3
AVRWNGVETY,3
AISPFGWRTY,3
AISPYGHHTY,3
AISPFGVETY,3
AISNSGYNTY,3
AIAPYGEYTH,3
AISEYGWGIY,3
AIAPFGSKTY,3
AIEPFGYLTY,3
AIRLNGSFTY,3
AINMQGGSTY,3
AISPYGGTTY,3
AIRWNGNETY,3
AISPDGYFTY,3
AINPYGRYTY,3
AISPRGRYTY,3
AISPLGRNTY,3
AISSYGRRTY,3
AISTLGYSTY,3
AISPRGARTY,3
AIRWNCRYTY,3
AITPLGLKTY,3
AIAPFGKQTY,3
AILPYGKKTY,3
AIGPFGLATY,3
AILPYGYRTY,3
AIAPDGYFTY,3
AIRMCGGSTY,3
AIAPFGYSTH,3
AIGWDGGYTH,3
AISSYGDYTY,3
AIAPCGSFTY,3
AISEYGTLTY,3
AIIYYGGSTY,3
AISPRGQLTY,3
AISPYGNTTY,3
AIAPFGSQTY,3
AILPYGTYTY,3
AISPYGARTY,3
AIGPFGQNTY,3
AISDYGNGTY,3
AIRLGGTNTY,3
AIRWNGSETY,3
AIAQFGWSTY,3
AISPYGYTTY,3
AIAPFGHWTY,3
AIVPRGEYTY,3
AISTSGARTY,3
AIGSFGGNTY,3
AISPFGRGTY,3
AISPFGGPTY,3
AIRWYGVSTY,3
AISPYGATTY,3
AIAPNGKYTY,3
AISPFGWNTY,3
AISPFGRKTY,3
AIAPFGVTTY,3
AIDDYGEYTY,3
AINPYGSFTY,3
AISPLGDITY,3
AITPFGEWTY,3
AISPSGNLTY,3
AIAQFGLSTY,3
AIAPFGWRTY,3
AISPYGKKTY,3
AITPFGAQTY,3
AIFPYGQLTY,3
AIGPYGGTTY,3
AITPFGFNTY,3
AILPRGSRTY,3
AITPFGRYTY,3
AISPWGEATY,3
AIQPFGVDTY,3
AIDPFGKNTY,3
AIRWNGVSTH,3
AISKFGGYTY,3
AIRWNGRYAY,3
AIQYYGGSTY,3
AISEYGYAPY,3
AISPYGRRTY,3
AIGWGGEYTY,3
AIMFMGGSTY,3
AIYPLGDGTY,3
AIATFGEYTY,3
AISPFGSETY,3
AIRYLGGSTY,3
AISPDGLYTY,3
AIRWSGVSTY,3
AIGPFGSKTY,3
AIGWDGGYIY,3
AISPFGHQTY,3
AITPYGNGTY,3
AIGPFGEWTY,3
AISGNGYTTY,3
AISEYDWGTY,3
AISDNGNITY,3
AISPSGYRTY,3
AIRPWGYKTY,3
AISPGGNSTY,3
AISPYGYDTY,3
AIQPFGSNTY,3
EIAPYGEYTY,3
AISPIGTVTY,3
AISPFGHATY,3
AIGPFGNFTY,3
AILWNGFYTY,2
AIAQYGGYTY,2
AINYFGGSTY,2
AISTRGSYTY,2
AISPFGGKTY,2
AIGPFGSHTY,2
AINPFGNWTY,2
AIADNGYRTY,2
AISPFGYSTH,2
AITEYGRDTY,2
AITPLGKSTY,2
AISPFGKITY,2
AISPNGLGTY,2
AIRANGEYTY,2
AIVYYGGSTY,2
AIRWNGIETY,2
AINWNGRYTY,2
AITDYGYATY,2
AIRPRGGDTY,2
AIMYSGGSTY,2
AINENGSYTY,2
AIGWDGSYTY,2
AILWDGFATY,2
AINYSGSQTY,2
AISEYGEVTY,2
AISPFGIETY,2
AISDYGFYTY,2
AISEFGSYTY,2
AISEFGDYTY,2
AILPYGRKTY,2
AISPFGTATY,2
AISPNGFRTY,2
AIAPFGEWTY,2
AISPGGSITY,2
AISPHGEYTY,2
AIGPFGYQTY,2
AIAFMGGSTY,2
AITPLGSRTY,2
AIGPFGFSTY,2
AITPFGKYTY,2
AIGPFGKYTY,2
AIGPFGFNTY,2
AITPQGSLTY,2
AISGYGSYTY,2
AIRWHGGSTY,2
AICPYGSHTY,2
AICYNGGSTY,2
AISPWGYSTY,2
AIEPFGGYTY,2
AIHWDGNTTY,2
AIEFMGGSTY,2
AIRWHGDETY,2
AISPYGQYTF,2
AIYPYGDRTY,2
AISPYGYATY,2
AIQPFGRGTY,2
AINMLGGSTY,2
AITPFGEFTY,2
AIVYGGGSTY,2
AISPFGADTY,2
AISQYGYGTY,2
AIDDYGSYTY,2
AISPYGLGTY,2
AIRWNGGSTN,2
AIRCNGNYTY,2
AIAMAGGSTY,2
AITPFGAKTY,2
AITPYGNFTY,2
AIRTFGYSTY,2
AISPFGVQTY,2
AISPFGQTTF,2
AISPLGRKTY,2
AIMMSGGSTY,2
AILWDGYATY,2
AMRWNGDETY,2
TIAPFGYSTY,2
AIAPFGHHTY,2
AIMYCGGSTY,2
AIAPYGDWTY,2
AISPVGRGTY,2
AIDPFGYRTY,2
AICYYGGSTY,2
AIALFGEYTY,2
AIKPFGGHTY,2
AIHPYGYATY,2
AISENGYATY,2
AILPYGANTY,2
AINENGSHTY,2
AISPWGRYTY,2
AILPFGSITY,2
AIGRDGEYTY,2
AITEYGYAAY,2
AIAQFGSWTY,2
AIVYFGGSTY,2
AILFWGGSTY,2
AISPIGRNTY,2
AIRWAGKYTY,2
AIGPLGDITY,2
AISPFGQWTY,2
AITPFGNETY,2
AIRPYGRYTY,2
AICFYGGSTY,2
AISPFGALTY,2
AINYRGGYTY,2
AILPYGNRTY,2
AIAPWGRFTY,2
AISPYGRHTY,2
AIRWNGDETN,2
AITEYGYATD,2
AISPYGLNTY,2
AISDYGGNTY,2
AIAPIGRYTY,2
AISGYGYATY,2
AITPDGEYTY,2
AISPNGYYTY,2
AISPSGYNTY,2
AISPNGGSTY,2
AMSPYGEYTY,2
AISPAGEGTY,2
AISPRGSGTY,2
AINDYGSNTY,2
AIRYVGGYTY,2
AIYPYGYGTY,2
AISPIGSLTY,2
AIRPFGTYTY,2
AIAPFGHRTY,2
AIRMSGGSTY,2
AISPLGQQTY,2
AIAPYGYSTY,2
AISPFGTQTY,2
AIRWNGSTTY,2
AISPLGKSTY,2
AIKCNGYYTY,2
VIRWNGSSTY,2
PITEYGYATY,2
AIRPYGIRTY,2
AIRRNGVSTY,2
AISEYGTFTY,2
AIADNGYETY,2
TIAPFGASTY,2
AIHPYGWKTY,2
TIAPFGLSTY,2
AIAPFGNDTY,2
AISTSGGNTY,2
AISPLGRGTY,2
AIAPFGTLTY,2
AISARGDWTY,2
AIAPNGYKTY,2
AICMRGGSTY,2
AINWGGARTY,2
AITMWGGSTH,2
AIRYAGSYTY,2
AISDYGGYTY,2
AIHPFGYGTY,2
AIRWNGVVTY,2
AISGKGLATY,2
AISEFGYATY,2
AMRWNGDYTY,2
AILPDGSYTY,2
VIRWNGLDTY,2
AIRMIGGSTY,2
AINDYGDWTY,2
AIRWNAVETY,2
AISPNGTRTY,2
AISDYGYWTY,2
AIGPFGRNTY,2
AIRPKGYSTY,2
AISPIGSNTY,2
AIGWDGNYTY,2
AIMPWGGSTY,2
AIAPFGKETY,2
AIRWNGRATY,2
AISDIGKQTY,2
AISPIGAYTY,2
AICWDGGYTY,2
AISEFGEFTY,2
AISPQGNYTY,2
AIVPFGDYTY,2
AILCNGVSTY,2
AISPEGGATY,2
AISEYGRGTY,2
AISPDGSSTY,2
AISPYGGDTY,2
AMEYYGGSTY,2
AIRLNGNLTY,2
AISPNGSWTY,2
AIRPYGGYTY,2
AIAPFGLNTY,2
AISAFGGYTY,2
AIRPWGNQTY,2
AIEPFGEYTY,2
AIRWRGYGTY,2
AISPIGKFTY,2
AIRRNGDETY,2
AIAQFGSHTY,2
AISPLGWHTY,2
AIAPFGLPTY,2
AITPSGDFTY,2
AIYPYGSFTY,2
AIAPFGVSTY,2
AISPVGASTY,2
AISAYGYSTY,2
AISPWGSKTY,2
AILVWGGSTY,2
AISDYGYGTY,2
AINPYGRKTY,2
TIAPFGISTY,2
AIAPFGDYTY,2
AMAPFGISTY,2
AISDYGEITY,2
AIAPNGSFTY,2
AISPCGNYTY,2
AIAPFGEHTY,2
AIAPFGDQTY,2
AILPYGFKTY,2
AISPYGWTTY,2
AIRWNGVYTY,2
AILWNCVETY,2
AITPFGLDTY,2
AILPYGESTY,2
AIDVYGNRTY,2
AIGFMGGSTY,2
AIAPFVGYTY,2
AIYPYGNRTY,2
AISEFCWNTY,2
ATSEYGYGTY,2
AISPSGGYTY,2
AILPYGNLTY,2
AIRMPGGSTY,2
AINTYGNYTY,2
AITPFGYNTY,2
AISSYGEYTY,2
AIGPFGTETY,2
AIKPGGNQTY,2
AIGPFGYSTY,2
AISPFGATTY,2
AITPTGGYTY,2
AIDPFGSNTY,2
EIAPFGGYTY,2
AINPYGDRTY,2
AISPFGHYTY,2
AIRWNGRDTY,2
AIRWNGVSTN,2
AISEYGTGTY,2
AIVPRGGRTY,2
AISNLGGYTY,2
AIMYMGGSTH,2
SIRWNGSSTY,2
AISPIGKGTY,2
AIAPFGGNTY,2
AINPRGGQTY,2
AIVPFGARTY,2
AINCSGSRTY,2
AITEYDYATY,2
AITPLGYRTY,2
AIDPYGWYTY,2
AIDPFGDYTY,2
AISPYGDHTY,2
AIRPLGRDTY,2
AIVPRGDWTY,2
AISPGGLGTY,2
AIAPFSEYTY,2
AISEYGWGNY,2
AIYPYGGGTY,2
AIRWIGVETY,2
AINEYGIYTY,2
AIVPRGDRTY,2
AIAQFGSYTY,2
SIRWNGSATY,2
AITPFGISTY,2
AISQFGSWTY,2
AIGWDGEYTH,2
AINPYGDWTY,2
AIAPFGLSTH,2
AIVPFGNYTY,2
AIAPFGEYAY,2
AISDYGLYTY,2
AIRWDGDETY,2
AIAPYGYQTY,2
AISPGGQYTY,2
AITEDGYATY,2
AISPWGTYTY,2
AISPGGTYTY,2
AIKMRGGSTY,2
AINQYGRYTY,2
AIADYGRSTY,2
AIGPNGEYTY,2
AISGTGNRTY,2
AISEYGYRTY,2
AISPHGSSTY,2
AITPAGRSTY,2
AITPDGYKTY,2
AIGYSGGSTY,2
AIIYTGGSTY,2
AISPLGRDTY,2
AIAFYGGSTY,2
AIAPFGRYTY,2
AISEYGSATY,2
AISPAGRDTY,2
AIGWDGGYSY,2
AISPYGAHTY,2
AISSYGQYTY,2
AIGPFGNSTY,2
AIAPWGQYTY,2
AIDDYGNYTY,2
AISPTGNRTY,2
AISPQGNNTY,2
AISPFGAQTY,2
AIGWDGGDTY,2
AIAPFGGHTY,2
AMAPFGQNTY,2
AISPWGGTTY,2
AIGWDDEYTY,2
AISPIGGVTY,2
AISPFGAITY,2
AIQWNGSFTY,2
AIRSFGGGTY,2
AISPRGDGTY,2
AIAPYGNSTY,2
AISERGAYTY,2
AILPYGEWTY,2
AIAPFGLSTN,2
AIVPRGGSTY,2
AIRYAGWSTY,2
AIAPFGWDTY,2
AIGWDGEYTF,2
AINPFGNYTY,2
VIAPFGLSTY,2
AIAQFGYNTY,2
TIRWNGSSTY,2
AINYSGGSTY,2
AIRPYGAFTY,2
LIHISEPTRP,2
AILPVGWGTY,2
AIGPFGRFTY,2
VIGWDGGYTY,2
AISANGYTTY,2
AISEYGDVTY,2
AISNNGFSTY,2
AINPFGYKTY,2
AIDVYGYRTY,2
AISTFGLETY,2
AIGPFGYNTY,2
AIDPFGEYTY,2
AIGPFGYWTY,2
AIRWNGSVTY,2
AISESGYATY,2
AIATFGGYTY,2
AIKPYGDYTY,2
AIRPFGWGTY,2
AISPSGNRTY,2
AIRAFGGRTY,2
AQIMYGHRTY,2
EIRWNGGSTY,2
AITPFGSTTY,2
AIRCNGSFTY,2
AISEYGWVTY,2
AISDPGGYTY,2
AIRWSGLDTY,2
AITPFGIKTY,2
SIRWNGSFTY,2
AISDSGELTY,2
AIMYWGGSTY,2
AIDSFGKYTY,2
AISPGGRQTY,2
AIAPNGSYTY,2
AISPGGYDTY,2
AIRPRGQGTY,2
AIRCNGVESY,2
AIAKNGSYTY,2
AISGIGGKTY,2
AISEYGHGTY,2
AITPYGYRTY,2
AISPSGGRTY,2
AITPFGARTY,2
AISPLGLGTY,2
AISPTGSNTY,2
AITPYGRGTY,2
AISPVGSITY,2
AIQWNGSLTY,2
AIRWKGGSTY,2
AISPLGYGTY,2
AIRWNGPDTY,2
AIGPFGHYTY,2
AIKPYGNYTY,2
AIKPYGNRTY,2
AIPYMCGSTY,2
AIGPEGFNTY,2
AIRWNVDETY,2
AINPYGGLTY,2
AISSYGHYTY,2
AIRWSGNHTY,2
AMGWDGEYTY,2
AIGPYGWTTY,2
AIAPFGVYTY,2
AILWNGSFTY,2
AIAPWVSFTY,2
AISPLGYETY,2
AISSFGDVTY,2
AISPIGKSTY,2
AIDYAGGSTY,2
AIAPFGEYIY,2
AIDSYGNYTY,2
AITDYGYYTY,2
AITPFGHHTY,2
AISPSGTRTY,2
AIVPFGQNTY,2
AISQYGYYTY,2
AIAPFCYHTY,2
AIPPYGLWTY,2
AIKPFGDRTY,2
AIAPFGDTTY,2
AISPDGHYTY,2
AIRAFGGGTY,2
AIRMNGGSTY,2
AISNRGEWTY,2
AISWRGKHTY,2
AIGPIGYSTY,2
AISSYGNYTY,2
AIHPYGSRTY,2
VIAPFGYQTY,2
AITPFGSGTY,2
AIVPRGGATY,2
AISEYGDYTY,2
AIRPRGYETY,2
AIAPFDISTY,2
AIVMCGGSTY,2
AVSEYGYGTY,2
AIETFGGRTY,2
AISPLGNRTY,2
AIEPFGWSTY,2
AIFPYGNGTY,2
AIAPSGSITY,2
AISKSGGATY,2
AIRWNGVPTY,2
AIGPWGNSTY,2
AISPYGSTTY,2
AISYRGSYTY,2
AIAPFGINTY,2
AISGNGSKTY,2
AIGPWGKYTY,2
AIALYGEYTY,2
AISPYGHLTY,2
AIRWDGYVTY,2
AISPSGIKTY,2
AISPFGEDTY,2
EIRWNGDETY,2
AIAPYGQYTY,2
AIRFAGYETY,2
AIDWNGKYTY,2
AINPFGEKTY,2
TISPFGYKTY,2
AIIPFGYKTY,2
AITPFGGGTY,2
AIVPFGSYTY,2
AITPFGIETY,2
AIQGYGGSTY,2
AISEYGDRTY,2
AISEYGVYTY,2
AIAPYGGWTY,2
AISPRGADTY,2
AISPIGRVTY,2
AIRWSGNKTY,2
AINPYGRDTY,2
AITPVGKGTY,2
AITPFGESTY,2
AIGPYGLRTY,2
AISPNGVYTY,2
AISPVGNLTY,2
AILPYGGNTY,2
AITFWGCSTY,2
AIYPYGYYTY,2
AIAPWGNFTY,2
AIGPLGSITY,2
AISDTGSYTY,2
AISPSGDRTY,2
AIVPFGGRTY,2
AISPGGSYTY,2
AIQEYGRYTY,2
AIIPTGGRTY,2
AITPFGHSTY,2
AILPYGSFTY,2
AIAPYGNRTY,2
AIRWDGYTTY,2
AIYPFGDGTY,2
AIQPFGNKTY,2
AISPWGSLTY,2
AIFPNGKGTY,2
AIAPNGYRTY,2
AIAPFGNGTY,2
AIRYSGLHTY,2
AISNYGGYTY,2
AISEYGSFTY,2
AIVPFGSHTY,2
AIGWNGEYTY,2
AIVWDGEYTY,2
AITPFGKSTY,2
AISGAGGKTY,2
AIRWNGLDNY,2
AIKTLGGQTY,1
AIAPFGSYAY,1
AITEYGDATY,1
AISPKGYATY,1
AIGPFGISTY,1
AIRRYGVETY,1
AISPYGWGTY,1
AIRWNGVATD,1
AIRWSGDETY,1
AISNRGNRTY,1
AIQLWGGSTY,1
AISPTGHQTY,1
AIKPFGYTTY,1
AIGEYGQYTY,1
AIAPTGYSTY,1
EIRWNGLDTY,1
AIKPYGSYTY,1
AITPNGSYTY,1
AIKLYGTRTY,1
AISPLGNYTY,1
AIGWDGGNTY,1
AIRWNGSANY,1
AIGPFGDKTY,1
AIIFYGGSTY,1
AIRWNGLDTN,1
AISPRGGETY,1
AIPMWGCSTY,1
AIRWNGVEPY,1
AISDYGKSTY,1
AISEYGCDTY,1
AISPEGGWTY,1
AIRPSGLSTY,1
AISPNGDWTY,1
AIAPFGISTH,1
AIAPRGNRTY,1
AISPWGVSTY,1
AISPRGNLTY,1
AIGPYGDATY,1
AISGYGRYTY,1
AISPTGLNTY,1
AISEYGDSTY,1
AITEYGYATS,1
AITDGGYYTY,1
EIRWNGSATY,1
AINPFGSATY,1
AIGPLGYGTY,1
AIQYYCGSTY,1
AITPFGNRTY,1
AIRWNGVAPY,1
AIEPFGHGTY,1
AIAMWGSSTY,1
AIRWDGSSTY,1
AIGWDGEYTD,1
TIAPWGSFTY,1
AISDYGIYTY,1
SISPFGASTY,1
AISSFGRNTY,1
AIKAYGEATY,1
AINPYGVNTY,1
AIALWGSFTY,1
AIDMSGPYTP,1
AISPQGYSTY,1
AITPFGYHTY,1
AISPDGQYTY,1
AIWPFGLGTY,1
AIMFYGGSTY,1
AIAPKGYRTY,1
AIRCNGIYTY,1
AIRCNCVETY,1
AIFYYCGSTY,1
AIRMAGGSTY,1
TINPYGGYTY,1
AIGWDGEDTY,1
RDKPVGNLTY,1
AIAPFCKYTY,1
AIAPFGIRTY,1
AILYSGGSTY,1
AIAPFGYSNY,1
AIVPKGGHTY,1
ATTEYGYATY,1
AIGPYGSSTY,1
AIKPFGGNTY,1
AIYPYGQYTY,1
AIAPFDYQTY,1
AILPYGKRTY,1
AIAPYGSITY,1
PISEYGYATY,1
PISEYGRRTY,1
AILWNGLYTY,1
AITDYGQRTY,1
AIAPGGSFTY,1
AIRPNGVETY,1
AIQWNGSATY,1
EISPYGEYTY,1
AITEYGWGTY,1
AIRILGLGTY,1
AIGWDGKYTY,1
AIEPYGSSTY,1
AISPYGGYAY,1
AISPYGQITY,1
AINLNGKSTY,1
AISPYGQKTY,1
AIDTYGNYTY,1
AIASYGEYTY,1
AIRQFGGDTY,1
AIEPYGSYTY,1
AISLYGEYTY,1
AIATFGYSTY,1
TISYRGDWTY,1
AISPCGDRTY,1
AISAYGHATY,1
AITEYGYAIY,1
AISPIGKETY,1
AIAPFGDFTY,1
SIRCNGVETY,1
AIRWNGYATY,1
AISEFGWGTY,1
AINPNGYRTY,1
AIRCNGVQTY,1
AIYPLGEGTY,1
PIKPYGYKTY,1
AISPAGWSTY,1
AIEPFGYSTY,1
AIGPSGRTTY,1
AIWPRGDGTY,1
AILMGGGSTY,1
TISEFGWNTY,1
AIAPFSYSTY,1
AIFMWGGSTY,1
AISQGGDHTY,1
AISPFCDHTY,1
RIGPTGYLTY,1
AIQWNGFYTY,1
AIRMLGGSTY,1
AISGGGRETY,1
AIKPNGVDTY,1
AINDYGSYTY,1
AIGPSGRSTY,1
AITPSGIETY,1
AIAPFGGYTN,1
AISPGGNKTY,1
AIVMRGRSTY,1
AITIWGGSTY,1
AITPRGGQTY,1
AIVPYGSYTY,1
AIAPFGWKTY,1
AITPFGNNTY,1
AIAPFGNTTY,1
AVAPFGISTY,1
AISPFGVRTY,1
AITPVGGRTY,1
AIKPFGQGTY,1
AIKPYGGLTY,1
AISEYRYGTY,1
AIEPWGSFTY,1
AIAPYGSFTY,1
RISPIGFDTY,1
AISPNGHYTY,1
AILPPGGQTY,1
AIAPFGITTY,1
AIYPYGTFTY,1
AIRPWGSLTY,1
AIGPSGLNTY,1
AIRPNGYFTY,1
AIGPFGKRTY,1
AIRWNGDVTY,1
AISPWGKYTY,1
AIRLFGKYTY,1
AIYPYGGDTY,1
AIGPWGDYTY,1
AITPRGGYTY,1
AIIEYGYSTY,1
VISPDGKTTY,1
AINPFGLSTY,1
AIAPNGRYTY,1
AIAPFCWSTY,1
AISPWGRHTY,1
AIGPFGHWTY,1
AIGPYGHTTY,1
AIAPFGGITY,1
AIFPYGDITY,1
AISPFGYSTN,1
AILPYGRTTY,1
AIFPYGKFTY,1
AIQMRGGSTY,1
VIAPFGQNTY,1
AIASYGGYTY,1
AISPYGIGTY,1
AIGPRGARTY,1
AISPCGNSTY,1
AIYPYGGWTY,1
AISEYGWGTF,1
AIRRNGSSTY,1
AIFPYGDFTY,1
AIRWSCNQTY,1
AILPYGDRTY,1
AIQPSGGYTY,1
RISPFGFDTY,1
AISPFGFGTY,1
AIDSYGGQTY,1
AISYLGGSTY,1
TIRWNGSFTY,1
AITPFGSKTY,1
AISPYGEYTN,1
AISPWGLETY,1
SISEYCYGTY,1
AILWSGNQTY,1
AIAPFGALTY,1
AITEFGYATY,1
AITPYGNWTY,1
AIAPYGQNTY,1
AISEAGDHTY,1
TISPFGKSTY,1
AIRPFGQWTY,1
AIAPYVEYTY,1
AIGPFGDVTY,1
AIGPFGSQTY,1
AISPIGQGTY,1
AIAPFGQNTD,1
AIRPYGEWTY,1
AIAPFCSYTY,1
AIAPFVISTY,1
AIIPFGGSTY,1
AISPLGYSIY,1
AMAPFGSYTY,1
AIRWNGVPSY,1
AISEYGNGTY,1
AIHPYGSWTY,1
AISSRGGYTY,1
AIGSDGGYTY,1
AINYAGDSTY,1
AIRWKGSATY,1
AIGYAGGSTY,1
AILPYGLNTY,1
AIHPYGSYTY,1
AIAPFDLSTY,1
LIHIYEPTRP,1
AISQFGGATY,1
AISEYGFATY,1
AIRWTGVDTY,1
AIHPYGEYTY,1
AISWDGSHTY,1
AINWRGQYTY,1
TISEFGGYTY,1
AITPYGKVTY,1
AISPLGRTTY,1
TIRWNCVETY,1
AIGSDGEYTY,1
AIRPIGSSTY,1
AILMWGGKTY,1
AIQPFGHSTY,1
AIAPFGLSTD,1
AISMWGDSTY,1
AISPSGHDTY,1
AIFYVGGSTY,1
TITFWGGSTY,1
TISPLGNSTY,1
VISPFGYSTY,1
AINEYGYSTY,1
ALAPFGGYTY,1
AISPTGAYTY,1
EIAMWGGSTY,1
AITPFGNHTY,1
AIMMAGGSTY,1
AISTFGYATY,1
AIGRFGGVTY,1
AIDPYGMYTY,1
AIAPYGYYTY,1
AINYGGGYTY,1
AIAPFDGYTY,1
AIAPYGGSTY,1
AITPFGSQTY,1
AIQPFGNYTY,1
AIQPNGTDTY,1
AISPAGSWTY,1
EISPWGGYTY,1
AISPQGVQTY,1
AIAPFGRETY,1
AITPYGNHTY,1
AITPRGNLTY,1
AISEYGWRTY,1
TISEYCYATY,1
AISPLGYTTY,1
AISSFGEYTY,1
AISPFGFSIY,1
AIRWDCVETY,1
AIAPFCLTTY,1
AITEYGNATY,1
AIAPLGRYTY,1
AINPFGEDTY,1
AITPKGFKTY,1
AIAPWGRTTY,1
AIAPYGEYAY,1
SIAPFGQNTY,1
AIAPSGEYTY,1
AIAPYVRYTY,1
AMAPFGLSTY,1
AIGPDGNYTY,1
TIRWNGSYTY,1
AISPFCNQTY,1
AISAYGSPTY,1
AISGFGGNTY,1
AIHPYGDLTY,1
AIAPFGIHTY,1
ALRWNGVETY,1
AISTFGDSTY,1
AISPLGGHTY,1
AIIPIGRLTY,1
AILPYGNYTY,1
AIYPYGSATY,1
AIRCSGVETY,1
SIAPYGEYTY,1
AIEPFGYQTY,1
AIRSNGGSTY,1
AISPIGRYTY,1
RINSYGNYTY,1
VIAPWGSFTY,1
AIAPFGSSTH,1
AILWNGVESY,1
AISPYCSYTY,1
AIKPYGNFTY,1
AIAPFGWSTN,1
AIAPFCRNTY,1
AIAPYGEYTN,1
AISPYGVDTY,1
RISEFGSYTY,1
AISPWGYKTY,1
AINPFGHWTY,1
AISPSGYGTY,1
AIHPYGSDTY,1
TIRWNGNYTY,1
AIGDYGSNTY,1
AILWNGVETH,1
AIGPHGNNTY,1
EIRWNGVSTY,1
AITPYGTYTY,1
AISPVGYSTY,1
AILWNGRYTY,1
AISPYGHSTY,1
AIRPYGGGTY,1
GVAYVGGSTY,1
AIRPWGLSTY,1
AISPFGHHTY,1
ALTEYGYATY,1
AISEYGYGPY,1
AIGRDGGYTY,1
AIESRGGYTY,1
AISEFGGYTH,1
AIAPFGRYIY,1
AIGWDVGYTY,1
AISEFGCYTY,1
AIAPAGAWTY,1
AIHPDGYYTY,1
VISSYGQYTY,1
AIEYYGDSTY,1
AITPEGLYTY,1
AIGWDCGYTY,1
AIAPWGIFTY,1
AIVPFGGDTY,1
AITPFGGATY,1
AITPFGQRTY,1
AISPIGFDTY,1
AIKSFGGETY,1
AIESYGGSTY,1
AISPFGEGTY,1
AMGWDGGYTY,1
AITEYGYATC,1
AITPFGWSTY,1
AIGWDGEHTY,1
AITPYGRFTY,1
AIRWYGFYTY,1
VISDYGEWTY,1
AISWRGWHTY,1
AICYWGGSTY,1
AILPYGSRTY,1
RYFRMVTAPI,1
AIAQWGSFTY,1
AIKWNGHYTY,1
AIRCNGLSTY,1
AINPYGSNTY,1
TIEYYGGSTY,1
SIEYYGGSTY,1
AISENGYETY,1
AITPFGGFTY,1
AIAPGGRYTY,1
AIQWNGLSTY,1
AILPYGSKTY,1
AIRWAGDYAY,1
AIRWNGRSTY,1
AIRFMGGSTY,1
AIHPYGYKTY,1
AIAPYGRRTY,1
AISEYGYASY,1
AIEYKGGSTY,1
AIKPHGSDTY,1
AISYFGGSTY,1
AIIPYGRYTY,1
PISPWGGYTY,1
TIRWNGVSSY,1
AIRRNGGSTY,1
AISESGYATS,1
AIRPFGDSTY,1
AISEYCYSTY,1
AIGNVGNITY,1
AIRWNSSATY,1
AIATWGSFTY,1
AIRWNGESTY,1
AIGPFGNNTY,1
AINEYGGRTY,1
TIAPFGSYTY,1
AIAPRGGWTY,1
AIAPFGYKTN,1
AIYPLGSGTY,1
ATSPFGYSTY,1
AISPWGEYTY,1
AIRWNVGSTY,1
AIGPTGYLTY,1
AISPYGDPTY,1
AISPVGFDTY,1
ATRWNGGSTY,1
TINWSGSRTY,1
AITPYGDITY,1
AIAPFGLSNY,1
AISPFDYSTY,1
AIRPYGYGTY,1
AIIYCGGSTY,1
AIKASGYLTY,1
AISQWGNYTY,1
AILPYGTFTY,1
AISPGGRKTY,1
AILPYGKTTY,1
AISKYCYATY,1
AITPFGEKTY,1
AIMYMGGYTY,1
AIEPGGGRTY,1
AICEYCYATY,1
AILPYGKQTY,1
AIRGYGYATY,1
AITPSGYDTY,1
SISEYCYATY,1
AITPFGLSTY,1
AISPFGKTTY,1
AIKPYGQWTY,1
TISPFGENTY,1
AICEYGYVTY,1
AISPNGQYTY,1
AIEPYGRYTY,1
AIRPFGFSTY,1
RVSPFGSRTY,1
RIAPLGGYTY,1
AISPRGGFTY,1
AISEYGRRTY,1
AISPYGKDTY,1
AIDEYGYYTY,1
ALSPYGERTY,1
AMRCNGVETY,1
AIRWNGQDTY,1
AISEYGRTTY,1
AIQPYGVDTY,1
AITFWGDSTY,1
RDTIAGYYTY,1
AISEYSWGTY,1
AINPFGDYTY,1
TIAPFGRTTY,1
AIRPFGDVTY,1
AIYYVGGSTY,1
AIDYWGGSTY,1
AISAFGWNTY,1
AISPYCYHTY,1
AISPGCGYTY,1
AIRYSGLTTY,1
AIQCNGVETY,1
AINPFGGNTY,1
AISPYSEYTY,1
AINWRGTHTY,1
AIRWNGSSTH,1
AIAPDGYNTY,1
AISYWGGSTY,1
AIGPYGDYTY,1
EISEYGYATN,1
AISPDGRHTY,1
AISDYGMGTY,1
AILPYGWNTY,1
AIAPLGTYTY,1
AIRLNCVETY,1
AISPEGKYTY,1
AIPWNGVSTY,1
AILPYGYKTY,1
AISPHGGQTY,1
AISHNGTSTY,1
AITVWGGSTY,1
AISEYGWGTN,1
AIRANGSFTY,1
AIGASGKYTY,1
AISEHGYVTY,1
AISNYGRYTY,1
RYDRWGRDTY,1
AISPIGKQTY,1
AICYLGGSTY,1
AIRWNCSFTY,1
SIAPFGYHTY,1
AISPRCNFTY,1
AINPFGYSTY,1
AIRGNGDYTY,1
AISYRGNSTY,1
AISPLGKHTY,1
PINYKGGSTY,1
AIGPVGSQTY,1
AISPYGFSTY,1
AVSEYGYATY,1
PIGWDGEYTY,1
AILPFGWETY,1
AISPSGGSTY,1
VIPYMGGSTY,1
AISPNGGGTY,1
AISEYGGHTY,1
AIRWIGVYTY,1
AISSFGRRTY,1
AINEYGWGTY,1
AISAYGEATY,1
AIVPFGISTY,1
AITPFGHETY,1
AINPFGYRTY,1
AITPNGRYTY,1
PISPFGGLTY,1
AIAPSGHETY,1
AINWNGCSTY,1
AILPYGNTTY,1
AISYYGYNTY,1
AISPFGAGTY,1
AIYPYGRTTY,1
AIQPYGGYTY,1
AISEYCYVTY,1
AILPYGSWTY,1
TINWNGKSTY,1
AIAPWGGHTY,1
AILYTGGSTY,1
AIATFGYQTY,1
AIRWKGSSTY,1
AINEYGDRTY,1
AIIYVGGATY,1
AISPLGGLTY,1
RYDGTVALPI,1
AMRWSGNQTY,1
AIAPYCGYTY,1
AIKIYGKTTY,1
VITFWGGSTY,1
AIQGYGGITY,1
AIRRYGVITY,1
AIQPYGLRTY,1
PIAPFGRKTY,1
AIAYFGGSTY,1
AIAPCGGRTY,1
AINPGGSYTY,1
AISPFGHETY,1
SISPFGYSTY,1
AINPRGDFTY,1
AIRWNGIFTY,1
AIRWNVFYTY,1
AIAPRGRYTY,1
AISPRGGLTY,1
AIIEFGGYTY,1
AINPYGDGTY,1
AISPFCENTY,1
AIIPGGDHTY,1
AIGPYGTYTY,1
AISPDGSHTY,1
AISDYGDNTY,1
AISPYGKLTY,1
AIKPYGDWTY,1
AISNYGTYTY,1
AIAPFGSTTY,1
AISPNGFHTY,1
VIAPFGYSTY,1
AISPHGSWTY,1
AITFMGGSTY,1
AMSPFGDRTY,1
AIRLNGRYTY,1
AISPFCQKTY,1
AISEYGYQTY,1
EIAPFGYQTY,1
AILPFGKYTY,1
AISPYGSPTY,1
AIAPLCHSTY,1
AISPYGEYAY,1
AIRWNRVKTY,1
AITPFGLGTY,1
AIRWNGGYTY,1
AIPPYGSNTY,1
AIAPLGYSTY,1
AIRWNGGPTY,1
AIDPFGWNTY,1
AIDPFGYYTY,1
AIRECGYATY,1
AIRWNGDYAY,1
AIYPFGNGTY,1
AMSPLGYSTY,1
AIAPFGQQTY,1
TISEYGYSTY,1
AIEPFGKSTY,1
AITPEGNYTY,1
AIAPFGLDTY,1
AISPYGTNTY,1
AINMSGGSTY,1
AINPEGQNTY,1
AINPFGNRTY,1
AIGWNGGSTY,1
PISEYGYGTY,1
RISPYGGYTY,1
AISPNGSTTY,1
VISPDGYKTY,1
AIAPFGKTTY,1
AIRWNVLDTY,1
AIGPFGFETY,1
AIRWNGVSTC,1
AIAPFGNHTY,1
AISPFGFHTY,1
AILPYGYHTY,1
AITPLGNYTY,1
AIEYRGGYTY,1
AISPVGNDTY,1
AIPPYGEYTY,1
AISDIGKGTY,1
AIRWYGEETY,1
AIRYGGGSTY,1
AIAPFSLSTY,1
AIEPFGWRTY,1
EIRWNGNYTY,1
AIRWDCYATY,1
AIRPYGTYTY,1
AITPYGGDTY,1
AIYPYGDITY,1
AISTFGFSTY,1
AIHAYGYDTY,1
AIRWNGVSNY,1
AITPFGSITY,1
AITPFGHGTY,1
AILPSGCYTY,1
AIGCNGDSTY,1
AISPRGCWTY,1
AISPFGKKTY,1
AISPFGVGTY,1
AISPIGLSTY,1
AIAPLGYNTY,1
AISPAGDYTY,1
AIRWNGLDTC,1
AISPRGQDTY,1
AISPFCSRTY,1
AISPRGHFTY,1
AISPSGEYTY,1
AIAPFGNKTY,1
AIAPFGHSTY,1
AISEYGYATF,1
AISPFGYCTY,1
AITPSGDRTY,1
VISPFGYGTY,1
AIRPFGNNTY,1
AIIFWGGSTY,1
AIRWNGVESF,1
AITFWCGSTY,1
AISEDGWGTY,1
AISPYGEATY,1
AVSPYGEYTY,1
AIGDYGDYTY,1
AISPFGTRTY,1
AIQMWGSSTY,1
AISGIGSKTY,1
ARTEYGYATY,1
AIIPFGISTY,1
AIAPNGSRTY,1
AISPLGASTY,1
AIRWNVVSTY,1
AIGFYGGYTY,1
AIAPFGQGTY,1
AIAPFGLKTY,1
AIAPIGSYTY,1
AIAPIGEYTY,1
AIRWYGSFTY,1
AIAPGGYYTY,1
AINPFGHKTY,1
VISPFGYQTY,1
AKRWNGVETY,1
AITPFGDRTY,1
AISEYGYKTY,1
AIAPYGRYTH,1
AITPFGASTY,1
AISPQGFSTY,1
AISSYGDVTY,1
AINPYGGDTY,1
AITEYGHFTY,1
PISPFGLTTY,1
AIAENGRYTY,1
AISACGDATY,1
AISPLGNWTY,1
AILPYGDATY,1
AIGCNGVETY,1
AIATYGEYTY,1
TISPRGDETY,1
RITPYGGLTY,1
AIIPGGGTTY,1
AIRPFGGRTY,1
AINWNGSRTY,1
AISPFGHTTY,1
AITEYGYPTY,1
AMSEYCYATY,1
RYRTAVLTPY,1
AISPDGRGTY,1
RYDGTVWKPI,1
AIRWNDGSTY,1
AIRPFGLSTY,1
AISPYGTHTY,1
PIIYLGGSTY,1
AIVPFGYHTY,1
AISPRGKYTY,1
AIQYLGGSTY,1
AIIYFGGSTY,1
AMSPFGYSTY,1
AISEFGCNTY,1
AIVPFGGKTY,1
AIGPRGEATY,1
AIAPFGHVTY,1
AISPSGKLTY,1
AISEYVYDTY,1
AIRWDDYATY,1
AIFPYGRYTY,1
AISPRGNYTY,1
AITPLGSFTY,1
AIKWNGDETY,1
RVTYVGGSTY,1
RISPFGSRTY,1
AILWNGMETY,1
AISPYGNYTH,1
AIFPYGARTY,1
AIHPYGAYTY,1
AISPRGSYTY,1
AIKWYGYYTY,1
AISQYCYCTY,1
AIRLFGRHTY,1
AINPFGFNTY,1
AISFMGGSTY,1
AISPFGTVTY,1
TISPFGNNTY,1
AIAPFGGSTY,1
AISPTGKYTY,1
AIYPYGNGTY,1
AIPYCGGSTY,1
AISPGGYRTY,1
AMGPYGSYTY,1
AIAYMGCSTY,1
AISPRGNFTY,1
AINPFGNNTY,1
AIHDYGSYTY,1
AISEYGHSTY,1
ARSEYGYATS,1
AIRPFGGKTY,1
AITPFGVETY,1
AISYMCGYTY,1
AISAYGYYTY,1
AIIYAGGSTY,1
AINPFGNSTY,1
AINTYGKYTY,1
AIGWDGEYTN,1
AISPYGSNTY,1
AILPYGSATY,1
AISLFGGWTY,1
AIGALGDLTY,1
AISWDGEYTY,1
AIKIAGGDTY,1
AIRPGGRRTY,1
AMAPFGYSTY,1
AISPNGCYTY,1
VISEYGYGTD,1
AISLFGYSTY,1
AISEYGYGTC,1
AIKSFGNSTY,1
AISPRGGSTY,1
AISPWGNSTY,1
ARRWNGGSTY,1
AIASFGEYTY,1
AMAPFGASTY,1
AIGWDGGSTY,1
AITPDGSYTY,1
AIHTYGFRTY,1
AISHSGARTY,1
AILPYGRRTY,1
AILPYGLDTY,1
AILPNGSATY,1
TISEYGYDTY,1
AISEYCYGTN,1
SMSEYGYATY,1
AIRPFGKWTY,1
AIQYSGGSTY,1
AISSYGAYTY,1
AISPFGTGTY,1
AITPFGTKTY,1
AITFLGGSTY,1
AISPRCDRTY,1
AISPYGVQTY,1
AINPYGWHTY,1
AISPCGYATY,1
AIPWNGGSTY,1
AIAPWGNYTY,1
AISPGCSWTY,1
AIAQFGLTTY,1
AITPTGRYTY,1
AIGSFGRSTY,1
AIAPFGYQTH,1
TIRWNGSATY,1
AITPYGAYTY,1
AISPNGSRTY,1
AIRWNGISTY,1
AIRWNGVETE,1
AINPAGNYTY,1
AISPWGIHTY,1
PIRWNGVSTY,1
AISPYGRITY,1
AIAPNGNRTY,1
AISQGGGRTY,1
AIADFGWRTY,1
AILPYGDGTY,1
MTKSPSHPVA,1
AIIMRGCSTY,1
AILPYGEYTY,1
AITPRGEGTY,1
AIIYVGCSTY,1
AISPRGDYTY,1
AISQFGFSTY,1
AISPLGSITY,1
AITPVGYSTY,1
AISQFGTVTY,1
AIRPLGRGTY,1
AIIPIGGRTY,1
AISEYGSDTY,1
AISPEGYFTY,1
AMRWNGFYTY,1
AIKIDCKVTY,1
AISPGGGFTY,1
AITPFGERTY,1
AIDYFGGSTY,1
ATRWNGLDTY,1
AITVYGYVTY,1
AIAPFGYDTY,1
AIKPFGGDTY,1
AIEYYGCSTY,1
AIEPFGSRTY,1
AIVPFGYNTY,1
AIKPNGRNTY,1
AINPYGHLTY,1
AIRWNCDYTY,1
AISPYGGNTY,1
AINHRGHSTY,1
AIALFGISTY,1
AIASLGSFTY,1
AIEYYGGETY,1
AIRPKGYTTY,1
AIKPFGKLTY,1
AINRNGKYTY,1
AITFWDGSTY,1
AIDSFGGWTY,1
AIAPWGSFAY,1
AINPYGGATY,1
AISPAGLRTY,1
AIAPYCSYTY,1
AITPKGRNTY,1
AISPGGHWTY,1
AMSAYGDATY,1
AISPIGFYTY,1
AITPEGKGTY,1
AIRCNGSYTY,1
AIAQFGQNTY,1
AILLNGVETY,1
AIPYMGCSTY,1
AIKPYGRRTY,1
AIRPFGGYTY,1
AIVPRGGGTY,1
AILPFGDSTY,1
AIGPYGEATY,1
SIAPFGYSTY,1
AITFWGGSNY,1
AISPIGRLTY,1
AIAPLGLNTY,1
AILPYGISTY,1
AIAPFGDGTY,1
AIRDYGYNTY,1
AISPIGHNTY,1
AITFCGGSTY,1
VIRMWGGSTY,1
AISPYGQFTY,1
AIGWDGEYNY,1
AITPFGHKTY,1
RDGPFGLNTY,1
AIAPFGSHIY,1
TISWDGSYTY,1
AISQFGDWTY,1
AIDVYGRYTY,1
AISPSGNSTY,1
AIMMWGGYTY,1
TILWNGVETY,1
AISLFGKSTY,1
AISEYGARTY,1
AIGPNGYDTY,1
AITPSGLYTY,1
AIGPFCGTTY,1
AISPSGTHTY,1
AIFYKGGSTY,1
AIAYVGGSTH,1
AISEYGYGTE,1
AISEYGWATY,1
AINCNGGSTY,1
AIASFGSYTY,1
AIDPFGERTY,1
VIAPFGEYTY,1
AISDYGYSTY,1
AISENGYYTY,1
AVAPFGGYTY,1
AITPFGFRTY,1
AIRWDGLDTY,1
AISPLGDVTY,1
AIDPFGGSTY,1
AIAPFGETTY,1
AITPFGQWTY,1
AILPYGRLTY,1
SINPYGNATY,1
AIAQFGQYTY,1
AIAPYGYHTY,1
AIMFWGGSTY,1
AIAPFGYITY,1
AIRWNGSPTY,1
AIRPDGYWTY,1
AIRWNGDEAY,1
AITPSGSGTY,1
AISQYGQYTY,1
AISPYGRLTY,1
AISPYGCDTY,1
AIAPYGNYTY,1
AIRPNGNGTY,1
AIVPRGGYTY,1
AIRPFGYETY,1
AIRMWGGYTY,1
AISPYDSYTY,1
AMAPFGYQTY,1
AIGPVGSYTY,1
AIRWNSDETY,1
AIQPYGSYTY,1
AISPFGHNTY,1
VIAPYGNRTY,1
AIAPFGFKTY,1
AIRSNGLDTY,1
AISPYCYSTY,1
AIGPFGNVTY,1
AIRWNGNATY,1
AIAPFVEYTY,1
AIRWNGDEPY,1
AIRWDCFATY,1
AITGYGYATY,1
AISPYGEYSY,1
AISPGGDITY,1
ARSPFGNRTY,1
AIDDYCRSTY,1
AIEFRGDQTY,1
AILWAGDNTY,1
AIVYSGGSTY,1
AIVWDGGYTY,1
AISPWGQRTY,1
VIEYYGGSTY,1
AISPFGRDTY,1
AIGPFCGYTY,1
AITPFGFSTY,1
AISPVGYRTY,1
VISEYGYVTY,1
AISQYGYSTY,1
AISYRGGKTY,1
AIAPWDSFTY,1
AINPFGGFTY,1
AIYPYGRYTY,1
AIAPFGSATY,1
AISPWGSTTN,1
AILPYGKYTY,1
AMSPSGRLTY,1
AIGPYGLSTY,1
AIHYKGGSTY,1
AIGPFCWSTY,1
AIGPYVLYTY,1
EIAPFGRETY,1
AITPFGHRTY,1
AIKTFGGSTY,1
AIRPFGNYTY,1
AISEDGDGTD,1
AIHWNGKSTY,1
AIRMEGGSTY,1
AIYYKGGSTY,1
AIAPNGSLTY,1
AITPTGSYTY,1
AINPFGFSTY,1
AITPFGGVTY,1
AISASGARTY,1
AISEFGVYTY,1
AIAPEGNSTY,1
AIVPFGGQTY,1
AINWSGSHTY,1
AISPYGAFTY,1
AIAMLGGSTY,1
AISDWGGCTY,1
AISQDGNNTY,1
AISPIGYRTY,1
AILWNGDYTY,1
AIRPQGKRTY,1
RISPYGSYTY,1
AIYPYGNYTY,1
AISEYGHVTY,1
AIAPWGGYTY,1
AITEYGRYTY,1
AIGPFGYHTY,1
AINSYGNYTY,1
AIAPFGAPTY,1
AIAPFGWPTY,1
PISPGGQGTY,1
AILPYGGSTY,1
AISSLGYSTY,1
AIGPNGSLTY,1
TISEYSYCTY,1
AISPGGCVTY,1
AIRWNCNYTY,1
AISQYGCETY,1
AIALFGYHTY,1
VISPYGEYTY,1
AITPGGFKTY,1
VIAPFGASTY,1
AIRWGGTGTY,1
AISTWGNYTY,1
AINNNGSSTY,1
AIADYGGYTY,1
AIKCNGLYTY,1
AISPNGGWTY,1
AIRLSGWSTY,1
AISTDGWYTY,1
AIVPYGGPTY,1
AIRPYGYHTY,1
AIAPFGDHTY,1
AIAPFGYPTY,1
AIKYLGGSTY,1
AIRWNGLDTA,1
AIAPFGSHAY,1
AISEYGYGAY,1
AISPSGDLTY,1
AIGPTGYGTY,1
AISPFDDSTY,1
AIRPAGRYTY,1
SISPWGNYTY,1
AISQFGEWTY,1
AIVLYGEYTY,1
AISPWGCYTY,1
AISPFAIHTY,1
AITPFGHWTY,1
AIRWNCFYTY,1
AIRWNGVSTD,1
AIAPWGSLTY,1
AISEYGFYTH,1
AIRPFGSSTY,1
AISWDGGYTY,1
AIAPYGHFTY,1
AISEHGWGTY,1
AIEEYGRYTY,1
AIFPYCGYTY,1
AIAPFGIDTY,1
AIRWNDSSTY,1
AIAPHGSYTY,1
AIQPSGGNTY,1
AINTYGSYTY,1
AISPWGDFTY,1
AILWNGYETY,1
AIAMRGGSTY,1
SISPFGFSTY,1
AIRWNGSATH,1
AIYPYGNKTY,1
TIRWNGFYTY,1
AILPWGSYTY,1
AIGPAGNDTY,1
AIRPNGKITY,1
AIVPRGCGTY,1
RVSPFGHVTY,1
AISPRGQQTY,1
AINPFGDFTY,1
AISEYGGGTY,1
AINGNGKYTY,1
AIGLDCEYTY,1
VISPLGYSTY,1
AIQAYGNYTY,1
AIAPRGSFTY,1
AINDYGTHTY,1
AISPIGYSTY,1
AINYKGRSTY,1
AIRPFGSRTY,1
AISEYGGSTY,1
AIAPSGSFTY,1
AIAPFGYSTN,1
RISPFGKATY,1
AIAPCGGNTY,1
AIRLNGVKTY,1
AISEDGDATA,1
AIRLNGVEPY,1
AISPQGWRTY,1
AIRESGYATY,1
AISPWDDLTY,1
AIYPYGGYTN,1
AIAPFGLSIY,1
AIRSFGRETY,1
AIRLSGVETY,1
AIAPFGLATY,1
AIDVYGDYTY,1
AIRPNGSYTY,1
AISPFGTETY,1
AMAPWGSFTY,1
AIRSNGRSTY,1
AIAPYGQSTY,1
PISPYGSYTY,1
AIRWAGDKTY,1
AIYPLGIGTY,1
AIAPCGKKTY,1
AITPFGYTTY,1
AITPFGIDTY,1
AITPFGLHTY,1
