Count_CDR2,count
AISEYGYATY,468978
AIRWNGVETY,443422
AISEYGYGTY,150634
AITEYGYATY,54854
AISEYGWGTY,46059
AIRWNGVSTY,24059
AIRWNGGSTY,19251
AIAPYGEYTY,16288
AIAPFGEYTY,14733
AIRWNGDETY,14206
AISPYGEYTY,13141
AIAPFGGYTY,12790
AIGWDGEYTY,11331
AIRWNGLDTY,7634
AIAPFGLSTY,6912
AISPFGYSTY,6902
AIAPWGSFTY,5818
AIAPFGYSTY,5044
AIGWDGGYTY,5013
AIRWNGSATY,4624
AIAPFGYQTY,4542
AIRWNGSSTY,4321
AISPLGYSTY,4253
AIAPFGQNTY,3386
AIAPFGISTY,2975
AIAPFGSHTY,2181
AIRWNGFYTY,1960
AISEYGYSTY,1892
AIEYYGGSTY,1772
AIAPFGASTY,1554
AITFWGGSTY,1520
AIRWNGDYTY,1494
AISEFGGYTY,1452
AIRWNGSFTY,1180
AIAPFGWSTY,1106
AIAPFGSYTY,1076
AISPWGNYTY,1049
AISEYGYVTY,943
AISEFGWNTY,938
AISPFGFSTY,879
AIVMWGGSTY,704
AIPYMGGSTY,681
AIAPFGYNTY,668
AIAPFGYHTY,550
AISPFGGYTY,540
AIRWNGNYTY,512
AIAMWGGSTY,500
AIKWNGYYTY,482
AISPFGDSTY,449
AIRWSGNQTY,445
AISPYGGYTY,381
AINWSGSRTY,374
AIRWDGYATY,357
AISDYGDWTY,350
AISPFGASTY,323
TISEYGYATY,304
AIRWDGFATY,288
AISPYGSHTY,272
AIAPLGHSTY,269
AIRWNGRYTY,255
AIAPFGKSTY,254
AINWNGKSTY,248
AISPFGYGTY,238
AIAYMGGSTY,230
AISPYGSYTY,223
AIAPFGLTTY,220
AIQWNGVETY,217
AIAPYGGYTY,216
AISPDGNNTY,213
AINWNGKYTY,211
AINHRGDSTY,208
AISPFGISTY,201
AINPYGRITY,198
AISEYCYATY,191
AISPWGGYTY,190
AISEYGYATH,179
AISPFGYATY,177
AISPYGDWTY,177
AIRCNGVETY,176
AIAPYGSYTY,172
AINPYGRRTY,172
AIRMWGGSTY,171
AISPYGRYTY,170
AISPDGKTTY,164
AILWNGVETY,164
AIRWNGVESY,163
AISPFGIGTY,162
AISPFGYNTY,157
TIRWNGVETY,154
AIRWNGHYTY,154
AISPFGQGTY,154
AIAPFGGQTY,148
AIRWNGVETH,144
AIAPLGISTY,143
AISPFGKSTY,135
AIDPYGLYTY,133
AIRWNCVETY,133
AISEYGFYTY,131
AIMYNGGSTY,130
AIRWNGSYTY,129
AIVMRGGSTY,125
AISPYGNYTY,124
AIMMWGGSTY,124
AIAPFGRTTY,123
AISEYGSYTY,122
AISPFGSYTY,121
AISPFGDHTY,118
AIAPFGRNTY,116
AISPFGGWTY,116
AISPFGENTY,116
AITEYGYVTY,112
AISPFGYRTY,111
AISWDGSYTY,110
AISPFGRFTY,109
AISPFGRYTY,107
AISPYGYYTY,106
AIGEYGYATY,101
TISEYGYGTY,95
AIAPWGSYTY,94
AIRWNGMETY,92
AISPFGNYTY,91
AIRPFGLETY,89
AIRLNGVETY,88
AISEYGYDTY,88
AIRWNGHSTY,88
AIGPYGSYTY,88
AIPMWGGSTY,86
AIGPFGNGTY,86
AISPWGSTTY,85
VIRWNGVETY,83
AISPFGGLTY,82
AISPWGYATY,82
AIAYYGGSTY,81
AISECGYATY,81
SIRWNGVETY,80
AISPFGNSTY,79
AIAPFGSWTY,78
AITMWGGSTY,77
AIVPYGRRTY,76
AISPYGKYTY,76
AISEYGYYTY,76
AISMWGGSTY,75
AISPYGYSTY,74
AINYMGGSTY,74
AISPFGGRTY,73
AIRWNGDATY,71
AISPDGSGTY,70
AISPFGLSTY,70
AIKIDGKTTY,70
AISPYGSRTY,70
AISPFGYTTY,69
AMRWNGVETY,69
AIDMWGGSTY,68
AIRWYGVETY,68
AIRWNGIYTY,68
AIAPFGGTTY,67
AIAPFGKYTY,67
AIREYGYATY,67
AISPFGYQTY,67
AISPYGEITY,66
AISPFGSSTY,66
AISKYGYATY,65
AISDYGLGTY,65
AIAPFGLQTY,65
AISPEGSYTY,65
AISAYGYATY,64
AISPFGNWTY,62
AISPFGDYTY,62
AMSEYGYATY,62
VISEYGYATY,62
AISDFGNYTY,60
AISYMGGSTY,58
AIGPFGDWTY,58
AISPYGAYTY,58
AIAPFGHGTY,57
AIRWHGVETY,56
AISPDGSKTY,56
AIRWNDVETY,55
AISPFGYKTY,55
AIKWNGLYTY,54
AISPFGGFTY,54
AISEYGYCTY,54
AIRWAGDYTY,54
AISYDGSYTY,54
AISYVGGSTY,53
AISPFGGNTY,53
AISPYGDYTY,53
AISPNGEWTY,53
AISPFGEYTY,53
AIVYMGGSTY,52
AISPFGSHTY,52
AINPYGNATY,52
AISWDGNYTY,52
AISPDGWTTY,51
AIRWDGVETY,51
AINYNGYRTY,51
AIAYVGGSTY,50
AIIYSGGSTY,50
AISEYGYATN,49
AILYMGGSTY,49
AIRPFGGDTY,49
AIDPYGDVTY,49
AISPFGKYTY,48
AICMWGGSTY,48
AINWNGGSTY,48
AISPRGEATY,48
AISPFGFNTY,48
AISPWGGWTY,47
AISEWGYRTY,47
AISEYGYETY,47
AIAPFGSSTY,47
AISPDGYSTY,47
AISEYCYGTY,47
AIRWNSVETY,46
AIVYVGGSTY,45
AIAPFGYTTY,45
AISPLVGSTY,45
AISEYGYGTH,45
AISPDGYKTY,44
AISPFGNRTY,44
AICYMGGSTY,44
AISPFGYETY,44
AISPFGSNTY,43
AIIMWGGSTY,43
AIMYMGGSTY,43
AIIYMGGSTY,43
AISPYGYRTY,42
AISPNGTNTY,42
AICEYGYATY,42
AINEYGYATY,42
AISPFGEWTY,42
AIGPFGWSTY,41
AIAPYGGITY,41
AISPYGGRTY,41
AIRYMGGSTY,41
AIRWAGDNTY,41
AISSTGGGTY,41
AISPFGGSTY,40
AISPDGKVTY,40
AISPLGWQTY,39
AISPFGNNTY,39
AISPYGGETY,39
AIKWNGRYTY,39
AISPDGYNTY,39
AISEYGGYTY,39
AITPYGEYTY,38
AISYYGGSTY,38
AIRWSGVETY,38
AISEYGSTTY,37
AIIMRGGSTY,36
AIDDYGRYTY,36
AISPFGDKTY,36
AIRWNGVSSY,36
AISPFGQNTY,35
AISPIGYGTY,35
AIGPFGGSTY,35
AIAPFGYKTY,35
AISPWGGHTY,35
AISPFGRTTY,35
AISPFGDQTY,35
TITEYGYATY,34
AISECGYGTY,34
SISEYGYATY,34
AISPFGRATY,34
AIGEYGYGTY,34
AISPFGLNTY,34
AISPFGLGTY,33
AIRYNGIYTY,33
AISPFGGTTY,33
AISPNGLDTY,33
AISPYGEWTY,33
AISPGGDHTY,32
AIRPFGYHTY,32
AISEYGEYTY,32
AISPNGFYTY,32
AISPYGEKTY,32
AISPFGRSTY,32
AIRYNGGSTY,32
AISAYGYGTY,32
AISPFGSRTY,32
AISPLGGSTY,32
AISPSGSRTY,32
AISEYGYTTY,31
AIYPYGEYTY,31
AISEAGYHTY,31
AISPYGNRTY,31
AIDEYGRYTY,31
AINPFGGYTY,31
AISSYGNSTY,30
AISPLGDSTY,30
AISPYGDKTY,30
AMSEYGYGTY,30
AISPYGDFTY,30
AISPFGDWTY,30
AIAPFGYRTY,29
AIDPYGRYTY,29
AISPFGYHTY,29
AIQWNGSNTY,29
AIQMWGGSTY,28
AITEYCYATY,28
AISPFGGDTY,28
AISPFGSLTY,28
AILMWGGSTY,28
AIPYKGFSTY,28
AIIYVGGSTY,28
AIAPFGNLTY,28
AISPLGDWTY,28
AISPRGDWTY,28
AISPYGLYTY,28
AITPYGGYTY,28
AIAPFGQYTY,28
AIGPPGEYTY,27
AIRWNGVDTY,27
AISHRGDRTY,27
AISPFGGATY,27
AIRRNGVETY,27
AISPFGLRTY,27
AISPSGKSTY,26
AIRWNGLSTY,26
AILYVGGSTY,26
AIRWNGVATY,26
AINYYGGSTY,26
AIRPFGYNTY,26
AISPNGYTTY,26
AISPNGSYTY,26
AIRWNGAETY,26
AIGPFGSYTY,26
AISDYGYNTY,26
AISEYVYATY,26
AISEYGDATY,25
AISPYGGGTY,25
AISPYGDSTY,25
AITYMGGSTY,25
AISPFGNQTY,25
AISSFGDGTY,25
AIIEYGYATY,25
AIRWNGLETY,25
AISEYSYATY,25
AISDYGYYTY,25
AISPFGLETY,25
AISEYGYAIY,25
AIRWRGGGTY,25
AISPFGDNTY,25
AIRWNVVETY,24
AIRWNGVETC,24
AIGPFGDRTY,24
AISPFGRNTY,24
AISPDGSYTY,24
AISYSGGSTY,24
AISPYGTYTY,24
AISPFGSTTY,24
AISPLGDQTY,24
AIHPYGGYTY,24
AISPFGEITY,24
AIAPFGHKTY,23
AISEYGWDTY,23
AIGPYGYTTY,23
AISPLGNSTY,23
AISPFGHSTY,23
AISPNGKRTY,23
AISPFGDRTY,23
AIGPFGSGTY,23
AIRWDGEYTY,23
AISPYGEETY,23
AISPLGGYTY,23
TISEYGWGTY,23
AINMWGGSTY,22
AILPSGGYTY,22
AINEYGYGTY,22
AISPYGGLTY,22
AINYVGGSTY,22
AIRWNGVKTY,22
AISPAGNYTY,22
AISPYGLRTY,22
AISPFGLKTY,22
AIIYNGGSTY,22
AIGYMGGSTY,22
AITPFGEYTY,22
AISPGGGWTY,22
AIAPFGHQTY,22
AIGMWGGSTY,22
AITPFGEWTY,22
AISEHGYATY,22
AIQYMGGSTY,22
AIDYYGGSTY,22
AIDVYGQNTY,21
AISYKGGSTY,21
AIEYMGGSTY,21
AIDYMGGSTY,21
AILYYGGSTY,21
AISPYGNVTY,21
AISPFGNTTY,21
AIAPWGGRTY,21
AISPFGRRTY,20
AIGPNGETTY,20
AISDYGYRTY,20
AISPNGYETY,20
AIAPFGQFTY,20
AINSRGDRTY,20
AISPSGGQTY,20
AISPNGYNTY,20
AISPNGKHTY,20
AISEYGYATC,20
AIRYTGGSTY,20
AIKTFGGYTY,20
AIRWNGVQTY,20
AISANGLKTY,20
AIGPYGSWTY,20
AIGPQGYYTY,20
AISWRGDRTY,20
AIAPFGLRTY,20
AIGPFGSLTY,19
AISPFGSKTY,19
AISPRGNWTY,19
AITAYGYATY,19
AISEYGYAAY,19
AIGPYGLYTY,19
AISPNGKWTY,19
AISPDGNTTY,19
AITYKGGSTY,19
AIGPFGGTTY,19
AIGPFGGYTY,19
AISSYGGYTY,19
AISPGGGYTY,19
AIKMWGGSTY,19
AISPFGEVTY,19
AISPDGSRTY,19
AISPDGNLTY,19
AISDFGEKTY,19
AISPSGKNTY,19
AISPYGSWTY,18
AITPYGRYTY,18
AIREYGYGTY,18
AICYSGGSTY,18
AISPYGDRTY,18
AISPFGDVTY,18
AISPLGNKTY,18
AISEYCWGTY,18
AISPYGEHTY,18
AITEYGYATH,18
AIGEFGYYTY,18
AITPFGDQTY,18
AISPYGSKTY,18
AISEYGYATD,17
AISEYDYATY,17
AIDPYGSYTY,17
AICYKGGSTY,17
RIAPFGYSTY,17
AISPNGYSTY,17
AIAPFGHWTY,17
AIRWNGVEIY,17
AIRWKGVETY,17
AIGPFGDSTY,17
AISPFGNITY,17
VISEYGYGTY,17
AISPYGYNTY,17
EIRWNGVETY,17
AISPNGDSTY,17
AISPFGQKTY,17
AIRSFGGETY,17
AIRPYGYNTY,17
AISPWGDLTY,17
AIVYKGGSTY,17
AILYKGGSTY,17
AIPYWGGSTY,17
AISPFGLDTY,17
AISPFGRITY,17
AISEYGCATY,17
AIAPFGWHTY,16
AISPDGRYTY,16
AINPYGGYTY,16
AISKYGYGTY,16
AIDPYGFYTY,16
AIFPDGRTTY,16
AISPDGAVTY,16
AISPFGKATY,16
AISDYGEYTY,16
AISPNGDYTY,16
AIVPYGTRTY,16
AISPFGQYTY,16
AISPFGNFTY,16
AIRWSGAYTY,16
AISPYGKFTY,16
AIAPYGRYTY,16
AIAPYGKYTY,16
SISEYGYGTY,16
AISPDGYWTY,16
AISPYGFNTY,16
AISPRGNETY,16
AIAPYGEWTY,16
AISPFGAYTY,16
AISPFGQRTY,16
AISPNGRYTY,16
AISPYGGSTY,16
AISPDGRETY,16
AISEYGDLTY,15
AIGPFGSQTY,15
AISPFGSWTY,15
AISPFGRETY,15
AIAPFGDRTY,15
AISPFGHVTY,15
AISPFGLHTY,15
AIRYAGYYTY,15
AISPYGERTY,15
AISEYGWGTH,15
AISPYGDLTY,15
AISPGGGVTY,15
AISWRGARTY,15
AISPTGSYTY,15
AIGPFGRGTY,15
AISEYGGKTY,15
AISPWGLGTY,15
AIGPLGYSTY,15
AISEYGEWTY,15
AISPGGLYTY,15
AIAPFGNSTY,15
AITKYGYATY,14
AISPFGRQTY,14
AIHYMGGSTY,14
AICYNGGSTY,14
AISPFGSQTY,14
AISPFGDGTY,14
AISPFGDLTY,14
AISPYGGKTY,14
AISPFGGHTY,14
AISEYGCGTY,14
AIFPYGGYTY,14
AIIYYGGSTY,14
AIGPDGKYTY,14
AIAPFGRRTY,14
AISPFGNATY,14
AIGPFGSSTY,14
AISPFGGETY,14
AIAYAGGSTY,14
AIAPFGNRTY,14
AILPYGGYTY,14
AIGPFGGRTY,14
AISGTGNRTY,14
AISPGGEVTY,14
AITYYGGSTY,14
AIGPYGNYTY,14
AIIYKGGSTY,13
AICEYGYGTY,13
AIFYMGGSTY,13
AIRLNGVSTY,13
ATRWNGVETY,13
AISPFGSFTY,13
AIGPFGDYTY,13
AIRWNGVENY,13
AISPGGGTTY,13
AIEFRGGNTY,13
AISPSGSYTY,13
AISPFGERTY,13
AISPFGTDTY,13
AISPYGFTTY,13
AISFYGGSTY,13
AISEYGTYTY,13
AISPYGSSTY,13
AILPYGSFTY,13
AISPFGWNTY,13
AINPYGLYTY,12
AIRWNGVETD,12
AIAPSGYKTY,12
AISPFGNETY,12
AIRPYGEYTY,12
ARRWNGVETY,12
AIGPFGERTY,12
AILPNGSQTY,12
AISPFGLQTY,12
AIAPFGRGTY,12
AISYNGGSTY,12
AIGPFGYETY,12
AISDYGRYTY,12
AIMYVGGSTY,12
AISPRGDRTY,12
AISDNGHITY,12
AISPWGYRTY,12
AITECGYATY,12
AIRWNGVETN,12
AIAPFGFRTY,12
AIAPFGQSTY,12
SIRWNGDETY,12
AIGPFGNYTY,12
AIQYVGGSTY,12
AIAPIGSRTY,12
AISPYGTRTY,12
AILPYGDITY,12
AISPRGGGTY,12
AIGPYGITTY,12
AIGPFGSRTY,12
AIRWNCGSTY,12
AISANGLSTY,12
AIGPSGNDTY,12
AITPWGSYTY,12
AISPFGFKTY,12
AISGHGLATY,12
AISPYGGATY,12
AIRPSGDWTY,12
AIRPFGHSTY,12
AISPYGDQTY,12
AISPYGGWTY,12
AIKYMGGSTY,12
AIVPFGGYTY,12
AISPYGHRTY,12
AIVPFGEYTY,11
AISPYGNLTY,11
AISPFGANTY,11
AIDPYGEWTY,11
AISPFGNDTY,11
AISPDGRWTY,11
AISPRGDLTY,11
AIRWKGSGTY,11
AIGPFGEQTY,11
AIGPFGHTTY,11
AINPYGSYTY,11
AISPSGHDTY,11
AISPSGSLTY,11
AISPDGRKTY,11
AISPFGGGTY,11
AISDYGEWTY,11
AISPFGKHTY,11
AIRFAGTETY,11
EISEYGYATY,11
AISDYGTRTY,11
AISPFGKLTY,11
AISPDGYLTY,11
AIDWDGEYTY,11
AISDYGNYTY,11
AISPGGTGTY,11
AISPFGIKTY,11
AISEYGRFTY,11
AIRMHGGSTY,11
AISDYGELTY,11
AIRPFGKWTY,11
AIGPFGSFTY,11
AIFPYGSYTY,11
AIKWNGDYTY,11
AISEYGWCTY,11
AIRMGGGSTY,11
AISANGTTTY,11
AISPFGFDTY,11
AIAPYGDYTY,11
AISPSGTYTY,11
AISAYGWGTY,11
AIMMRGGSTY,11
AIAPFGTYTY,11
AIVPYGEYTY,11
AIAPRGGFTY,11
AISEYVYGTY,11
AISPFGELTY,10
AISPFGINTY,10
AISPFGRGTY,10
AIFPYGRYTY,10
AIPYVGGSTY,10
AITPDGNYTY,10
AISPFGDATY,10
AINYKGGSTY,10
AISPNGNYTY,10
AILPYGDRTY,10
AISPFGESTY,10
AISSYGRYTY,10
AISPYGGTTY,10
AISPYGSFTY,10
AIQWNGGSTY,10
AISPYGQTTY,10
AIMYYGGSTY,10
AISPFGDITY,10
AIRYVGGSTY,10
VITEYGYATY,10
AISPYGDVTY,10
AISPYGKITY,10
AIGSFGGNTY,10
AISEYGYANY,10
AISPFGLTTY,10
AIFPYGQLTY,10
AISPFGEKTY,10
AVRWNGVETY,10
AIGLRGNDTY,10
AISPNGQGTY,10
AIGPFGNITY,10
AISPYGNKTY,10
AITPFGDLTY,10
AISPFGKETY,10
AIGPFGRKTY,10
AIAPFGNVTY,10
AIDPYGGYTY,10
AISPFGFETY,10
AIRLWGGSTY,10
AISPVGLGTY,10
AISPLGSYTY,10
AILPYGSYTY,10
AISPFGNLTY,10
AIRWAGEYTY,9
AISPYGSITY,9
AISECGWGTY,9
AIGPNGSYTY,9
AIAPYGDWTY,9
AIRPFGWSTY,9
AIDDYGRSTY,9
AIMFMGGSTY,9
AISPSGFNTY,9
AMRWNGGSTY,9
AIGPFGGGTY,9
AMSEYGWGTY,9
AISPYGNNTY,9
AISPNGKSTY,9
AIGWDGEYIY,9
AIYYMGGSTY,9
AISPAGNTTY,9
AISDNGLKTY,9
AISPSGGYTY,9
AIDPYGSKTY,9
AIQPFGSNTY,9
AISPKGDGTY,9
AIQWNGDETY,9
AISSYGDYTY,9
AISPFGRHTY,9
AISPFGTSTY,9
AISPFGWSTY,9
AISPFGNHTY,9
AISYTGGSTY,9
AIAPNGNSTY,9
AINWRGSYTY,9
AISPYGAETY,9
AISEHGYGTY,9
AITPFGVETY,9
AISPNGNITY,9
AIIEYGYGTY,9
AISPFGEFTY,9
AISPYGLTTY,9
AINPYGRYTY,9
AISWRGKHTY,9
AISPRGGYTY,9
TISPYGEYTY,9
AITEYGYYTY,9
AIAPFGYETY,9
AISPYGYKTY,9
AISPGGKYTY,9
AIGPYGRYTY,9
AIGPFGGHTY,9
AIKYVGGSTY,9
AISSFGDVTY,9
AISDYGLTTY,9
AIGEYGWGTY,9
AIDPYGIYTY,9
AIAPFGGKTY,8
AIDWRGNFTY,8
AIAPRGGYTY,8
AISPFGNVTY,8
AISEYGLYTY,8
AIDPYGKYTY,8
AIVPFGGDTY,8
AIRWNSVSTY,8
AIVYNGGSTY,8
AISEYGAYTY,8
AISPYGSLTY,8
AISEYSYGTY,8
AISPSGYLTY,8
AISPNGYRTY,8
AISPNGEYTY,8
AILWNGDETY,8
AISEYGGRTY,8
AINEYGWGTY,8
AISPGGLDTY,8
AIGPFGRSTY,8
AIRPFGNYTY,8
AIRWNGVGTY,8
AISPSGTRTY,8
AIQPFGDRTY,8
AIAPYGSFTY,8
AINPYGEYTY,8
AISPFGQATY,8
AISPFGRVTY,8
AIAPFGNYTY,8
AISYDGYSTY,8
AISPYGQYTY,8
AIAPFGSATY,8
AIGPYGRTTY,8
AISPLGDATY,8
AIRAFGGRTY,8
AIAPYGSHTY,8
AISEYGEVTY,8
AIRCNGGSTY,8
AITPGGRSTY,8
AISPYGGITY,8
AISEYDYGTY,8
AISPRGDVTY,8
AIGWYGEYTY,8
AIDPFGGYTY,8
AISPFGIQTY,8
AIRPFGDSTY,8
AISDYGYATY,8
AISEYGYGTN,8
AICYVGGSTY,8
AISPYGHYTY,8
AISEYGLGTY,8
AISSYGRRTY,8
AITYVGGSTY,8
AISPNGLSTY,8
AISPFGKRTY,8
AISPYGVDTY,8
AISPYGTKTY,8
AISPYGFYTY,8
AISPFGWETY,8
AIVPWGSFTY,7
AIRYSGGSTY,7
AIMYTGGSTY,7
AIDPYGTYTY,7
AIQWNGSLTY,7
AIGPFGTRTY,7
AISPNGGSTY,7
AILPYGKKTY,7
AIRWNGGSTH,7
AISEYGWGIY,7
AISPSGFDTY,7
AISPSGDHTY,7
AIGYKGGSTY,7
AISPSGSTTY,7
AISPFGFQTY,7
AITPGGGVTY,7
AIIPFGGTTY,7
AISPGGNVTY,7
AIDPFGNYTY,7
AIDPFGEYTY,7
AIRYAGDFTY,7
AIGPFGGLTY,7
AINWNGSYTY,7
AINTSGGVTY,7
AISPWGYETY,7
AIRCNGVSTY,7
AISDFGGYTY,7
AISPFGRDTY,7
AIQGYGGITY,7
AIKPFGGHTY,7
AITPFGKSTY,7
AIDPYGYYTY,7
AISEYGYGIY,7
AISPWGTGTY,7
AISPYGNHTY,7
AIRLNGGSTY,7
AISPFGFTTY,7
AIEPFGGKTY,7
AIQPFGRGTY,7
AIAPYGGRTY,7
AITPFGSETY,7
AIAPFGIRTY,7
AISPNGAYTY,7
AIAPYGAYTY,7
AISPYGDNTY,7
AISPRGHWTY,7
AISPGGYLTY,7
AIGPYGWTTY,7
AIGPFGYQTY,7
AISPFGYDTY,7
AIRPIGGETY,7
AISDNGNYTY,7
AIAPFGNNTY,7
AIRPWGGSTY,7
AIDDYGGRTY,7
AIRMSGGSTY,7
AIYPFGGGTY,7
AISPFGGQTY,7
AIAPFGDFTY,7
AIRWYGVSTY,7
AISPSGIKTY,7
AMTEYGYATY,7
AISHNGGSTY,7
AILPYGSKTY,7
AIAPFGGDTY,7
AISPFGHWTY,7
AISPFGGITY,7
AINYTGGSTY,7
AIGPFGNHTY,7
AIFPYGAYTY,7
AINWRGYRTY,7
AIDVYGKYTY,7
AISPYGEFTY,7
AIVPYGGYTY,7
AISPRGDTTY,7
AISEYGIYTY,7
AISPSGNYTY,7
AIGPFGNLTY,7
AIAPWGRSTY,7
AIRHRGGQTY,7
AISPNGTRTY,7
AITPFGGYTY,7
AIEMRGGSTY,7
AIRWNGVETS,7
AIRWNGVSTH,7
AITPLGKSTY,7
AIRWNGDYSY,7
AIDPYGNYTY,7
AITPFGNFTY,7
AISPFGSATY,7
AIDPFGVNTY,7
AIQYKGGSTY,7
AITPFGSYTY,7
AIRSFGGHTY,6
AIGFMGGSTY,6
AISPTGHQTY,6
AIRAYGNYTY,6
AINPYGSKTY,6
AISPIGSRTY,6
AIRTFGSTTY,6
AIYPYGGYTY,6
AINPYGDTTY,6
AISPGGSRTY,6
AIRWNGGATY,6
AISPFGWKTY,6
AISPDGQATY,6
AIFPLGSGTY,6
AIAPFGGWTY,6
AISPNGYLTY,6
AISPDGWYTY,6
AIAPFGNTTY,6
AISPNGFRTY,6
AISPSGGSTY,6
AIGLDGEYTY,6
AIKIDGKVTY,6
AISPIGEATY,6
AIGPYGNNTY,6
AISPSGNLTY,6
AIAPYGSITY,6
AIRPFGYDTY,6
AIRPFGWDTY,6
AIRWGGSYTY,6
AIAPFGDTTY,6
AINPFGDRTY,6
AISPRGNITY,6
AISPQGGQTY,6
AIGPWGGYTY,6
AITYTGGSTY,6
AIQWNGVSTY,6
AINSFGNSTY,6
AISPYGTWTY,6
AIAPFGGSTY,6
AIIYTGGSTY,6
TIRWNGDETY,6
AITPFGEFTY,6
AISPRGQDTY,6
AITPFGLETY,6
AISPSGGRTY,6
AITFYGGSTY,6
AITEYGYTTY,6
AIGPFGFNTY,6
AISPLGYQTY,6
AITEYGYATN,6
AINPYGTYTY,6
AIYPNGGGTY,6
AIRSFGTRTY,6
AIDYKGGSTY,6
AITPFGEITY,6
AISPVGGRTY,6
AISPGGTYTY,6
AISPFGSDTY,6
AISPYGARTY,6
AIRTFGGDTY,6
AISPSGDATY,6
AISPNGGYTY,6
AISPWGGFTY,6
AITPDGEYTY,6
AIRPFGYETY,6
AISSRGDFTY,6
AISPYGQSTY,6
AISPYGHITY,6
AINSFGGRTY,6
AISSFGRDTY,6
AIYPYGGYTH,6
AIRWNGIATY,6
AIGPFGKLTY,6
AIRCNGDETY,6
AIAPFGSDTY,6
AISPLGFSTY,6
AISPSGYATY,6
AIAPFGRKTY,6
AIVPFGGRTY,6
AIRWNGDDTY,6
AIRWYGGSTY,6
AISPFGGPTY,6
AIRWNGDETH,6
AISEYGDVTY,6
AIDYVGGSTY,6
AIAPFGYGTY,6
AISPVGNSTY,6
AISPNGLYTY,6
AISDNGNITY,6
AISSYGSYTY,6
AISPWGFRTY,6
AISASGGRTY,6
AITPFGGSTY,6
AIDPYGDRTY,6
AISYDGKYTY,6
AIAYFGGSTY,6
AISPYGRKTY,6
AISPWGYHTY,6
AINPYGKYTY,6
AIKPFGDRTY,6
AIGPYGESTY,6
AIRPFGYSTY,6
AISPYGRFTY,5
AISPYGVQTY,5
AISPYGQWTY,5
AIRWNSGSTY,5
AITPDGYGTY,5
VIRWNGVSTY,5
AISPGGLRTY,5
AISDYGRSTY,5
AIRWNAVETY,5
AISPFGQVTY,5
AIGPGGWSTY,5
AISSYGYRTY,5
AISPYGSDTY,5
AILFYGGSTY,5
AIKPNGAYTY,5
AIRPDGYETY,5
AITPYGNYTY,5
AIQPYGSRTY,5
AISPFGTNTY,5
AISPFGNKTY,5
AIRWNGCSTY,5
AISPYGQLTY,5
AIRSNGVETY,5
AIGPFGYTTY,5
AISPFGTATY,5
AIRPFGDVTY,5
AIGPLGAITY,5
AISEYGHATY,5
AIVYTGGSTY,5
AIAPFGRSTY,5
AIRFSGAYTY,5
AIYYVGGSTY,5
AISPFGHKTY,5
AIDWNGKTTY,5
AILPFGSITY,5
AISPEGARTY,5
AISEYGRRTY,5
AIREYGWGTY,5
AITPFGIGTY,5
AMAPYGEYTY,5
AITPFGYTTY,5
AISPNGKYTY,5
AITPFGEHTY,5
AITPGGEYTY,5
EISEYGYGTY,5
AISPAGDHTY,5
AISEDGYATY,5
AIAPDGYFTY,5
AIRYKGGSTY,5
AIGPFGFETY,5
AITPLGLKTY,5
AITEYGCATY,5
AISPWGAYTY,5
AIGWDGKYTY,5
AIYYYGGSTY,5
AIAQYGEYTY,5
AISPDGNATY,5
AIEPYGRYTY,5
AISPGGQSTY,5
AIRYYGGSTY,5
AILPYGEFTY,5
AIRFSGWSTY,5
AIGPFGGFTY,5
AIRMKGGSTY,5
AISEYGKFTY,5
AISPYGHDTY,5
AIRMAGGSTY,5
AIMFYGGSTY,5
AITPYGQETY,5
AIRPFGYRTY,5
AIAPYGLSTY,5
AISPFGTQTY,5
VISEYGWGTY,5
AIDVYGRYTY,5
AISFMGGSTY,5
AISPFGWRTY,5
AISPYGKLTY,5
AISPWGSHTY,5
AIAPFGEYTH,5
AIAPNGIHTY,5
AIGPFGSHTY,5
AISWRGYHTY,5
AIGWGGEYTY,5
AIKPYGEYTY,5
AISPFGVGTY,5
AISPFGVHTY,5
AILFMGGSTY,5
AIDSYGNYTY,5
AILPNGYGTY,5
AISPGGGKTY,5
AISMRGGSTY,5
AMGWDGGYTY,5
AIAPHGEYTY,5
AIRMNGGSTY,5
AITPFGYKTY,5
AISPYGQFTY,5
AISPYGTFTY,5
AILWNGVSTY,5
AISPLGGWTY,5
AISPSGYGTY,5
AISPYGRRTY,5
AISPLGSITY,5
AISDYGAYTY,5
AISPFGEQTY,5
AITPLGYKTY,5
AISPLGNRTY,5
TIAPFGLSTY,5
AILPYGYKTY,5
AIAPFGSNTY,5
AIGPHGNNTY,5
AIADFGYRTY,5
AISPYGNFTY,5
AISPDGLYTY,5
AISPFGSITY,5
AISEYGYATS,5
AIYPYGGGTY,5
AISPLGRTTY,5
AIGPFGNFTY,5
AISPRGNRTY,5
AIGWDDEYTY,5
TIRWNGGSTY,5
AIRWNGMSTY,5
TIRWNGVSTY,5
AIAPFGNITY,5
AISPYGNSTY,5
AIRPFGLGTY,5
AIKWNGHYTY,5
AIGSYGVRTY,5
AIRPFGYQTY,5
AITDYGYYTY,5
AISKVGNDTY,5
AIHPYGGDTY,5
AIAPWGNYTY,5
AISDYGDYTY,5
AISPYGNWTY,5
AISPGGAYTY,5
AISPSGNDTY,5
AIAPFGCYTY,5
TIAPFGEYTY,5
AIFYYGGSTY,5
AITPFGSHTY,5
ATSEYGYATY,5
AIVPYGRYTY,5
AISPSGSITY,5
AISPWGGKTY,5
AITPFGQNTY,5
AIDPYGELTY,5
AITEYGYGTY,5
AISPYGHLTY,5
AISPTGNRTY,5
AIGPFGRTTY,5
AISPNGSGTY,5
AMGWDGEYTY,5
AISQYGYGTY,5
AIAPFGHNTY,5
AIRWNGVPTY,5
AIAPFGITTY,5
AISPYGKRTY,5
AIQYSGGSTY,5
AISDYGYGTY,5
AIRWAGYSTY,5
AIAPFGRYTY,5
AITPYGSYTY,5
AIGPGGGLTY,5
AITPFGNSTY,4
AIDPFGENTY,4
AISPLGNYTY,4
AITPSGDRTY,4
AIRCNGLDTY,4
AISPYGSETY,4
AIRWDGYYTY,4
AICWDGEYTY,4
AISANGSYTY,4
AIRPFGSRTY,4
AIKPFGGDTY,4
AIDPYGNSTY,4
AILPYGRYTY,4
AISPDGYFTY,4
AITPFGKITY,4
AITPFGQQTY,4
AISEYAYATY,4
AIRWNGLDTH,4
AISNNGSSTY,4
AIAPYGYQTY,4
AISPYGRVTY,4
AISPYGWNTY,4
AISPIGNWTY,4
AISDYGDGTY,4
AIDPYGRATY,4
AISPNGHITY,4
AIGPYGGNTY,4
AIHPYGEYTY,4
AIGPFGEWTY,4
AINPFGGRTY,4
AISPGGLKTY,4
AIGWDGEYTH,4
AISSYGNYTY,4
AISPFGRKTY,4
AISPGGKRTY,4
AITPFGSTTY,4
AIEPFGEYTY,4
AIAPIGKETY,4
AIDPYGKNTY,4
AISEYGYGNY,4
AISPYGESTY,4
AISTSGARTY,4
AISPLGYSTH,4
AIRWNGGETY,4
AILPRGGYTY,4
VIAPFGLSTY,4
AISYRGDWTY,4
AMRWNGVSTY,4
AISDYGGYTY,4
AIKPFGQGTY,4
AIAPFGRQTY,4
AIAPWGRRTY,4
AINFMGGSTY,4
AIDQYGRYTY,4
AIGPFGGITY,4
AISPLGTITY,4
AISDYGFYTY,4
AIGWNGEYTY,4
AISPYGFDTY,4
AITPFGHLTY,4
AISPYGYHTY,4
AIGPLGGITY,4
AISTNGFRTY,4
AIRPFGNNTY,4
AISPYGEYTH,4
AIQPYGSYTY,4
AISEYGYGTC,4
AIGWNGVETY,4
AISNYGRYTY,4
AIVYYGGSTY,4
AIAPYGYSTY,4
AISPIGEVTY,4
AICEYGWGTY,4
AISPSGKRTY,4
AINPYGRDTY,4
AIRSFGYRTY,4
AINPYGDSTY,4
AISDYGEITY,4
AISMSGGSTY,4
AISRWGDWTY,4
AIPWNGVETY,4
AISPWGFGTY,4
AIGSFGDITY,4
AITPYGKYTY,4
AIGPNGKATY,4
AISPFGGVTY,4
AIAPFGKRTY,4
AISPLGYRTY,4
AIGWDGGYSY,4
AITPFGYQTY,4
AIGPYGDVTY,4
AILPYGGNTY,4
AITPFGESTY,4
AISNRGGITY,4
AIKPDGSYTY,4
AIADNGYRTY,4
AISPYGGQTY,4
AISGNGSKTY,4
AILPYGESTY,4
AICMSGGSTY,4
AISPFGQTTY,4
AIRYAGSYTY,4
AISPRGTYTY,4
AIGPFGLGTY,4
AINPYGGATY,4
AISPNGYATY,4
AIAPFGEYIY,4
AISPGGSSTY,4
AIVPFGYSTY,4
AIRRNGGSTY,4
AISPYGSNTY,4
AISEYGRTTY,4
AIDEYGDFTY,4
AISENGYYTY,4
AIRPLGRDTY,4
AIAPYGEYTH,4
AIMYKGGSTY,4
AISPNGYYTY,4
AIGPFGNSTY,4
AIGPEGNNTY,4
AIRMQGGSTY,4
AISPWGRHTY,4
AIAPFGDYTY,4
AISPNGQWTY,4
AICFYGGSTY,4
AISEYGWGNY,4
AIVPFGDWTY,4
VISPYGEYTY,4
AISPRGEYTY,4
AINFRGGYTY,4
AIYPFGYGTY,4
AISPAGNVTY,4
AIGPTGHGTY,4
AITPFGDKTY,4
AIHYVGGSTY,4
AISPWGGNTY,4
AITPFGYNTY,4
AITPFGAQTY,4
AISEYGNYTY,4
AISPTGKYTY,4
AISSFGDNTY,4
AITPFGERTY,4
AISPSGKKTY,4
AIGPFGNTTY,4
TISPFGYSTY,4
AITPLGDNTY,4
AINPYGSWTY,4
AIMYMGGSTH,4
AISPYGYGTY,4
AIGPFGSKTY,4
AIDYRGGYTY,4
AITPFGDRTY,4
AIAQFGGYTY,4
AISPGGLETY,4
AISPYGHSTY,4
AISDYGKYTY,4
AIQPFGKDTY,4
AIAPFCEYTY,4
AIGPFGNNTY,4
AIAPYCEYTY,4
AILPYGGWTY,4
AIAPFGGYTH,4
AISPYGWPTY,4
AITPDGYKTY,4
AITPIGYGTY,4
AISPFGVTTY,4
AIDPFGSNTY,4
AIKPFGHTTY,4
AIIPFGGYTY,4
AIRWRGYGTY,4
AITEYGYSTY,4
AITPFGSKTY,4
AITPFGTYTY,4
AIGPFGKHTY,4
AINPYGDGTY,4
AISPFGQITY,4
AISPFGKITY,4
AITPYGYATY,4
AIGDFGSYTY,4
AISPFGATTY,4
AISSFGDTTY,4
AIAPLGETTY,4
AILPNGSATY,4
AISGIGGKTY,4
AISPYGEDTY,4
AIKPYGTYTY,4
SIRWNGLDTY,4
AIGPYGEYTY,4
AIDFMGGSTY,4
AISPFGSVTY,4
AISPYGWRTY,4
AIAPFGEYAY,4
AITPFGNETY,4
AIDPFGGPTY,4
AIIYLGGSTY,4
AILPDGSATY,4
AITPFGLGTY,4
AIRPFGSSTY,4
AISPYGRHTY,4
AIGYVGGSTY,4
AIDDYGEYTY,3
AISPFGEATY,3
AIRPFGRSTY,3
AIAPFCLSTY,3
AIGPYGERTY,3
AICYTGGSTY,3
AIRYSGLHTY,3
AIRWNCVSTY,3
AISPGGYQTY,3
AILPPGGQTY,3
AMAPFGYSTY,3
AISPAGDYTY,3
AISPFGLATY,3
AISQYGYATY,3
PIRWNGVETY,3
AIFPDGRQTY,3
AISPNGYGTY,3
AIADYGNYTY,3
AIDPFGSYTY,3
TIAPFGGYTY,3
AITPFGQFTY,3
AIFPYGYNTY,3
AIRWNGMDTY,3
AIRPYGLSTY,3
AISPHGSYTY,3
AITPFGSLTY,3
AIDYAGTETY,3
AIRPWGYQTY,3
AIRWNGSVTY,3
AISEYGNFTY,3
AIIPYGRYTY,3
AISYRGNSTY,3
AINWRGTHTY,3
AIAPFGNHTY,3
AIAPSGEYTY,3
AISPFGKNTY,3
AIDPFGYRTY,3
AISPFGHQTY,3
AIDPFGVYTY,3
AISPRGGFTY,3
AISPIGYRTY,3
AISEYGRYTY,3
AIAPYGAETY,3
AIRGNGVETY,3
AISPSGNFTY,3
AIAPCGEYTY,3
AISPIGTVTY,3
AISPWGYNTY,3
AINPYGQITY,3
SISDYGDWTY,3
AIAPNGRRTY,3
AISPGGYSTY,3
AIRCNGVESY,3
AISPNGNWTY,3
AIRWNGLYTY,3
AIGASGKYTY,3
AISPFGIETY,3
AIGPDGNYTY,3
AISPVGFSTY,3
AISSFGRRTY,3
AISHGGGYTY,3
AIAPLGWSTY,3
AIQYYGGSTY,3
AIMIWGGSTY,3
AISPLGTYTY,3
TISPLGYSTY,3
AILPYGKRTY,3
AISPRGNYTY,3
AIGPYGEATY,3
AIAPLGSFTY,3
AISPNGSTTY,3
AISPYGSVTY,3
AISPTGYTTY,3
AISPRGGWTY,3
AISPFGKKTY,3
AISPYGGFTY,3
AIGPFGYNTY,3
AISPWGLETY,3
AISPRGADTY,3
AITPFGLDTY,3
AISERGNYTY,3
AISPLGWHTY,3
AIGYNGQLTY,3
AIAPIGYGTY,3
AIAPFGVDTY,3
AMAPFGGYTY,3
AIAEYGNTTY,3
AITEDGYATY,3
AITPFGRETY,3
AISTSGGVTY,3
AINPAGQWTY,3
AIAPFGGRTY,3
AIGPFGDKTY,3
AIDVYGLYTY,3
AISEDGYGTY,3
AIRYVGGYTY,3
AIRWYGDETY,3
AILPYGNYTY,3
AISPSGLSTY,3
AISEYGWGTD,3
AIRLNGSATY,3
AINQYGRTTY,3
AISLFGSWTY,3
AIGWYGGYTY,3
AISHRGNWTY,3
AIGPFGDFTY,3
AIVPTGNRTY,3
AIRPFGGYTY,3
AISPFGAQTY,3
AISPRGEGTY,3
AIAPFCYQTY,3
AILPYGGFTY,3
AIAPFGLNTY,3
AISPRGRYTY,3
AINWRGNYTY,3
AISPDGKFTY,3
AIGWDGDYTY,3
AIAPFGLGTY,3
AITPFGARTY,3
AIMPWGGSTY,3
AIGPRGARTY,3
AIGPSGRSTY,3
AISEYGWSTY,3
AINDNGLKTY,3
AISPFCYSTY,3
AILPYGNRTY,3
AISPSGGATY,3
AITPYGGDTY,3
AIDWDGGYTY,3
AIRFAGYETY,3
AIGPYGLRTY,3
AIAPYVEYTY,3
AIKWNGSYTY,3
AISEYRYATY,3
AITPYGDSTY,3
AIAPFGYDTY,3
AISPNGYITY,3
AITPFGNRTY,3
AIGWDGGYTH,3
AIRWNDVSTY,3
AIGARGDLTY,3
AITEYGDATY,3
AIRPNGNGTY,3
AIRWNDGSTY,3
AIDEYGVSTY,3
AIQPFGKETY,3
PISEYGYATY,3
AIAPGGKKTY,3
AILPPGGDTY,3
AINWNGGYTY,3
AIVPFGASTY,3
AISPNGFSTY,3
AIAYNGGSTY,3
AINPTGYSTY,3
AITEYGYATC,3
AISPRGQLTY,3
AIAPFGRFTY,3
AISPYGKVTY,3
AIEPFGYLTY,3
AIYPYGLNTY,3
AIDPYGNNTY,3
AISPFGTETY,3
AISPWGYGTY,3
AISPYGTITY,3
AIGPFGDVTY,3
AIGPYGQYTY,3
AIAPWGFRTY,3
AISTYGEHTY,3
AISPLGEYTY,3
AILPYGANTY,3
AIAPFGINTY,3
AISPSGTWTY,3
AIFPYGSFTY,3
AIRWNGFATY,3
AIGPYGDATY,3
AIAPRGARTY,3
AISPVGARTY,3
AIGPFGEVTY,3
AIRYAGGSTY,3
AIGRFGGYTY,3
AIAPYGEHTY,3
AILPYGSHTY,3
AISPLGDVTY,3
AIGPFGLTTY,3
AIETFGGRTY,3
AISPFGNGTY,3
AITPFGADTY,3
AITEHGYATY,3
AIGPFGSTTY,3
AISPYGKTTY,3
AISNRGDWTY,3
AISPYGISTY,3
AISGYGYATY,3
AISPLGRYTY,3
AISPSGRLTY,3
AIADYGGYTY,3
AISPQGNYTY,3
AIPYNGGSTY,3
AISPIGWRTY,3
AILYNGGSTY,3
AISPSGYNTY,3
AIEFRGGQTY,3
AINENGSHTY,3
AIGPVGGYTY,3
AIRILGLGTY,3
AISPFGKVTY,3
AIAPYGEYIY,3
AIRPFGANTY,3
AISPFGTYTY,3
AIEVNGGNTY,3
AIRPFGSETY,3
AIFPFGNGTY,3
AIKTSGSRTY,3
AITPLGYRTY,3
AIRPDGYSTY,3
AISEYGVYTY,3
AISARGEWTY,3
AIAPFGYSTH,3
AISWRGWHTY,3
AIAPFGDSTY,3
AITPFGAYTY,3
AIKVYGDRTY,3
AIGPLGYKTY,3
AIGCDGEYTY,3
AIRWNCDETY,3
AIRPFGAHTY,3
AIQWNGSSTY,3
AITPYGSITY,3
AIRPFGKNTY,3
AISPIGYSTY,3
AIGPLGGRTY,3
AISPFGTGTY,3
AIYYKGGSTY,3
AIGWDSEYTY,3
AIRWHGVSTY,3
AITPSGSGTY,3
AILPYGAYTY,3
AIYPYGRYTY,3
AISGIGSKTY,3
AIAPFGLHTY,3
AIDPFGKNTY,3
AISPFGKTTY,3
AISPFGRLTY,3
AIRARGEYTY,3
AIYPYGEWTY,3
AIRPYGTETY,3
AIQWNGSATY,3
AITPFGTITY,3
AIAPNGYRTY,3
AISPFGITTY,3
AIRWNGVEAY,3
AISPGGSWTY,3
AIQWNGLDTY,3
AISPRGSGTY,3
AIRSFGFRTY,3
AIAPFGIDTY,3
AISPAGLRTY,3
AIHPFGYGTY,3
AISPLGYATY,3
AISPSGKLTY,3
AIDLYGNYTY,3
AIRMEGGSTY,3
AISTSGGRTY,3
EITEYGYATY,3
AISPGGSYTY,3
AIAPFGLKTY,3
SITEYGYATY,3
AIGPFGYSTY,3
AISGKGLATY,3
AIEYKGGSTY,3
AITPFGFRTY,3
AIRPYGLRTY,3
AISPFGCRTY,3
AIVYLGGSTY,3
AISEFGRFTY,3
AISPVGRGTY,2
AIIFMGGSTY,2
AILPYGSATY,2
AIQYRGNYTY,2
AISPRGQYTY,2
AISEYGYASY,2
AISPLGRGTY,2
AIVPYGGNTY,2
AIAEYGYATY,2
AISPFGSETY,2
AIGPWGNSTY,2
AISPWGQYTY,2
EISEYGWGTY,2
AILPYGKYTY,2
AISSTGGWTY,2
AIRPIGSSTY,2
AISPVGLKTY,2
AIRPWGYKTY,2
AISPIGRLTY,2
AIGPFGLATY,2
AIRWHGSSTY,2
TIAPFGYSTY,2
AITPFGYSTY,2
AIAPFGKITY,2
AMRWNGDETY,2
AILYTGGSTY,2
AIALFGEYTY,2
ARSEYGYATY,2
AISDYGSYTY,2
AIGLDGGYTY,2
AISPYGFSTY,2
AISDYGWGTY,2
AIAPFGKETY,2
AIWYMGGSTY,2
AISDNGQYTY,2
AISPTGRYTY,2
AITPLGKATY,2
AITPFGSFTY,2
AITPLGYNTY,2
TIGWDGEYTY,2
AISPYGECTY,2
AIGPWGDYTY,2
AILPNGGGTY,2
AISPRGDYTY,2
AIAPFGISAY,2
AIQPYGGYTY,2
AISPYGDITY,2
SIRWNGGSTY,2
AINPFGNNTY,2
AISPIGGRTY,2
AISPWGKYTY,2
AILPYGDYTY,2
AIAPFCYSTY,2
AIGWDCGYTY,2
AIAPFGTRTY,2
AIGWDGEYAY,2
AIAPFGTTTY,2
AISEYGDRTY,2
AIGPFGHYTY,2
AIQPYGWRTY,2
AIRFSGYSTY,2
AISSTGGPTY,2
AIRWNGVEPY,2
AIGPFGEYTY,2
RYDGTVWKPI,2
AIAPNGSLTY,2
AISPIGGVTY,2
AISPYGTNTY,2
AISEYGWGTN,2
AISPTGYNTY,2
AIRPYGRYTY,2
AIIPYGGYTY,2
AISPYGAKTY,2
AISEFGYATY,2
AIRAFGGGTY,2
AISPEGGWTY,2
AMRWNGSSTY,2
AIGPLGNETY,2
AIKYYGGSTY,2
AISGAGGKTY,2
AIRWNGVETF,2
AIGPEGFNTY,2
AIAPFCISTY,2
AITEYVYATY,2
AIRWNDSATY,2
AISPVGYDTY,2
AIGWDGVYTY,2
AIVYAGGSTY,2
AIFYKGGSTY,2
AISPNGGGTY,2
AINDYGSNTY,2
AISPVGYRTY,2
AIDPYGAYTY,2
AIGPFGISTY,2
AIGPFGNVTY,2
AISPYGRITY,2
SIAPFGEYTY,2
AISPLGDITY,2
AITYWGGSTY,2
AISPTGRYIY,2
AIRWDGVSTY,2
AITDYGQRTY,2
AITPYGGSTY,2
AIAPYGISTY,2
AIAPFGETTY,2
AISPIGRRTY,2
AINPYGDFTY,2
AITPYGRGTY,2
AISPGGHWTY,2
AISPHGGYTY,2
AMAPFGEYTY,2
SIRWNGVSTY,2
AIHPFGGYTY,2
AISPVGTGTY,2
AIAPFGKQTY,2
AIMYAGGSTY,2
AIGPFGSVTY,2
AIAPWGGYTY,2
AISKYGWGTY,2
AISPIGGKTY,2
AIFPYGYKTY,2
AISTFGDHTY,2
AISPNGSWTY,2
AISPLGRDTY,2
AIRPLGGTTY,2
AIEPGGGRTY,2
VIAPFGGYTY,2
AISGYGSYTY,2
AISPHGSDTY,2
AINDYGWRTY,2
VISPYGEITY,2
AIRPSGDRTY,2
AISGRGDYTY,2
AIAPRGNRTY,2
AINPYGNLTY,2
AISPNGYDTY,2
AISPAGRDTY,2
AISPEGKYTY,2
AIYFMGGSTY,2
AISPLGYSAY,2
AIGPTGLNTY,2
AIVPRGGLTY,2
AISPSGRYTY,2
VIGWDGEYTY,2
AINPSGIKTY,2
AIRWNGYATY,2
AINPYGNYTY,2
AISPYCEYTY,2
AIAYGGGSTY,2
AISPRGNFTY,2
VINPYGRRTY,2
AIAPFGALTY,2
AIKPYGSRTY,2
AINTSGGNTY,2
AIHPYGNYTY,2
AIGPLGLSTY,2
AIRWKGSATY,2
AIKPFGSKTY,2
SISPFGGRTY,2
AIIPFGDYTY,2
AISPYGNTTY,2
AIAPFGVSTY,2
AISPGGNSTY,2
VIRWNGGSTY,2
AITPFGAGTY,2
AITPIGTSTY,2
AIDSYGGYTY,2
VIAPYGEYTY,2
AINPLGYSTY,2
AILPYGDWTY,2
AIAPLGYSTY,2
AIALWGSFTY,2
AIVPFGSNTY,2
AMSPYGEYTY,2
AIGPFGFQTY,2
AISPIGSKTY,2
AITPYGDYTY,2
AIRSFGRETY,2
AISPFGQSTY,2
AIRWNGCYTY,2
AISPNGESTY,2
AISPYGRTTY,2
AITEYGYATD,2
AILFWGGSTY,2
AIAPLGLGTY,2
AITPYGGLTY,2
AIRWNCSSTY,2
AINPYGQYTY,2
AISPLGKSTY,2
AISPIGLSTY,2
AINPYGSFTY,2
AIAPYGEFTY,2
AIYPNGSYTY,2
AIAPSGDKTY,2
AILPYGWNTY,2
VISPDGSSTY,2
AICYYGGSTY,2
AILPYGLDTY,2
AISPWGSKTY,2
AISDYGTYTY,2
AIAPWGSFAY,2
AITPFGLHTY,2
AIGPFGFHTY,2
AISPFGFRTY,2
AISEYGYPTY,2
AISPHGEYTY,2
AIRPWGNDTY,2
AISPRGGLTY,2
AINWNGERTY,2
AITPFGISTY,2
AISPAGYHTY,2
AIGYYGGSTY,2
AIKPFGKFTY,2
AISPYGWKTY,2
AISPYGEYIY,2
AIAPFGTSTY,2
AIGPGGGGTY,2
AISPNGKFTY,2
AISPTGLNTY,2
AISPIGRYTY,2
AIAPFGKNTY,2
AIRYAGYSTY,2
AISPFGFHTY,2
AIGPYGSLTY,2
AIVPFGISTY,2
AITPFGKYTY,2
AITPFGRYTY,2
AITEYGYAAY,2
AIYPYGDNTY,2
AIGPFGIHTY,2
AITPFGFNTY,2
AISEYGYGAY,2
AISPCGEYTY,2
AINPYGGRTY,2
AIRYAGSFTY,2
VITFWGGSTY,2
AISPLGWRTY,2
AISPNGTTTY,2
AISPYGVRTY,2
AIEPFGISTY,2
AIQNSGGHTY,2
AILPYGDLTY,2
AISPYGTQTY,2
AILPYGGRTY,2
AIGPLGDITY,2
AIGWDGAYTY,2
AIAQWGSFTY,2
AIAFMGGSTY,2
AISPLGYSTD,2
AIQPYGGDTY,2
AISPFGIRTY,2
AINYNGGSTY,2
AIIPRGNWTY,2
AISEYVWGTY,2
SIEYMGGSTY,2
AIAPYGNYTY,2
AISPLGGTTY,2
AIASYGEYTY,2
AIFPYGEWTY,2
AIGPSGLNTY,2
AISEYGSATY,2
AISPGGFSTY,2
AIDWNGKYTY,2
AIDPFGTNTY,2
AISYRGGKTY,2
AIGPYGGYTY,2
AISPIGYKTY,2
AIRWTGVETY,2
AIRWNVGSTY,2
AISPYGYATY,2
AIQMRGGSTY,2
AISEYGYHTY,2
AIAPFGHVTY,2
AISPNGGWTY,2
AIDVYGYRTY,2
AIDWRGNYTY,2
AIRPYGIHTY,2
AAIAPFGGYT,2
VIAPFGEYTY,2
AINPFGEKTY,2
AISPFGKDTY,2
EIRWNGGSTY,2
AITPYGDRTY,2
AISPHGRSTY,2
AIDPFGYYTY,2
AIKPYGEFTY,2
AIRPFGKSTY,2
AISPYVEYTY,2
AIAPSGSITY,2
AIRPYGTYTY,2
AIRWIGVETY,2
AIYPYGNNTY,2
AITPFGFKTY,2
AITPFGNYTY,2
AIRSFGGGTY,2
AIGPDGDYTY,2
AISPSGNNTY,2
SIGPFGRTTY,2
AITPRGNLTY,2
AISPFGSNTF,2
AIEPFGLSTY,2
AIRWNSDETY,2
AISEYGQYTY,2
AIDPYGYRTY,2
AISPLGHATY,2
AISEYGSWTY,2
AIRMWGGYTY,2
AIGWGGGYTY,2
AIIEYGWGTY,2
AIGPFGLSTY,2
AIKAYGSRTY,2
AISPTGSNTY,2
AISPYGNITY,2
AIRPFGLDTY,2
AISEYGWVTY,2
AIRWNGDSTY,2
AISPWGNYIY,2
AINPYGLRTY,2
AISPLGKHTY,2
AISEFGIRTY,2
AIHPYGRRTY,2
AIRPFGFSTY,2
AISPRGATTY,2
AITDYGYNTY,2
AIAPSGLSTY,2
AITPTGRYTY,2
AIGPQGGYTY,2
AISPFGSGTY,2
AIAPLGLSTY,2
AIKIFGFKTY,2
AISDFGLYTY,2
AIGPLGSITY,2
AIKPYGGLTY,2
AIALYGEYTY,2
AIHPYGSLTY,2
AISPAGAHTY,2
AINPYGDRTY,2
TIAPYGEYTY,2
AIRYAGWSTY,2
AISPGGNQTY,2
AITEYSYATY,2
AIAPFGGFTY,2
AITPFGGATY,2
AIRWNGVSTS,2
AIVPFGGKTY,2
AIAPFCQNTY,2
AILPYGRITY,2
AITEYGYETY,2
AISPFGYSAY,2
AISEAGDHTY,2
AINEYGGRTY,2
AIGWNGGSTY,2
AIAPFGARTY,2
AISPIGHNTY,2
AINWGGARTY,2
AISDTGSYTY,2
SIAPYGEYTY,2
AINWSGSHTY,2
AIGLRGNETY,2
AICFMGGSTY,2
AISPFGTVTY,2
AITPYGAYTY,2
AISPRGDFTY,2
AISDYGQRTY,2
AISEYGDWTY,2
AITPNGRYTY,2
AIQPFGERTY,2
AIGPVGDKTY,2
AISPLGKLTY,2
AMRWNGDYTY,2
AITPFGYATY,2
AIRPFGGRTY,2
AIVPRGGATY,2
AISPFGVETY,2
AIAPRGNETY,2
AVSEYGYGTY,2
AITPRGGRTY,2
TIAPYGSYTY,2
AIYPYGTYTY,2
AINPYGSRTY,2
AIAPSGGYTY,2
VIRWNGDETY,2
AIGSFGDVTY,2
AISEYGWGAY,2
AISHRGGWTY,2
AISSTGGDTY,2
TIRWNGLDTY,2
AISSRGGYTY,2
AISEYGYATF,2
AIGPWGYNTY,2
VISPLGYSTY,2
AIQPYGLRTY,2
AISENGYGTY,2
AITPYGNGTY,2
AIAPLGEYTY,2
AIRMRGGSTY,2
AIGWDCEYTY,2
AISPYGWETY,2
AITPGGLGTY,2
AIFPNGKGTY,2
AITPSGAFTY,2
AIAPYGGTTY,2
AISPYGAHTY,2
AIEYYGCSTY,2
AISDNGSYTY,2
AINPYGGSTY,2
AIRWNASATY,2
AIAPTGYATY,2
AIRPYGSYTY,2
AINSFGRRTY,2
AIAPRGTRTY,2
AICPYGLYTY,2
AIKPFGQYTY,2
AISEFGEFTY,2
AIGPFGAYTY,2
AIIFYGGSTY,2
AISPRGYETY,2
AISEFGRHTY,2
AIQFMGGSTY,2
AIGWDGGYIY,2
AIGPYGYSTY,2
AILPFGWETY,2
AIAPFGGYAY,2
VISEYGYSTY,2
AIAPWGSFTH,2
AINYSGGSTY,2
AISPGGYKTY,2
AISPDGQYTY,2
AITPFGNWTY,2
AISPQGDNTY,2
AITLWGGSTY,2
AITPSGQFTY,2
AIVPRGGYTY,2
AITPLGSSTY,2
AISPIGSYTY,2
AINDYGDWTY,2
AITPSGIETY,2
AIHPFGSGTY,2
AIRWNGSTTY,2
AIAPFGRLTY,2
AIAPFGGHTY,2
AIKPYGDYTY,2
AILPYGSTTY,2
AIYPYGKGTY,2
AIEYVGGSTY,2
AIRFRGGNTY,2
AIAPYGNSTY,2
AISSLGGYTY,2
AIRWNGISTY,2
AINHRGDFTY,2
AIHYKGGSTY,2
AISDYGYANY,1
RDKPAGQPYL,1
AISSQGGSTY,1
AITPFGWSTY,1
AIRWGGNQTY,1
AIFPNGRTTY,1
SIAPFGSHTY,1
AINMQGGSTY,1
AISKYGKTTY,1
AIRLNGDETY,1
ASRWNGVETY,1
AIKPNGTDTY,1
AIRPFGGSTY,1
AISQYGDWTY,1
TISEYGFYTY,1
AIVPYGYSTY,1
VIQMWGGETY,1
AIYPLGIGTY,1
AISPFGLVTY,1
AISPSGAFTY,1
AIAPNGWRTY,1
TIRWHGVETY,1
AVSPYGEYTY,1
AIQCMGGETY,1
AISSYGSTTY,1
RVSLFGKYTY,1
AIAPFGIATY,1
TIRWSGVETY,1
AMAPWGSFTY,1
AISEYGYGTD,1
AIRRYGEGTY,1
AIGPFGWRTY,1
AILPYGNTTY,1
AISPFGHYTY,1
AISEFGNATY,1
AINPYGEYIY,1
AIGPYGGATY,1
AIHPYGRHTY,1
AIAQFGNTTY,1
AIDVYGNRTY,1
AIRWNGEETY,1
AIAPWGDNTY,1
AIYPLGGGTY,1
AIRWDGGSTY,1
AISPFGHRTY,1
AIRLGGTYTY,1
VIHISEPSSP,1
AISPSGYRTY,1
TIRWNGNYTY,1
AISEYGFATY,1
AIAPFGWNTY,1
RVSPYGLRTY,1
AISEYGFGTY,1
AIAQFGYKTY,1
AIAPYGHFTY,1
AILPYGLNTY,1
AISPYGEYTN,1
AISPFGYSTD,1
AISQWGNYTY,1
AISEYCYSTY,1
AIGPFGGDTY,1
AIGEYGLYTY,1
AIRWNGDHTY,1
AITPFGAKTY,1
AISEYGTFTY,1
AISAYGYGTS,1
AISDYGYLTY,1
AIKPFGFSTY,1
AITPGGFKTY,1
AIQPFGAGTY,1
AISTYGSYTY,1
AINPEGQNTY,1
AINPFGDFTY,1
AISEYGSITY,1
AITPVGGSTY,1
AILPYGDGTY,1
AINPYGAYTY,1
AIKSFGNSTY,1
AIAQFGLSTY,1
AIYPLGEGTY,1
VIAPFGYQTY,1
AIYPYGGITY,1
AIKWNGYYSY,1
AIDPAGQNTY,1
AIAPYGKLTY,1
AISPFCFSTY,1
AIRWNDDETY,1
AIRWNGSETY,1
AIAPFGSTTY,1
AIRWNGGFTY,1
AISPFGMDTY,1
AIDDFGGTTY,1
AISEYGARTY,1
AISYRGGTTY,1
AINPFGRSTY,1
AIGEYGNYTY,1
TISPFGFSTY,1
AIKRNGDYTY,1
AISVYGYATY,1
AIHPYGSYTY,1
AIFPYGHYTY,1
AIAPFGNKTY,1
AISQYGYDTY,1
AISEDGWGTY,1
AIAPIGHGTY,1
AILPYGRTTY,1
AINPFGLTTY,1
AIAPWGSVTY,1
AIRWYGLDTY,1
AIAPIGEYTY,1
AIALFGGYTY,1
AIGWHGGYTY,1
AIHPYGYLTY,1
TISPFGISTY,1
AIRWNGLDTD,1
AIHPLGWGTY,1
AIASFGWSTY,1
AIDAFGNYTY,1
AIKPYGNYTY,1
AIGPFGYRTY,1
AIDYAGGSTY,1
AISPSGHQTY,1
AIAPNGKYTY,1
AIVYGGGSTY,1
AIAPYGYATY,1
AIFPYGSNTY,1
AIIPFGIQTY,1
AINPAGLRTY,1
AIRPMGGSTY,1
AIGPAGNDTY,1
AISPFGARTY,1
AIVMWGGSTH,1
AISPRGGSTY,1
AIAPRGRETY,1
AINPWGYNTY,1
AIQPFGYRTY,1
AIWYLGGSTY,1
AIHYYGGSTY,1
PISPFGKYTY,1
AISPFGYSTN,1
AINPFGWGTY,1
AISPRGGETY,1
AISPFGTWTY,1
AISFYGCSTY,1
AINSYGRITY,1
ARSPDGNNTY,1
TISANGTTTY,1
AIQPSGGYTY,1
AIGQFGYATY,1
AIASFGGYTY,1
AISPSGSGTY,1
AIAPTGLQTY,1
AINHRGDTTY,1
AIGWDGGNTY,1
AIAPFGQWTY,1
AISPFGVATY,1
AIGSFGDQTY,1
AISNSGGATY,1
AISPLGRRTY,1
AISNNGYRTY,1
AISGYGYGTY,1
AIRLNGLDTY,1
AILPYGRLTY,1
AIYPYGIDTY,1
AIDDYGGYTY,1
AIYPYGIKTY,1
AIAPNGSRTY,1
AIAPFCSHTY,1
AIRWGGFATY,1
AIVPYGWKTY,1
AIRPYGNYTY,1
AIGRDGGYTY,1
AIFPYGNGTY,1
AITEYDYATY,1
AIEPFGYQTY,1
AIRWNDSSTY,1
AITPLGSYTY,1
AIGPWGKYTY,1
AISPYGRNTY,1
AILQYGYKTY,1
AIPEYGYATY,1
AIGPYGSSTY,1
AILPYGNFTY,1
AISPYGKDTY,1
AIRLNGDYTY,1
AISPFGHNTY,1
AIRWNGDQTY,1
AISNRGEWTY,1
AISEYGYAPY,1
AISARGNWTY,1
AIGPIGYSTY,1
AITDGGYYTY,1
AISGFGDYTY,1
AIAPFGVYTY,1
AIVPSGNRTY,1
AISPFGKFTY,1
AIATFGYQTY,1
AIRCNGDYTY,1
AIGPVGSYTY,1
AISNLGGYTY,1
AIRIVGGSTY,1
AIRWNDLDTY,1
AICYLGGSTY,1
AIVPFGLSTY,1
AIYCYGGSTY,1
AINPYGSHTY,1
AIRWNGLDTN,1
AISENGYATY,1
AIAPFVGQTY,1
AIRWNCSATY,1
AIKPFGGTTY,1
AIRWNGGSTN,1
AIRPYGNWTY,1
AIRWNGDGTY,1
AIAPFGQNTH,1
AIRWKGSSTY,1
AISPDGYYTY,1
AISSYGEYTY,1
AICPRGDRTY,1
AIYPYGNRTY,1
AIASFGLSTY,1
AISEYGGGTY,1
AIGYSGGSTY,1
AIRWAGWNTY,1
AITPYGSNTY,1
AISKSGNYTY,1
AIGWDGESTS,1
AISWRGQNTY,1
AIKPFGLTTY,1
AIKPFGGFTY,1
AIQPFGQYTY,1
AIKIAGGDTY,1
AITPFGQRTY,1
AIAPFVYQTY,1
AIAPYGEYTC,1
AITPFGRSTY,1
AICMRGGSTY,1
AINPFGFSTY,1
RVKMWGGSTY,1
AIRPYGAETY,1
AIYPYGNYTY,1
AISPNGYKTY,1
AIGPFGDITY,1
AIRMPGGSTY,1
AIQPFGNRTY,1
AISPPGYSTY,1
RISPFGSYTY,1
AINPFGGWTY,1
AIAPFGQDTY,1
AITPTGSYTY,1
AIAPWGRLTY,1
AIKIDGKGTY,1
AISPWGRTTY,1
AISPLGSRTY,1
AIRWNGLNTY,1
AISPFGGDTH,1
AITPFGSQTY,1
AISPNGLGTY,1
TISPWGNYTY,1
GIRWNGSSTY,1
AISPYGLQTY,1
AIPYKGGSTY,1
AIDSFGKYTY,1
AISPYGSTTY,1
AINPYGYRTY,1
AISPYGQNTY,1
AVSEYGYATY,1
AISAFGQRTY,1
AISEYRYDTY,1
AISPFGQQTY,1
AIVPFGYNTY,1
AIAPWGSLTY,1
AIRWNGYETY,1
AIKPYGDWTY,1
SIVMWGGSTY,1
AIPPYGLWTY,1
AIGGFGARTY,1
AIGPFGTYTY,1
AIGPLGNNTY,1
AITPSGKRTY,1
AIHPDGYYTY,1
AISPYGKSTY,1
AINPFGNYTY,1
AISLYGEYTY,1
AIAFYGGSTY,1
AIRPIGSYTY,1
AISPQGVQTY,1
ATAPFGASTY,1
AIAPFGYATY,1
AINPFGHWTY,1
AIAPYGYYTY,1
AINENGSYTY,1
VIRWNGSATY,1
AIRPFGDFTY,1
AISDYGNWTY,1
PISPVGGRTY,1
RDKPVGRYTY,1
AISPIGKYTY,1
AIGEYGFYTY,1
AIKYAGGSTY,1
AILPYGNLTY,1
AITPFGSWTY,1
AITMRGGSTY,1
AIRPNGYRTY,1
AIRPFGWGTY,1
AIRLFGRHTY,1
AIEFMGGSTY,1
AIRPYGGYTY,1
AIAPCGLSTY,1
AIQWDGYATY,1
AIRWNGFYTH,1
AIRWNGLDAY,1
AIVPLGQNTY,1
AIASFGYQTY,1
AIVPFGGLTY,1
AIGPFGSNTY,1
AISPHGSSTY,1
RDNPVWLCDL,1
AIAEYGYYTY,1
AIAPFGENTY,1
AISPWGCWTY,1
AISPLGRNTY,1
AILWNGDYTY,1
AISPNGNTTY,1
AISLFGYNTY,1
AISPGGQYTY,1
AISEFGSRTY,1
RISPFGRQTY,1
AISPWGFKTY,1
TISPLGTYTY,1
AISQFGFSTY,1
AILPFGYRTY,1
AITENGYATY,1
AIHPYGYKTY,1
AIRWNGSATD,1
TISPNGEWTY,1
AIVPFGARTY,1
AISAYGWCTY,1
AIRMCGGSTY,1
AISEYGERTY,1
AMAPGGKKTY,1
AIAPFGGYIY,1
AISPYGYLTY,1
AITPAGRSTY,1
AIRMWGGSTH,1
AITPYGLSTY,1
AIVPYGNYTY,1
AIEPFGYSTY,1
AISPLGSLTY,1
AIAPYGQYTY,1
AIKYVGGYTY,1
AISPYGAFTY,1
AIAPFGIKTY,1
AIYPFGKYTY,1
AISEYAYGTY,1
AIIPYGSYTY,1
AIRHSGWGTY,1
AINPFGQNTY,1
AIRWNGGSIY,1
TISPFGDSTY,1
AISPIGRNTY,1
AIAPFGWRTY,1
AITPFGGVTY,1
AISETGDYTY,1
AIRCNGVSSY,1
TIGPFGGLTY,1
ALSEYGYATY,1
AITQYGYATY,1
AITPFGDSTY,1
TIRWSGNQTY,1
AIAPFGDQTY,1
AITPFGGRTY,1
AIAPFGAKTY,1
AIGPFGYKTY,1
AISPWGVSTY,1
AINPFGRHTY,1
PISPGGQGTY,1
AIAPFGLRAY,1
AISEYGSLTY,1
AITAYGADTY,1
AIAYKGGSTY,1
AIIPFGYKTY,1
AITPFGHHTY,1
AIAPFGLPTY,1
AISDYGYSTY,1
AIYPYGSYTY,1
AIGWNGDETY,1
AIDYWGGSTY,1
AIRRNGDETY,1
AISPTGYYTY,1
AITPKGRNTY,1
AIRFSGLSTY,1
AIRWHGGSTY,1
AITDYGYATY,1
AIRWHGLDTY,1
AISEYGHGTY,1
TIRWNGSATY,1
AISPFGHYAY,1
SIAPFGYQTY,1
AIAPFGLQTH,1
AIQYSGQYTY,1
AIAPFGNDTY,1
AISEYRYGTY,1
AIEMHGGSTY,1
AISSFGYSTY,1
AIGPYGLSTY,1
AIKPYGSYTY,1
AISESGYGTY,1
AITPDGDKTY,1
ATSEYGYGTY,1
AISARGDWTY,1
AIRWSGVSTY,1
AIMTWGGSTY,1
AMRWNGSFTY,1
EIRWNGLDTY,1
AISPLGGHTY,1
ARRWNGVSTY,1
AIADNGYETY,1
AIGPKGDTTY,1
AIAPVGYHTY,1
AISEYCYETY,1
AIVFMGGSTY,1
AIVPFGSYTY,1
AISPGGLGTY,1
TISPYGQNTY,1
AISPIGSLTY,1
AIAPCGYSTY,1
AISPGGRYTY,1
AISQDGIRTY,1
AISGNGYTTY,1
AIPEYGYGTY,1
AIEFRGGYTY,1
AINPDGQNTY,1
SISPYGRYTY,1
AITEYGNYTY,1
AISPEGVRTY,1
AILPYGFKTY,1
AIDPFGAYTY,1
AIRWNGNETY,1
TIAPFGTRTY,1
AIAPFCGYTY,1
AIMYWGGSTY,1
AISAYGDGTY,1
AINWRGQYTY,1
AISPRGKYTY,1
AIRWNGGLTY,1
AISYDGSHTY,1
AIMYNGCSTY,1
AIKLNGYYTY,1
AISPWGSGTY,1
AIGTYGHTTY,1
AIEPFGSRTY,1
AIRWYGFYTY,1
AIAPRGDHTY,1
AIAPWGGETY,1
AISPFGETTY,1
RVSPFGKYTY,1
AIGPYGTYTY,1
AISPWGNHTY,1
AILPYGYYTY,1
AIKPYGTFTY,1
TIAYYGGSTY,1
GIRWNGVETY,1
AITPFGQSTY,1
AIAPWGGTTY,1
AIAQFGASTY,1
AILPYGGYAY,1
AIGPTGYLTY,1
AIRWNGVVTY,1
AISEFGYGTY,1
AISPFCDWTY,1
AIRPDGEWTY,1
VISEYGYATH,1
AIGDYGSNTY,1
AIGEYGYSTY,1
AIRWNSSATY,1
AIQWNGGLTY,1
ATAPFGEYTY,1
AISNNGQYTY,1
AIRPFGSFTY,1
AIRPFGSDTY,1
AISPIGKETY,1
AIKPNGVDTY,1
AISPGGYDTY,1
AITEYGHFTY,1
TISEFGGYTY,1
AISPLGYSIY,1
AIKPYGNFTY,1
AIAPGGYYTY,1
AIRWSGNHTY,1
AIREYGYVTY,1
AIHPYGDLTY,1
AISPWGGTTY,1
AIARYGGYTY,1
AIGKAGHYTY,1
AIRWNGVLTY,1
AIGPFGTHTY,1
AITYKGGSPY,1
AILPYGSWTY,1
AISEYGDGTY,1
AINPFGYSTY,1
AISEYGYSAY,1
AISPFGWGTY,1
REMIWGGSTY,1
AISEYGNATY,1
AIRWDGDETY,1
AIRLSGNQTY,1
AISEYDWGTY,1
AIGWDGGCTY,1
AISQFGYATY,1
AITPTGYNTY,1
AIVPFGWSTY,1
AIEFRGDQTY,1
AISPGGYRTY,1
AISYMGGYTY,1
AIAPFGWDTY,1
AIGSYGNYTY,1
AISDYGDTTY,1
AITPFGLSTY,1
AIRPWGDQTY,1
AISQFGISTY,1
AITPFGIDTY,1
AIRPNGYTTY,1
AISPFCRYTY,1
AIGPFGDLTY,1
AIYPLGHGTY,1
AISPYGEYTD,1
AISEYAWGTY,1
AISPAGNDTY,1
AIDMCGGSTY,1
AISPYGIRTY,1
AIMMAGGSTY,1
AICPYGDWTY,1
AIRWNGVEPD,1
AISEYGDATD,1
ARSEYGEATD,1
AISPYGEYTS,1
AIAPFCASTY,1
AISGSGRSTY,1
AITPQGLGTY,1
AISEDGGGTY,1
AISDYGYGTS,1
AILPYGGLTY,1
AIVFYGGSTY,1
AISPGGNKTY,1
AISEYGWVTD,1
AISWNGVETY,1
AINEYGYVTY,1
TIKIDGKTTY,1
AIRWNGDETC,1
AIYPYGGDTY,1
AISPFGVQTY,1
AISGGGRETY,1
AIRPYGDETY,1
AISSTGGSTY,1
AIGWNGVATY,1
AISPIGKGTY,1
AITDYGDNTY,1
AITPFGETTY,1
AITPFGGITY,1
TISPFGRFTY,1
PISPFGYTTY,1
AISPFCSYTY,1
AICEYGEYTY,1
AISYWGGSTY,1
AIQWDGFATY,1
AIRWNGVSIY,1
AIRWSGNQTH,1
AIRRNGSSTY,1
AIAPFGHLTY,1
TISPFGQRTY,1
AIVPLGGYTN,1
AISNWGKYTY,1
AIAPFGGYTC,1
AISPQGFSTY,1
AIRWNGGSAY,1
AISHNGTSTY,1
RISPYGRYTY,1
AISEYGSGTY,1
AISPAGYRTY,1
AISPYGSYIY,1
AIGEPGKFTY,1
AIATYGEYTY,1
AITPWGLQTY,1
TIRWNGDYTY,1
AIKYLGGSTY,1
AIAPFGGITY,1
AIGYNGYRTY,1
AIRPYGDSTY,1
AISPKGTRTY,1
AIADYGYYTY,1
AISEYGKYTY,1
AINPYGSDTY,1
AITPFGVSTY,1
AIRWNGGSPY,1
AIRWTGVDTY,1
AISPGGHKTY,1
AIRWNGGSTC,1
AIKTFGGSTY,1
VIAPWGSFTY,1
AIDTYGGYTY,1
AIRWNGSATH,1
EISPFGFSTY,1
AISQLGYSTY,1
TIAPFGQNTY,1
AIAPLGGYTY,1
AISQYGSTTY,1
AIRPNGYSTY,1
AIVMWGDSTY,1
AITPYGYNTY,1
AITPIGSSTY,1
AIAPYGVRTY,1
AIRYSGLTTY,1
VISPFGQNTY,1
AISPVGGYTY,1
AIRWSSNQTY,1
AILPSGGETY,1
AISEYSWGTY,1
AIDPFGTYTY,1
AIAQFGYSTY,1
AILLNGVETY,1
AIAMWGRSTY,1
AMSPNGYSTY,1
TIKIDGKVTY,1
AIRLNGFYTY,1
TISEYGYVTY,1
AIDTFGNYTY,1
EIAPFGLSTY,1
AINPFGNRTY,1
AITPSGSRTY,1
AIKPFGGWTY,1
AIAPWGRTTY,1
AICPQGYYTY,1
AITPFGHKTY,1
AISPGGAFTY,1
AISPFGEDTY,1
ATAPFGGYTY,1
AISPYGGHTY,1
AIGWDGGYTN,1
AITPTGGYTY,1
VIRWNGLDTY,1
AISPVGNDTY,1
AIAPCGYQTY,1
AISPYGNETY,1
AIAPYGKFTY,1
AISPFGTKTY,1
AISDYGKVTY,1
AILMGGGSTY,1
AISTSGYRTY,1
AIDSFGGWTY,1
AISPYGLGTY,1
RISPFGYKTY,1
AISPFGQETY,1
AINYNGYTTY,1
AITPFGYRTY,1
LIHTSEPTRP,1
AISDYGLYTY,1
AISPYGVTTY,1
SIAPFGLSTY,1
AIAPLGSHTY,1
AIGPNGYDTY,1
TISPNGESTY,1
AISPVGAKTY,1
AISPFGEFIY,1
AISECGYSTY,1
AICMWGGPTY,1
AIYPLGDGTY,1
AIRPYGIRTY,1
AITPFGGDTY,1
AISPLGYETY,1
AISPNGHWTY,1
AIQMSGGSTY,1
AITPNGSYTY,1
AMRWSGNQTY,1
AIAPYGRRTY,1
AIRGYGEGTY,1
AIAPFGCTTY,1
AIIMSGGSTY,1
AIGPFGDHTY,1
AISDIGKQTY,1
AISWRGELTY,1
AIGPFGLDTY,1
AIRWSGDETY,1
AINMLGGSTY,1
AIAPFGNWTY,1
AISPRGQHTY,1
TIAPFGISTY,1
AISPFGHHTY,1
AISPLGCSTY,1
AISPLGYPTY,1
GIAPFGYQTY,1
AIEYAGGSTY,1
AINPYGGWTY,1
AISEFGCYTY,1
AIAPSGHETY,1
AISESGWGTY,1
AISPYGSHTD,1
AIHTSGGVTY,1
AMAPYGSYTY,1
AISSYGHYTY,1
AIGPYGNTTY,1
AISPLGSSTY,1
AISNNGESTY,1
AILWNGGSTY,1
AISPYGLNTY,1
AIGPFGRNTY,1
AISPFGVSTY,1
AIVPFGQNTY,1
AISPFCLTTY,1
AISPLGDWAY,1
AIAPFDGYTY,1
AIAPNGSFTY,1
AIHPRGAYTY,1
AIAPWGGNTY,1
AIYPFGNGTY,1
AIAPFGHHTY,1
AILWNGVETH,1
AITPFGYDTY,1
AISPIGAYTY,1
AITESGYATY,1
AITFMGGSTY,1
AITPNGKRTY,1
AIRPFGYHAY,1
AIYPYGSNTY,1
AISTFGRSTY,1
AIVMLGGSTY,1
LIHISEPSRP,1
AIDMCGDSTY,1
AISASGARTY,1
AINPYGHRTY,1
AISPIGQGTY,1
AISPFGTLTY,1
AIAPYGGDTY,1
PISEYGWGTY,1
AIKWNGDETY,1
AILYNGIYTY,1
AISPAGRSTY,1
AIAPVGYQTY,1
AITPYGNWTY,1
AISPLGNWTY,1
AINENGEHTY,1
AISPYGATTY,1
AITYNGGSTY,1
AITPFGHGTY,1
TIAPFGYQTY,1
AISPWGNSTY,1
AISPYGSYTH,1
AIEPYGEYTY,1
AISDYGLDTY,1
AILPPGHQTY,1
AIAPLGATTY,1
AISPFCSHTY,1
AISPIGYDTY,1
AIRPFGWKTY,1
AIRLSGNWTY,1
AIYPYGSRTY,1
AITPFGHSTY,1
AIRPDGYWTY,1
AISTNGGVTY,1
AISPHGSKTY,1
AISYDGKTTY,1
AISPSGFSTY,1
AIAPFGYLTY,1
AIRSFGDGTY,1
AILYSGGSTY,1
RISPGGRYTY,1
AIVPFGNYTY,1
AISAYGYETY,1
AITPFGSGTY,1
AISPLGGGTY,1
AIKPYGDSTY,1
AIAPFVRKTY,1
AISPYGGNTY,1
AITEYGHNTY,1
AILPNGGYTY,1
AIAWDGGYTY,1
AISPWGFSTY,1
AIQAYGNYTY,1
AIAPFGWETY,1
AITEFGYATY,1
AISPYGRGTY,1
TMSEYGYATY,1
AIKAFGSSTY,1
AINYYGSNTY,1
AIAPFGKTTY,1
AINPFGHKTY,1
AIRYLGGSTY,1
AIGYNGGSTY,1
AIAQFGEYTY,1
AISPFGQTTF,1
RDKPDCRLTY,1
AITPEGNYTY,1
AMSEYGYVTY,1
AIDPYGTHTY,1
AIRPYGEWTY,1
TISPFGKSTY,1
TISPFGFNTY,1
AIRPYGDYTY,1
AIRWNRVETY,1
AISWDGEYTY,1
AITPFGINTY,1
AISPFCSNTY,1
AIAPAGYYTY,1
AITPFGRFTY,1
RYDGTVCQPI,1
AIAKVGSYTY,1
AIEYYCGSTY,1
AIMYMGCSTY,1
AISEYGDHTY,1
AIAMRGGSTY,1
AIVMCGGSTY,1
AISPWGEATY,1
AIAPFGGETY,1
AILPYGSSTY,1
AISPWGDFTY,1
AIRWNGDYTH,1
AIAPSGISTY,1
AIHPYGKYTY,1
RISPFGGSTY,1
AIASFGYNTY,1
AIIPFGYNTY,1
AIGDYGDWTY,1
GISEYGYGTY,1
VIGPYGQYTY,1
AIRPFGEYTY,1
AIAPYGYHTY,1
AINPFGSDTY,1
AISPWGYSTY,1
AISRIGFGTY,1
AIAPFGWKTY,1
AIAPSGAKTY,1
AISTSGYSTY,1
AIKPSGRSTY,1
AIDWGGRYTY,1
AIAPFGSQTY,1
AISQYGYATS,1
AIQGYGGSTY,1
RINSYGNYTY,1
AISSYGNRTY,1
AINPYGGLTY,1
AIVPCGRRTY,1
AIDPFGERTY,1
AILPYGIATY,1
AISPWGDYTY,1
AISPRGDETY,1
AINPYGYSTY,1
AITPYGRITY,1
AMSPSGFDTY,1
AMAPFGASTY,1
AIAFWGGSTY,1
AINMSGGSTY,1
AIRYAGRYTY,1
AIEYHGGSTY,1
PIMMWGGSTY,1
AIAPFCSSTY,1
AIRWNGGPTY,1
PISPRGQDTY,1
AISYLGGSTY,1
AIGPFGKYTY,1
AIASFGEYTY,1
AIGWNGVSTY,1
AISPTGLYTY,1
AIVPYGHRTY,1
AISESGYATY,1
AIRWNVSATY,1
AIGWDGGHTY,1
AISPRGYNTY,1
AINWNGVETY,1
AIATFGEYTY,1
AISEYGYSIY,1
TIGWDGGYTY,1
AIEPWGSFTY,1
AISEFGWNIY,1
AIGPFGRQTY,1
AINPYGRPTY,1
AISPYGIYTY,1
AISPYGWTTY,1
VISPYGNRTY,1
AIGRFGGVTY,1
AISPRGSYTY,1
AISPDGSSTY,1
AIRPRGGNTY,1
AIYPYGNITY,1
AIVPYGAYTY,1
AIVMWGCSTY,1
AISPRGRLTY,1
AIDPYGAHTY,1
AICPFGWNTY,1
EIAPFGGYTY,1
AICYAGGSTY,1
ATRWNGDYTY,1
PIKPFGKLTY,1
AITPQGSLTY,1
AIAPYGECTY,1
AIVMWGGPTY,1
AISAYGDATY,1
AIAPLGYQTY,1
AIRPNGVETY,1
AIYPFGHRTY,1
AISTFGYSTY,1
AISWYGEYTY,1
AIAPFGWSTD,1
RIRPFGKWTY,1
AILSNGSQTY,1
AIAPFGFSTY,1
AIAPYGGATY,1
AIRFRGGATY,1
AISPWGDGTY,1
AITPYGNHTY,1
AIFPYGVYTY,1
AISSFGEYTY,1
AIAPSGSFTY,1
AITPFGENTY,1
AITPYGWRTY,1
AIRWNGGSSY,1
AIVPFGYQTY,1
AISPFGHATY,1
AIRWNGVSNY,1
TISPFGGNTY,1
AIRPWGDYTY,1
AICEYGYGTN,1
AIRPYGSWTY,1
EIAPFGYSTY,1
AIAPFGLSTN,1
AIGPLGNGTY,1
AIMMWGVSTY,1
AIHTYGKYTY,1
AIAPSGGSTY,1
AIRPHGGSTY,1
AIVPRGGGTY,1
AISPAGYDTY,1
AIAPDGYNTY,1
AISYYGASTY,1
AISPQGEQTY,1
AISANGYTTY,1
RVNYKGGSTY,1
AIGWDDGYTY,1
AISPFGAGTY,1
AISEYGSHTY,1
AIEPFGFDTY,1
AISPYSYSTY,1
SITYVGGSTY,1
RINYYGGSTY,1
AICPLGYSTY,1
AIAPFGVRTY,1
AIRPFGFNTY,1
AIAPWGSFTS,1
AIAYMGCSTY,1
AVRWNGVSTY,1
AITPFGSATY,1
AILPYGEWTY,1
AISPGGSITY,1
AISPSGWSTY,1
AISEYGRGTY,1
AITPYGLYTY,1
AIDWDDGYTY,1
AIAQFGYHTY,1
AINYGGGYTY,1
SIAPFGGQTY,1
AIGPLGSSTY,1
AIGPFGHSTY,1
AISPQGNNTY,1
AIRWNGSATN,1
AIYPCGNRTY,1
AIGPYGGTTY,1
AIAPFGNGTY,1
AIRWNGYYTY,1
AIGPFGEETY,1
AIIEFGGYTY,1
AIMFWGGSTY,1
AIAPNGNRTY,1
AISAYGNYTY,1
AIMMSGGSTY,1
AISPSGRITY,1
AISRVGSDTY,1
AISPFGYSTH,1
AIAPFGYPTY,1
AISWDGSYIY,1
AITEYGRYTY,1
AINYFGGSTY,1
AISQYGEYTY,1
AIRRNGVSTY,1
AIAPLGLNTY,1
AISDYGYVTY,1
SIAPFGQNTY,1
AISPFGHTTY,1
AISPDGNYTY,1
AISSYGQYTY,1
AILWNGLDTY,1
AITPLGRLTY,1
AISYRGNLTY,1
AINAFGGYTY,1
AISPLGHHTY,1
AIGPQGYHTY,1
AIQPYGSKTY,1
AIAPIGRYTY,1
AIGWDGEHTY,1
AILPRGSRTY,1
AINPFGLSTY,1
AITPYGHSTY,1
AIGAPGIGTY,1
AIGTFGGTTY,1
AIGPSGSSTY,1
AISGYGRYTY,1
AITPFGNHTY,1
AIAPFCHGTY,1
AIGSDGEYTY,1
AMSPFGFSTY,1
AIGPVGSQTY,1
AIRWDGLDTY,1
AISPFGGKTY,1
AIRPLGGWTY,1
AISPYGNDTY,1
AISNSGYNTY,1
TISEYGYSTY,1
AIVPYGRSTY,1
AIAPWGYRTY,1
AISPIGQWTY,1
AISEFGCNTY,1
AIKIFGRITY,1
AIAPCGQNTY,1
AIRIYGSRTY,1
AITFGGGSTY,1
AIAPEGNSTY,1
