Count_CDR2,count
AIGPFGGSTY,140906
AIRWNGVETY,73561
AIRPFGNYTY,70397
AIRPFGGDTY,67261
AINPYGRITY,46626
AINPYGRRTY,39492
AIGPFGGHTY,35772
AIGPFGSLTY,31790
AINPFGGYTY,30768
AISPFGGRTY,28539
AISPFGGNTY,23146
AIVPYGRRTY,20254
AISEYGYATY,18554
AISWRGARTY,17087
AIRWRGGGTY,14631
AIAPFGHKTY,13820
AISPFGGYTY,13313
AIAMWGGSTY,10758
AIGPFGSRTY,10320
AIGPFGGYTY,10317
AIRMWGGSTY,10031
AISPFGYTTY,9661
AIQPFGSNTY,9352
AISPFGNSTY,9350
AISPFGGWTY,8699
AINYMGGSTY,8690
AIAPFGSSTY,8280
AIGPFGSYTY,7722
AISYDGSYTY,6816
AIGPFGGITY,6769
AIGPFGHTTY,6666
AISPYGGYTY,6530
AIGPFGGTTY,6402
AISPFGSNTY,6282
AIGPFGDSTY,6269
AISPFGNWTY,6158
AIGPFGDWTY,6144
AIAPFGYKTY,6090
AIAPFGNSTY,5949
AIGPFGDKTY,5621
AISPFGSLTY,5520
AISPFGRTTY,5516
AISPFGYNTY,5460
AISPFGGHTY,5307
AIAPFGNRTY,5250
AISPFGYRTY,5229
AISPFGSRTY,4928
AISPFGYGTY,4815
AISEYGYGTY,4770
AIMMWGGSTY,4736
AIAPFGHQTY,4733
AISPFGNRTY,4720
AISPFGGATY,4679
AIRWNGDETY,4565
AIRPFGFNTY,4503
AIAPFGYRTY,4442
AIPMWGGSTY,4414
AIRPFGYDTY,4387
AISPFGSYTY,4215
AISPFGYSTY,4196
AISPFGNYTY,4192
AISPFGGDTY,4165
AIRPFGYNTY,4093
AITPFGEWTY,4069
AIAPFGGYTY,4052
AIRPFGLETY,3867
AISPFGRYTY,3865
AIGPFGRSTY,3854
AISPFGQKTY,3762
AIRAYGNYTY,3760
AIAPFGSYTY,3611
AISYMGGSTY,3564
AISPFGGQTY,3323
AIRPFGGYTY,3283
AISPYGSYTY,3199
AITEYGYATY,3181
AIRPFGANTY,3168
AINPFGGRTY,3141
AIGPFGNITY,3061
AISPFGQNTY,3056
AISPFGLSTY,3051
AINYYGGSTY,2974
AIAPFGNLTY,2909
AIGPFGGGTY,2893
AISMWGGSTY,2888
AISPFGQGTY,2868
AISPFGQVTY,2862
AIAPFGKYTY,2823
AIIYSGGSTY,2761
AIAPFGYQTY,2755
AISPYGSRTY,2721
AIAPFGEYTY,2632
AIVPYGTRTY,2608
AISPFGYKTY,2601
AIGPFGYETY,2555
AIGPFGDYTY,2549
AIAYVGGSTY,2535
AIRWNGVSTY,2489
AISPFGWNTY,2489
AISYYGGSTY,2428
AISPFGLKTY,2427
AIAPYGSYTY,2392
AIGPFGNGTY,2355
AISPFGFKTY,2348
AISPFGYETY,2323
AIRPFGYHTY,2307
AIQPFGDRTY,2228
AIAPFGRRTY,2220
AISPFGFNTY,2209
AIGPFGSKTY,2190
AISPFGGPTY,2177
AIAPFGSHTY,2113
AIGPFGRGTY,2112
AIGMWGGSTY,2090
AISPFGISTY,2089
AISPFGNNTY,2071
AISEYGWGTY,2016
AIAPFGGKTY,1990
AIRWNGDYTY,1986
AIRPWGYQTY,1972
AISPYGRYTY,1960
AISPFGSSTY,1915
AISYVGGSTY,1879
AITYYGGSTY,1848
AINPYGSYTY,1842
AITPYGGYTY,1816
AIGPFGGLTY,1814
AISPWGGYTY,1793
AIGPFGSFTY,1787
AISPFGGLTY,1754
AISPYGAYTY,1717
AISPFGIGTY,1701
AISPFGDATY,1685
AISPFGNATY,1654
AIRYTGGSTY,1653
AIQMWGGSTY,1648
AISPFGDSTY,1642
AISPFGNTTY,1606
AIAPFGQSTY,1605
AIRPFGWDTY,1592
AISPFGASTY,1586
AIGPYGESTY,1559
AIAPFGNTTY,1558
AIRPFGGRTY,1539
AIKMWGGSTY,1514
AIRSFGGHTY,1500
AIGPFGSVTY,1497
AIAYMGGSTY,1493
AIGPFGDRTY,1489
AIGPFGGRTY,1470
AISPFGGTTY,1470
AIRPFGWSTY,1454
AIGYMGGSTY,1430
AIAPFGRGTY,1429
AISPWGLGTY,1419
AIGPFGSSTY,1415
AISPFGGFTY,1411
AIQYMGGSTY,1393
AISPFGGSTY,1390
AIRPFGYETY,1382
AISPFGLDTY,1361
AIRPFGDSTY,1359
AINPYGRYTY,1348
AIGPFGSTTY,1344
AIGRFGGYTY,1320
AITYMGGSTY,1298
AISPFGSHTY,1292
AISWRGDRTY,1282
AIRWSGNQTY,1271
AISPFGKYTY,1263
AIVMWGGSTY,1250
AITPFGVETY,1241
AITMWGGSTY,1220
AIAPFGLSTY,1176
AISPFGDWTY,1170
AISPFGSVTY,1155
AIAPFGLKTY,1151
AISPFGGITY,1148
AIAPFGDRTY,1144
AISWDGSYTY,1133
AISPFGRATY,1132
AIRPFGYRTY,1121
AISPFGRQTY,1115
AISPFGEWTY,1112
AISPYGNYTY,1106
AIGPFGSGTY,1103
AISPFGYHTY,1101
AISPWGGHTY,1078
AISPFGENTY,1077
AIGYVGGSTY,1073
AIAPFGYSTY,1071
AISPFGSWTY,1068
AISPFGWETY,1066
AIMYTGGSTY,1051
AIIYYGGSTY,1045
AIRFSGAYTY,1042
AIVYKGGSTY,1039
AIGPYGYTTY,1027
AISPFGEYTY,1026
AISPFGDLTY,1021
AISPFGYQTY,1004
AIKYVGGSTY,1003
AISPFGAYTY,989
AITYKGGSTY,979
AIAPFGGSTY,974
AIRPFGHSTY,974
AIGPFGSQTY,956
AIPYVGGSTY,936
AISSFGRDTY,933
AISDYGTRTY,925
AIAYYGGSTY,917
AIRLWGGSTY,913
AILPYGDRTY,911
AIAPFGGTTY,911
AIRWNGLDTY,904
AIAPFGHWTY,899
AIIPFGYKTY,897
AINMWGGSTY,890
AISPYGYKTY,872
AISPFGLNTY,867
AISPFGYATY,855
AIRWRGYGTY,851
AIRFAGTETY,847
AINPFGGHTY,846
AITPFGSYTY,845
AIGPFGYTTY,842
AIAPFGNHTY,840
AIMYNGGSTY,839
AISPFGRSTY,835
AIGYKGGSTY,830
AIRPFGAHTY,825
AIVPFGGDTY,824
AISPFGLRTY,822
AISPFGLTTY,821
AILYYGGSTY,816
AIGPFGGFTY,815
AIRYMGGSTY,813
AIQGYGGITY,811
AIRAFGGRTY,802
AIGPFGERTY,798
AISPFGGGTY,790
AISPWGYATY,788
AIAPFGLRTY,783
AIGPYGSYTY,780
AIRMGGGSTY,778
AIQYKGGSTY,774
AIRWNGSATY,772
AISPFGDNTY,771
AISPYGGSTY,769
AIIPFGGTTY,761
AINPYGKYTY,755
AIQYRGNYTY,753
AISPFGANTY,751
AISPFGDITY,750
AIPYMGGSTY,749
AIAPFGNNTY,747
AIMIWGGSTY,743
AIAPFGQNTY,736
AISPFGSTTY,732
AIAPYGSFTY,732
AIAPFGYTTY,732
AISPFGNFTY,732
AISPYGTRTY,721
AISSFGDNTY,719
AIEPFGGKTY,714
AISPYGSHTY,712
AIRSFGGETY,711
AISPFGNQTY,707
AIAPFGFRTY,706
AISPFGDRTY,703
AISPYGEYTY,691
AITPYGSYTY,685
AIGPFGEYTY,683
AIGPHGNNTY,679
AIKPFGGDTY,673
AIAPFGIRTY,670
AISPFGGETY,667
AIAPFGLNTY,664
AIGPFGTRTY,663
AISPYGGRTY,662
AISPYGQTTY,661
AISPFGIQTY,657
AISDFGEKTY,655
AIRWAGDYTY,653
AIRYVGGSTY,647
AIRYKGGSTY,643
AIGPFGNFTY,642
AIIYNGGSTY,638
AISYSGGSTY,634
AISPYGFYTY,627
AIAPFGSNTY,622
AIAPWGRSTY,621
AITPFGIGTY,619
AISPYGYRTY,619
AISFYGGSTY,618
AIRPWGGSTY,614
AIRPFGSETY,613
AISPFGYDTY,606
AIGFYGGSTY,606
AIVPFGNYTY,598
AISKVGNDTY,597
AISPFGRGTY,595
AISPFGINTY,593
AIGPFGDFTY,592
AIRPYGEYTY,590
AIAPFGYETY,585
AIQYVGGSTY,579
AISPFGKATY,576
AILPYGNYTY,573
AIGPFGKLTY,572
AISPFGKLTY,570
AIAPFGHVTY,569
AITPFGSHTY,568
AIRYAGSYTY,566
AILMWGGSTY,562
AILPYGSFTY,561
AISPYGKYTY,557
AIFPYGGYTY,556
AISPYGGGTY,554
AIKVYGDRTY,552
AIVYMGGSTY,551
AISPFGNDTY,550
AIKPFGQGTY,548
AIRPFGHYTY,547
AISPFGNLTY,547
AISPFGSKTY,546
AIAPFGRKTY,546
AIGPFGNNTY,541
AISPFGFDTY,537
AIGPFGEQTY,535
AISPFGLETY,530
AISSFGRRTY,529
AIAPFGGDTY,528
AISPYGGTTY,526
AISPYGSKTY,523
AISYRGGTTY,513
AIAYAGGSTY,513
AIMFYGGSTY,513
AINPYGGYTY,512
AISPFGFTTY,511
AISPFGFSTY,506
AIHPYGRRTY,504
AIAPYGGYTY,498
AISPFGQRTY,492
AIRYYGGSTY,489
AISPFGKNTY,487
AISPYGYYTY,482
AIRPFGQWTY,480
AIAPFGNYTY,477
AISPFGLHTY,474
AISSFGEYTY,472
AIMMRGGSTY,469
AITPFGNYTY,469
AIAPFGRSTY,468
AISPFGNETY,467
AIVPFGGKTY,466
AISPFGLGTY,466
AIAPFGEWTY,464
AISPYGSFTY,462
AILPYGEFTY,460
AISPYGQLTY,455
AIAPYGAYTY,452
AIGPFGFETY,443
AISQYGRTTY,435
AIQYSGGSTY,434
AISGYGSYTY,431
AIAPYGRYTY,423
AISPFGGVTY,423
AIGSYGVRTY,423
AIRYNGGSTY,420
AITYWGGSTY,419
AISDFGGYTY,419
AISWDGNYTY,419
AIRMNGGSTY,418
AIGFMGGSTY,416
AISWRGNYTY,412
AIRYAGDFTY,410
AISSFGDGTY,409
AIAPWGSYTY,406
AISPFGLQTY,403
AISPFGERTY,401
AIAPFGWKTY,395
AISPFGSFTY,394
AISPFGHSTY,392
AIAPFGNKTY,385
AISGYGRYTY,384
AIAPFGRNTY,381
AINYVGGSTY,379
AINPYGLRTY,379
AIVPFGKYTY,377
AIAPWGGRTY,376
AISPYGTKTY,376
AIAPFGYDTY,376
AIAPFGRYTY,376
AIIYMGGSTY,371
AISPFGFQTY,370
AILYMGGSTY,370
AIRWNGSSTY,368
AIVPFGSNTY,368
AISPFGWSTY,365
AIQYYGGSTY,358
AIVPFGGRTY,355
AISPYGIGTY,353
AISYKGGSTY,352
AISPYGFTTY,351
AITPFGYDTY,350
AIRMKGGSTY,348
AISPYGSLTY,348
AITPYGSITY,347
AINPYGLYTY,346
AIDYWGGSTY,343
AISGTGNRTY,342
AISPFGDGTY,340
AIGPFGFSTY,340
AINSFGNSTY,340
AIVPFGGYTY,339
AISPFGKFTY,338
AIKPFGGHTY,337
AISPYGNSTY,337
AIVPFGSYTY,337
AISPYGDRTY,335
AIGDFGSYTY,333
AISPYGGKTY,333
AIGPFGNYTY,333
AIGYYGGSTY,333
AITPFGGYTY,331
AILPYGGFTY,326
AIKPFGHTTY,324
AIKYMGGSTY,323
AIAPFGARTY,323
AISPFGDHTY,322
AIAPWGYRTY,322
AISSTGGWTY,319
AIGPFGYNTY,319
AINQYGRYTY,316
AIGPFGYSTY,315
AISPFGLATY,315
AIRTFGGDTY,314
AIYYMGGSTY,311
AIRPFGDFTY,310
AIAPFGITTY,310
AITFWGGSTY,309
AISSYGRYTY,309
AIAPFGSWTY,308
AIVPYGRHTY,304
AIVPFGNNTY,304
AIGPYGYSTY,303
AIRILGLGTY,300
AISPFGFETY,297
AIAPFGTRTY,297
AISPFGVTTY,296
AISPYGRRTY,296
AIAPFGKRTY,295
AIGPFGNHTY,294
AIKSFGNSTY,294
AIAPFGRTTY,294
AITPFGYQTY,292
AITPFGSLTY,291
AISPFGDKTY,291
AITYVGGSTY,290
AIMYVGGSTY,288
AIRMHGGSTY,287
AISPFGHQTY,286
AISWRGQNTY,284
AITFYGGSTY,284
AIDMWGGSTY,283
AIAPFGRHTY,283
AIGSFGGNTY,282
AISPFGQYTY,281
AISPFGKQTY,280
AISPFGARTY,278
AIGPRGARTY,278
AIRPFGLGTY,272
AIRYLGGSTY,270
AISDYGRYTY,270
AIQMRGGSTY,269
AIGPYGGYTY,268
AIGPYGGNTY,267
AIAPFGVDTY,265
AITPFGLDTY,260
AISPFGVGTY,259
AISPFGRETY,259
AISPWGGWTY,257
AIAPFGWDTY,255
AIMYMGGSTY,253
AIAPFGIDTY,253
AISPYGNLTY,252
AISPWGDLTY,251
AIYPFGNGTY,251
AISPYGLYTY,248
AISPYGGLTY,247
AIQPFGNKTY,246
AIGPFGGNTY,246
AISPFGSITY,245
AISPYGKITY,245
AISPYGHRTY,245
AIRMSGGSTY,244
AISPYGDSTY,244
AIAPFGSRTY,241
AIGPFGYQTY,241
AIAYKGGSTY,240
AIRFAGYETY,240
AIAPFGHFTY,237
AIGSYGNYTY,235
AIQPFGNRTY,231
AIAPYGSHTY,230
AIRPFGYSTY,230
AIAPFGGQTY,230
AINWRGSYTY,229
AIIMWGGSTY,229
AISPFGTNTY,229
AIRPFGSDTY,228
AIAPFGALTY,227
AITPFGLSTY,227
AIAPSGYKTY,226
AISPYGTWTY,224
SIGPFGRTTY,222
AIFYMGGSTY,221
AILPYGGYTY,221
AITPFGQSTY,220
AISPYGARTY,218
AISPYGDLTY,218
AIGPLGNNTY,218
AINPFGQNTY,218
AIAPFGYNTY,218
AIAPFGDSTY,217
AISPYGYSTY,216
AINDYGSNTY,214
AIRSFGGGTY,214
AIFYYGGSTY,213
AISPFGKETY,211
AIAPFGGFTY,210
AIFPYGSYTY,209
AIAPFGNVTY,209
AITPFGAYTY,209
AITPFGYNTY,209
AISYRGDWTY,209
AISPFGRRTY,208
AISPWGGNTY,207
AIGPYGNYTY,207
AISPFGELTY,205
AISPFGFGTY,205
AIKPFGLTTY,205
AITPFGGATY,204
AIRSFGRETY,204
AISPFGQATY,203
AISPFGNITY,203
AIRAFGGGTY,203
AIHPFGSGTY,203
AITPFGSFTY,201
AISYLGGSTY,201
AIQWNGGLTY,201
AIIPWGGSTY,200
AISPWGSHTY,198
AIAPWGNYTY,197
AITPYGRYTY,195
AIRPWGDQTY,194
AIKAYGSRTY,194
AISPYGTYTY,193
AIHPYGYRTY,192
AIAPFGGGTY,191
AISPFGATTY,190
AISPYGKLTY,189
AIFPYGRYTY,189
AISPFGNGTY,188
AIAPFGGRTY,187
AITYTGGSTY,187
AIETFGGRTY,185
AIAPYGGRTY,185
AIRWNGRYTY,184
AIEYYGGSTY,184
AIAPYGRRTY,184
AIRWNGNYTY,183
AIAPFGGWTY,183
AIRPYGRYTY,182
AISPFGWKTY,182
AIAPFGAKTY,181
AISPFGFRTY,181
AIAPFGDTTY,181
AIGPFGLATY,181
AIAPFGINTY,181
AIGPFGNLTY,180
AIGPFGSHTY,180
AIAPWGSFTY,179
AIAPFGYGTY,178
AIRWAGEYTY,177
AIIPFGRITY,175
AIVYVGGSTY,174
AIRMQGGSTY,173
AISPFGSETY,172
AIRFRGGNTY,171
AIPYNGGSTY,171
AISPFGITTY,171
AISPWGYHTY,171
AISPFGKSTY,170
AIRPFGRSTY,169
AISPFGKHTY,168
AISPYGDYTY,168
AITPFGEFTY,167
AIAPYGKYTY,167
AISEFGGYTY,166
AITPFGHSTY,166
AIGPFGHYTY,165
AISHGGGYTY,164
AIFYKGGSTY,164
AIAPFGLTTY,163
AISPFGQSTY,163
AITPFGLNTY,162
AISNRGEWTY,162
AISSYGRRTY,162
AIGPFGNSTY,162
AISPYGERTY,159
AISPYGDQTY,158
AIIPFGGYTY,157
AISPFGESTY,157
AIAPFGSKTY,157
AIAPFGWSTY,155
AIAPFGWNTY,155
AISPFGTDTY,155
AISPFGEKTY,154
AINPFGEKTY,154
AINPFGHWTY,154
AITPFGLGTY,154
AIVPFGDWTY,153
AISNNGYRTY,152
AIIYKGGSTY,152
AISPIGSGTY,152
AIRMPGGSTY,151
AIRWNGGSTY,150
AIRPWGNQTY,150
AISPLGYSTY,150
AINWNGKYTY,150
AILPYGNLTY,150
AISPYGDWTY,148
AIRPFGDVTY,148
AISPFGIRTY,147
AINWNGKSTY,147
AIRIWGGSTY,147
AIDYMGGSTY,146
AIRYNGIYTY,145
AIGSFGDITY,143
AIYPFGGGTY,142
AISYRGGKTY,142
AIVPYGKSTY,140
AIGPFGRKTY,140
AIRPYGSYTY,139
AISPYGNRTY,139
AIAPLGATTY,139
AIRPFGGSTY,138
AINWNGGSTY,137
AIGGFGARTY,137
AIYPYGGGTY,137
AIGPYGERTY,137
AIGPFGRNTY,135
AIRYSGGSTY,135
AIAPFGISTY,135
AIHYKGGSTY,135
AINPYGRDTY,134
AISPFGRFTY,134
AIAPFGFKTY,134
AIRPFGFSTY,134
AIKPFGKFTY,133
AIIYTGGSTY,133
AIMYLGGSTY,132
AILYVGGSTY,131
AISPFGTSTY,131
AITPFGETTY,131
AIFPYGQLTY,131
AIRIYGSRTY,130
AITPFGNWTY,130
AISPYGLTTY,129
AIRSFGDGTY,128
AIGPFGQNTY,128
AIADFGYRTY,127
AIRPFGQETY,127
AISSFGDVTY,127
AITPFGSKTY,127
AISPWGRHTY,126
AISPIGNWTY,126
AISWRGELTY,126
AIKPFGFSTY,126
AIIMRGGSTY,126
AISPFGGKTY,126
AINPYGSNTY,126
AIPYKGGSTY,125
AIRHSGWGTY,125
AIGPFGDVTY,125
AISPFGRHTY,125
AIKTFGGNTY,124
AISSYGGYTY,123
AIRPFGKNTY,123
AIGNVGNITY,123
AIQPFGKETY,123
AIAFMGGSTY,123
AISPWGNYTY,122
AIGPFGNVTY,121
AISEYGYSTY,121
AISSYGDYTY,120
AIHYMGGSTY,120
AITPFGADTY,119
AITPFGSSTY,119
AIVPYGRYTY,119
AIGPFGFNTY,119
AIRLDGFATY,118
AIAPWGRRTY,118
AINYKGGSTY,117
AIRHRGGQTY,117
AIDSFGGWTY,116
AIAPYGEYTY,116
AIAPFGASTY,115
AIGPWGNSTY,115
AINPYGGSTY,115
AISHRGGWTY,115
AIRMEGGSTY,114
AILPYGTYTY,114
AIRPFGEYTY,114
AINPYGAYTY,112
AITPFGTITY,112
AISPFGIETY,112
AIAPFGYHTY,111
AISPFGEVTY,111
AIGPFGEVTY,110
AIGPFGFQTY,110
AITPFGASTY,109
AINYNGYRTY,109
AISPYGLGTY,109
AIRPLGDKTY,108
AISPFGRITY,108
AIAPFGIKTY,108
AISPFGQWTY,107
AIRWIGSSTY,107
AISPLGGTTY,107
AILPYGGRTY,107
AISEAGYHTY,107
AITPFGGGTY,107
AISPWGGFTY,107
AIQPFGSGTY,107
AISDYGQRTY,106
AISPVGYRTY,106
AISPFGHWTY,106
AISPWGGKTY,105
AIGPFGRQTY,105
AIRPSGGDTY,104
AISPFGQITY,104
AISPLGNSTY,103
AITRFGGYTY,103
AIDPYGLYTY,103
AISPFGDYTY,103
AINPYGQITY,102
AISPYGEKTY,102
AIQPFGQYTY,102
AITPFGKSTY,101
AISPFGVATY,101
AINGFGQRTY,101
AIKWNGSYTY,100
AIAPFGHGTY,100
AIQPFGERTY,100
AITPFGHLTY,99
AIAPFGQGTY,99
AILYNGGSTY,98
AIPFMGGSTY,98
AINPYGGRTY,98
AIMYYGGSTY,98
AIRWNGSFTY,97
AIKVYGNRTY,97
AIRPYGTYTY,97
AIFPYGAYTY,95
AISPYGKRTY,95
AIQPFGHSTY,95
AIAPFGLGTY,94
AIHPWGGRTY,94
AINWSGSRTY,94
AIHPYGSYTY,94
AIGPFGTETY,94
AIRPWGNDTY,93
AISDYGLTTY,93
AISPFGHFTY,93
AILPYGSKTY,93
AISPFGDVTY,92
AIGPYGGTTY,92
AIHPYGGDTY,92
AITPFGHKTY,90
AIAPFGKSTY,90
AITYYGGSTF,89
AISPFGTQTY,89
AINDFGYRTY,89
AITPFGSATY,89
AIVPFGGLTY,89
AIDPFGGSTY,88
AISSYGSTTY,88
AITPFGNSTY,88
AIRMIGGSTY,88
AIVPYGYSTY,87
AINPYGGWTY,87
AISPRGGWTY,87
AISPFGHKTY,87
AISTSGARTY,87
AIRPFGDLTY,87
AIQPFGAGTY,86
AIAPFGTYTY,86
AISGFGDNTY,86
AISPYGAHTY,86
AILYKGGSTY,86
AINPFGNRTY,86
AISPFGSQTY,84
AISPFGNHTY,84
AISPYGVDTY,84
AISPYGQYTY,84
AILPYGSRTY,83
AIKPFGGFTY,83
AIIYVGGSTY,83
AISPYGLRTY,83
AINPYGHITY,81
AISPYGGWTY,81
AIRPFGSRTY,81
AISPFGHYTY,81
AIRPFGKWTY,81
AIQAYGNYTY,81
AIAPNGYRTY,81
AIRPSGDRTY,81
AIRLSGNWTY,81
AILPYGWNTY,80
AILPYGYKTY,80
AITPFGNETY,80
AISPYGNHTY,80
AISPFGDQTY,80
AISPWGYRTY,79
AIRWNGHSTY,79
AIAPYGKLTY,79
AIAPFGWRTY,79
AINPFGRSTY,79
AIIPFGGSTY,79
AISPWGKYTY,78
AISPAGNYTY,78
AIHPYGGRTY,78
AIGYNGQLTY,78
AIQPFGPRTY,78
AISGKGLATY,77
AINPFGRRTY,77
AISPFGAGTY,77
AIIPFGYNTY,76
AISDYGSYTY,76
AIHYVGGSTY,76
AISPFGHVTY,75
AISPWGYETY,75
AISPFGIKTY,74
AIAPLGGYTY,74
AILPYGDYTY,74
AIAPFGRLTY,74
AILPYGDLTY,74
AIGPFGYRTY,74
AIGPFGDITY,74
AITPFGFKTY,73
AIGPYGLRTY,73
AISPYGKKTY,73
AINGFGYRTY,73
AIDVYGQNTY,73
AIAPFGSLTY,72
AIPPYGLWTY,72
AIAPFGSQTY,72
AISPDGSGTY,72
AIGPYGDVTY,72
AITPFGTRTY,71
AIRFRGGATY,71
AIDVYGRYTY,71
AISPFGSGTY,71
AINPYGYYTY,71
AINPYGEYTY,71
AISMWGGYTY,71
AISPFGHGTY,70
AISPFGTVTY,70
AIRPFGTYTY,70
AIRLGGTYTY,70
AIGPFGDLTY,69
AIRARGEYTY,69
AISPLGGYTY,69
AITPFGFNTY,69
AIGPFGAYTY,69
AIGWDGEYTY,69
AISYDGYSTY,69
AISPFGRDTY,69
AIRWNGDATY,69
AIAPFGFNTY,69
AISPNGRYTY,69
AISPYGDPTY,68
AISPAGSGTY,68
AIGPFGISTY,68
AIRWNGIYTY,68
AISPYGSWTY,68
AIRPFGNNTY,68
AIKPFGSNTY,68
AIMPWGGSTY,67
AIRWAGDNTY,67
AIVPYGNYTY,67
AIYPLGDGTY,66
AISPFGAQTY,66
AITPFGGRTY,66
AILPFGNYTY,66
AIGPYGRYTY,66
AINTYGNYTY,66
AISPNGQGTY,66
AIKPFGDRTY,65
AIKYLGGSTY,65
AISEFGSRTY,65
AITPFGISTY,65
AIQWNGSLTY,65
AIGPFGEETY,64
AITPYGGLTY,64
AIRYAGWSTY,64
AIAFYGGSTY,64
AIAFWGGSTY,64
AIQPFGNYTY,64
AIGPFGHWTY,63
AIVPYGSYTY,63
AIGPFGSNTY,63
AISYNGGSTY,63
AILPYGRITY,63
AITPFGEITY,63
AIGPYGSWTY,62
AINPFGGDTY,62
AISPYGHYTY,62
AISPYGQWTY,62
AIRPFGLDTY,62
AIRPFGSFTY,62
AIAPFGLHTY,61
AIRPHGGSTY,61
AIRPFGPETY,61
AILPFGYRTY,61
AIDSYGNYTY,61
AIDYYGGSTY,61
AIGPFGHSTY,61
AILFYGGSTY,61
AIAPFGHHTY,61
AIRPFGGKTY,61
AIAPFGVRTY,61
AITDYGLSTY,61
AISTSGYSTY,60
AISPWGIHTY,60
AISPYGGETY,60
AITPFGYKTY,59
AIYYYGGSTY,59
AIYPYGGYTY,59
AITPFGYRTY,59
TIGPFGGSTY,59
AILPYGSITY,59
AISPFGEATY,59
AIAPWGFRTY,59
AINPFGEDTY,58
AISYFGGSTY,58
AIRMLGGSTY,58
AIINSGHYTY,58
AISPLGGGTY,58
AIGYSGGSTY,58
AITPFGQRTY,58
AILPYGAYTY,58
AINPFGNNTY,58
AIKTFGGSTY,58
AITPFGTYTY,58
AIAPFGSDTY,58
AIAPYGGITY,58
AIVPYGGYTY,58
AISPYGGITY,57
AISPYGNKTY,57
AIQPFGVDTY,57
AISGHGLATY,57
AILPWGSYTY,56
AIAPWGRTTY,56
AISDYGYRTY,56
AIDPFGGYTY,56
AIAPWGDNTY,56
AILPYGSWTY,55
AIGGYGKYTY,55
AIGPFGKHTY,55
AIGPFGNTTY,55
AIRWNGFYTY,54
AISPWGYGTY,54
AIDVYGYRTY,54
AITPFGEYTY,54
AISPFGHNTY,54
AIAPFGETTY,54
AIFPYGSFTY,54
AISYTGGSTY,54
AIRPYGIRTY,54
AISDYGLGTY,53
AIEYRGGYTY,53
AISSFGDTTY,53
AISPYGEITY,53
AITPFGVQTY,53
AISPFGQETY,53
AIRPFGSSTY,53
AIRPFGLTTY,53
AISPYGKFTY,53
AIAPFGKTTY,52
AIIFYGGSTY,52
AISPYGRFTY,52
AIGPFGWSTY,52
AIGPFGCSTY,52
AISPLGRGTY,52
AIRSFGNSTY,52
AIDPFGKNTY,51
AINPYGGLTY,51
AISASGGRTY,51
AIAPYGNRTY,51
AIRPYGGYTY,51
AIRCNGVETY,51
AIAPFGRQTY,50
AISPYGDFTY,50
AIHPFGYGTY,50
AILPYGDITY,50
AISPYGNITY,50
AISPFGKKTY,50
AIRPFGRGTY,50
AISSYGSYTY,50
AITPFGWSTY,50
AISPFGHHTY,49
AINPYGSRTY,49
AITPFGDRTY,49
AITPFGHITY,49
AINDYGQSTY,49
AISPLGNRTY,49
AICMWGGSTY,49
AISPFADYTY,49
AITPYGKYTY,49
AINSFGRRTY,49
AITPFGQNTY,49
AIYPYGGDTY,48
AITPFGIKTY,48
AIGSFGDQTY,48
AIAPFGWHTY,48
AITPFGYSTY,48
AISPWGQRTY,48
AIQNSGGHTY,47
AIAPFGNGTY,47
AIAPFGRITY,47
AISPYGDKTY,47
AINPFGSATY,47
AIAPFGNDTY,46
AIQPFGKDTY,46
AIAPYGDYTY,46
AISPGGYKTY,46
AISPFGSDTY,46
AISEYGRRTY,46
AIVMRGGSTY,46
AIRPYGTETY,46
AIQPFGRGTY,45
AISPDGWTTY,45
AIHWRGNFTY,45
AISHRGDRTY,45
AIAPFGDGTY,45
AIAPFGNITY,45
AIGSFGDVTY,45
AIRPFGWKTY,45
AIGPLGSSTY,45
AISWRGKHTY,45
AISPDGYNTY,45
AISPDGYKTY,45
AINPYGSFTY,44
AISPGGGWTY,44
AIGPFGLTTY,44
AINPFGGNTY,44
AISPFGQQTY,44
AIRYSGLHTY,44
AIYPYGNRTY,44
AISPRGGYTY,44
AISNFGRYTY,44
AMGPFGGSTY,44
AIRSFGGWTY,43
AISRIGKYTY,43
AISFDGSYTY,43
AITPFGYTTY,43
AIRPFGHFTY,43
AIGPFGGSTH,43
AINFRGGYTY,43
AINPYGNATY,43
AIRPYGSHTY,42
AIRPRGGNTY,42
AIKFMGGSTY,42
AITPFGGFTY,42
AIVYYGGSTY,42
AIMYSGGSTY,42
AIGPFGRTTY,42
AIVPYARRTY,42
AINPFGDTTY,42
AIDPYGIYTY,42
AIVYNGGSTY,41
AILPYGNWTY,41
AIGARGDLTY,41
AIGPYGRTTY,41
AIRPRGGDTY,41
AIGPYGRRTY,41
AIVPWGGHTY,41
AIQFMGGSTY,41
AISPLGSYTY,41
AIRPFGYQTY,41
AINPYGYDTY,41
AINPFGLSTY,41
AIQRRGGYTY,40
AIRPFGWGTY,40
AICPFGGSTY,40
AISPYGHITY,40
AISPDGKVTY,40
AIAPFGGITY,40
AIAPWGGNTY,40
AISPYGQFTY,40
AIDTFGGYTY,40
AISPDGRYTY,40
AIGPLGGRTY,40
AIAPYGDWTY,40
AIVPWGTHTY,40
AISPWGFRTY,39
AISPYGDVTY,39
AISDYGYNTY,39
AITPFGAQTY,39
AIKYKGGSTY,39
AINPYGSITY,39
AISGIGSKTY,39
AISPDGSKTY,39
AINYFGGSTY,39
AINPFGGSTY,39
AIMFMGGSTY,39
AISPRGDRTY,39
AIGPFGHNTY,38
AISPNGYRTY,38
AINPFGRYTY,38
AITPFGYATY,38
AIIPFGRNTY,38
AILPYGKRTY,38
AIRPFGKSTY,38
AISEYGSYTY,38
AINPYGDTTY,38
AISDYGDWTY,38
AISPFGRVTY,38
AISPFGKTTY,37
AISEYGYVTY,37
AINTYGRYTY,37
AISPYGSNTY,37
AISGNGYTTY,37
AIYPFGYGTY,37
AIAPYGNYTY,36
AIAPYGRITY,36
AISPFGKDTY,36
AIRPYGSWTY,36
AISDYGGYTY,36
AISPVGGRTY,36
AISPFGKRTY,36
AISHNGGSTY,36
AISMRGGSTY,36
AIGFWGGSTY,35
AILPFGGDTY,35
AIRTFGSTTY,35
AIIYLGGSTY,35
AIAPFGHRTY,34
AIDSFGKYTY,34
AIGQFGGSTY,34
AISSRGGYTY,34
AIAPFGRETY,34
AINPYGRHTY,34
AISPYGSPTY,34
AITPYGHSTY,34
AIRPLGRDTY,34
AITPFGFRTY,34
AISPDGKTTY,34
ALYYKGGSTY,34
AIHWDGNTTY,34
AISPYGEFTY,33
AISPIGKGTY,33
AISPFGAITY,33
AISPRGDWTY,33
AIKAFGSSTY,33
AITPYGRITY,33
AIDPFGGHTY,33
AIGWDGGYTY,33
AISPSGRYTY,33
AISPYGEWTY,33
AIRLGGTNTY,33
AIAPIGSRTY,33
AINPFGRHTY,33
AIGPYGLSTY,32
AISEYGGYTY,32
AIRWKGSGTY,32
AISPFGRLTY,32
AIRWRGGDTY,32
AINPYGQYTY,31
AISPRGNWTY,31
AISPNGNWTY,31
AINPFGSYTY,31
AIIPGGDRTY,31
AITPLGSYTY,31
AIGPFGKSTY,31
AISPGGGYTY,31
AIVPKGGHTY,31
AISPLGDWTY,31
AIKPYGDWTY,31
AITPFGLHTY,31
AINPYGYRTY,31
AILPFGVQTY,31
AIKPFGKLTY,31
AIRWNGHYTY,31
AISEYGEYTY,30
AIRLFGAETY,30
AIHPYGFRTY,30
AISPNGFYTY,30
AINPYGWHTY,30
AISPWGFGTY,30
AINPFGQYTY,30
AIDPFGSLTY,30
AIKYYGGSTY,30
AITPFGGSTY,30
AILPYGSYTY,30
AIGPFGYHTY,30
AIEYMGGSTY,30
AISPYGNFTY,30
AIKPFGNHTY,29
AIGPFGKRTY,29
AIRPWGSLTY,29
AILPYGKYTY,29
AISPFGHRTY,29
AIQWNGVETY,29
AIGPWGDYTY,29
AIAPFGDQTY,29
AISPFGSATY,29
AIRPNGYSTY,29
AISPSGTRTY,29
AISPFGHATY,29
AIQPYGSRTY,29
AIGPFGTHTY,29
AISASGARTY,29
AISDYGFYTY,29
AISDYGNYTY,29
AIAPFGQQTY,29
AISPWGGTTY,29
AIGPFGFHTY,29
AITPFGHNTY,29
AISPIGQWTY,28
AINPSGIKTY,28
AISEYGEWTY,28
AIRMRGGSTY,28
AIGPWGGYTY,28
AIRWDGFATY,28
AIKPGGNQTY,28
AISPDGAVTY,28
TIRWNGVETY,28
AIGPFGWRTY,28
AIGPEGNNTY,27
AIRPFGNSTY,27
AISPFGHETY,27
AIKPFGSYTY,27
AIKPFGGTTY,27
AIRSFGSFTY,27
AINSRGDRTY,27
AIAPYGYYTY,27
AISPYGGATY,27
AIVYSGGSTY,27
AISWCGARTY,26
AINWNGERTY,26
AILWNGVETY,26
AISPGGLYTY,26
AICYMGGSTY,26
AISARGEWTY,26
AISPFGEQTY,26
AISPLGKHTY,26
AIGDYGTNTY,26
AILPFGLRTY,26
AIGPLGGYTY,26
AISPRGGLTY,26
AIAPYGYRTY,26
AIGPFCGSTY,26
AISPRGDLTY,26
AISPNGEWTY,26
AISSYGYRTY,26
AIQPFGYRTY,26
AILPFGKYTY,25
SIQPFGSNTY,25
AIRWNGDYSY,25
AIKPFGYNTY,25
AISPYGQSTY,25
AISPFGTLTY,25
AIRLNGVETY,25
AIAPFGLQTY,25
AIEPYGSNTY,25
AIHPYGNYTY,25
AIKWNGDYTY,25
AIEPFGFNTY,25
AIKWDGSYTY,25
AIKPYGSYTY,25
AILFWGGSTY,25
AITPFGGVTY,25
AIRPYGSFTY,25
AITPYGYRTY,25
AISPWGDFTY,25
AIRPFGDDTY,25
AIGPVGGYTY,25
AISPFGADTY,24
AISPLGFSTY,24
AISPFGKGTY,24
AINPYGRITH,24
AIRFSGYSTY,24
AITEYGYYTY,24
AISPFGSNTF,24
AISDYGELTY,24
AISDPGGYTY,24
AIGPLGGITY,24
AIAPFGTTTY,24
AIEYSGGSTY,24
AITPFGERTY,24
VIGPFGGSTY,24
AISPFGNKTY,24
AINTYGSYTY,24
AILPSGGYTY,24
AISPYGTFTY,24
AIRYAGRYTY,24
AILMRGGSTY,24
AITPFGNFTY,23
AISPVGLGTY,23
AIRPFGSYTY,23
AIYPYGSATY,23
AIGPFGGDTY,23
AISPLGGSTY,23
AISGNGSKTY,23
AIRRNGVETY,23
AIRMMGGSTY,23
AISPYGYNTY,23
AILPYGAKTY,23
AIGPFGLSTY,23
AISPYGWPTY,23
AIQPRGGGTY,23
AISPYGEHTY,23
AISPGGDHTY,23
AISPWGDNTY,23
AIAPRGARTY,23
AISPFGTYTY,23
AIDYFGGSTY,23
AIVPFGSWTY,22
AIDPYGSYTY,22
AISPNGKRTY,22
AIDPYGFYTY,22
AIPYWGGSTY,22
AIAPFGRATY,22
AIPYYGGSTY,22
AISPDGYWTY,22
AISPFVWNTY,22
SIRWNGDETY,22
AIAPWGQYTY,22
AIRPFGGDTH,22
AIRWNGVETH,22
AIGPFGGPTY,22
TIRPFGGDTY,22
AIGTFGGSTY,22
AITPFGSWTY,22
AIRWNGSYTY,22
AIRPRGGWTY,22
AIRQFGNYTY,22
AIRPIGGNTY,21
AIRWNCVETY,21
AITPYGRRTY,21
AIDPFGYRTY,21
AIQPFGGDTY,21
AISPDGSYTY,21
AILPYGQYTY,21
AINPYGRCTY,21
AISPFGEFTY,21
AIKPFGYTTY,21
AISPFVNYTY,21
AIRPFGNHTY,21
AITPYGGDTY,21
AISPNGYNTY,21
AISPAGLRTY,20
AISPYGAVTY,20
AISPNGLDTY,20
AIVPLGGYTY,20
AISPSGKKTY,20
AIDPYGDVTY,20
AILPYGTTTY,20
AIPYTGGSTY,20
AIRWCGGGTY,20
AIGYNGYRTY,20
AIPFYGGSTY,20
AIFPDGRTTY,20
AISPNGGYTY,20
AIEYVGGSTY,20
AISPLGSGTY,20
AIAPFGHLTY,20
AIDWRGNYTY,20
AIRSFGNYTY,20
AIRPLGYNTY,20
AISYDGKYTY,20
AISPVGRGTY,20
AIQTYGKYTY,20
AISPFGHITY,20
AIGPYGTYTY,19
AIVPTGNRTY,19
AIGPFGYKTY,19
AINPYGNYTY,19
AIGPFGGQTY,19
AISGIGGKTY,19
AISPWGFKTY,19
AIKPYGNFTY,19
AINPFGYKTY,19
AIRPFGKFTY,19
AIRFRGGSTY,19
AIVPYGAYTY,19
AISPNGYTTY,19
AISDYGLYTY,19
AIVSYGRRTY,19
AIRPFGLSTY,19
AINPFGLGTY,19
AIKPYGEFTY,19
AIVPFGNLTY,19
AIGPYGLYTY,19
AISPYGRHTY,19
AISPFGRNTY,19
AINPYGNLTY,19
AILPFGYSTY,19
AISPYGRKTY,18
TIRPFGNYTY,18
AINPYGHRTY,18
AIGLRGNDTY,18
AIRYAGYSTY,18
AIRPSGGYTY,18
AILPYGRYTY,18
AISPFGKITY,18
AISPDGSRTY,18
AIAPFGSTTY,18
AIRPFGCDTY,18
AINFMGGSTY,18
AINPYGKYTF,18
AIQPYGGYTY,18
AIAMRGGSTY,18
TINPYGRITY,18
AIQWNGSNTY,18
TINPYGRRTY,18
AITPWGSYTY,18
AIDYAGTETY,18
AISPFGVRTY,18
AIVYFGGSTY,18
AISPSGKSTY,18
AIRPFGNYTH,18
AIGPFGDHTY,18
AIGSFGGYTY,18
AILPFGDRTY,18
AIYPYGDWTY,18
AISPLGYTTY,18
AISPWGAYTY,18
AIYPYGGITY,18
AISPFGEITY,18
AISPYGYGTY,18
AIGPYGKYTY,18
AIQSFGSNTY,18
AINPYGDWTY,17
AISSYGNYTY,17
AIVPFGARTY,17
AIRTYGEYTY,17
AISPFGNVTY,17
AIYYKGGSTY,17
AINPYGYSTY,17
AIAPYGGTTY,17
AISSYGHYTY,17
AIGPFCSLTY,17
AIRWNDVETY,17
AISWRGWHTY,17
AILPYGRNTY,17
AIRQFGGDTY,17
AIGSFGGSTY,17
AIRSFGTRTY,17
AINDNGLKTY,17
AIRMWGRSTY,17
AIRPFGRQTY,17
AIGPYGQYTY,17
AIRPFCGDTY,17
AIDYRGGYTY,17
AIRPIGSYTY,17
AIDPYGGYTY,17
AIKPDGSYTY,17
AISPEGSYTY,17
AINPYGVNTY,16
AIRPQGAYTY,16
AINPYGCITY,16
AITPFGEHTY,16
AISPFGWGTY,16
AISWRGVRTY,16
AISPSGSRTY,16
AIIPYGNYTY,16
AINYRGEYTY,16
AIGPFGEWTY,16
AISPDGNLTY,16
AITPFGFSTY,16
AISEFGIRTY,16
AINQYGRITY,16
AIRLGGYSTY,16
AISPFGTATY,16
AISPIGYKTY,16
AISPIGSRTY,16
AISSFGKYTY,16
AIVPYGSRTY,16
AISPWGYSTY,16
AIGPFGSPTY,16
AITPSGSRTY,16
AISSYGNSTY,16
AIRANGEYTY,16
AIRPYGYDTY,16
AICYVGGSTY,15
AISPNGDSTY,15
AIAPYGEWTY,15
TISWRGARTY,15
AISMWGSSTY,15
AIRMWGSSTY,15
AISEYGYYTY,15
AITPYGNWTY,15
AISPRGQDTY,15
AIRMAGGSTY,15
AISPSGFDTY,15
AIRSFGYRTY,15
AISPFGTKTY,15
AIRFSGWSTY,15
AIAPNGIHTY,15
AIGPFGSLAY,15
AISPSGSLTY,15
AISPFGRKTY,15
TINPFGGYTY,15
AIRWDGYYTY,15
AINWNGGYTY,15
AIAPFGHYTY,15
AISPLGNKTY,15
AIAPFGRFTY,15
AISPGGKYTY,15
AISPFGHTTY,15
AIRPYGDYTY,15
AIAPFGDFTY,15
AISPYGNWTY,15
AISPFSFNTY,15
AIVPYGTETY,15
AILPNGSQTY,15
AISPIGYGTY,15
AISPGGSWTY,15
AINQYGRRTY,15
AIVPYGTHTY,15
AISPYGSQTY,15
AINPYGDRTY,15
AINPFGGWTY,15
AIGLFGGSTY,15
AISPRGEATY,15
AIAPTGLQTY,15
AISPYGSETY,15
AIADYGRYTY,15
AIQEYGRYTY,15
AIGPFGLPTY,15
AISEYGRTTY,15
AIRPNGNGTY,15
AIDLYGNYTY,14
AIDPYGRYTY,14
AINNGGGYTY,14
AISPFVGDTY,14
AIKWNGYYTY,14
AISPAGYRTY,14
AIRWGGSYTY,14
AIAMWGRSTY,14
AINYWGGSTY,14
AIAPFGTSTY,14
AIVYTGGSTY,14
AIGPYGRITY,14
AISEYGRYTY,14
AIVPYGHRTY,14
AICYKGGSTY,14
AIDWNGFYTY,14
AINPWGYNTY,14
AISPWGYNTY,14
AINWNGSYTY,14
AIGPFGSLTH,14
AIRPFGGDAY,14
AISNLGGYTY,14
AISPYGVRTY,14
AISPNGYLTY,14
AISPFGVQTY,14
AINPYGRRTH,14
AISPYGNVTY,14
AISPFGQTTY,14
AISPNGKWTY,14
AIAYFGGSTY,14
AIVPFGHKTY,14
AISPYGISTY,14
AIEFRGGNTY,14
AIRWNGMETY,14
AINPYCRRTY,14
AITPFGKLTY,14
AIGPPGEYTY,14
AIMYKGGSTY,14
AIRYAGDYTY,14
AIYPYGNYTY,14
AIADYGAYTY,14
AIVPFGNRTY,14
AISPWGTYTY,14
AISDNGLKTY,14
AINTYGKYTY,14
AITMRGGSTY,14
AISPFGTRTY,14
AIRYSGLTTY,14
AIRWNGVESY,14
AIGPFGTITY,14
AINWRGNYTY,14
AIAPWGGETY,14
AISPYGRITY,14
AIRPIGGETY,14
AITPVGGRTY,14
AISPNGKHTY,13
AISPFVSKTY,13
AITPFGNNTY,13
AIRPYGKYTY,13
AILPYGEYTY,13
AISGFGGNTY,13
AIYPYGSYTY,13
AITPYGNYTY,13
AMRPFGNYTY,13
AIPYFGGSTY,13
AIFPFGNYTY,13
AIRMWGCSTY,13
AIGPFGNRTY,13
AIRPFCNYTY,13
AIAPFGKQTY,13
AIGPYGSLTY,13
AIGPFGGHTH,13
AISWRGTRTY,13
AIRPNGRYTY,13
AIGPDGKYTY,13
AITPFGIWTY,13
AIGPFGLHTY,13
AINPYGGATY,13
AIQPYGLRTY,13
AITPYGQNTY,13
AINPFGCYTY,13
AISEFGWNTY,13
AISDYGRSTY,13
AISPNGYETY,13
AIAPFVRKTY,13
AMRPFGGDTY,13
AISEYGAYTY,13
AIRSFGYDTY,13
AISPFGKVTY,13
AINPYGRSTY,12
AIGPLGDITY,12
AIYPFGHKTY,12
AINQFGGYTY,12
AIKLYGTRTY,12
AISPRGNETY,12
AINWRGTHTY,12
AINTSGGNTY,12
AISPIGGRTY,12
AISEYGSITY,12
AIRSSGYETY,12
AISPYGSSTY,12
AITPFGFDTY,12
TIGPFGSLTY,12
AINPCGRRTY,12
AISPGGLRTY,12
AISWRGYHTY,12
AISPFGFHTY,12
AISPFGCRTY,12
AISPLGRYTY,12
AISPYGTITY,12
AIGPRGDGTY,12
AISPWGRYTY,12
AIMYWGGSTY,12
AISPSGDATY,12
AISPDGNATY,12
AIVPYGRSTY,12
AICPFGGHTY,12
AISPWGSTTY,12
AISPYGDNTY,12
AIVPYGWKTY,12
AISPNGHWTY,12
AILPYGYRTY,12
AISEYGGKTY,12
AMRWNGVETY,12
AISPYGNNTY,12
AQIQYGRRTY,12
AISEYGDLTY,12
AISPNGKSTY,12
AIEPFGWSTY,12
AISPRGNITY,12
VIRWNGVETY,12
AISPYGGNTY,12
TISPFGGRTY,12
AISDYGRWTY,12
AISQGGYRTY,12
TIGPFGGHTY,12
AINPYGSKTY,12
AIRSFGGDTY,12
AISQFGGNTY,12
AIRPFGKYTY,12
AISPDGYLTY,11
AIGPFGLGTY,11
AISSFGRYTY,11
AIVPFGGSTY,11
AIAPFGFSTY,11
AIHPYGSDTY,11
AISQFGGRTY,11
AISPDGYSTY,11
AIRPRGQGTY,11
AIKWNGRYTY,11
AIRYGGGSTY,11
AISPLGDQTY,11
AINPYGRLTY,11
AISPYGYHTY,11
AIPHKGGQTY,11
AIDPYGKYTY,11
AIAPFVNLTY,11
AIIPYGSYTY,11
AIRWYGGNTY,11
AIQFRGNETY,11
AIRPYGRRTY,11
AIGPFGCHTY,11
AISPSGSTTY,11
AIHPYGARTY,11
AIRVYGSSTY,11
AITPFGGNTY,11
AISPYGIRTY,11
AISPDGWYTY,11
AISPRGNRTY,11
AISPYGFSTY,11
AIHYYGGSTY,11
AIYPNGSYTY,11
AIGDYGYNTY,11
AIAYCGGSTY,11
AISPRGARTY,11
AISPFGWRTY,11
AIQPYGTRTY,11
AINPYCRITY,11
AIGGYGGYTY,11
AIQPFGEHTY,11
AILPFGSITY,11
AIRPFGRYTY,11
AISPLGRNTY,11
AISPNGNYTY,11
AISPFGGRTH,11
AINPFGQITY,11
AILPYGKKTY,11
AIVQYGRRTY,10
AITPFGNHTY,10
AIAPRGGFTY,10
SIRWNGVETY,10
AINTFGGYTY,10
AISEWGYRTY,10
AIAPFGWETY,10
AISPAGNVTY,10
AITPYGFNTY,10
AINMWGSSTY,10
AIAPLGLSTY,10
AITPGGRSTY,10
AILPYGGNTY,10
AINENGSHTY,10
AIAPRGTRTY,10
AISPGGLKTY,10
AITPFGSETY,10
AIDEYGRYTY,10
AISEAGDHTY,10
AIRLFGNYTY,10
AIVPFGEYTY,10
AIVPFGDYTY,10
AISPWGYKTY,10
AISPNGYSTY,10
AIRPWGYKTY,10
AIGPFGRYTY,10
AISPFGVETY,10
AIAPFGKFTY,10
AILPYGRKTY,10
AIGPRGSRTY,10
AIGTYGKYTY,10
TISPFGGYTY,10
AIRWAGWNTY,10
AIAPFGKWTY,10
AISPNGTNTY,10
AIRPLGFDTY,10
AIRPLGGSTY,10
AITPFGFTTY,10
AISEYGFYTY,10
AISNRGGITY,10
AIAKNGSYTY,10
AISPSGYLTY,10
AISPYGNDTY,10
AISPGGEVTY,10
AIGRFGGFTY,10
AITPFGQQTY,10
AIGPQGYYTY,10
AIEFRGGQTY,10
AIDDYGEYTY,10
AISPIGYRTY,10
AIQPFGNHTY,10
AIAPFGFTTY,10
AISNNGSSTY,10
AISPFGTWTY,10
AIRWYGVETY,10
AIVPYGRCTY,10
AIAPNGYLTY,9
AISPLGGWTY,9
AINPYGIATY,9
AIKLFGKYTY,9
AITPIGRITY,9
AMGPFGSLTY,9
AITPFGLATY,9
AIDPYGTYTY,9
AILPYGFKTY,9
AIRPFGSWTY,9
AITPFGRRTY,9
AIGPFGGSAY,9
AIDVYGKYTY,9
AMGPFGGHTY,9
AIRINGSYTY,9
AISPTGYNTY,9
AISPYGTTTY,9
AISPGGGTTY,9
AIRYAGYYTY,9
SIGPFGGSTY,9
AINPYGSWTY,9
AISPNGSYTY,9
AIAPFGQYTY,9
AISPNGLSTY,9
AIAPFGLETY,9
AISPSGGYTY,9
AIGPFGKYTY,9
AINPFGRITY,9
AISPFGIDTY,9
AISPGGYLTY,9
AIRWHGVETY,9
AISPFGVSTY,9
AIAPYGGWTY,9
AISEYGIYTY,9
AISPLGQQTY,9
AIGPYGGSTY,9
AIAMLGGSTY,9
AISPIGHNTY,9
AISPEGARTY,9
AITPFGDLTY,9
TISEYGYATY,9
AINPYGYPTY,9
AISPRGDVTY,9
AISPNGAYTY,9
AIGPFCHTTY,9
AIGGYGRYTY,9
AIQPFGKRTY,9
AIRWNGVDTY,9
AITPYGNGTY,9
AISPGGGVTY,9
AISPGGSRTY,9
AITPFGRYTY,9
AISPLGWRTY,9
AIEMWGGSTY,9
AIRPLGYHTY,9
AISPFGQDTY,9
AITDYGDNTY,9
AIEFMGGSTY,9
AIAMWGCSTY,9
AINYMCGSTY,9
AITPFGRETY,9
AITPFGTKTY,9
AIAPFGSITY,9
AISPRGKLTY,9
AIHPYGYKTY,9
AIAPYGHKTY,9
AIDTYGNYTY,8
AIDYKGGSTY,8
AITPTGSYTY,8
AIDPYGNYTY,8
AIASRGDYTY,8
AIRWNSVETY,8
AIEYAGGSTY,8
AITPFGDYTY,8
AISPFGTGTY,8
AISEYGTYTY,8
AIRPFGRDTY,8
AIGPFGIETY,8
AIIPYGRRTY,8
AINPFGNYTY,8
AIAPGGKKTY,8
AINPFGYTTY,8
AIGQFGSLTY,8
AIYPYGSRTY,8
AIGPDGKFTY,8
AIQWRGGGTY,8
AIDPFGDWTY,8
AIRPFGVNTY,8
AISPDGRWTY,8
AIAIWGGSTY,8
AIAPFGQWTY,8
AIAMWGSSTY,8
AISPNGLYTY,8
AIGPFGSMTY,8
AINPYGDFTY,8
AIDDYGGRTY,8
AITPFGIRTY,8
AINPTGYNTY,8
AIRPFGQNTY,8
AIRPFGSNTY,8
AIQNSGFNTY,8
AIRMCGGSTY,8
AIYPYGSWTY,8
AIRPIGRETY,8
TISPFGGNTY,8
AIAPLGHSTY,8
VINPYGRRTY,8
AISSRGARTY,8
AISPIGAYTY,8
AIDPFGSYTY,8
AISPYGEETY,8
AISPSGNYTY,8
AIGDYGSNTY,8
AIVPFGSSTY,8
AISPNGKFTY,8
AIRWNVVETY,8
TINYMGGSTY,8
AIAPYGKFTY,8
AIGPTGHGTY,8
AISPRGGGTY,8
AISYDGSHTY,8
AIGWDGNYTY,8
AIRNKGNYTY,8
AIRPNGYRTY,8
AITEYGNYTY,8
AINNHGGLTY,8
AIDWNGKYTY,8
AIVPYGEYTY,8
AIRWDGVETY,8
AIGPFCGHTY,8
AISPFAMHTY,8
AISPLGDSTY,8
AIRPYGNFTY,8
AIADNGYRTY,8
AILPYGTRTY,8
AIDPYGNSTY,8
AIDFMGGSTY,8
AINPFGDRTY,7
AIGPFGLRTY,7
AINSYGNYTY,7
AMSPFGGRTY,7
AISPDGQATY,7
AIYYVGGSTY,7
AINPYGQSTY,7
AIAPFGKETY,7
TISPFGYTTY,7
AIRPWGDYTY,7
AISDNGHITY,7
AINPFGDYTY,7
AIGYNGGSTY,7
AIAPFGVTTY,7
AISPWGFSTY,7
AIAPRGNRTY,7
AIRPFGYTTY,7
AIRPFGGNTY,7
AIRPFGDYTY,7
AINPCGRITY,7
AISDYGIDTY,7
AIDPFGGITY,7
AISPSGGSTY,7
AITPSGSGTY,7
AIKPFGGWTY,7
AIAPFGNQTY,7
AISEYGGRTY,7
AITDYGSYTY,7
AISTSGGRTY,7
AIVPRGGGTY,7
AINTYGRRTY,7
AIYPDGHKTY,7
AISPVGFSTY,7
AISPTGSYTY,7
AISPFGGNTH,7
AISNYGSYTY,7
AIGTFGGHTY,7
AISFMGGSTY,7
AISANGLKTY,7
AIDPFGSRTY,7
AIRNSGFYTY,7
AIAMCGGSTY,7
AIAPFGNETY,7
AISPAGAHTY,7
AIAPRGYRTY,7
AIAPYGYKTY,7
AISWHGARTY,7
AIDPYGAYTY,7
AISPFGGCTY,7
AIDDYGRYTY,7
AISPSGKNTY,7
AIRPLGSYTY,7
AISPWGQYTY,7
AISPFGGRAY,7
AIRPFGGHTY,7
AISPYGRLTY,7
AISPYGRSTY,7
AIDWRGNFTY,7
AIRPYGRSTY,7
AIGPFGGSIY,7
AIVPFGTYTY,7
AISPWGSKTY,7
AIAPFGIATY,7
AIRPFGNYIY,7
AISEYCYATY,7
AISPNGEYTY,7
AISPLGSQTY,7
AIIPFGDYTY,7
AIRWAGKYTY,7
AIKTFGGYTY,7
AISEYGNYTY,7
AISPYGYTTY,7
AISPFGPSTY,7
AISPVGYSTY,7
AIEMRGGSTY,7
AIRWDGYATY,7
AISSRGDFTY,7
AISPYGKVTY,7
AIRPIGRYTY,7
AINPFGYRTY,7
AISANGTTTY,7
AIKPFGGYTY,7
AIIPFGGWTY,7
AIKTSGSRTY,7
AISPNGYYTY,7
AISWRGPRTY,7
AINPHGRITY,7
AIVPYCRRTY,7
AIRTFGYSTY,7
AIGQFGGHTY,7
AIGPYGNNTY,7
AIAPSGSITY,7
AIRPFGFRTY,7
AIQGYGGSTY,7
AIDPYGYYTY,7
AIAYGGGSTY,7
AINYNGGSTY,7
AIKPFGISTY,7
AISMSGGSTY,6
AILFMGGSTY,6
VISPFGGRTY,6
AINPGGNYTY,6
AISWRGAHTY,6
AISPFGGNIY,6
AIHGYGFRTY,6
AITPFGSNTY,6
AIRYAGSFTY,6
AIRPDGYETY,6
AIIPFGNYTY,6
AISPFGCNTY,6
AISDFGLYTY,6
TISPFGGWTY,6
AILPFGYNTY,6
AISPIGFDTY,6
AISPVGNYTY,6
AITPVGKSTY,6
AIKPNGAYTY,6
AINPYGFKTY,6
AINYSGGSTY,6
AIKPWGGSTY,6
AIKPYGDSTY,6
AIGPFGRHTY,6
AISPGGYDTY,6
AIGPFGRFTY,6
AISPSGDRTY,6
TITEYGYATY,6
AITPFGRITY,6
AISPNGLGTY,6
AISPGGKRTY,6
VIRPFGNYTY,6
AISPFGNCTY,6
VINPYGRITY,6
AICPFGSLTY,6
AIAPYGSITY,6
AISAYGYATY,6
AINPYGCRTY,6
AISPYGYATY,6
AINPYGRITN,6
AISPFCGRTY,6
AITPYGYNTY,6
AIRLFGGDTY,6
AIGQFGSRTY,6
AISPEGGWTY,6
AITPFGDQTY,6
AIGPLGYSTY,6
AISPFGETTY,6
AIAPVGDKTY,6
AIHPYGSRTY,6
AIDDYGNYTY,6
AISPLGKLTY,6
AIAPFCHKTY,6
AISPVGNLTY,6
AISPSGNFTY,6
AISPTGNRTY,6
AIAPYGEFTY,6
AITEYGSYTY,6
AIHPYGGYTY,6
AIVPYGTLTY,6
AISERGNYTY,6
AIAYTGGSTY,6
AIDPYGDRTY,6
AIRYAGGSTY,6
AIKPFGYHTY,6
AIAPAGAWTY,6
AIDPFGNITY,6
AIRLGGGNTY,6
AIRWNGVATY,6
AIRPFGNYAY,6
AITPTGRYTY,6
AIGPFGGYTH,6
AITPYGDSTY,6
AIKPYGTFTY,6
AISPFGCYTY,6
AIHPLGSGTY,6
AISNRGNRTY,6
AIRWNGAETY,6
AIRLMGGSTY,6
AIRPDGYWTY,6
AISPYGRPTY,6
AISWRGACTY,6
AISPSGGATY,6
AISPDGRETY,6
AIRPYGNYTY,6
AICFYGGSTY,6
AIKPYGSRTY,6
AIAPFGVQTY,6
AIGPFGTYTY,6
AIAPSGLSTY,6
AISNNGESTY,6
AISKSGNYTY,6
AIGLFGGHTY,6
AIDYAGGSTY,6
AILPFGYDTY,6
AIADYGRLTY,6
AISPWGSGTY,6
AIAPYGLYTY,6
AIRWAGSSTY,6
AINPFGEWTY,6
VIGPFGGHTY,6
AINPYGTYTY,6
AISIPGYGTY,6
AILPYGGWTY,6
AIPMWGSSTY,6
AIAPFGKNTY,6
AISPLGNWTY,6
AIVPYVRRTY,6
AIGPNGSLTY,6
AIVPFGYKTY,6
AIAPFGNPTY,6
AISPNGESTY,6
AIGPFVHTTY,6
AIRLRGGGTY,6
AIAPFCYKTY,6
AISPSGNLTY,6
AICYLGGSTY,6
AIYPFGDGTY,6
AIRPNGFYTY,6
AIHDYGSYTY,6
AINPYGDYTY,6
AISNRGDWTY,5
AISPFDGYTY,5
AISTFGGYTY,5
AIDPFGDSTY,5
AIGPFDGSTY,5
AIKPYGNRTY,5
AISPSGSGTY,5
AISPYGAFTY,5
AIVPWGSHTY,5
AIGEYGRYTY,5
AINEYGGRTY,5
AIGPLGFRTY,5
AIAPFCSSTY,5
AIDPYGKNTY,5
AIQPYGSKTY,5
AIRCRGGGTY,5
AIEYKGGSTY,5
AISPYGSDTY,5
AILPRGSRTY,5
AISPRGDETY,5
AISPGGTYTY,5
TIRWRGGGTY,5
AISPSGGQTY,5
AITPRGNLTY,5
AMGPFGSRTY,5
AISPFGGYTH,5
AINPYGRIAY,5
AISPLGEYTY,5
AIRPFGVDTY,5
AIGPWGASTY,5
AIKPFSLTTY,5
AIRWHGGGTY,5
AISPYGWNTY,5
AIGPSGNDTY,5
AILPYGTFTY,5
AIKPFGWSTY,5
AISWRGSRTY,5
AIRPGGLFTY,5
AIKLFGKATY,5
AISPFGHDTY,5
TISPFGSNTY,5
AIAPWGGTTY,5
AILPYGYNTY,5
AIAPFGTLTY,5
AIAPWGDRTY,5
AITPFGAKTY,5
AIQPFGDHTY,5
AISPRGRYTY,5
AISARGDWTY,5
AIDQYGRYTY,5
AIGPGGSSTY,5
AIAPWGRLTY,5
AIAPFGLDTY,5
AIDPFGGPTY,5
AISPWGVSTY,5
AIDPFGGTTY,5
AIAMWGGPTY,5
AISDYGEYTY,5
AISQFGRTTY,5
AIYFMGGSTY,5
AILMNGGSTY,5
AITPFGKRTY,5
AISPGGDRTY,5
AIRPLGWKTY,5
AIFPNGKGTY,5
AIAPFGSATY,5
AISEYGYATH,5
AISPLGYKTY,5
AIAQFGSSTY,5
AISPFGALTY,5
AISPNGRFTY,5
AISPFGSITH,5
AIRNRGDYTY,5
AISPFCGNTY,5
AIGPFGGHTN,5
AISPKGYATY,5
AISPRGNFTY,5
TIAPFGHKTY,5
AIGPFCRSTY,5
AISPGGYSTY,5
AISPDGLYTY,5
AISPNGQWTY,5
AINWRGARTY,5
AISPFALHTY,5
AIWPFGLGTY,5
AIKPYGQWTY,5
AISPYGNTTY,5
AIAPFGYATY,5
AIRWHGDETY,5
AIVYMGGWTY,5
AISPAGWSTY,5
AIKARGEWTY,5
AISPGGAFTY,5
VISPFGYTTY,5
VINPFGGYTY,5
AISPFGQVMY,5
AIHTYGFRTY,5
AISPGGQSTY,5
AISPLGGHTY,5
AIGPYGHTTY,5
AISPGGDITY,5
AIKSFGGETY,5
AISEYGSTTY,5
AISEYGDYTY,5
AIRLSGNFTY,5
AINYMGCSTY,5
AIMMWGCSTY,5
AISPFCLKTY,5
AISPSGNNTY,5
AIYPLGHGTY,5
AISPIGLSTY,5
AISPDGRKTY,5
AIPPYGRYTY,5
AIVYCGGSTY,5
AIMPYGRRTY,5
AISRSGKFTY,5
AIDPFGEYTY,5
AISPLGLGTY,5
AITPFGLETY,5
AISPLGFTTY,5
AIRPFGNDTY,5
AINTYGRITY,5
AITYNGGSTY,5
AIRPLGGDTY,5
AISHSGARTY,5
SIRPFGNYTY,5
AINQYGRTTY,5
AISDFGNYTY,5
AISPLGYRTY,5
AITPLGYKTY,5
AISDYGTYTY,5
AISPYGFNTY,5
AISPGGSSTY,5
AISGAGGKTY,5
AISPFGTHTY,5
AIGYAGGSTY,5
AIAPIGKETY,5
AISPTGSNTY,5
AIAPNGWRTY,5
AISPSGYGTY,5
AITPFGNRTY,5
AISPYGGHTY,5
AIGPFSGSTY,5
AIAPFGYRSY,5
AISPYGWETY,5
AIEPYGRYTY,5
AITPSGKYTY,5
AIAPFGSSTH,4
AISPIGSKTY,4
AIKPFGTRTY,4
AIGMWGGYTY,4
TISPFGQVTY,4
AISDNGSYTY,4
AISPDGNNTY,4
AIGPNGETTY,4
AMGPFGGITY,4
AIAPYGLSTY,4
AIAPCGYKTY,4
AISPNGSRTY,4
AIEISGGRTY,4
SISEYGYATY,4
AISPLGYQTY,4
TISPFGNSTY,4
AIRPFGGDIY,4
AIVPFGRGTY,4
AINPYGHLTY,4
AISPYGHSTY,4
AISEFGRFTY,4
AIRTFGNYTY,4
AIVMLGGSTY,4
AIRWIGVETY,4
AIAPFGDHTY,4
AISRIGFGTY,4
AISPQGVQTY,4
AINPYGGDTY,4
AINPYGLITY,4
AIDYVGGSTY,4
AIQMWGSSTY,4
AISPSGIKTY,4
AIRWNGVKTY,4
AIQPFGNNTY,4
AINPYGRPTY,4
AILPYGSATY,4
AISARGNWTY,4
AIRWNGGYTY,4
AISPTGHQTY,4
AITPRGRNTY,4
AIEEYGSYTY,4
AINYRGGYTY,4
AINPYGRRTN,4
AIQHRGDSTY,4
AIGPSGRSTY,4
AIVPFGNNNY,4
AICPFGDSTY,4
AIRWNGLETY,4
AIRWRGSGTY,4
AIRPFDYETY,4
AIDPFGTYTY,4
AISPFCSNTY,4
AIGPFGLDTY,4
AIKAWGQYTY,4
AISKSGGGTY,4
AIGPFGSRTH,4
AISPFGDPTY,4
AISPIGEATY,4
AIRNIGNYTY,4
AIRPFGSVTY,4
AISPYGGQTY,4
AIGQFGGYTY,4
AISPYGVQTY,4
AINSFGDRTY,4
AINWRGDRTY,4
AIRPFGLNTY,4
VIGPFGSRTY,4
AIRWRGGSTY,4
EINPYGRITY,4
AIDPYGSETY,4
AINSFGGRTY,4
AISPNGNITY,4
AITPFGSTTY,4
TISPFGGATY,4
AITPLGRLTY,4
AIRPQGKYTY,4
AIVPHGRRTY,4
AIAPRGDHTY,4
AILPWGYQTY,4
AIYPYGLNTY,4
AISRRGARTY,4
AIQNSGNYTY,4
AISDYGYLTY,4
AISNYGRYTY,4
AITPFGYETY,4
AIGPYGGATY,4
AITEYGYVTY,4
AISPFGMSTY,4
AIKPNGTDTY,4
AISPTGYTTY,4
AISENGRYTY,4
AIRPFGTHTY,4
AIQPYGRFTY,4
AISEYGLYTY,4
AINPYGRRAY,4
AIRWRGGGTH,4
AIKIDGKRTY,4
AISTFGSNTY,4
AISYDGSYTF,4
AIAFDGGSTY,4
AIAPFGDYTY,4
AIGPFGGHAY,4
AISPSGTWTY,4
AISPYGCYTY,4
AIYPYGEYTY,4
AICMRGGSTY,4
ALAMWGGSTY,4
AISEYGSWTY,4
AISEYGYATN,4
AINPYGRFTY,4
AISPYGHLTY,4
AIFPDGRQTY,4
AIAPLGISTY,4
AISPVGLKTY,4
TISPFGYSTY,4
AINLYGRITY,4
SISPFGGNTY,4
AIRWRGDGTY,4
AIRLWGCSTY,4
AIMMSGGSTY,4
AISPYGLKTY,4
AIVPYGDYTY,4
AISPFGGATH,4
AISEYGRFTY,4
AIDPYGYRTY,4
AIGPFGGSTN,4
AIRWNGVEIY,4
AISPFGTETY,4
AIDPFGNYTY,4
AIVPFGSRTY,4
AISQFGYTTY,4
AILPFGHQTY,4
AIVMSGGSTY,4
AIGPFGYYTY,4
AIKSFGRRTY,4
AIRPRGYETY,4
AIRPLGGWTY,4
AITPEGLYTY,4
TISEYGYGTY,4
AIAPSGDKTY,4
AISPFGVDTY,4
AIRFMGGSTY,4
AINYSGSQTY,4
AINPFGLETY,4
AITPFGELTY,4
AITPSGIETY,4
AISPWGRTTY,4
AIQPYGSLTY,4
AIVPFGDTTY,4
AISPSGDHTY,4
AIRLFGKYTY,4
AISGTGGRTY,4
AMGPFGDSTY,4
AISPSGNRTY,4
AISPWGGRTY,4
AIAPKGLSTY,4
AISPQGEQTY,4
AIEEFGSKTY,4
AIKMWGCSTY,4
AISPNGYDTY,4
AINMWGGKTY,4
AINPFGYNTY,4
AISPLGWQTY,4
AINYAGDSTY,4
AIAPYGGYSY,4
AIVPFGYRTY,4
AMNPYGRITY,4
AIGPFGRDTY,4
AIGPFGNDTY,4
AIVPWGDLTY,4
AIVPCGRRTY,4
AIGPFGSLNY,4
AIVPYGRRAY,4
AITPFGSITY,4
AIGPFGGKTY,4
AIPMWGRSTY,4
AITPSGDRTY,4
AISYRGNLTY,4
AISPFGGRNY,4
TIVPYGRRTY,4
AIALFGSSTY,4
AISTNGQYTY,4
AIKPFGSRTY,4
AISEYCYGTY,4
AIYPYGNFTY,4
AITPLGDNTY,4
AISYDGSYTS,4
AIRPYGYNTY,4
AISPFGCTTY,4
AISDYGDTTY,4
AIRPGGYNTY,4
AICYYGGSTY,4
AISPYGEDTY,4
AIPMWGDSTY,4
AISLFGYNTY,4
AISPSGRLTY,4
AIRPYGAFTY,4
AIAPNGNSTY,4
AISPFGEDTY,4
VIRPFGGDTY,4
AINPFGNSTY,4
AILPYGDFTY,4
AISHNGTSTY,4
AISWDGSHTY,4
AINPYGDSTY,4
AIREYGYATY,4
AISPLGTYTY,4
AIAPYGHQTY,4
AIRWRCGGTY,4
AIRPFCYHTY,4
AMGPFGHTTY,4
TISPFGNRTY,4
AINPYVRITY,4
AIVPFGSKTY,4
AIGPNGKATY,3
AINPFGGYAY,3
AISPNGTRTY,3
AITPFGDATY,3
AISLFGGRTY,3
AITPFDNWTY,3
AISPYGGFTY,3
AIVPFGHQTY,3
AISDYGSHTY,3
AINPFGSNTY,3
AINSYGSYTY,3
AIGPFDGHTY,3
AIYPYGRYTY,3
AIVPYGQNTY,3
AISPLGDATY,3
AITPFGRQTY,3
AMNPYGRRTY,3
AIGPFGGTTH,3
AMRWRGGGTY,3
AIAPLGYTTY,3
AITPTGGYTY,3
AIAPYCDYTY,3
AIKPIGKETY,3
AISPFGGWTH,3
AIFPYGARTY,3
AILPNGGSTY,3
AIAPFGNRTH,3
TIAPFGGYTY,3
AIGPVGYSTY,3
AISPIGGKTY,3
AISPGGWHTY,3
AISWRRARTY,3
AIRPFGMETY,3
AISPLGRSTY,3
AIRLFGSSTY,3
AIGPFCGITY,3
AISPGGTGTY,3
AISYVSGSTY,3
AILWNGDETY,3
AIGPFGGATY,3
AINYVGGYTY,3
AIAPCGGYTY,3
AIVPFGNSTY,3
AIRVYGSGTY,3
AIDPFGHTTY,3
AIAPFGQFTY,3
AIGPWGGSTY,3
AINPFGGITY,3
AISPFGGQTH,3
AISPWGSLTY,3
AIAPYGAETY,3
TISPFGNWTY,3
AISPTGLYTY,3
AIRPIGRITY,3
ATRPFGGDTY,3
AIIYSGDSTY,3
AIPMWGCSTY,3
RISPFGFKTY,3
AIAPFGYCTY,3
AISLYGLRTY,3
AISPFCRTTY,3
AITPFGSGTY,3
AINPHGRRTY,3
AISPIGYSTY,3
SIIYYGGSTY,3
AISTFGGHTY,3
AISSFGGYTY,3
AISPFGCDTY,3
AISPLGFNTY,3
AISYWGGSTY,3
AIGTFGSLTY,3
AIKMWGSSTY,3
AINSFGGYTY,3
AISRVGSDTY,3
AIKPFGKTTY,3
AISQYGGYTY,3
AINPRGGWTY,3
AISDKGKKTY,3
AIGPWGLGTY,3
AISPFCYNTY,3
AINPFGCRTY,3
AITPFGIDTY,3
AIRMWGGSTH,3
AIAPNGNRTY,3
AIRPLGGTTY,3
AISPRGYETY,3
AISPYCSRTY,3
AIRPFGEWTY,3
AISPFGDFTY,3
AIRPSGWGTY,3
AIRYVGGYTY,3
AISPRGDGTY,3
AINPFGGYIY,3
TISPFGGHTY,3
AISDYGAYTY,3
AIRPDGYSTY,3
AITPYGYYTY,3
AIGPFGHTTH,3
VIGPFGSLTY,3
AISEYGDWTY,3
AISPFGYITY,3
AINPFGGYTH,3
AIGPFVGSTY,3
AIAMWCGSTY,3
AMNPFGGYTY,3
SIGPFGGHTY,3
AIRPFGDWTY,3
AILPNGSATY,3
AINPRGGQTY,3
AINPYGRGTY,3
AIKPFGAETY,3
AIAPFGQITY,3
AISPKGDGTY,3
AIGPLGYYTY,3
AIHPYGQDTY,3
AISPIGLGTY,3
AIEFRGGYTY,3
AISPFGDDTY,3
AIQPFGYNTY,3
AINDYGSYTY,3
AINPFGDHTY,3
AIALWGGSTY,3
AITPFGDDTY,3
AIFPYGNGTY,3
AIQWNGDETY,3
AITPYGNHTY,3
AIVPRGGLTY,3
SISPYGGYTY,3
SISNNGYRTY,3
AIQPYGSYTY,3
AISQYGWKTY,3
AIGPFGGWTY,3
AIRPRGGSTY,3
AIYPYGKYTY,3
AIQSFGDRTY,3
AISPYGRYTH,3
AITPLGKATY,3
AISPDGNTTY,3
AISQFGQNTY,3
AIGPYGYYTY,3
AISPGGAYTY,3
AIYPYGSFTY,3
AIAPYGNSTY,3
AISSYGEYTY,3
AISPFGNYTH,3
AINPYGRRIY,3
AISEFGSYTY,3
AINPFGASTY,3
AIVPYGRRTH,3
AISPTGAYTY,3
AIAPFGKHTY,3
AISPHGYKTY,3
AIGPSGSSTY,3
AINPFGQKTY,3
AIGMWGCSTY,3
AIRWNGVGTY,3
AIGPFGDATY,3
AINPFDGYTY,3
AIAPNGYKTY,3
AIGPWGKYTY,3
AISPYGQDTY,3
AMAPFGHKTY,3
AIAYVCGSTY,3
AINPFGRFTY,3
AICPFGSKTY,3
AISPFGGHTH,3
AISPSGSITY,3
AIGPFGDTTY,3
AINPYGRVTY,3
AISDYGKYTY,3
AISPFGGRTD,3
AISPYGHTTY,3
AITPYGTITY,3
AIARWGYETY,3
EIVPYGRRTY,3
AIAPYGSATY,3
AISPRGQQTY,3
AMSSFGDVTY,3
AIAPYGGSTY,3
AISPFGYKAY,3
AIRWRGCGTY,3
AILPRGGWTY,3
AIRPYGYYTY,3
AICPFGDKTY,3
AIGPFGSRTN,3
AISPFCGFTY,3
AITPIGSSTY,3
AIVSFGSYTY,3
AIGPQGGYTY,3
AISPGGLDTY,3
AINMWGGWTY,3
AINYYGCSTY,3
AIMLWGGSTY,3
AIKPFGYKTY,3
AISPQGGQTY,3
AINHRGDSTY,3
AMVPYGRRTY,3
AINPGGWGTY,3
AIEPFGYNTY,3
AINMSGGSTY,3
AINPFGNWTY,3
AISPWGDGTY,3
AIYPFGKYTY,3
AISTFGNSTY,3
VISPFGLKTY,3
AISPSGGNTY,3
AILWRGGGTY,3
AITPFGKYTY,3
AIAPSGHETY,3
SIAPFGHQTY,3
AISPYGDITY,3
AISPLGSSTY,3
AIRPWGYDTY,3
AIGQFGDRTY,3
AIGPIGGSTY,3
AILPDGSATY,3
AISPGGRKTY,3
AIVPFGRRTY,3
AILPYGNFTY,3
TINPFGGRTY,3
VISPFGGHTY,3
AIVPFGSLTY,3
AIDPFGNLTY,3
AINPYGRRTD,3
AISLRGARTY,3
AINPFGDWTY,3
AINPNGYRTY,3
AIAPVGHKTY,3
AISTFGFKTY,3
AIAPYGQYTY,3
AIAPFGLCTY,3
AIRLWGDSTY,3
AISLYGGSTY,3
AISPSGTYTY,3
AISPFCYETY,3
AISQFGRSTY,3
AISYRGNETY,3
AIAPNGKYTY,3
AMGPFGSYTY,3
AIRPGGQNTY,3
AIGPFGGSTC,3
AISPLGDYTY,3
AISPNGYGTY,3
AITFMGGSTY,3
TISPFGGDTY,3
AIDPYGSKTY,3
AIRSFGGGTH,3
AITYIGGSTY,3
AINPLGGYTY,3
AINYYGDSTY,3
AIRPWGGYTY,3
AIKPFGSSTY,3
AIAPWGYHTY,3
AISPFCNWTY,3
AIGPFGYETH,3
AIYPFGLRTY,3
AIQPFCDRTY,3
AISPYGAETY,3
AISGYGDYTY,3
AIRPFGPHTY,3
AIRLFGKSTY,3
AIDSFGGYTY,3
AIHGYGGRTY,3
AINPFCGYTY,3
AIRLYGYKTY,3
AIRPFGSLTY,3
AISYCGGSTY,3
AIITFGGTTY,3
SIAPFGNSTY,3
AIAPFGSPTY,3
AIGPLGGWTY,3
AIGPFGCYTY,3
AISQFGRYTY,3
AIRYFGGRTY,3
TIGPFGGITY,3
AISEYGARTY,3
AISPFCQVTY,3
AIRWNGVSTH,3
VISPFGFKTY,3
AISPYGWKTY,3
AINPFGLKTY,3
AISRFGKNTY,3
AINPYGGYTH,3
AIGPNGSYTY,3
AISPVGFDTY,3
AIRPFGQGTY,3
AISWDVSYTY,3
AIQPFCSNTY,3
AISENGYYTY,3
AIRPFDGDTY,3
AIKPSGRSTY,3
AIAPFGHNTY,3
TIAPFGHQTY,3
AIGPFCSRTY,3
AIVPFGYQTY,3
AIAPFGAHTY,3
VIGPFGGYTY,3
AIVPYGRGTY,3
AIRPFGNWTY,3
AIVFYGGSTY,3
AIGSFGRYTY,3
TISPFGYRTY,3
AIRPFGDHTY,3
AISMWGDSTY,3
AIAYYCGSTY,3
AILPDGSYTY,3
AIGPFVNNTY,3
AIRWRGGCTY,3
AIRPFGFKTY,3
TIRPFGYNTY,3
TIQPFGSNTY,3
AIKPYGNYTY,3
AISYRGSYTY,3
AISPGGRYTY,3
AISDYGDDTY,3
AISTFGGRTY,3
AIAPGGRYTY,3
AIRWNGVETC,3
VINYMGGSTY,3
AISWRCARTY,3
AITPFGVSTY,3
AIRPFGYDTH,3
AISQFGWKTY,3
AITPYGLSTY,3
AISPQGNYTY,3
AIMMWGGSTH,3
AITPWGLQTY,3
AIFMWGGSTY,3
AISPYGRVTY,3
AISPHGSDTY,3
AIGQYGRYTY,3
AISEYGDFTY,3
AISPFGSNTH,3
ALAPFGIRTY,3
AIGVYGRYTY,3
AIQGYGHYTY,3
SIRPFGGDTY,3
TISPFGRRTY,3
AIKPYGRRTY,3
AIRWSGVETY,3
PIGPFGGSTY,3
AISPLGNYTY,3
AIGQFGDSTY,3
AIGTFGRSTY,3
AITPFGESTY,3
AILPFGFNTY,3
AICMSGGSTY,3
AITPIGYNTY,3
AILPYGNTTY,3
AIYPYGEWTY,3
AMGPFGGYTY,3
AISEYGYTTY,3
AIRPFGGITY,2
AITPFGSRTY,2
AIGPYGGHTY,2
AITYKGRSTY,2
AIRPFSNYTY,2
AMSPFGNFTY,2
AISPFGGDAY,2
AIKPFGNTTY,2
TISPFGGSTY,2
AISPFVGNTY,2
AIRAFGEYTY,2
AILPYGSNTY,2
AISPFCKYTY,2
VIRWNGDETY,2
AIVFMGGSTY,2
AIDPFGAYTY,2
AISPSGLSTY,2
AISPGGYRTY,2
AINMQGGSTY,2
AISPWGEYTY,2
AISPNGYKTY,2
AIRWNGDETH,2
AIVPFGNHTY,2
AIVMWGDSTY,2
AIGMWGRSTY,2
AIKQFGQGTY,2
AISSRGPRTY,2
AIAPFGMKTY,2
AISTFGYTTY,2
AIEPFGYLTY,2
AIRPSGKSTY,2
AIGPFCNNTY,2
AIATFGRRTY,2
AIGAPGIGTY,2
AISDYGYITY,2
AILYLGGSTY,2
SIAPFGGYTY,2
TIRWNGDETY,2
AIRPFGYCTY,2
ALAPFGKYTY,2
AISPFCNSTY,2
AIRCNGDETY,2
AISEYGDVTY,2
AIGTFGGITY,2
AINPFGYSTY,2
VIGPFGRSTY,2
AITPLGNYTY,2
AISPAGNTTY,2
VIQPFGSNTY,2
AIRLWGGSNY,2
AISPFGNSSY,2
AISPFGYKTH,2
AITQFGTYTY,2
AIYPYGHTTY,2
AITPDGYGTY,2
AITQFGSLTY,2
AIGPFGSTTH,2
AIDPFGTRTY,2
AIDPFGKYTY,2
AITPYGKVTY,2
AINPFGHRTY,2
AISPGGQYTY,2
AISPSGFNTY,2
AIEPGGGRTY,2
AISTYGGYTY,2
AIVPRGGATY,2
AITPGGLGTY,2
AISPFCDSTY,2
AISQFGYQTY,2
AISPGGLETY,2
AIIPFGGNTY,2
VISWRGARTY,2
AISPGGGKTY,2
AIAPFGHQTH,2
AIAPFGYRTD,2
AINYIGGSTY,2
AIPPYGDRTY,2
ATGPFGGHTY,2
AISPYGGDTY,2
AIGPFGSYTH,2
AIAQWGRSTY,2
AIGPEGFNTY,2
AINPFGGRTH,2
AIRPIGSSTY,2
AIVPFGFRTY,2
AISNRGGRTY,2
AISMWGCSTY,2
TIAMWGGSTY,2
AIAPRGGYTY,2
AIKPYGVRTY,2
AIRFSSAYTY,2
AIRPWGCSTY,2
AIAPYGYTTY,2
AIKWNGHYTY,2
AISPGGFSTY,2
AISPWGLDTY,2
AIYPYGGCTY,2
AIGPFGWDTY,2
AISPFDSLTY,2
AISPFGSMTY,2
AITPGGEYTY,2
AIAPFGRCTY,2
AIKPFGYRTY,2
AIAPYGRGTY,2
AIRPFGQFTY,2
AISPFGNPTY,2
AINQYGSYTY,2
TIRFSGAYTY,2
AIGPGGWSTY,2
AIAPYGATTY,2
TIAPFGNRTY,2
AISSLGGYTY,2
AIDPFGSSTY,2
TIQPFGDRTY,2
AILWAGDYTY,2
AIRWNGVETN,2
AIDPFGYTTY,2
AIRPFGSHTY,2
AIRPFGYYTY,2
AIAPLGNYTY,2
AIAPLGRRTY,2
AIGPYGSSTY,2
AIDPFGDKTY,2
AIKYVSGSTY,2
AISWCGDRTY,2
AISPFCLATY,2
AMRWSGNQTY,2
AISPGGLGTY,2
AISPFCYHTY,2
AIGPFGDKTH,2
AIGSFGRSTY,2
TISPFGSYTY,2
AIVPYGRRPY,2
AIGTFGDSTY,2
AILPFGLETY,2
AIRPFGSRSY,2
AIGPFGINTY,2
AIVPYGRRSY,2
AISPFGMTTY,2
AIDPFGSVTY,2
AISAFGWNTY,2
AISPYGRTTY,2
AIDPYGRITY,2
AITPFGKITY,2
AIRPYGIHTY,2
AINPFGHKTY,2
AICPFGEYTY,2
AISPRGHWTY,2
AIDWNGKTTY,2
AIGPFGYGTY,2
AIGPFGHKTY,2
AIAPYGYSTY,2
AISPDGKFTY,2
AISPWGHRTY,2
AIAPFGGHTY,2
AISPFGGWTN,2
AISPFGGRTN,2
AINPYGRQTY,2
AIDPYGEWTY,2
TINYYGGSTY,2
AINQYGLRTY,2
AIRSFGFRTY,2
AITPFGDSTY,2
AMSEYGYGTY,2
AIGPFGSLTC,2
AMSPFGYTTY,2
AILPNGGGTY,2
AIRMWDGSTY,2
ALSPFGFKTY,2
AITPFGQVTY,2
TISYDGSYTY,2
AIRNGGGWTY,2
AIGPFGVSTY,2
AILPNGYGTY,2
AITPYGRFTY,2
AIFPYGDYTY,2
AIDWGGRYTY,2
AIVSYGTRTY,2
AIRSRGGYTY,2
AINPFGGYNY,2
AIVPYGTSTY,2
AMGPFGGTTY,2
AICYNGGSTY,2
AIRPYGKLTY,2
TIGPFGDKTY,2
AITEYCYATY,2
AINPRGGHTY,2
AIVSFGNYTY,2
AISPWGCYTY,2
AILPYGIATY,2
AIAPFCEYTY,2
AIRILGMGTY,2
AIGWRGARTY,2
AIAPEGNSTY,2
AIDPFGRSTY,2
TISPFGQKTY,2
AINFRGGSTY,2
AINQYGVNTY,2
AIGPWGYNTY,2
AIAPFGNWTY,2
AISPNGFRTY,2
AIRPWGYHTY,2
AISPGGNKTY,2
AIATFGLTTY,2
AISPWCGYTY,2
AISWRGPHTY,2
AIYPYGDNTY,2
AISPHGSWTY,2
TIRMWGGSTY,2
AISRRGRYTY,2
AIVPYGRRNY,2
AIRMKGCSTY,2
AIRPFGGATY,2
AISEYGTFTY,2
AIRQFGGYTY,2
AISQYGRYTY,2
TISPFGNETY,2
AISPFGCGTY,2
AIDPFGDRTY,2
AIAPSGKYTY,2
AINPYGSDTY,2
AISPNGRNTY,2
AISAFGRRTY,2
AIRPFSGDTY,2
AINYVSGSTY,2
AISQFGRATY,2
AISPFGSYTD,2
AIHPYGSWTY,2
AIAPFGHKTH,2
AISTFGNFTY,2
AISPGGHWTY,2
AIRLFGASTY,2
AISPFCQNTY,2
AIRYASSYTY,2
AIGPFGYWTY,2
AISEYGWCTY,2
AINQFGGRTY,2
AISPYGLQTY,2
AISPFGQVTC,2
TIVPYGTRTY,2
AIQPFGLETY,2
VIAPFGHKTY,2
AITPFGGHTY,2
AIHPFGGYTY,2
AISPSGYRTY,2
AIRWNGVSSY,2
AIGPVGDSTY,2
AINSYGRITY,2
AMSPFGGNTY,2
AISPAGLDTY,2
AIRPFCAHTY,2
AINPYSRITY,2
AISPWGYVTY,2
AISPRGQLTY,2
AISPYGIKTY,2
AISPWGGLTY,2
AISKYGKTTY,2
AISPFGISTD,2
ATNPYGRRTY,2
AIGEYGYGTY,2
AIMMWVGSTY,2
AIGEYGYATY,2
AIGSFGSYTY,2
AIGPYGITTY,2
AIVPYGTYTY,2
AIYPYGSGTY,2
AILWNGVSTY,2
AIVPFGLSTY,2
AIFYIGGSTY,2
AINPLGGRTY,2
AIRSFGYETY,2
AIVPFGSHTY,2
TISPFGGITY,2
AITPFGMDTY,2
AITPFGHYTY,2
AIRCLGGSTY,2
AIRYVGSYTY,2
AIRSFCRETY,2
AIRWSGNQTH,2
AILPYGRFTY,2
VISPFGGNTY,2
AIAPFCQQTY,2
AICPFGYETY,2
AISDNGNYTY,2
AIIPFGGRTY,2
AQIMYGYSTY,2
AIDPWGLLTY,2
AISPRGQYTY,2
AIAPFGRDTY,2
AILPFGYHTY,2
AISPFGILTY,2
AIAPAGYNTY,2
AIGQFGYETY,2
AIAPFGDKTY,2
AITQFGEWTY,2
AINPYGRRPY,2
AIDPFGYETY,2
TISPYGRYTY,2
TIMYTGGSTY,2
AISPFGGDTH,2
AIYPYGRTTY,2
AISYDGSYTH,2
AISQFGYRTY,2
AIRAYCNYTY,2
AISPFGAATY,2
AIKMRGGSTY,2
AIYPYGSKTY,2
AISPFGRTTH,2
AISQGGGRTY,2
AISPRGNYTY,2
AIGEYGLYTY,2
AIQMWGRSTY,2
AISMWGGSTH,2
AISPLGKSTY,2
AINPFGSVTY,2
AIAPYGRTTY,2
AISPFGYSTH,2
AIAPYGSSTY,2
AISPFSGYTY,2
AIRPFGTRTY,2
AIELRGGLTY,2
AIGPFCDYTY,2
AIRPFGYDAY,2
AINPAGQNTY,2
AITPFGLRTY,2
AINWRGQYTY,2
AIGPYGSRTY,2
AIRIMGLGTY,2
AIGPFGASTY,2
AIVPWGSYTY,2
AISPFGEWTH,2
AISPWGNLTY,2
VIGPFGDWTY,2
AITPFGHGTY,2
AINPFGRTTY,2
AISPLGRKTY,2
AIRPFGNYSY,2
AIRSFGGRTY,2
AIRPIGRGTY,2
AISVYGQLTY,2
AIAPYGYNTY,2
AISDFGYGTY,2
AISECGYATY,2
AISPFGIQTH,2
VITPFGEWTY,2
AINPFGNATY,2
AIRLFGRHTY,2
AIRWNGRYAY,2
AISPIGRYTY,2
AISPGGNVTY,2
AINPYGRITD,2
AIAPFCHQTY,2
AIVQYGTRTY,2
AIRPFGSGTY,2
AISPFGYPTY,2
AINPFGSLTY,2
AILPYGSSTY,2
AISPYGYQTY,2
AIAQFGEYTY,2
AISQFGGHTY,2
AIAPFGCYTY,2
AISPFCGWTY,2
SISPFGYTTY,2
AISYRGSTTY,2
AIGMWSGSTY,2
AISPYGKDTY,2
AIRYVSGSTY,2
AISPAGDHTY,2
AINPFGVYTY,2
AISEYGYCTY,2
AIRWNGVETS,2
AIRSNGVETY,2
AIKPFGGDTH,2
AISPFCGHTY,2
AISYDGNYTY,2
AIAPYGGKTY,2
TIGPFGSYTY,2
AIYPLGEGTY,2
AIVYAGGSTY,2
AISWRGARTN,2
AIAPIGYSTY,2
AISPFGGYIY,2
AISYGGSYTY,2
AISPRGYRTY,2
AISPFCYSTY,2
AISPRGDTTY,2
AIQSYGNYTY,2
AINPFGDFTY,2
AIHPYGWKTY,2
AIGPFGGHIY,2
AIFPLGSGTY,2
AISPNGKYTY,2
AMAPFGGYTY,2
AIVPFGGTTY,2
AISPFCYGTY,2
AISPYGESTY,2
TIAPFGNKTY,2
AISNNGYRSY,2
AISYIGGSTY,2
AIAPFGDATY,2
AIWPRGDGTY,2
AIRPFGAITY,2
SIRPFGDSTY,2
AIVPFCGYTY,2
AIQPFGSNTH,2
AINPFGNITY,2
AISPFGYGTH,2
AILYNGGSSY,2
AISPSGFSTY,2
AIGPFGGSTD,2
AISQFGFSTY,2
AISPFVGYTY,2
AIGSFGSLTY,2
AITPYGWRTY,2
AINPFGGYTN,2
AIMMCGGSTY,2
AIRQFGFNTY,2
AIGPFGSCTY,2
AIAPFGSSAY,2
AITPFVSHTY,2
AISDIGKQTY,2
AISEYGSNTY,2
AIVPRGGRTY,2
AISEAGYRTY,2
AISPNGGWTY,2
AINPFGHNTY,2
AIAPYGNNTY,2
TISDFGEKTY,2
AITEYGRDTY,2
AITPFGRTTY,2
AISEYGYGAY,2
AIAPFDNLTY,2
AITPYGNFTY,2
AISPVGARTY,2
AIGTFGDKTY,2
AINPFGLDTY,2
AIASFGHKTY,2
AISWRCNYTY,2
SIRPFGYDTY,2
AITYWGCSTY,2
RITPFGSYTY,2
AISGGGRETY,2
AIGPSGQWTY,2
AISPKGYHTY,2
AIGPFGWNTY,2
AIAPFGYRTH,2
AILSYGNYTY,2
AISPFGYYTY,2
AIRPFCLETY,2
AISTYGDYTY,2
AIDPYGWYTY,2
AIMYGGGSTY,2
AIGPYGDATY,2
AIAPFCNRTY,2
AIVPSGNRTY,2
AIGPFGGITH,2
AISRYGKYTY,2
AINPYGRINY,2
AITPWGISTY,2
AISKYGKYTY,2
AILPFGANTY,2
AISYDCSYTY,2
AIQYVSGSTY,2
AISPIGQGTY,2
AIQPFGKYTY,2
AISPFGCHTY,2
AITTFGYNTY,2
AIRPYGLSTY,2
AISSFGLGTY,2
AIADYGRSTY,2
AISPYGATTY,2
AMRPFGANTY,2
AIAQFGHKTY,2
AIRPFGGYTH,2
AIGPFGRCTY,2
AIRRNGDETY,2
AIAPNGRYTY,2
TISPFGFKTY,2
TISPFGGPTY,2
AIAPFVHKTY,2
AISPYCGYTY,2
AIAPFGCGTY,2
AISTFGSHTY,2
AISPFCYTTY,2
AIRPNGYGTY,2
AIGPFDSLTY,2
AIKPFGQYTY,2
AISTFGRYTY,2
AILPYGRRTY,2
AIAPIGHKTY,2
AISPDGYFTY,2
AIYPYGGYTH,2
AMGPFGDWTY,2
AITPSGQFTY,2
AIYPYGGQTY,2
AITPLGGSTY,2
AITPFGMSTY,2
AIRPYGEWTY,2
AIAMWGDSTY,2
AINPYDRRTY,2
AINPYGDLTY,2
AIVPIGSYTY,2
AIVPFGYSTY,2
AIPYKGRSTY,2
AILPYGANTY,2
AITPYGYATY,2
AISPGGYQTY,2
AINPAGYRTY,2
TIIYSGGSTY,2
VIRMWGGSTY,2
AISQFGRRTY,2
AIALFGSYTY,2
VITPFGHKTY,2
AISPNGVYTY,2
AIGPFGDSTH,2
AISPFGGWAY,2
AIAPWGYSTY,2
AIDAFGNYTY,2
AIKYVCGSTY,2
AISPFGDGTF,2
AISPRGTYTY,2
AIGPFGQNSY,2
AINPYGYATY,2
SIAPFGRRTY,2
AINPFCGRTY,2
AICPFGYTTY,2
AISPFDQVTY,2
AITPFGARTY,2
TISSFGRDTY,2
AISPIGRLTY,2
VIIYSGGSTY,2
AITYCGGSTY,2
AIGPFGDWAY,2
AILPFGSYTY,2
AISPHGGYTY,2
TIGPFGSRTY,2
AIIPYGRYTY,2
AILPYCNLTY,2
AITPFGLDTC,2
TISPFGLSTY,2
AIRYAGYFTY,2
TIRPFGFNTY,2
AIAPRGVRTY,2
AISTSGVRTY,2
SITYMGGSTY,2
AIGTFGDWTY,2
AITPLGLKTY,2
AIHTYGDYTY,2
AISPYCTRTY,2
AIDVYGNRTY,2
AIAPWGGYTY,2
AIQPFGFNTY,2
AISEYGYGTH,2
AISPQGNNTY,2
AIRWAGYSTY,2
AISPFGCWTY,2
ATSPYGGYTY,2
AISANGLSTY,2
AIRWRGGGTN,2
AINPRGDFTY,2
AIPPFGNYTY,2
AIRSFGGYTY,2
AIDPFGSFTY,2
AISQFGGWTY,2
AIRPSGNYTY,2
AITPGGGVTY,2
AIQYRRNYTY,2
AIEPFGSSTY,2
AIRAFGGHTY,2
AIQPFGDCTY,2
TIGPFGGYTY,2
AILPFGGYTY,2
AITPDGNYTY,2
AILFAGTETY,2
AIRLCGGSTY,2
AIRWNRVETY,2
AMRMWGGSTY,2
AIAPYGQSTY,2
AIGPDGDYTY,2
AISPNGDYTY,2
AIPYIGGSTY,2
AINMWGRSTY,2
AIRPYGGDTY,2
AISQFGYGTY,2
AIGPDGRETY,2
AIQPFGGRTY,2
AINPFGHFTY,2
ATRPFGNYTY,2
AISPFVNRTY,2
AITPFGVETH,2
AIHDYGNYTY,2
AIAPFGSYTH,2
AISPLGHSTY,2
AISPTGLNTY,2
AIRPFGANTH,2
AIASFGNRTY,2
AIPMLGGSTY,2
AISPFGSRTH,2
AIRPFGQVTY,2
AIVPWGSFTY,2
AITYMGGSIY,2
AISPGGGFTY,2
AIQPFSSNTY,2
AISTSGGNTY,2
AISPYCQTTY,2
AIGPYGEATY,2
AIVYMGCSTY,2
TIGPFGGLTY,2
AIDIWGGSTY,2
AISPYGTHTY,2
AISPFCHQTY,2
AITPFGRATY,2
AIKPFGHTTD,2
AITLFGVETY,2
RDRPVWWCDL,2
AIAPFGFRTH,2
AICYWGGSTY,2
AISEFGGRTY,2
TISPFGNTTY,2
AIQPFGAHTY,2
AMSPFGYNTY,2
AIMMWGGSTN,2
AIRPFGNYTD,2
AIRMWCGSTY,2
AMSYDGSYTY,2
AIQPYGNYTY,2
AISPSGNDTY,2
VISDYGTRTY,2
AISPFGVNTY,2
AIAMWGGSTH,2
AIGTFGGYTY,2
AIRPYGRITY,2
AITPYGHITY,2
AIAPWGGSTY,2
AISPIGKVTY,2
AIMMWGRSTY,2
AILSYGGYTY,2
AIRCNGDYTY,2
AISEYGYATD,2
AISPFCWNTY,2
AISTFGNYTY,2
AIGPFGHGTY,2
AISEYGYNTY,2
AIGAFGGTTY,2
AIAPFCGDTY,2
TISPFGRTTY,2
AIPMWGGSTH,2
AISPYGVTTY,2
AIRPIGNYTY,2
AISDYGRGTY,2
AIRYAGYRTY,2
AIDEYGDFTY,2
AISPLGHATY,2
AIVPYGRRTD,2
SISPFGGATY,2
VISEYGYATY,2
AIDPFGSKTY,2
AISPFCGQTY,2
EISPFGRTTY,2
ATSPFGYRTY,2
AIEPYGSYTY,2
AITYMGGPTY,2
AIVPYDRRTY,2
AISPFCSRTY,2
AIGPFGSYIY,2
AISHDGSYTY,2
AISPFCSLTY,2
AISPFAHHTY,2
AICPFGSRTY,2
AIDRFGGYTY,2
AISPAGEGTY,2
AISPAGSWTY,2
AISQFGSHTY,2
AIRPFGGWTY,2
AIYPYGIDTY,2
AISEFGRHTY,2
AIKIGGGYTY,2
AISEYGSLTY,2
TIGPFGGTTY,2
AICPFGSQTY,2
AIAMWGGSTN,2
AIGPLGGSTY,2
AIPWNGVETY,2
AISPFCNYTY,2
ATNPYGRITY,2
AISEYGEVTY,2
AISKYGYGTY,2
AISPGGHFTY,2
AIGPIGGHTY,2
AILPFGGRTY,2
AIGPIGSLTY,2
AINPYGRIIY,2
AINPFGKYTY,2
AIRMWGDSTY,2
AISQFGWETY,2
TISPFGYDTY,2
TITPYGGYTY,2
AINYNGYTTY,2
AIGPVGSLTY,2
AISWRGARTH,2
AISPFCSTTY,2
AIAPFGYKTH,2
AIGPFGSRTD,2
AIDPYGDFTY,2
AIAPLGHKTY,2
AINPIGGYTY,2
EISPFGGWTY,2
AISSTGGSTY,2
AISPFGTITY,2
AISPRGHFTY,2
AISPFCNQTY,2
AIVPYGGPTY,2
AISPNGWRTY,2
AIGPYGDTTY,1
AAISPFGQGT,1
AISDYGEWTY,1
AIGPFGNQTY,1
AIRWNAVETY,1
AISPYGDHTY,1
AISPFVYSTY,1
AISPFGEGTY,1
AIASMGGSTY,1
AIYPYGNGTY,1
AISSFGQITY,1
AISPFGDATN,1
AIRPYGYGTY,1
VIVPFGNNTY,1
AIIPFGGQTY,1
AIGPFGGHNY,1
AISPYGDDTY,1
AINPYGQTTY,1
VISPFGSRTY,1
AISHSGAHTY,1
AIGQFGHTTY,1
AIDPFGYNTY,1
AMAPYGRYTY,1
AIGPFAGYTY,1
AINPYGHYTY,1
PIAPFGNNTY,1
AISNYGTYTY,1
ARGPFGGTTY,1
AITPRGEGTY,1
AIAMWGGYTY,1
ALSPNGQGTY,1
AIGPFCGTTY,1
AISEYGYATC,1
AMSPFGQKTY,1
AISPFSLSTY,1
AIGPHGNDTY,1
AIGPTGYLTY,1
ATSPFGQKTY,1
AIGPPSEYTY,1
AIADYGNYTY,1
TIGPYGYSTY,1
AIKPYGNWTY,1
VISPYGGGTY,1
AISPFGPKTY,1
AINPFVGYTY,1
AIGPFSSYTY,1
AINHYGGSTY,1
AIAPCGGITY,1
SINPYGRRTY,1
AISPFGKETN,1
AIMMWGGYTY,1
AINTSGGVTY,1
AISKYGYATY,1
AISQIGENTY,1
AIALFGNHTY,1
AISNYGNYTY,1
AISAYGYGTY,1
AIPPFGDRTY,1
AITPYGRLTY,1
AISPFGWHTY,1
AMSPFGFQTY,1
AISWRCQNTY,1
AISEYGYANY,1
AIPSHGGSTY,1
TIGPFGGRTY,1
AITSLGGSTY,1
AIASLGGSTY,1
AIGLWGGSTY,1
ATSPFGSKTY,1
RDKPYGGLTY,1
AIMMWGSSTY,1
AISPFGLETH,1
AIRSFGYTTY,1
AIDYWSGSTY,1
AIRCNGSSTY,1
AIRYTSGSTY,1
AISQFGLKTY,1
AIAPYGRYTH,1
AIRWNGSVTY,1
VISPFGGATY,1
ATSMWGGSTY,1
AIGPVGSYTY,1
AIRPFGGYIY,1
AISPFGYRTN,1
TIRPFGGYTY,1
AIGPFGQHTY,1
AIRWHGDYTY,1
AISPFGRPTY,1
AIRYTGGSTD,1
AITPFGYQAY,1
AINPFGSDTY,1
AIAPYGRKTY,1
AICPFGSVTY,1
AISQFGGPTY,1
AISSFGGNTY,1
AIRPFGRETY,1
VISPFGDATY,1
AILPCGWNTY,1
AISPYGHKTY,1
AISPFSNYTY,1
AIRPFGHSAY,1
AITPFGEWTH,1
TIGPFGDSTY,1
RYCRNGKRTY,1
AIEPFGYKNY,1
AITSWGGSTY,1
AINTHGGLTY,1
AIGPFGRLTY,1
AITQFGDFTY,1
AIAPHGSLTY,1
AIQSFGNRTY,1
AIQPFGGYTY,1
AIRWNCSATY,1
AINPFGFKTY,1
AIVPYGRYAY,1
AIDPFGVNTY,1
AIGPFGGSNY,1
AISTFGNDTY,1
AISPFGVPTY,1
AIVPFGNITY,1
AISSDGSYTY,1
AIPPFGEYTY,1
VISPFGGFTY,1
AISPWGMGTY,1
VISPYGDPTY,1
AIRMWGGSNY,1
AIAPFGNKTH,1
AISPFGSLAY,1
AISQLGNSTY,1
AIIPFGFKTY,1
AIRIWCGSTY,1
AIVLFGGDTY,1
AIQGTGDYTY,1
AIRPKGYSTY,1
AIVPFGGHTY,1
ATTPFGSHTY,1
AIRPFGHTTY,1
AISPFGRRTD,1
AIRPFGNYPY,1
AISPYGTGTY,1
AISLIGKGTY,1
AIGPFGRRTY,1
AIVPFGQSTY,1
SISPFGNWTY,1
AISPSGKRTY,1
AIVPFGRKTY,1
TIRAFGGRTY,1
AISPWGGHIY,1
AIDPYGNNTY,1
TISPFGIQTY,1
AIKWNGLYTY,1
TISFYGGSTY,1
AIGPFGSRIY,1
AIKPFGMTTY,1
TISHGGGYTY,1
AISPYGTRAY,1
AIGQFGEYTY,1
AIGYDGSYTY,1
SIGPFGGYTY,1
AINPFGQVTY,1
TIGPFGSSTY,1
EIRWNGVETY,1
AISPFGSLNY,1
AISLYGSYTY,1
AMSNRGEWTY,1
AIRWRGYGTC,1
AMSPYGSRTY,1
AISQFGNRTY,1
AISSIGRDTY,1
AIAPFDDQTY,1
AISPDGHYTY,1
AIESRGGYTY,1
AIAPFGGCTY,1
PINPYGRITY,1
AIGPFDEQTY,1
AINPYGHHTY,1
AISPFGSHTH,1
AISPFSYHTY,1
AIRQFGYDTY,1
AIRLWGSSTY,1
AINNGGRYTY,1
AIQYKGGSTH,1
TISPFGGFTY,1
AISPLGLSTY,1
AITAYGYATY,1
AIGPFGHITY,1
AISTFGSYTY,1
AISDYGRRTY,1
AISYVGGYTY,1
AILYNVGSTY,1
AIVPFGVDTY,1
AIGPFDDWTY,1
AIALFGNRTY,1
AISYDGSYAY,1
AIRPFGFETY,1
AITPFGYVTY,1
AIGPFGDWTN,1
AMAMWGGSTY,1
AIVPRGQLTY,1
AICFMGGSTY,1
AISQYGSRTY,1
AICPYGKLTY,1
VISSFGRRTY,1
AICWCGARTY,1
AISPWGSDTY,1
AIYPYGKGTY,1
EISPFGGRTY,1
AMSPWGGYTY,1
AINPFGISTY,1
AIRPHGRRTY,1
AISQFGNSTY,1
AISPQGYKTY,1
AIRWNGVENY,1
AIRPFGYHIY,1
AIIYNGGSIY,1
AIEPFGEWTY,1
AISPFCGLTY,1
AILPYGLNTY,1
AISPRGSRTY,1
TIAPFGSYTY,1
TINQYGRYTY,1
ATAMARHTYY,1
AISTYGFTTY,1
AICPVGGRTY,1
TIGPFGTRTY,1
SISPWGLGTY,1
AIGPFGIRTY,1
AISQFGNNTY,1
AITPYGRGTY,1
AIYPYGTYTY,1
AIRWNGDYTH,1
AISPFCGYTY,1
AMGPFGSGTY,1
TIRPFGGPTY,1
AIRAGGGFTY,1
AINPYSRRTY,1
AISPFVSLTY,1
AISQYGHTTY,1
AIAPNGWSTY,1
ATVPYGRRTY,1
AIRWRGGGAY,1
AIGSFGNGTY,1
SINYYGGSTY,1
AINYMGDSTY,1
AINPFGNHTY,1
VISPFGSYTY,1
AITPSGKRTY,1
AIRPFGRTTY,1
AIGRFGDSTY,1
AIKMWGGSTH,1
AISSFGRDPY,1
AIIYNGGSTH,1
AIAQWGSFTY,1
AISPFCNHTY,1
SISGYGSYTY,1
AIRPFGYRTH,1
AIYYMGCSTY,1
AISPFGEYIY,1
AIQPFGRSTY,1
AIGPFVDWTY,1
AIHPYGRRAY,1
AIGYSGDSTY,1
AIGPVGGSTY,1
AISPYGVYTY,1
AIRWSGAYTY,1
AISPYCDVTY,1
AXGPFGNITY,1
AISPFGYVTY,1
TIGPFGDWTY,1
AISQFGLETY,1
VISPFGSSTY,1
AINPYGSYTN,1
RDKPVGWFYL,1
VIAPWGGRTY,1
AIAPFGWGTY,1
AISEYGYDTY,1
AIRYKGSSTY,1
SIGPFGDKTY,1
AILPYGESTY,1
AIHPYGEYTY,1
AIAPSGGSTY,1
AISYNGDSTY,1
AIADFGYRTD,1
AITYVSGSTY,1
AIRTVGGDTY,1
AIYPNGGGTY,1
AISPWGYDTY,1
AIAPFGATTY,1
AIAPWGYLTY,1
EIGPFGEYTY,1
RISPYGSYTY,1
AIGMWAGSTY,1
AITLWGGSTY,1
AISPYGYYTH,1
AIGSFGGTTY,1
EIRAFGGGTY,1
AISSYGGYIY,1
ATQPFGKETY,1
AIRPCGGDTY,1
TIAPFGKYTY,1
AISLFGRSTY,1
EIAPFGSHTY,1
AIGPFGSYTN,1
AINPCGSYTY,1
VIRPFGFNTY,1
AIAPYGIRTY,1
AIKPFGRSTY,1
AILPYGDWTY,1
TISMWGGSTY,1
AISPNGGSTY,1
AIRFSGLSTY,1
AIVQFGNYTY,1
AIEPFGYSTY,1
VIRPWGYQTY,1
AIMMAGGSTY,1
VIRYVGGSTY,1
AIGTFGDRTY,1
AIAPWGSHTY,1
AIRMPSGSTY,1
ATSPWGLGTY,1
AINPDGQNTY,1
AINPFGDLTY,1
AIRPCGRSTY,1
TIGPFGSKTY,1
AIGPWGGHTY,1
AIGPFGCTTY,1
VIMMWGGSTY,1
VISYDGSYTY,1
AIRWNGDENY,1
AISPFGKHTH,1
AIGPLGAITY,1
AIAPEGLSTY,1
AIRWNGDEAY,1
AIPMCGGSTY,1
AIGPFGSRNY,1
AICPFGGYTY,1
AMSPFGTDTY,1
AIAPYGYGTY,1
TISPYGERTY,1
AIRLNGDETY,1
TISPFGLKTY,1
AIRYTGCSTY,1
AMSPFGAGTY,1
AIATFGYRTY,1
AICPFGSYTY,1
AISPICNWTY,1
AISPYGWTTY,1
TISPYGTKTY,1
AIQPYGRLTY,1
AISPYGGYTH,1
AIGPFGSLTD,1
AISPWGSYTY,1
TISPFGKETY,1
AISPFGYETH,1
EISWRGARTY,1
EIGPFGGHTY,1
AISNRCEWTY,1
AIIPIGGRTY,1
AITYYGDSTY,1
EIRPFGNYTY,1
AINPFGKATY,1
TIAPFGGTTY,1
AISPFGSYTH,1
AIYPYGYHTY,1
AITPYGVETY,1
AIGPFGYENY,1
AISPFVYQTY,1
AINPFGAYTY,1
TISPWGYHTY,1
AISPFGSCTY,1
AIRILGLSTY,1
AINYMGGPTY,1
AIAPFCYRTY,1
TIRSFGGETY,1
AISYDGSYIY,1
AIAPFGLNTH,1
AINYNGYSTH,1
AINPFCGHTY,1
AIGPFGRGTH,1
AITEYVYATY,1
TITPFGEWTY,1
AISPICSGTY,1
AIRWTGVETY,1
VIRPFGDSTY,1
TISPFGQNTY,1
AINQYGRHTY,1
AISTFGISTY,1
AISPFCFETY,1
AIQNSGGNTY,1
TISPYGGYTY,1
AIPYVCGSTY,1
AIRPFGGDTN,1
AMHPYGRRTY,1
EIGPFGGSTY,1
AIGPFCSKTY,1
AISPYGIDTY,1
AIAPFGYLTY,1
AIAQFGNSTY,1
AINQYGLYTY,1
AIAPFCRNTY,1
AMSPFGYHTY,1
AIGPFVGHTY,1
AIAPLGWSTY,1
AIAQFGGYTY,1
AICPFGRSTY,1
AISTFGGDTY,1
AISQFGSYTY,1
AISPFGYDAY,1
AITYSGGSTY,1
AISPWGDATY,1
AIGPLGSYTY,1
AIQMRGDSTY,1
AIGPFVSLTY,1
AIETFCGRTY,1
AMSPFGGQTY,1
AIGPFGFKTY,1
AISPFGLTTH,1
AIALFGNTTY,1
AISPFGGATN,1
AIRQFGGRTY,1
AINPYGRNSY,1
AITPFDNLTY,1
AIHPYGDLTY,1
AIFPYGEWTY,1
TISPYGYRTY,1
AIRFAGTDTY,1
AISWRVARTY,1
AIRTFGISTY,1
AISPRGRTTY,1
AIQPFGSETY,1
AIAPFGMSTY,1
AIGPFCGGTY,1
AIGPFGHATY,1
AITPLGKSTY,1
AIATYGSFTY,1
AISPSGTSTY,1
ATSPFGFKTY,1
AIRLSGNYTY,1
TIDPYGIYTY,1
AIGPFGGGTH,1
SITYKGGSTY,1
AIRPFGFTTY,1
AIRPFGAHAY,1
AISPSGGNTF,1
TISDYGSYTY,1
AIRWRGGNTY,1
AISPFCQATY,1
AIAPFGEYTH,1
VIAPFGHQTY,1
VITPFGIGTY,1
AITPFGVGTY,1
AIRAFVGGTY,1
AITPYGQSTY,1
TILPWGSYTY,1
AIAPFGVYTY,1
ATSPFGRATY,1
AMGPFGRGTY,1
AISPFGCQTY,1
AIAPLGRSTY,1
AIGRFGGYTN,1
AIRPFGKQTY,1
AIIPFGGDTY,1
AIGPLGGTTY,1
AIRWYGVATY,1
AIRPCGEYTY,1
VISPWGGYTY,1
ALVPYGTLTY,1
AIAPFVRNTY,1
SISPFGGGTY,1
AMSPWGFKTY,1
AIRPNGQYTY,1
AIAPFRNSTY,1
AISHRGNWTY,1
AIIMSGGSTY,1
AMRPFGGRTY,1
AISRFGSNTY,1
AIIPFGSITY,1
AIRPFGNRTY,1
AISSFGDDTY,1
AISPSGYNTY,1
AISPYGQRTY,1
AIGPFGCPTY,1
AIVPYGHYTY,1
AISPFGQKTH,1
AIRYNGCSTY,1
VIRPFGGYTY,1
AICPFGSTTY,1
AISPWGLSTY,1
AIAQSGYKTY,1
AISPFGRCTY,1
TIAPFGNTTY,1
AITPFGNLTY,1
AISPSGAFTY,1
AINPFGGGTY,1
AIDPHGNNTY,1
TIRAYGNYTY,1
AINSTGGWTY,1
VINPYGSITY,1
AISPGGSYTY,1
AINPYGQKTY,1
AIGSYGNYIY,1
AIGPFGRGTN,1
AIPPFGGDTY,1
AIKIWGGSTY,1
AIGPRGDRTY,1
AVAPFGYRTY,1
AISPFGGWTD,1
AISPFGAYNY,1
AISPWGDHTY,1
AIDPWGGKTY,1
AISPLGEWTY,1
AITPFGHDTY,1
AITPFGSQTY,1
AIGPFCSVTY,1
AISPFGCVTY,1
AISPFGQVAY,1
AMRWNGDETY,1
AINPYCSYTY,1
AIGPCGGTTY,1
AITPEGNYTY,1
AMSPFGAYTY,1
AIGPFVGTTY,1
AIRPFCYETY,1
AISEYGDLAY,1
AIDMWGRSTY,1
AIMYMGGYTY,1
AIGPYGDSTY,1
SIIHISEPTR,1
AISPFCQKTY,1
AINRNGSYTY,1
AINPYCEYTY,1
AIGQFGSYTY,1
AITPFCNYTY,1
AIGPYGESTH,1
AMRPWGYQTY,1
AITPFGSYTH,1
AIAPCGAYTY,1
AITPFVEWTY,1
AIGPFGNYTH,1
AISPFGSRAY,1
AICPFGSHTY,1
AIDSYGWRTY,1
AIQWNGLDTY,1
AIGLFGDYTY,1
AIAPFGRYTH,1
AIRTFGDYTY,1
AMTPFGEWTY,1
AISWRDNYTY,1
AIFPYGGHTY,1
AISSYGVDTY,1
AIAPFGSSIY,1
AINEYGYATY,1
SISPFGGLTY,1
AISEYGKYTY,1
AIKNYGLRTY,1
AISYTGGSTH,1
AIGPFCGYTY,1
AIAPFGSNAY,1
AIGPFGIGTY,1
AIAMWVGSTY,1
AISTYGSRTY,1
SISPYGRYTY,1
AIRPFGGGTY,1
AINTRGGQTY,1
AICPWGNSTY,1
AIRWRDGGTY,1
TIAPFGSHTY,1
AIHWDGTNTY,1
AVRPFGNYTY,1
AIAPFCNTTY,1
AIAPFCSYTY,1
AISEYGHTTY,1
AILAFGGHTY,1
AISPCGKNTY,1
AIRPYGKITY,1
AIKAYGSRPY,1
SISPFGDLTY,1
AISWHGQNTY,1
AMSPYGSHTY,1
AISSFGYQTY,1
AIRWDGSYTY,1
AIRYDGSYTY,1
AIRYIGGSTY,1
AISPWGHHTY,1
AIVPFGNETY,1
AMSPFADYTY,1
AISPFVTDTY,1
AIGPFGRSTH,1
AINQYGRYIY,1
AIQPFGRNTY,1
AIADFGWRTY,1
AISPYGNYIY,1
AILPFGSNTY,1
AIQGYSGITY,1
AIAPFGWNTH,1
AITTFGEYTY,1
TIAPFGFRTY,1
TISSFGDNTY,1
AITEYGYATN,1
AIITFGYKTY,1
AMRPFGGYTY,1
AIQPYGLSTY,1
EISPFGSFTY,1
ATRPFGHSTY,1
AISWRDARTY,1
AIGPFGDSAY,1
AISYSGGTTY,1
AINMWDGSTY,1
AISTSGACTY,1
AIGPNGGYTY,1
ATVPYGTRTY,1
AIAPFGRPTY,1
AISPYGSYAY,1
AISPRGATTY,1
AISPHGSSTY,1
AISQFGGSTY,1
AIHPYGSLTY,1
AIKPFGLGTY,1
AIRPGGAYTY,1
AIRLFGYRTY,1
AISPFGRAAY,1
AISSFGSSTY,1
AISTFGSLTY,1
TISPFGENTY,1
AIRWRGDRTY,1
AISPFCYRTY,1
SISPFGNSTY,1
AVSPFGYKTY,1
AISNNGYCTY,1
AISPFGGYAY,1
AIRPFGGDTD,1
AMTMWGGSTY,1
AIKPFGGRTY,1
AIVPFGEWTY,1
AISPVGTGTY,1
AIAPFGDCTY,1
AIAYNGGSTY,1
AICPFGFTTY,1
AIKVYDDRTY,1
AINPFGCHTY,1
AIASFGGYTY,1
VIAPFGSWTY,1
AISQFGSSTY,1
AISPFCFKTY,1
AISYDGIYTY,1
AIAPFGGYTD,1
AIRMWGGPTY,1
ATSPFGISTY,1
AIAPFCQNTY,1
AVVPFGSNTY,1
AICEYGTGTY,1
AINPFGGTTY,1
EISPFGGYTY,1
AISYVDGSTY,1
VISPYGGYTY,1
TIAPFGEYTY,1
AINPFGGATY,1
AIQMEGGSTY,1
AISPYGGYIY,1
AIHGYGSYTY,1
AISPFGGLTH,1
ARGPFGGHTY,1
AIRPFGCNTY,1
AIGSFGGHTY,1
AIQPFGDSTY,1
AINYYGESTY,1
AISPTGRYTY,1
AIGPNGYDTY,1
AIAQFGLNTY,1
TIQPFGSGTY,1
AIRRFGGHTY,1
AIATFGHKTY,1
AITTYGSITY,1
AISECGYGTY,1
AISQYGRRTY,1
AIYPLGIGTY,1
AIGPFGILTY,1
TIFPYGSFTY,1
AISPFGYNTH,1
AISPSGHQTY,1
AIFPYGYTTY,1
AIVPFCNNTY,1
AIRPLGNQTY,1
AIHPLGWGTY,1
AISTFGYHTY,1
AIKSFGYRTY,1
AIGPYGAYTY,1
AIAPYGDGTY,1
AILPYGNYPY,1
TIRPFGLETY,1
AISPYGHVTY,1
AINPEGQNTY,1
AINPYGSYIY,1
AIAPTGDYTY,1
AISPCGGYTY,1
AIMFWGGSTY,1
AISSRGDRTY,1
AIQYMGGPTY,1
AISDYCTRTY,1
TIGPHGNNTY,1
AIAYVSGSTY,1
AMSYDGYSTY,1
AIGSFGGQTY,1
AIRPFGADTY,1
AINLYGRRTY,1
AIIPFGAYTY,1
AIRPFCYDTY,1
AISPLGRTTY,1
AIQGYGGIAY,1
AIAPFGRRAY,1
VISPFGNSTY,1
AISPFGRTPY,1
AIAPFCSHTY,1
PISPFGQVTY,1
AISPFGTTTY,1
AISPLGVTTY,1
AILPWGGSTY,1
AIGPYGSLTH,1
AIGPSGLNTY,1
TIGPFGEYTY,1
AISPFGDTTY,1
AIGPFGEYTH,1
AIGPFRGHTY,1
AIAPFCSNTY,1
AIRPFGGDTC,1
AIAPFGYQTN,1
AISQFGSNTY,1
AIRWNCVSTY,1
AITVYGDNTY,1
TINYKGGSTY,1
AISPYGWRTY,1
TISPFGDWTY,1
AISSFGRRTH,1
AIRQFGSFTY,1
AISPYGSHTH,1
AIIPFGRTTY,1
AIRWNGLYTY,1
AIGPKGDTTY,1
AIAPFGFETY,1
AIGTFGSKTY,1
AIRYTGGSTH,1
AISPFSSETY,1
AISASGGHTY,1
AIAPFGGYSY,1
AINHRGGWTY,1
AMAPWGGRTY,1
AIRPFGHWTY,1
VISPFGYNTY,1
AISPFGYNSY,1
AIRPNGKITY,1
AIAPFGGTNY,1
AIGLFGGYTY,1
AIRPYGSRTY,1
TISPFGGQTY,1
TISPFGRATY,1
AITEYGQWTY,1
AISPFGERIY,1
AISTFGGTTY,1
AIVPYSRRTY,1
SISPFGRTTY,1
AISLCGARTY,1
AIIPFGSTTY,1
SIAPFGRITY,1
AIGLFGHTTY,1
AIRPLGSFTY,1
AIAPFGYRIY,1
AIGPFCDWTY,1
AIHPDGRYTY,1
PINPFGGYTY,1
AIIPYGNKTY,1
AICPYGESTY,1
AIAPLGETTY,1
AISRDGSYTY,1
AIIPFGGATY,1
AISPFGREIY,1
AISDFGGYAY,1
SISPFGSRTY,1
AIDPFGSQTY,1
AISSMGDSTY,1
AIGLYGSYTY,1
AIDPFGNGTY,1
AIRPFGFYTY,1
AIAQFGLKTY,1
AIDYWGDSTY,1
TISPFGASTY,1
AISEYGQYTY,1
AIRSFGGLTY,1
AINYGGGYTY,1
AISPRDNRTY,1
AIGPCGSYTY,1
AILYTGGSTY,1
VISPFGRTTY,1
AIRSFGGWIY,1
AINPYDRITY,1
AISPYGEIAY,1
AIKIDGKTTY,1
AITPFGQFTY,1
AIRPSGSYTY,1
AISYRGNSTY,1
AIQQFGNYTY,1
AIGPYGDRTY,1
AIAPFSFKTY,1
AISEYGYRTY,1
AIAQFGGDTY,1
AIRYSGLYTY,1
AISPFGFKTH,1
AICPFGNYTY,1
PIAPFGGYTY,1
VIVMWGGSTY,1
VIAPFGSSTY,1
AIVPYGRRIY,1
SIAPFGHKTY,1
SIYPYGRFTY,1
TIRPWGYQTY,1
AMTPFGLSTY,1
TIGPFGYSTY,1
AIAPCGHQTY,1
AIRWNGDYAY,1
AIVPYGHHTY,1
AISPCGDLTY,1
AIIYSDGSTY,1
SISPFGSYTY,1
AISPFGAPTY,1
AISPFGSSTH,1
AIAPYGHVTY,1
AINPYGRYTN,1
AIGPFGTRTH,1
TISWDGSYTY,1
AIQYRGDYTY,1
TITPFGSLTY,1
AIGPVGDKTY,1
AIRYMGSSTY,1
AISLFGGNTY,1
AISPVGSDTY,1
AIAPFCNLTY,1
AINDYGTRTY,1
AISMWGGSAY,1
AISPFGYTTN,1
AIGPFCNITY,1
ATAMWGGSTY,1
AISPFCEWTY,1
TISPWGGYTY,1
AIAPYGNYAY,1
AIQIYGSRTY,1
AIVPFGISTY,1
AMGWDGGYTY,1
VIRPFGHSTY,1
AIRLFGDSTY,1
AIRSFGTRSY,1
RISPYGYSTY,1
AIRPYGDHTY,1
AIGLRGNYTY,1
TISPFGDATY,1
AISPCGNYTY,1
AIKPDGKYTY,1
AIVPYGPRTY,1
AISWVGNYTY,1
AISQFGDATY,1
AIRWRGQNTY,1
AISPFGHPTY,1
AIGPFGVTTY,1
AIAPFCYDTY,1
AISPFGKYTH,1
AISQFGGDTY,1
ATSPFGGRTY,1
AISPFCFDTY,1
AINPYGKYIY,1
ATQPFGDRTY,1
AIMYNDGSTY,1
ATRPWGYQTY,1
AIAPVGNTTY,1
AIGWRGNYTY,1
AISQFGEYTY,1
AIIPFGGSIY,1
AIAPYGYQTY,1
AIAPFGRGTH,1
VIRAYGNYTY,1
AITPFDISTY,1
AINYMGGSTH,1
AISYYGCSTY,1
AISRFGDGTY,1
AIHYVGDSTY,1
AIAPFGEYAY,1
AIVSFGGDTY,1
AIGTFGYNTY,1
AIGQYGSYTY,1
AIAPSGNSTY,1
AIGPFGSFIY,1
AIMILGGSTY,1
AISPYGAYTN,1
AISPFGSYIY,1
AIMYTGGSIY,1
AIRPFGRCTY,1
AISPLGRRTY,1
TISPFGYKTY,1
TISPFGIGTY,1
AIRMHGSSTY,1
ARAMWGGSTY,1
AISPYGFDTY,1
AIKAWGQVTY,1
TINPYGSKTY,1
TISPFGWETY,1
AISYMGCSTY,1
AIRWNGDYIY,1
AITPFGECTY,1
AISPVGYDTY,1
AISTSGGVTY,1
AISPFGHYTH,1
AIRWAGNYTY,1
EIAPFGYRTY,1
AIVPFGLKTY,1
AIRYAGDSTY,1
SIRPFGYNTY,1
AISPTGKYTY,1
VIRPFGLETY,1
AMRPWGGSTY,1
AIDPFGEYIY,1
TIRQFGNYTY,1
AISPLGKQTY,1
AIRPLGYDTY,1
AILPFGWETY,1
AITDYGPSTY,1
AISPFGQCTY,1
AIRPSSDRTY,1
AITTFGYQTY,1
AIRPCGFNTY,1
AISTFGRQTY,1
AISPYGSYTH,1
PISDFGGYTY,1
AISTWGDLTY,1
AIRWSGGGTY,1
AIGPFSNVTY,1
AISPNGSWTY,1
AISQYGRTPY,1
AIAPYGDRTY,1
AIAPFGKYSY,1
TIVPFGGDTY,1
AIVPFGQNTY,1
AIRYVGCSTY,1
AIAFAGGSTY,1
AILPYGFRTY,1
AISFMGGYTY,1
AMSPFGDLTY,1
TISPWGGHTY,1
AIDVYGHNTY,1
SIGPFGHTTY,1
AISPRGYNTY,1
LYTSPSPRAN,1
AISQFGASTY,1
ALKPFGNHTY,1
AISPFSRYTY,1
AICYSGGSTY,1
AIGFYGGLTY,1
AIVPYCRHTY,1
AISPFGCITY,1
AINYMGGSTC,1
AIDNVGNITY,1
AICEYGYATY,1
TISPFGEKTY,1
TISPFGNLTY,1
AITSFGRDTY,1
AIYPYCGGTY,1
AISPSGKLTY,1
AISPCGSYTY,1
AISPFGYRTD,1
AISTFGVGTY,1
AIPPFGHKTY,1
AIRWRRGGTD,1
VITPFGFKTY,1
AIAYMGDSTY,1
AINYDGSYTY,1
AIGYIGGSTY,1
AISDYGTHTY,1
AIRINGGSTY,1
AIGFYDGSTY,1
AMGPFGDKTY,1
AISPEGGATY,1
PINYMGGSTY,1
AISQFGYKTY,1
SIGPFGSTTY,1
TISPFGFQTY,1
AISPFGYHTH,1
AITPYGGYTF,1
AIRLFGYNTY,1
AIRYTGDSTY,1
AIRLWGRSTY,1
TIRPFGYHTY,1
AIRVYGNYTY,1
AIQYMGDSTY,1
AIRWLGGGTY,1
AIRPWGYQAY,1
AIQHSGWGTY,1
AISPFGNYPY,1
SISPYGNYTY,1
AIGASGKYTY,1
AISPYGGRTD,1
AISYRGGTTH,1
AIAPYGCYTY,1
AIQYRGNYIY,1
AIQYHGNYTY,1
SITPFGKWTY,1
AISSFGDNTH,1
AISPYDGYTY,1
AIQEYGEFTY,1
AINPYGLRTH,1
AISPYGTQTY,1
AISPYGTNTY,1
AIGDFGGYTY,1
AISPFGKYAY,1
AINPFGIGTY,1
AMSPFGRYTY,1
AISTNGFRTY,1
AIRPFCANTY,1
AISPWGGSTY,1
AISPFGGNTC,1
AINPFGDNTY,1
AIAPFGILTY,1
AIAPLGGTTY,1
AIEPFGKYTY,1
AIAYMCGSTY,1
ATSPFGVATY,1
AIAPFGHTTY,1
AISPYGKSTY,1
SIPMWGGSTY,1
AISPNGGRTY,1
AIRSWGGSTY,1
AIAPFGSNTH,1
AINPFGGYTS,1
AIARWGGSTY,1
AISQFGSLTY,1
TISPFGAYTY,1
AMSPFGVTTY,1
EISPFGGNTY,1
AIRCAGDYTY,1
AIQPHGLRTY,1
AIGPFGLNTY,1
AISPFGQKIY,1
AISPFGCPTY,1
AIHPYGRHTY,1
AIAPYGSVTY,1
AIRMWVGSTY,1
AIRWYGVDTY,1
AITPYGDDTY,1
AIHPYGAYTY,1
ARRPFGGRTY,1
AISEYGYHTY,1
AISQNGYRTY,1
AIVPYGSATY,1
AIQIWGGSTY,1
AISHTGGSTY,1
AIVPYGRKTY,1
AINQYGKYTY,1
AITYFGGSTY,1
AIAMWSGSTY,1
AVNPYGSYTY,1
AIALFGYQTY,1
AIRWNGHPTY,1
AILPFGWGTY,1
AINPYGNNTY,1
AIVPFGCYTY,1
TISYMGGSTY,1
PIGPFGHTTY,1
TILPSGGYTY,1
AIGPFCYTTY,1
VITPFGSHTY,1
ATNYVGGSTY,1
AIKPFGRRTY,1
AIQYRCNYTY,1
AMSYSGGSTY,1
AIAPNGSFTY,1
AIGFHGGSTY,1
AIHWDGNITY,1
AMAPFGNHTY,1
AINPFSGYTY,1
AITPFCETTY,1
AISYVGGLTY,1
AIAPFGNHTH,1
AISTFGLRTY,1
AIGPFDGGTY,1
TIRWNGIYTY,1
AILPYGGSTY,1
AITPFGYGTY,1
AIALFGGKTY,1
TISPFGKNTY,1
PLPPLATHTY,1
VIGPYGESTY,1
AIGGYGVRTY,1
AITPFGHETY,1
AILMSGGSTY,1
AISPLGRDTY,1
AIIWRGARTY,1
AIRQWGYQTY,1
AIYPYGQYTY,1
AIGDYGRATH,1
EISKVGNDTY,1
AILPYGTLTY,1
AIFPYGNYTY,1
AIGPYGFNTY,1
AIRSFGGNTY,1
AIRWSGDETY,1
AVNTYGNYTY,1
AIFPYGSRTY,1
AIGPFGKLTH,1
AISLFGGATY,1
AISPFGSWTC,1
TIAPFGYRTY,1
AVSPFGTNTY,1
AITPYGGATY,1
AISPLGNSTH,1
AIDPYGDYTY,1
AISPSGNATY,1
AIVPLGNNTY,1
AISLYGKYTY,1
TIRWNGDYTY,1
AITPFGNKTY,1
VIAPYGSYTY,1
AIRPWGDSTY,1
AISQFGGYTY,1
AMSPEGGWTY,1
AIGTFGSGTY,1
AIGMAGGSTY,1
AIKVYGVRTY,1
SIRWSGNQTY,1
TISPYGTRTY,1
VISPFGQVTY,1
TIAPFGLSTY,1
VIRPFGYNTY,1
SIAPFGYRTY,1
AIGPIGSYTY,1
VIGPFGGITY,1
VIDYAGTETY,1
AISPFVYKTY,1
AMSPFGHWTY,1
AICPFGKLTY,1
AIRPWGNHTY,1
AINPYGYKTY,1
AISPLGSITY,1
AILYAGGSTY,1
AIIYSSGSTY,1
AIIPFGGLTY,1
AINYTGGSTY,1
AICPYGGGTY,1
AIDPFGGGTY,1
AIRPFGVHTY,1
AINPYGFDTY,1
AIRPFGQKTY,1
ARSPFGSLTY,1
AIADYGSYTY,1
AIRRNGDYTY,1
AIDPYGYTTY,1
AIIPYGAYTY,1
AILHYGGSTY,1
AMQNSGGHTY,1
AIDVYGYYTY,1
AIRPFCGYTY,1
AMGPFGYSTY,1
AIAPFGRGTD,1
AIQPFGANTY,1
AIGPYSNNTY,1
AISPFGSLTH,1
AISPFGSPTY,1
AISPFDNRTY,1
VISPWGRHTY,1
AIRMWGGSIY,1
AISDFCEKTY,1
TIAPFGDTTY,1
AIRPFGYNTH,1
AISPYGSITY,1
AIIYYGGSIY,1
AIAPFGRWTY,1
AIAPFGVKTY,1
EIRAYGNYTY,1
AISDYGIRTY,1
VIAPFGNSTY,1
AITRLVVTPI,1
AIIWRGNYTY,1
AIRPIGSDTY,1
AIEPFGHTTY,1
AISPFSQGTY,1
AISPFGQMTY,1
VISPFGISTY,1
AITEYGYAPY,1
AIRPFGGPTY,1
TIGRFGGYTY,1
TIRPFGDSTY,1
VIVPFGGYTY,1
AIRPFVGDTY,1
VIVPYGRRTY,1
AMSPYGGITY,1
AIVPFGRITY,1
AISQFGDITY,1
TIRTFGSTTY,1
AIVQFGSNTY,1
AIVPCGRSTY,1
AIAQFGGSTY,1
AINYMGGSTD,1
AIGQFGGRTY,1
AITPDGYKTY,1
AISSFGYGTY,1
SISPFGLRTY,1
AIRPYGTYTH,1
AIHPFGSNTY,1
VILPYGDRTY,1
GIRPFGYDTY,1
AMSPDGKVTY,1
EIGPFGHYTY,1
AISPEGKYTY,1
AITPFDEWTY,1
AITPYGQETY,1
VIVPFGGDTY,1
TISYYGGSTY,1
AIMYTCGSTY,1
AIRLSGNLTY,1
AMAPFGSHTY,1
AIQSFGQYTY,1
AIGHFGGHTY,1
AISPLGWHTY,1
AIRGIGGKTY,1
AILTYGSFTY,1
AINYMSGSTY,1
AISGGGRSTY,1
ARGPFGGSTY,1
AISCRGARTY,1
AINPAGQWTY,1
AIRFGGAYTY,1
ARSPFGGNTY,1
AISPFGSLTN,1
AIGMWGGSTH,1
AIGPFGGIAY,1
AIEPFGYKTY,1
PIRWNGVETY,1
AIRYKCGSTY,1
VIPMWGGSTY,1
AIHPYGCRTY,1
AIIYMGCSTY,1
AISQFGGQTY,1
AISPSGGHTY,1
AISPFGYTTD,1
AISSRGTRTY,1
AISPYGRYNY,1
AISPFGLDTH,1
AIQLLGGSTY,1
AINAYGRRTY,1
AIGPYGGPTY,1
AIVPFGYNTY,1
AISPLGGDTY,1
AISYMGRSTY,1
VIAMWGGSTY,1
VISPYGYYTY,1
AMDPYGTYTY,1
AIYPLGSGTY,1
AISPSGGRTY,1
AISPFCDVTY,1
AILPCGDRTY,1
AIGMWGGTTY,1
AITPIGSTTY,1
AIRWRSGGTY,1
AIVPYGCRTY,1
AITPFGEWIY,1
AIGPVGKATY,1
AISLFGNRTY,1
AITPFGVDTY,1
AILSYGNLTY,1
AIRSFGYNTY,1
AIGPWGNYTY,1
AITPLGGLTY,1
AIRFADYETY,1
AISDNGNITY,1
AITEYGYATH,1
AISQFGQKTY,1
AISPNGHITY,1
VIGPFGSSTY,1
AIKRFGNSTY,1
VVGPFGGSTY,1
EISPFGYTTY,1
AVSPFGSRTY,1
AISEYGWGTH,1
AISPFCYQTY,1
AIVPYGKYTY,1
AIGPYCSYTY,1
AISYYGNSTY,1
TISPFGSSTY,1
AIGPFGDDTY,1
AIRPYGYHTY,1
AIPMWVGSTY,1
TIEPFGGKTY,1
AINPYGSLTY,1
AMTPYGGYTY,1
AIVPYGDVTY,1
AINPFGQRTY,1
AIRPFRLETY,1
AIGPYGDKTY,1
AITPFAFKTY,1
AIALFGKYTY,1
AIRFASYETY,1
AIRWNSVSTY,1
AIAPFDNKTY,1
AISQFGSRTY,1
VIHPYGRRTY,1
TISPFGSVTY,1
AISPFGNWPY,1
AITYMGGSTC,1
AIAPFGGATY,1
AIRPLGDVTY,1
VIDMWGGSTY,1
TISPYGNLTY,1
AIRPFGRRTY,1
AIRIYGSRTH,1
TISPFGKATY,1
AICPFGYRTY,1
AISPGGQGTY,1
EIAPFGHKTY,1
TIGPFGYTTY,1
AIIYTGCSTY,1
TIGPFGYETY,1
AIRQFGWDTY,1
AINYNGYRAY,1
AIMYTGSSTY,1
AIKPFGYSTY,1
VIGPFGDKTY,1
VISPYGGTTY,1
AICPYGNYTY,1
AISPFCEYTY,1
AISPFGSETN,1
AIRWRRYGTY,1
AIIPFGRYTY,1
AIVPYGSFTY,1
AISPFGQRAY,1
AIGPGGGLTY,1
AISYRGGITY,1
AIAPNGSRTY,1
AISPFGLKIY,1
AIRPFGSTTY,1
AINPFGGFTY,1
AINPYGIDTY,1
AIRYKGCSTY,1
AILLYGNLTY,1
AIGTFGSRTY,1
AIGEYGWGTY,1
AISPPGNFTY,1
AIRSSGYDTY,1
AILYYVGSTY,1
AIMMLGGSTY,1
AIRPNGDRTY,1
AICPPGEYTY,1
AISPIGEVTY,1
TIAYYGGSTY,1
AIAPFGNCTY,1
AIAPFGCHTY,1
TIIYNGGSTY,1
AIGPYGYITY,1
AIRAYGNHTY,1
TINPYGHITY,1
SIAMWGGSTY,1
RYIRMVAVPI,1
EISPFGGTTY,1
AINPFGWETY,1
AIVPFGRSTY,1
AISPFCGTTY,1
AISPLGSWTY,1
AMSPFGYGTY,1
AISPFGSLTS,1
AIRWRGGRTY,1
AIQPRGDGTY,1
AIGQFGLATY,1
AMSPWGGHTY,1
AISPFGDATD,1
AIGPYGIRTY,1
AISPFGYCTY,1
AISGSGRSTY,1
AISPVGGYTY,1
TISYRGDWTY,1
AIGPFSGITY,1
AIRPFGWDTC,1
AITTFGASTY,1
AISPFGYDTH,1
AIRPFGTNTY,1
AICPSGIKTY,1
AIAPFGYYTY,1
SIAPFGEWTY,1
AILSYGEFTY,1
ATFPYGQLTY,1
AISPLGTITY,1
AISPGGRQTY,1
AIKMWGDSTY,1
AINPFGGLTY,1
AISTFGGETY,1
AIAQFGNTTY,1
AIRSFGWSTY,1
AITPFGTSTY,1
AINPYGRRSY,1
TISPFGYNTY,1
AMSDFGGYTY,1
AIGHYGGSTY,1
AISPFCRYTY,1
AISPYGSTTY,1
ALGPVGGSPA,1
AIGPVGGSTD,1
AISPVGNWTD,1
AIRSVGGGTA,1
ALQPVGSNTA,1
AIRWNGVETD,1
AIRPFGHSTH,1
VIGPFAGSTY,1
AISGYGRNTY,1
AISGTGNRIY,1
AIGPVGTETY,1
AISPVGNSTY,1
AIGPVGGHTY,1
AISPVGYNTY,1
AIRYAGDFTD,1
AIRPVGGDTY,1
AITDYGQRTY,1
AINPYGSYTH,1
AIIPFGGGTY,1
AISPFGLYTY,1
ATRPFGYHTY,1
AIGPYGTRTY,1
AISLFGYTTY,1
AIIPFGSYTY,1
AIRVFGGGTY,1
AIKLFGQGTY,1
AMAPYGSYTY,1
AIPYNGGSTH,1
TIAPWGRSTY,1
SISPSGYGTY,1
ALRPFGGDTS,1
AINYMGVSTY,1
AIGYLGGSTY,1
AIRSLGDKTY,1
AMRIYGSRTY,1
AIKPFGVDTY,1
AMVPYGRYTY,1
AINPFGEYTY,1
TIAPYGNRTY,1
AISPFGGWIY,1
TISPLGGSTY,1
AIAPCGRSTY,1
AIAPYGNHTY,1
AISQYGGGTY,1
AIRWSSNQTY,1
AIPPYGNYTY,1
AIGQFGRSTY,1
AILMRGCSTY,1
AISHRGGSTY,1
AIRPFGGETY,1
AIRSLGYNTY,1
AIAPFGSFTY,1
AMSPFGSYTY,1
TISASGGRTY,1
AISPYGHFTY,1
AINWCGSYTY,1
AIAPFGGSIY,1
AIQMNGGSTY,1
AISPFGGDNY,1
AIQPFGDRTH,1
AIDPFGDFTY,1
AIQWSGNQTY,1
AIAQFGRYTY,1
AIAPCGLTTY,1
VIRWRGGGTY,1
AITYWGDSTY,1
AITPFGLKTY,1
AIGPWDNSTY,1
AIQPLGNRTY,1
AISPVGRDTY,1
TITPFGKSTY,1
AIAPYGSFAY,1
AIRGYGGITY,1
AIAPWGNHTY,1
AIVPFGDRTY,1
VITEYGYATY,1
AIGMCGGSTY,1
EISPFGGLTY,1
AIGPYGDYTY,1
AISQFGYNTY,1
AIQYKGGSTD,1
AINPFGNTTY,1
AIAPFAHQTY,1
AIGPFGKTTY,1
TIRYAGSYTY,1
AVSPFGGNTY,1
SIGPFGDSTY,1
AITPYGYRTD,1
AIDPFGFETY,1
AISNWGKYTY,1
AIVPFGLRTY,1
AIWYLGGSTY,1
SIGPFGDWTY,1
AIPPFGSYTY,1
ALSPFGQTTY,1
AICPLGNNTY,1
AISSFGGHTY,1
AISPFDQSTY,1
TIGPFGHTTY,1
EIQPFGSNTY,1
AISPDGVVTY,1
AISTFGGNTY,1
AISPYCSQTY,1
TISPYGRFTY,1
VIRPFGYHTY,1
AIVPFGDKTY,1
AITPYGEYTY,1
AIEVNGGNTY,1
AIGPLGSLTY,1
AIRYTCGSTY,1
TISPFGRSTY,1
AIRWAGDYTH,1
AISPFGGDIY,1
AIALFGDRTY,1
AICPFGDYTY,1
VISPYGAYTY,1
TIRLWGGSTY,1
AISPWGFSAY,1
AINPYGYHTY,1
AIGPFGSWTY,1
AINWRCSYTY,1
AINSFGDVTY,1
AINPFGRATY,1
AISQFGISTY,1
AIRWNGVEPY,1
AIQRRGRYTY,1
AIRPFGIRTY,1
AITPFGEKTY,1
AISQFGQRTY,1
AISSFGSDTY,1
TIKPFGDRTY,1
AIAPKGYQTY,1
AMGPFGDLTY,1
AIRYLGGPTY,1
AIQYSGGSSY,1
AIAPFCLKTY,1
AIGPFGKATY,1
AISPFGDCTY,1
AINMLGGSTY,1
AIVPFGGGTY,1
AMSPFGISTY,1
AMSPFGDATY,1
AIGPFSSSTY,1
AIGPLGINTY,1
AIDPFGSTTY,1
AISPFGYRAY,1
AIAPYGNTTY,1
AIRTFGYNTY,1
AIQMWGDSTY,1
AINDFGEKTY,1
AISNRGHITY,1
AIHPFGAGTY,1
AIEPYGSSTY,1
AISPSGHDTY,1
PIAPFGSNTY,1
TIKPFGGHTY,1
AIAPFGGNTY,1
AITPDGEYTY,1
AITPFGSYNY,1
TIAPFGRNTY,1
VITPFGVETY,1
VIRPFGGRTY,1
VISPYGSRTY,1
AIGSFGDKTY,1
AIAMWDGSTY,1
VIGPFGGTTY,1
TITYKGGSTY,1
AIRWRGARTY,1
AITPFGQWTY,1
AIGQFGSGTY,1
VIAPFGSYTY,1
AMQPFGDRTY,1
AISPFGNNTH,1
AIGPFGGSTF,1
AIRWNGYYTY,1
AMSPFGQNTY,1
AISYVGGSTH,1
AIRPFVYNTY,1
AISLFGLKTY,1
PISPFGGDTY,1
AIGYMGDSTY,1
AIGPFGDKTN,1
AISQFGQGTY,1
AIRQFGYRTY,1
AMPMWGGSTY,1
AISKVSNDTY,1
AIAEYGNTTY,1
AICPRGARTY,1
ARSPFGGRTD,1
AIQMQGGSTY,1
AIRWNGDETD,1
AISPFDSRTY,1
AIIPFGYHTY,1
AITPFGYTTH,1
AIRPYGEYAY,1
AIAPFGCRTY,1
AIRPFCYNTY,1
AIRPFGDKTY,1
ALKAFGSSTY,1
AIVYKGGSNY,1
AIAPFGSYAY,1
AIGQFGGTTY,1
AISPNGFSTY,1
AINYMDGSTY,1
AISPFGNTTS,1
AIMICGGSTY,1
AITPKGRNTY,1
AISPMGYSTY,1
AIGPFGSLPY,1
AISPHGRSTY,1
AIRWRGRGTY,1
AIGQFGNNTY,1
AISSFGRHTY,1
AIDPFGHNTY,1
AISPFGNFIY,1
AIQFRGGATY,1
AIGPCGGNTY,1
AITPFGGDTY,1
AIIPFGNRTY,1
AISMLGGSTY,1
AIGPFGCGTY,1
AIGPFDNGTY,1
AISPYGQNTY,1
AIRAYGNYTH,1
AITQFGIGTY,1
ALNYNGGSTY,1
AIAPFGCTTY,1
AISDYGYATY,1
AITPYGCYTY,1
AIAPYGGGTY,1
AISQHGRTTY,1
AIFYVGGSTY,1
AISDYGLSTY,1
AIGPFGSSTH,1
SIRPFGGYTY,1
AISDYGLCTY,1
AISPYGGTIY,1
AISHNGGSTH,1
TISPYGSYTY,1
AISPFGSVAY,1
AISPIGKYTY,1
AIETFGGSTY,1
PISPYGGRTY,1
AIGKAGHYTY,1
AISTRGNWTY,1
TISPYGSHTY,1
EIRWRGGGTY,1
AIVPCGTRTY,1
AMGPFGNLTY,1
AIGPCGNNTY,1
AISLFGSRTY,1
AIGPVGGITY,1
AIGPWGASTC,1
AISWDGSYTD,1
AIVPDGRRTY,1
AIAPYGFKTY,1
VIRPFGYSTY,1
AISQWGGNTY,1
AMRWNGLDTY,1
AVNPYGRRTY,1
AISPFSFRTY,1
AIIYYGGPTY,1
AIRPFGRATY,1
AIRILGLGTH,1
AISPFDNYTY,1
AIHPYGSYTN,1
AISNLGGFTY,1
AITPFGLYTY,1
AIVYMCGSTY,1
AIRWNGLNTY,1
AIAPFGFLTY,1
AIGQFGDWTY,1
AISYDGCYTY,1
AIIPFCYKTY,1
AIGPFGCRTY,1
AIRPFGSDTF,1
AMSPYGKLTY,1
AMVYSGGSTY,1
ARGPFGRSTY,1
AISPCGFKTY,1
AIGMWGDSTY,1
AIQQFGSNTY,1
AISSFGYHTY,1
VIMYMGGSTY,1
ATGPFGNITY,1
AIGYMGCSTY,1
RDKPVWLLTY,1
SIRWRGGGTY,1
AISPYGSHNY,1
AIGLYGGNTY,1
AIQPFGYHTY,1
AISGTGNHTY,1
AIGTFGERTY,1
AMRPFGYHTY,1
AIETYGGRTY,1
AIALFGHKTY,1
AIRTFGCDTY,1
AISPRGDYTY,1
AITYYGGSTL,1
AINYMGGSNY,1
AISPFGKFIY,1
AIAPCGSSTY,1
AILPYGNRTY,1
AILPFGYETY,1
AIGPFDGITY,1
AISPIGKETY,1
AIFPYGSNTY,1
AIIPFGNSTY,1
AITYKGSSTY,1
AISPQGDNTY,1
AIQLWGGSTY,1
AIAPLGQSTY,1
AISTYGEYTY,1
AIIWRGQNTY,1
AISPFGNAAY,1
AISYDGKTTY,1
AINYKGDSTY,1
AISPFGNSTC,1
AMAPFGNSTY,1
AISEYDYGTY,1
AIGTFGHTTY,1
AISPFDLDTY,1
AIQMWGGPTY,1
AIGRFGGVTY,1
AIRWRGGVTY,1
AIRPYGDATY,1
AISPFGYTTH,1
AIDVYGLYTY,1
AMSPFGGYTY,1
AIRFACTETY,1
AITPFGIETY,1
AIVPYGGNTY,1
AIAPFGYTTH,1
AIRWAGYYTY,1
AISPFVGRTY,1
AILAFGGRTY,1
AMSPSGSRTY,1
ALRPFGNYTY,1
AIQYNGGSTY,1
VITPYGSYTY,1
AIGPFCHYTY,1
AISPFGGNTD,1
SIRPFGGRTY,1
AISPFGNSTF,1
TIQGYGGITY,1
AISQWGLGTY,1
AISPLGINTY,1
AISLFGNFTY,1
AIAPFGYQTH,1
AIKPFGGFAY,1
AISPYGGRTH,1
AISLFGYRTY,1
AISPFCGATY,1
AIRWNCDETY,1
AINENGNHTY,1
AISPRGGDTY,1
TIAYVGGSTY,1
AINPFGFQTY,1
AISPRGTSTY,1
AIDPYGQVTY,1
AISSFGSLTY,1
AMAPFGSSTY,1
AIGLYGGSTY,1
AIGMPGGSTY,1
AIAPFCKYTY,1
AIVSFGGRTY,1
AIVPFGLTTY,1
AINTSGSRTY,1
AIDPFGNHTY,1
AIAYYGDSTY,1
AIRSFGRDTY,1
AISPFGYHTD,1
AMTFYGGSTY,1
AIKTYGDVTY,1
AISPYGLHTY,1
AMSPFGDNTY,1
AIRWAGYNTY,1
AISPLCGYTY,1
AISPHGSYTY,1
AIAPFGKRTH,1
AISPLGYNTY,1
AIQYTGGSTY,1
AIGPFGYATY,1
VILYMGGSTY,1
AIFPYGYNTY,1
SISPYGGKTY,1
AISWRGASTY,1
AISPFCSQTY,1
AISPYGRQTY,1
SIGPFGGITY,1
AINPFGFDTY,1
AIGPFGYITY,1
SIVPYGRRTY,1
AITPRGGRTY,1
AIGPSGRTTY,1
AITPFGDFTY,1
AISTFGYRTY,1
AVGPFGGSTY,1
AIIYYGSSTY,1
AISEYGWDTY,1
AINPTGYSTY,1
AIPWRGRGTY,1
AISYYGDSTY,1
AIQPFGSCTY,1
AIMPYGRSTY,1
AITPVGYSTY,1
AISPAGNDTY,1
AMGPYGGNTY,1
AISPFGGHPY,1
AISPFGYSIY,1
VIRWNGVSTY,1
AILWAGEYTY,1
AIALFGHFTY,1
AIDPFGERTY,1
AIRPFGGLTY,1
AINPYGQFTY,1
ATEPFGGKTY,1
AIGYKGSSTY,1
AIRPFGQWTH,1
AISQVGNDTY,1
AIRMWSGSTY,1
AIRPFVNYTY,1
AIAPYGLKTY,1
AISPFVMHTY,1
VIAYMGGSTY,1
AIRPSGRRTY,1
TIAPFGGKTY,1
TISPFGYATY,1
AIEPYGYYTY,1
AIGPFSDWTY,1
AIRPFGINTY,1
AITYYGGKTY,1
AISPFVSYTY,1
AMQYKGGSTY,1
AIGLFGSLTY,1
AIALFGYDTY,1
ALSPWGLGTY,1
AISPFGISSY,1
AISPYGNMTY,1
AIAQFGEWTY,1
AITPRGGYTY,1
AISGPGLATY,1
AILPSGGETY,1
ARGPLGKLTY,1
AIFPYGHYTY,1
ATIPFGGTTY,1
AIKMLGGSTY,1
AMRPFGWSTY,1
AINPYGPITY,1
VISPFGSLTY,1
AIGPYGESIY,1
RISPRGNWTY,1
AISSFGRNTY,1
VISPYGSYTY,1
AIQPFGGHTY,1
AISPIGSNTY,1
AISSFGNYTY,1
AISPLGYGTY,1
AIGPFVSSTY,1
AISPFCNRTY,1
AILSYGSFTY,1
AIGMWGSSTY,1
TIGPFGNITY,1
AIGRFGDYTY,1
AIRWNGGETY,1
TIRPFGWSTY,1
AIQMWGGSTH,1
AIQYYGGSTH,1
ARRPFGLETS,1
AMLMWGGSTY,1
AIPMWGGSTC,1
AINPYGRITS,1
AVRWRGGGTY,1
AISPFGCFTY,1
AITPIGFSTY,1
AISPTGYYTY,1
AIKIDGKVTY,1
AIYPYGKNTY,1
AISPDGFSTY,1
AISPFSNRTY,1
AICWRGARTY,1
AISSYGGSTY,1
AILFSGAYTY,1
AISPFGMDTY,1
AISQYGDRTY,1
AIALFGRGTY,1
AMSPYGGYTY,1
AIGPFCNTTY,1
AIRPYGEYTH,1
VIGPFGHTTY,1
AITYKGGSIY,1
AIRPRGGDTD,1
AIAPSGLQTY,1
AIGSFGGRTY,1
AIDPFGTNTY,1
AISPFGNATH,1
AIRPDGSYTY,1
AIGPTGLNTY,1
EINPFGGYTY,1
AINPFGQHTY,1
AISWSGDRTY,1
AIGPFVRSTY,1
AIRWRGGGTS,1
AITDYGLPTY,1
AIAPLGSSTY,1
AISPFCGVTY,1
ATSWRGARTY,1
AIRPIGYNTY,1
AIAPDGGYTY,1
AIGPIGGGTY,1
AIAHVGGSTY,1
VIPYVGGSTY,1
AIGPIGNNTY,1
AIGPLGSITY,1
AIRAFGGDTY,1
AIAPNGEWTY,1
AISPIGGYTY,1
AITPYGGSTY,1
AIKPYGGLTY,1
AISPFGGYTN,1
TIGPFGEVTY,1
AISSFGYNTY,1
AISPIGGNTY,1
AIYSKGSSTY,1
AILYSGGSTY,1
AIWPYGDYTY,1
AISPYGSRTH,1
AISPFCRATY,1
AIRWSDNQTY,1
AIKLWGGSTY,1
AISPFGYQTN,1
ATSPFGGPTY,1
TISEYGWGTY,1
AISPWGEATY,1
AINTFGDYTY,1
AISYMGDSTY,1
AIGPFGGYTN,1
AISPGGGSTY,1
VISPFGGYTY,1
AIPYVGCSTY,1
AISPFGDNTH,1
AIGSFGYETY,1
AMAPFGSYTY,1
AISPFGNRAY,1
AIRPHGEYTY,1
AIQWNGDNTY,1
TIKVYGDRTY,1
AIGPFGSLTN,1
AISSFGNWTY,1
AIDPFGSNTY,1
AIMIWGDSTY,1
AISPFGNAIY,1
AIAPLGDTTY,1
TISPWGGNTY,1
AIGPFGSFTH,1
AINSFGDNTY,1
AISTFGNRTY,1
SITPFGHNTY,1
AMSYYGGSTY,1
AICPHGNNTY,1
AINPFGYGTY,1
AIRWYGNYTY,1
AMGPFGEQTY,1
SISPFGGWTY,1
AIVPYGCYTY,1
SISPFGGRTY,1
AIAPLGNRTY,1
AIRWNGEETY,1
AMSPFGSSTY,1
AIRPYGTYIY,1
AIVPFGDSTY,1
ATSPFGYTTY,1
AIDARVSWTY,1
AIGTYGYTTY,1
AIAPSGEYTY,1
AITPFCEWTY,1
AISPVGQVTY,1
AVSPFGNTTY,1
AIGSFGDWTY,1
AIIYGGGSTY,1
AIGYNGQPTY,1
AIRPDGYYTY,1
AISYSGDWTY,1
TIQYKGGSTY,1
AISYMGGLTY,1
AIGPYGHVTY,1
TIGGFGARTY,1
AIGDYGQYTY,1
AMAPFGIRTY,1
TIGPFGGGTY,1
AIIPWGSSTY,1
AISSTGGGTY,1
AIAPFCRRTY,1
AINPFGITTY,1
AMFYMGGSTY,1
AMSPFGNRTY,1
AIQQFGDRTY,1
AIVLYGRRTY,1
AIDYMGGYTY,1
AISDDGRYTY,1
AISYYGGSTH,1
TIAPYGSFTY,1
AIGPLGGGTY,1
AIAPWRRSTY,1
AISPNGTTTY,1
AISPFGNYIY,1
AIRPFGHYTH,1
VIAPFGGKTY,1
AISRWGDWTY,1
AIRWCGYGTY,1
AINPFGDSTY,1
AINGFGYRTD,1
AIRPYGSLTY,1
AISPFGGQNY,1
VIAPYGSFTY,1
VIGPFGNITY,1
SIRWRGYGTY,1
AIRPYGDETY,1
TIKPFGQGTY,1
AISYLGCSTY,1
ARRWNGVETY,1
AIGPIGSHTY,1
AIRWYGVSTY,1
AIAPFGNSAY,1
AISPNGLRTY,1
AIGPIGSKTY,1
AIAPFGISTN,1
AIRPLGNYTY,1
AIRPLGKYTY,1
AICPFGYQTY,1
TITYMGGSTY,1
AMAPFGNTTY,1
EISPFGYRTY,1
AITPKGRYTY,1
AISPIGINTY,1
AIGPFGNITH,1
AISPNGDETY,1
VISPFGINTY,1
SIRPFGANTY,1
AIGPFGNWTY,1
TIRYKGGSTY,1
AIASFGGTTY,1
AIRMWGVSTY,1
AIEPFGNYTY,1
AIAPFSNLTY,1
AMAPFGNRTY,1
AISPFSSFTY,1
AISYRGSKTY,1
AISPRGEYTY,1
TIAPFGYDTY,1
SISPLGKHTY,1
AMAPFGSWTY,1
AIGLFGSYTY,1
SIGPFGSGTY,1
AIAQFGHQTY,1
VISYMGGSTY,1
AINPFGDDTY,1
AIRYVGDSTY,1
AIRFVGYETY,1
AMGPFGSTTY,1
AISPWGNSTY,1
AIGPCGGSTY,1
AICPFGGTTY,1
ALAPWGQYTY,1
AMSPYGTKTY,1
AIGPFGIYTY,1
AINDYGTHTY,1
VISYVGGSTY,1
AILPPGGDTY,1
VITPFGFDTY,1
AICPFGTRTY,1
AITYKCGSTY,1
AIGMWGGLTY,1
AIRPFGWPTY,1
AIGPFGDPTY,1
AISPGGSITY,1
AMVPFGSYTY,1
AIRSSGNQTY,1
SILPYGWNTY,1
AIALFGHQTY,1
TISKVGNDTY,1
AIAPFGSGTY,1
AIRSFGGHNY,1
AIGPRGTRTY,1
AIKYSGGSTY,1
AIRMLGDSTY,1
AISPLGSDTY,1
AIHPCGRRTY,1
AMQMWGGSTY,1
AISPGGRYTH,1
TISPFGSKTY,1
TIRPFGKNTY,1
AIRPIGGDTY,1
AIIMWGDSTY,1
AIAMWGGRTY,1
AIKAFGSPTY,1
AIRLAGDYTY,1
AIAPLGNSTY,1
AIFYFGGSTY,1
AIEPYGRRTY,1
AINPFGSRTY,1
AITPFGRFTY,1
AIRCNGVSTY,1
AITMRCGSTY,1
AISPLGLHTY,1
VISPFGNTTY,1
AMSPFGRQTY,1
VIRWNGIYTY,1
AINPFGGCTY,1
AISPFGGPTN,1
AIGPFGGETY,1
AISTFGKNTY,1
AINPWGGYTY,1
AIAPFGYKTD,1
AISPSGHYTY,1
AIGGFGVRTY,1
AIATFGKYTY,1
AISPFGNRTN,1
AIRAYGNYTN,1
AISMWGGSTS,1
AISPYGSRIY,1
AIDPYGRATY,1
AISYDGSYTN,1
AIRPWGGSTH,1
SIKPFGGDTY,1
AMQPFGSNTY,1
AILPRGGYTY,1
AITPFCSYTY,1
AIAYMGGSIY,1
AIGNVGGSTY,1
AIASIGYSTY,1
AIGPSGSLTY,1
AIYPYGDITY,1
AIRLFGLETY,1
AIGPNGYYTY,1
AILMWGRSTY,1
AIGPFAGSTY,1
AISSYGDGTY,1
AIRWRGYCTY,1
AMRPFGFNTY,1
AIRPYGQDTY,1
AIRPWSNDTY,1
AIRYVDGSTY,1
AMSPFGQVTY,1
AISIWGGSTY,1
AISPFGLRTD,1
VISPFGGPTY,1
AIAPFGYQIY,1
AIFPFGNGTY,1
VIGMWGGSTY,1
AISLLGYSTY,1
AIGRFGGYIY,1
AIAPFGNMTY,1
AISPFGYGPY,1
AMTPYGSYTY,1
AIDPFGYQTY,1
AIAPFGNRIY,1
AICPFGRGTY,1
AITTYGHSTY,1
ATRPFGYNTY,1
AILAYGNYTY,1
AISPFGCATY,1
AIDPFGNFTY,1
AMGSFGDITY,1
AISPFCYKTY,1
AIVPFGRYTY,1
AISYRGYWTY,1
AMSPFGIGTY,1
AISPYGNQTY,1
TIAPWGNYTY,1
AISPFVFTTY,1
AISSVGGYTY,1
AIGPYGGNTH,1
AIASHGDYTY,1
AIDDYGRSTY,1
RDKPFGLTTY,1
AISPLGFKTY,1
AIAQFGYQTY,1
AIQMWCGSTY,1
AISPWGDYTY,1
TISGYGSYTY,1
AIALFGGGTY,1
AIMYCGGSTY,1
AISPFVSRTY,1
AIVMWGRSTY,1
AIAQFGDRTY,1
SIRPFGYQTY,1
AIKPFCQGTY,1
AMSPFGHKTY,1
AISSFGLKTY,1
AVVPYGRRTY,1
AITPLGYNTY,1
AINPFGINTY,1
AIGPFGHQTY,1
AISPFGCLTY,1
AIYPYGGFTY,1
AITYYGGSTD,1
AINYYGGATY,1
AISPRGQWTY,1
AIGTHGKGTY,1
AINSMGGSTY,1
AISPFSGRTY,1
AIGPFGGTIY,1
AIGPFGNKTY,1
AILMWGASTY,1
AIDPFGVYTY,1
AIRPFGWHTY,1
AIGPNGYRTY,1
TISPFGSLTY,1
AIAPFGRHAY,1
AIEPFGSRTY,1
AKIYYGGSTY,1
AIRWNGDSTY,1
AISPFVDSTY,1
AIGYMCGSTY,1
AICPFGDRTY,1
AISQYGSYTY,1
VIAPFGNRTY,1
AIGPFSSTTY,1
AISPFGGRIT,1
AIVSFGDWTY,1
AISQFGKQTY,1
AILPYGISTY,1
AIRRWGGATY,1
AISPLGDGTY,1
AMSPFGRTTY,1
AICPFGSFTY,1
AIAPYGYETY,1
AMGMWGGSTY,1
AISHMGGSTY,1
AIRGNGVETY,1
AIKPYGRYTY,1
AIAPFCNSTY,1
AIVPFGDDTY,1
AIVPYGNHTY,1
AIIPFGNWTY,1
AISLFGNWTY,1
AISPFCGDTY,1
VISPFGYSTY,1
AIGHFGGYTY,1
AIHGYGGITY,1
TISPYGNYTY,1
VIVPYGTRTY,1
AICPFGGGTY,1
AIRLFGQWTY,1
AINYHGGSTY,1
AIGPFSDKTY,1
AIKPFGQDTY,1
AISPYGSGTY,1
AIMPYGEFTY,1
AIRMSGCSTY,1
AISPFGSRIY,1
EIRPFGGDTY,1
AINWNGGSTN,1
AICYTGGSTY,1
AIRAFGNYTY,1
AIVPFGCKTY,1
AIGPHGESTY,1
AILYYGDSTY,1
AIRWHGVETS,1
AMGPFGGRTY,1
AIGPLGGHTY,1
ATSPFGSLTY,1
TISPFGLETY,1
AIAPFGRSTH,1
AISTSGYRTY,1
AILPFGDSTY,1
AINYKGCSTY,1
AISSYGDFTY,1
AISPRCGLTY,1
AIGSFGGITY,1
AIAQFGRRTY,1
AIRPSGKYTY,1
AIGPFSSRTY,1
AISPFGKWTY,1
AIMIWGGTTY,1
AIAPYGGHTY,1
AIRPFGFNTH,1
AISPLGYYTY,1
AISTFGNWTY,1
AIAPYCSYTY,1
AMAYVGGSTY,1
AISSFGLQTY,1
AIRWDGLDTY,1
AIRPGGYYTY,1
AMPYVGGSTY,1
AIAPFGHWTD,1
AIASFGNHTY,1
AISYKGRSTY,1
ALRWNGVETY,1
VISTFGGRTY,1
AIRWRGRITY,1
AISYVCGSTY,1
AIRFRGGDTY,1
AMSPFGNSTY,1
AIRPFGWGTC,1
AIVQWGGHTY,1
AIGPFCDKTY,1
AISANGYTTY,1
AISPLGVSTY,1
VISPYGTKTY,1
AISPHGARTY,1
AISPWGCWTY,1
AIKSMGGSTY,1
AISPFGNTTN,1
AISPAGDYTY,1
AIAQFGYKTY,1
AIIPFGRETY,1
AIGPFCSSTY,1
AICPFGYSTY,1
AISEYGDGTY,1
AICPFGNFTY,1
EIGPFGDYTY,1
AISKSGGATY,1
AITSFGEWTY,1
AITPFCYNTY,1
TISPFGSRTY,1
AISDYGGNTY,1
AISPYVEYTY,1
AIAPFGFYTY,1
AITHYGGSTY,1
TISPYGDVTY,1
AIKPFGWNTY,1
AISSFGRVTY,1
AISPWGLGSY,1
AITPFGGWTY,1
AISWSGARTY,1
AISPLGTRTY,1
AIRPYGAYTY,1
AIGPFGQSTY,1
AIALFGYRTY,1
AISTYGSYTY,1
AILPYGRTTY,1
AIMMWGASTY,1
AISQFGRFTY,1
AIAPFGSHAY,1
AINPFGSWTY,1
TIRYNGGSTY,1
