Count_CDR2,count
AISEYGYATY,493498
AISEYGYGTY,134016
AIRWNGVETY,87240
AISEYGWGTY,55057
AINPYGRITY,51569
AITEYGYATY,50346
AINPYGRRTY,41166
AIVPYGRRTY,22030
AISPFGGYTY,13171
AISPFGYSTY,11730
AISPFGGRTY,10108
AIAPFGGYTY,10051
AISPYGEYTY,9576
AIRMWGGSTY,8536
AIAMWGGSTY,8347
AINYMGGSTY,8112
AIAPFGEYTY,7929
AISYDGSYTY,7708
AINPFGGYTY,7629
AISPFGYTTY,7473
AISPYGGYTY,6993
AIRPFGGDTY,6667
AISPFGNSTY,6507
AIGPFGGSTY,6295
AISPFGGNTY,6004
AISPFGGWTY,5806
AIRWNGDETY,5654
AITFWGGSTY,5437
AISPFGNWTY,5319
AIMMWGGSTY,5035
AIAPWGSFTY,4889
AIAPFGSSTY,4639
AIGPFGGTTY,4394
AITPFGEWTY,4375
AISPFGSNTY,4267
AISPFGSYTY,4222
AISPFGRYTY,4168
AISPFGYRTY,4026
AISPFGSLTY,4010
AISPFGNYTY,3982
AISPFGRTTY,3959
AIAPFGLSTY,3954
AISPFGYNTY,3943
AIAPFGHKTY,3862
AISPLGYSTY,3740
AIAPFGYQTY,3725
AIRPFGLETY,3666
AISYMGGSTY,3518
AISPFGGDTY,3497
AISPYGSYTY,3361
AISPFGYGTY,3310
AISPFGNRTY,3258
AIAPFGSYTY,3248
AIAPFGNSTY,3189
AIGPFGGYTY,3047
AIAPFGISTY,2988
AIAPYGEYTY,2983
AISPFGSRTY,2952
AIAPFGYKTY,2923
AISPFGLSTY,2901
AIVPYGTRTY,2882
AIAPFGYSTY,2871
AIGPFGDWTY,2823
AIGPFGSYTY,2801
AIIYSGGSTY,2792
AIRWNGVSTY,2777
AISPFGWNTY,2690
AIAPFGQNTY,2660
AISMWGGSTY,2627
AIGPFGSLTY,2532
AISPYGSRTY,2510
AIAPYGSYTY,2471
AISPFGYKTY,2452
AIAPFGKYTY,2407
AIAYVGGSTY,2398
AINYYGGSTY,2382
AIRWNGDYTY,2381
AISPFGGHTY,2339
AIGPFGDSTY,2266
AIGPFGRSTY,2264
AIPMWGGSTY,2245
AISWRGARTY,2244
AISEYGYSTY,2241
AISPFGGATY,2211
AISPFGYETY,2191
AISPFGQNTY,2149
AISPYGRYTY,2133
AIAPFGNRTY,2131
AIGPFGSRTY,2122
AINPYGSYTY,2115
AIAPFGSHTY,2080
AIAYMGGSTY,2052
AIRWRGGGTY,2046
AISYYGGSTY,2042
AISPFGISTY,2032
AIGPFGGHTY,2017
AIAPFGYRTY,1999
AIAPFGHQTY,1997
AISPYGAYTY,1974
AISPFGLKTY,1965
AITPYGGYTY,1950
AISPFGSSTY,1933
AISPFGDSTY,1916
AISYVGGSTY,1907
AIAPFGNLTY,1892
AIGPFGSFTY,1890
AISPFGQGTY,1862
AISPWGGYTY,1857
AISPFGGLTY,1855
AISPFGQVTY,1830
AIGPFGHTTY,1813
AISPFGQKTY,1799
AISPFGFNTY,1797
AIGPFGNGTY,1796
AIGPFGYETY,1778
AISPFGDATY,1727
AISPFGNNTY,1702
AINPFGGRTY,1668
AIQPFGSNTY,1626
AIVMWGGSTY,1623
AIRPFGNYTY,1614
AIGPFGRGTY,1611
AIGPYGESTY,1583
AISPFGGFTY,1573
AIAPFGWSTY,1572
AITYYGGSTY,1559
AIQMWGGSTY,1497
AIAPFGRGTY,1481
AIGPFGGGTY,1478
AISPWGLGTY,1471
AIRYTGGSTY,1469
AISPFGASTY,1461
AIAPFGGKTY,1452
AIQYMGGSTY,1452
AISWRGDRTY,1424
AISPFGLDTY,1421
AIKMWGGSTY,1416
AIRWSGNQTY,1406
AIGMWGGSTY,1397
AIGPFGSSTY,1395
AISPFGRQTY,1379
AISPFGGSTY,1364
AIAPFGDRTY,1364
AISPFGIGTY,1333
AISPFGGQTY,1305
AIQPFGDRTY,1299
AISPWGNYTY,1273
AIGPFGDRTY,1267
AIGPFGSVTY,1262
AISPFGKYTY,1257
AIAPFGRRTY,1256
AIGYMGGSTY,1248
AISPFGNTTY,1237
AINPYGRYTY,1234
AITYKGGSTY,1228
AITPFGVETY,1225
AISWDGSYTY,1195
AITYMGGSTY,1187
AISPFGWETY,1186
AISPFGEWTY,1176
AIGPFGGLTY,1169
AISPFGDLTY,1152
AIAPFGGTTY,1145
AISPFGENTY,1139
AITMWGGSTY,1133
AISPFGDWTY,1128
AISPFGFKTY,1109
AIGPFGSGTY,1103
AISDYGTRTY,1094
AISPFGNATY,1093
AIMYTGGSTY,1091
AIAPFGYNTY,1087
AIGPYGYTTY,1084
AIKYVGGSTY,1074
AISPYGNYTY,1069
AIGPFGSKTY,1068
AIGPFGGRTY,1065
AIAPFGQSTY,1052
AISPFGEYTY,1034
AISPYGYKTY,1031
AIGYVGGSTY,1020
AIVYKGGSTY,1014
AISPFGSHTY,1004
AILPYGDRTY,1002
AIGPFGNITY,994
AISPFGYQTY,978
AISEYGYVTY,977
AIEYYGGSTY,973
AIGPFGSTTY,965
AISPFGYHTY,960
AISPFGGTTY,958
AISPFGAYTY,930
AIGPFGDKTY,928
AISPFGFSTY,926
AISPFGRATY,916
AISPFGSWTY,907
AIPYMGGSTY,906
AIRLWGGSTY,892
AIRWNGSATY,891
AIMYNGGSTY,888
AIGPFGERTY,887
AIGPFGSQTY,887
AIIYYGGSTY,884
AISPFGLNTY,882
AIAPYGGYTY,878
AIPYVGGSTY,864
AITPYGSYTY,863
AISPYGSHTY,838
AISPFGLRTY,836
AISPFGYATY,829
AIGPFGGFTY,811
AIQYKGGSTY,811
AISPFGNFTY,811
AISPWGYATY,810
AISPFGSTTY,810
AISPFGDITY,809
AISPFGRSTY,806
AIGYKGGSTY,801
AISPFGGPTY,789
AISPFGSVTY,789
AISSFGRDTY,786
AISPWGGHTY,785
AINMWGGSTY,780
AIAPYGSFTY,774
AISPYGTRTY,771
AISYSGGSTY,768
AINPYGKYTY,761
AISPYGQTTY,761
AIGPHGNNTY,756
AISPFGNQTY,753
AISPFGDNTY,751
AIRMGGGSTY,748
AIQGYGGITY,746
AIRWAGDYTY,745
AISPFGDRTY,744
AIAPFGHWTY,736
AISDYGDWTY,734
AISDFGEKTY,734
AIGPYGSYTY,731
AITEYGYYTY,731
AISPFGGETY,726
AITPFGSYTY,717
AIRFAGTETY,711
AIAPFGYETY,701
AISPFGLTTY,700
AIIYNGGSTY,698
AIAYYGGSTY,696
AISKVGNDTY,686
AISPYGGRTY,686
AILYYGGSTY,686
AIRYMGGSTY,685
AIVPFGGDTY,682
AISPYGYYTY,678
AIAPFGSNTY,671
AISPFGANTY,663
AIQYRGNYTY,655
AIEPFGGKTY,653
AISPFGGITY,652
AISPYGKYTY,651
AISPFGIQTY,642
AISPYGGSTY,642
AISPFGINTY,637
AISSFGDNTY,628
AISPYGYRTY,624
AIAPFGLRTY,612
AISPYGFYTY,612
AILPYGSFTY,607
AIAPFGLKTY,600
AITPFGIGTY,600
AIRYKGGSTY,595
AIAPFGLNTY,594
AISPFGRGTY,593
AISSFGEYTY,592
AIGRFGGYTY,590
AISEYCYATY,587
AISPFGKLTY,587
AIAYAGGSTY,585
AIIPFGGTTY,585
AISPFGYDTY,584
AISPFGGGTY,584
AIAPFGYTTY,583
AISPYGGTTY,576
AIGPFGEQTY,574
AIVYMGGSTY,573
AIRYVGGSTY,571
AIMIWGGSTY,565
AIQYVGGSTY,562
AIMMRGGSTY,562
AILPYGNYTY,557
AIRWNGLDTY,557
AISPFGLETY,554
AIGPFGDYTY,553
AISPYGQLTY,553
AIAPFGNNTY,546
AIAPFGEWTY,543
AIAPWGRSTY,543
AILMWGGSTY,542
AIGPFGNNTY,541
AIGPFGYTTY,540
AISFYGGSTY,537
AIGPFGGITY,530
AISPFGNETY,527
AIGPFGTRTY,526
AISPFGKATY,524
AISPYGSFTY,524
AISPFGNLTY,520
AISPFGLHTY,519
AIHPYGRRTY,518
AIRPYGEYTY,518
AISYRGGTTY,517
AIRPFGGYTY,516
AISPFGQRTY,516
AINPYGGYTY,516
AIRYNGGSTY,515
AISPFGNDTY,515
AITPFGSHTY,508
AIAPWGSYTY,502
AISPFGFDTY,501
AISGYGSYTY,499
AISEFGGYTY,497
AISWDGNYTY,494
AISPYGGGTY,493
AISDFGGYTY,490
AISPFGSKTY,490
AISPFGKNTY,482
AIAPFGRKTY,481
AIAPFGGDTY,479
AIRSFGGHTY,479
AISPFGLGTY,477
AIAPYGAYTY,472
AIMFYGGSTY,470
AIRPFGWSTY,469
AIAPFGFRTY,464
AIGPQGYYTY,461
AISSFGDGTY,460
AIRFSGAYTY,456
AISPYGSKTY,456
AIRYAGSYTY,455
AIAPFGNTTY,454
AIVPFGGKTY,451
AILYMGGSTY,446
AISPFGGVTY,446
AIRPFGYDTY,444
AIVPFGNYTY,444
AIAPYGRYTY,444
AIRPFGYETY,442
AISPFGSFTY,438
AIRPFGWDTY,438
AIAPFGNYTY,437
AIRSFGGETY,431
AISPFGERTY,429
AINYVGGSTY,427
AIAPFGNKTY,426
AISPYGFTTY,426
AIAPFGRSTY,425
AIGPFGEYTY,425
AIRPFGSETY,425
AISPYGTKTY,419
AISPFGFTTY,418
AILPYGEFTY,415
AIRMNGGSTY,413
AISPYGDRTY,410
AIRPWGYQTY,409
AISEFGWNTY,409
AISPFGHSTY,406
AIGPFGKLTY,405
AISQYGRTTY,402
AIRPFGDSTY,400
AIRMKGGSTY,399
AISPYGYSTY,396
AIKVYGDRTY,394
AIAPFGRNTY,393
AISYKGGSTY,393
AISPFGDHTY,390
AIRPFGYNTY,389
AIGPFGDFTY,388
AISPYGSLTY,386
AISGYGRYTY,385
AIAPFGRYTY,381
AIAPFGIRTY,380
AIVPFGSNTY,379
AIAPFGKRTY,378
AIAPFGASTY,377
AISPFGLQTY,371
AIQYSGGSTY,370
AIRWNGSSTY,370
AISPFGVTTY,368
AIIYMGGSTY,368
AIRYYGGSTY,362
AIKPFGGDTY,361
AIKYMGGSTY,361
AIRPFGYRTY,360
AIAPWGGRTY,359
AISPFGDGTY,355
AISSYGRYTY,354
AISPFGFQTY,353
AITPFGNYTY,352
AIGSYGVRTY,351
AIRAYGNYTY,348
AIRPFGANTY,347
AISPYGIGTY,347
AILPYGGFTY,346
AIRYAGDFTY,343
AISPYGNSTY,338
AIRPWGGSTY,338
AIQMRGGSTY,337
AIGPYGYSTY,336
AISPFGKFTY,336
AIGDFGSYTY,335
AIDYWGGSTY,334
AIVPYGRHTY,334
AISPWGGWTY,332
AINSFGNSTY,331
AITPYGSITY,331
AIAPFGYDTY,330
AISPYGGKTY,329
AIAPFGRTTY,329
AISPFGDKTY,328
AIGPYGGNTY,328
AIAPFGNHTY,326
AIGPFGNYTY,326
AIAPFGGQTY,325
AIGPFGNHTY,325
AISSTGGWTY,325
AIAPFGARTY,322
AIAPFGTRTY,322
AIRMSGGSTY,322
AITPFGGYTY,320
AISPYGRRTY,319
AISGTGNRTY,319
AINPYGLRTY,317
AIQYYGGSTY,315
AIAPFGLTTY,314
AIKPFGQGTY,310
AIFPYGGYTY,310
AISPFGARTY,307
AINQYGRYTY,307
AIVPFGKYTY,306
AISPFGRETY,306
AITPFGSLTY,305
AIGFMGGSTY,305
AIRMHGGSTY,304
AIVPFGGYTY,303
AISDYGRYTY,303
AISPFGELTY,300
AIIMWGGSTY,299
AIAPFGHVTY,297
AIAPFGVDTY,295
AIAPFGKSTY,295
AISPFGHQTY,295
AIAPFGSWTY,295
AISPFGLATY,294
AISEYGYYTY,294
AIAPSGYKTY,292
AISPFGFETY,292
AIRPFGFNTY,292
AIRPFGHSTY,287
AITFYGGSTY,285
AISPFGWSTY,283
AIAPFGGGTY,283
TISEYGYATY,282
AIVPFGGRTY,281
AITYWGGSTY,280
AITPFGYDTY,279
AIIPFGYKTY,279
AITPFGLDTY,278
AISPYGNLTY,276
AISPWGDLTY,276
AIAYKGGSTY,276
AIAPFGWKTY,276
AIYYMGGSTY,274
AISPYGHRTY,272
AIGSFGGNTY,272
AIGPRGARTY,272
AIKPFGGHTY,271
AISPYGDSTY,268
AITPFGYQTY,268
AIDMWGGSTY,268
AISSFGRRTY,267
AITYVGGSTY,267
AIGPYGGYTY,266
AINPYGLYTY,264
AIGPFGFETY,264
AIGPFGNFTY,264
AIAPFGGRTY,263
AISPYGKITY,259
AIGPFGYSTY,259
AIAPFGYHTY,258
AIGPFGYNTY,258
AISPYGGLTY,257
AITPFGEFTY,257
AIMYVGGSTY,250
AIVPFGSYTY,246
AIMYMGGSTY,246
AISPYGDLTY,244
AIFYMGGSTY,243
AIRPFGGRTY,243
AILPYGGYTY,243
AIAPFGSRTY,243
AIAPFGIDTY,240
AISPYGTWTY,239
AIAPFGNVTY,238
AISPFGSITY,238
AISYRGDWTY,238
AISPFGKSTY,237
AIRFAGYETY,237
AISPFGQYTY,236
AISPFGQATY,233
AIAPFGRHTY,231
AIRYLGGSTY,231
AITPFGLSTY,231
AIGPYGNYTY,230
AISPFGKHTY,230
AIGPFGSHTY,228
AIGPFGYQTY,225
AIRTFGGDTY,225
AISPYGTYTY,224
AISPYGLYTY,224
AISPYGDWTY,224
AIYPFGNGTY,220
AISPFGRRTY,220
AINWNGKSTY,219
AIQPFGNKTY,219
AIKSFGNSTY,217
AIRWNGGSTY,215
AISPYGDYTY,215
AIRSFGGGTY,215
AISPWGYHTY,215
AISPFGFRTY,214
AIYPFGGGTY,213
AIAPFGWDTY,213
AIETFGGRTY,213
AIFYKGGSTY,212
AIAPFGGSTY,212
AIHPFGSGTY,211
AIAPFGDTTY,211
AISPFGEKTY,210
AIGPLGNNTY,210
AISYLGGSTY,209
AIAPFGDSTY,209
AISPFGTNTY,207
AISHGGGYTY,207
AINDYGSNTY,207
AISPFGTDTY,206
AIGFYGGSTY,206
AIAPWGYRTY,206
AIGYYGGSTY,205
AIFYYGGSTY,205
AIHYKGGSTY,205
AISPFGKQTY,204
AIFPYGSYTY,203
AINPFGGHTY,202
AISPYGERTY,202
AITPYGRYTY,202
AITPFGHSTY,201
AIAPYGKYTY,201
AISNRGEWTY,201
AIAPFGGWTY,200
AIAPWGNYTY,199
AISPYGDQTY,197
AISPWGSHTY,197
AITPFGAYTY,197
AIRWAGEYTY,196
AITPFGSFTY,195
AIIPWGGSTY,193
AIRPFGYSTY,193
AIAPFGYGTY,193
AINPYGSNTY,191
AIRPFGYHTY,191
AIYPYGGGTY,191
AISPFGVGTY,191
AIAPFGITTY,190
AISPFGKETY,189
AIRFRGGNTY,187
AIFPYGRYTY,186
AISPFGSETY,186
AISPYGNRTY,185
AIGSYGNYTY,185
AITPFGSKTY,185
AISPFGFGTY,184
AIIYTGGSTY,183
AIGPFGFNTY,182
AISEWGYRTY,181
AIRILGLGTY,181
AISPFGATTY,181
AIVPFGDWTY,181
AIAPYGRRTY,180
AISPFGNITY,179
AITPFGLNTY,178
AINWNGKYTY,178
AISNNGYRTY,177
AITPFGGATY,177
AIRAFGGGTY,177
AISEYGYATH,177
AIQWNGGLTY,175
AIVPYGRYTY,175
AISEYCYGTY,175
AIPYNGGSTY,174
AITYTGGSTY,172
AISPFGITTY,172
AISPYGKLTY,172
AIAPFGGFTY,171
AISSYGRRTY,171
AISPFGESTY,170
AISPFGGKTY,170
AINPYGSITY,170
AISPFGNGTY,169
AIGPFGNLTY,169
AINPFGEKTY,168
AIAPFGLQTY,168
AIVYVGGSTY,168
AIAPFGHFTY,168
AISPFGQITY,166
AISPFGWKTY,165
AIRPYGRYTY,165
AIRYNGIYTY,165
AINWRGSYTY,164
AIRSFGDGTY,164
AITPFGNWTY,163
AIRMPGGSTY,163
AIGSFGDITY,163
AIRPFGDFTY,162
AITPFGQSTY,162
AIAPYGSHTY,162
AIKPFGHTTY,161
AIDSFGGWTY,161
AIRPFGAHTY,161
AIVPFGNNTY,160
AISDYGYNTY,158
AIRPWGNQTY,158
AISPYGARTY,158
AISPFGRFTY,158
AIKAYGSRTY,156
AIGPFGEVTY,156
SIGPFGRTTY,156
AILYVGGSTY,155
AIRPFGLGTY,155
AINPFGQNTY,151
AIAPFGALTY,151
AITPFGSSTY,150
AIDYMGGSTY,150
AIRPFGSDTY,150
AIRMQGGSTY,150
AILPYGNLTY,150
AIGPYGERTY,149
AIGPFGFSTY,149
AIAPLGHSTY,149
AISPWGGNTY,148
AIRSFGRETY,148
AISPYGVDTY,148
AISPFGDQTY,148
AIRPWGDQTY,147
AISPFGEVTY,146
AIADFGYRTY,145
AINPFGHWTY,145
AIFPYGQLTY,144
AITPFGLGTY,144
AINPYGAYTY,143
AIIYKGGSTY,142
AISASGGRTY,142
AINYKGGSTY,142
AIRYSGGSTY,142
AIAPFGAKTY,142
AINPYGGRTY,141
AISPIGNWTY,141
AIHYMGGSTY,141
AIAPFGHGTY,141
AINPYGRDTY,140
AISPFGDYTY,140
AISPFGTSTY,139
AIAPYGGRTY,139
AISYRGGKTY,139
AISPWGRHTY,138
AIKPFGFSTY,138
AIIPFGGYTY,137
AISPFGQSTY,137
AIKTFGGNTY,136
AIAPFGSKTY,136
AISPLGGTTY,136
AIGPFGRNTY,136
AISPIGSGTY,135
AITPFGASTY,135
AIKPFGLTTY,135
AIRPFGDVTY,135
AIGPFGRKTY,135
AIRWNGRYTY,134
AIGPFGLATY,133
AITPFGETTY,133
AITPFGADTY,133
AINPYGSRTY,133
AISPYGLTTY,132
AISSYGDYTY,131
AIGPFGNSTY,130
AIKWNGSYTY,130
AIVPYGKSTY,130
AIQPFGKETY,129
AIRLDGFATY,128
AISEYGYCTY,127
AISPFGIRTY,127
AIIMRGGSTY,127
AIRWNGNYTY,126
AISPFGQWTY,126
AIHPYGYRTY,126
AISDYGLTTY,125
AISPYGDPTY,125
AISPWGGFTY,124
AISPYGKRTY,124
AIAPFGINTY,124
AISPYGAHTY,124
AIMYLGGSTY,123
AIHPYGGDTY,123
AIGPWGNSTY,123
AILPYGGRTY,123
AITPFGGGTY,122
AITPFGKSTY,122
AISWRGQNTY,121
AIQPFGERTY,121
AISPYGEKTY,120
AIHPYGSYTY,120
AIAPWGRRTY,120
AIGPFGTETY,119
AILPYGWNTY,119
AISPRGGWTY,118
AIRCNGVETY,118
AIGPFGNVTY,118
AIRPFGGSTY,117
AIRPYGSYTY,117
AIRPFGRSTY,117
AIRHSGWGTY,116
AIGPFGQNTY,116
AIAPLGGYTY,116
AITPFGTYTY,116
AISPWGGKTY,115
AISPVGYRTY,115
AITPFGHLTY,115
AIRMIGGSTY,114
AIRMEGGSTY,114
AIRPLGDKTY,114
AIPYKGGSTY,113
AISPWGIHTY,113
AIRWRGYGTY,113
AISWRGNYTY,112
AISHRGGWTY,112
AISPFGDVTY,112
AISSFGDVTY,111
AIAPFGQGTY,111
AIIYVGGSTY,111
AINPYGQITY,110
AISPFGRITY,110
AIRWNGIYTY,110
AISPFGSGTY,109
AISPFGIETY,109
AIDPYGLYTY,109
AITPFGHKTY,108
AIAPLGATTY,108
AITPFGTITY,108
AIKPFGKFTY,107
AIQPFGHSTY,106
AISPLGNSTY,106
AINWNGGSTY,106
AIREYGYATY,105
AISAYGYATY,105
AIFPYGAYTY,105
AISYDGYSTY,105
AINPFGNRTY,105
AISPFGTQTY,104
AINPYGEYTY,104
AIKPFGGFTY,103
AIRPFGQETY,103
AIAPFGLGTY,103
AIRWIGSSTY,102
AISPYGLGTY,101
AITDYGLSTY,101
AILYNGGSTY,100
AIGPFGDVTY,100
AISPYGGETY,100
AIRPFGEYTY,100
AISPFGSQTY,99
AISDYGLGTY,99
AIGEYGYATY,99
AIHYVGGSTY,99
AIGPYGGTTY,98
AISPFGHVTY,98
AINWSGSRTY,98
AILPYGSRTY,98
AISPFGHWTY,98
AITPFGYNTY,98
AISGFGDNTY,97
AISPYGGWTY,97
AISEYGYGAY,97
AIAPLGISTY,97
AISPWGYRTY,97
AILPYGTYTY,96
AIGPFGRQTY,96
AIAPFGTYTY,96
AIRPSGGDTY,95
AISEYGYETY,95
AINPFGRSTY,95
AIDVYGQNTY,95
AINYNGYRTY,95
AIRPFGQWTY,94
AIGPFGFQTY,94
AIVMRGGSTY,94
AIRWNGSFTY,94
AISSYGSTTY,93
AIVPYGNYTY,93
AIGGFGARTY,93
AITYYGGSTF,93
AISPFGRHTY,93
AINPFGEDTY,93
AISPWGYETY,92
AISPYGQYTY,92
AIRPSGDRTY,92
AIAPYGKLTY,92
AISPFGIKTY,92
AISDYGQRTY,92
AITPFGNSTY,91
AIGYNGQLTY,91
AITRFGGYTY,91
AIGPFGHYTY,91
AINPYGGSTY,91
TISEYGYGTY,90
AIRHRGGQTY,90
AIFPYGSFTY,89
AIDYYGGSTY,89
AIRWNGDATY,89
AISPLGGGTY,88
AILPYGSKTY,88
AILPYGDLTY,88
AITPFGNETY,88
AIQPFGNRTY,88
AINDFGYRTY,87
AIAPNGYRTY,87
AITPFGISTY,87
AISEFGSRTY,87
AISPYGSWTY,87
AIRIWGGSTY,87
AISPNGQGTY,87
AIGPFGGNTY,86
AISPAGNYTY,86
AISPFGHKTY,85
AINPYGHITY,85
AIAPFGWNTY,85
AISPFGNHTY,85
AIQPFGSGTY,85
AISPFGRDTY,85
AINPYGYYTY,85
AIGPFGAYTY,85
AISPYGGITY,85
AIVPYGYSTY,85
AIIPFGGSTY,84
AIAPWGRTTY,84
AIRAFGGRTY,82
AISDYGSYTY,82
AIAPFGWHTY,82
AISPYGEITY,82
AIGWDGEYTY,82
VISEYGYATY,81
AIRLSGNWTY,81
AISPYGNHTY,81
AIRPYGTYTY,81
AIGPFGDLTY,81
AISEYGYDTY,81
AISPFGTVTY,81
AIRLGGTYTY,81
AITEYGYVTY,80
AIRPHGGSTY,80
AILPYGDYTY,80
AIDSYGNYTY,80
AIVPYGSRTY,80
AITPFGSATY,80
AISTSGARTY,79
AIRMLGGSTY,79
AIGNVGNITY,79
AIRWNCVETY,78
AIRPWGNDTY,78
AIRIYGSRTY,78
AIHPWGGRTY,78
AILYKGGSTY,77
AILPYGYKTY,77
AIQPFGAGTY,77
AIKFMGGSTY,77
AIRWAGDNTY,76
AIHPFGYGTY,76
AIAPFGRLTY,76
AIVPFGGLTY,75
AISSYGGYTY,75
AISPFGHFTY,75
AIVYYGGSTY,75
SISEYGYATY,75
AISWRGELTY,75
AISECGYATY,75
AIAPYGGITY,75
AIGPFGEETY,75
AISPFGHGTY,75
AIIPFGRITY,75
AIAPFGNITY,73
AIGPYGDVTY,73
AISEAGYHTY,73
AIGPFGWSTY,73
AISPFGAQTY,72
AISPLGYQTY,72
AISPYGQWTY,72
AIKVYGNRTY,72
AISPFGRVTY,71
AISPYGKKTY,71
AIKYLGGSTY,71
AIRLNGVETY,70
AIGPFGHWTY,70
AISNFGRYTY,70
AISPFGEATY,70
AIGPYGSWTY,70
AISPWGKYTY,69
AITPFGYSTY,69
AISPLGGYTY,69
AITPFGEYTY,69
AIGPYGRYTY,68
AIPFMGGSTY,68
AIPYTGGSTY,68
AISKYGYATY,68
AIAPFGRQTY,68
AIAPFGFNTY,68
AIMPWGGSTY,68
AMSEYGYATY,67
AISPYGLRTY,67
AINDYGQSTY,67
AISPNGRYTY,67
AIAPFGFKTY,67
AILPYGNWTY,67
AIKPFGDRTY,67
AIRPFGSRTY,66
AITPYGGLTY,66
AIGPFGYRTY,66
AISPFGRLTY,66
AISPYGNITY,66
AISPFGKKTY,66
AIDVYGRYTY,65
AITPFGYKTY,65
AITPFGQRTY,65
AIYPLGDGTY,65
AISPVGGRTY,65
AISGKGLATY,65
AIRWNGHSTY,65
AISTSGYSTY,65
AIGGYGKYTY,64
AINGFGYRTY,64
AIGPFGHSTY,64
AISPLGGSTY,64
AISPFGHNTY,63
AISPFGKGTY,63
AISPYGHITY,63
AIAFYGGSTY,63
AITPFGTRTY,63
AIIPFGYNTY,63
AISSFGDTTY,62
AIHPYGGRTY,62
AILWNGVETY,62
AILPFGYRTY,62
AILFYGGSTY,62
AILPWGSYTY,62
AISPLGWQTY,62
AIAPFGIKTY,62
AIAFMGGSTY,61
AIVPYGSYTY,61
AITPFGYRTY,61
AIVPYGGYTY,61
AISPRGNWTY,61
AITEYCYATY,61
AIAPYGNRTY,60
AISPYGHYTY,60
AISDYGYRTY,60
AISMWGGYTY,60
AIRPFGDLTY,60
AITPFGVQTY,60
AITPFGFKTY,59
AITPYGRITY,59
AILPYGAYTY,59
AIKPFGSNTY,59
AIQPFGVDTY,59
AISPYGNKTY,59
AIQPFGRGTY,59
AISEYCWGTY,59
AICMWGGSTY,59
AISPNGYRTY,59
AITPFGDRTY,58
AISEYGFYTY,58
AIGYSGGSTY,58
AIAPFGRITY,58
AISSYGSYTY,58
AIQPFGQYTY,58
AINQYGRITY,58
AINPFGDTTY,58
AIAPFGLHTY,57
AIGPLGGRTY,57
AINGFGQRTY,57
AISPLGNRTY,57
AIMYYGGSTY,57
AIRPYGTETY,57
AINPFGNNTY,57
AILPYGDITY,57
AIAPFGSQTY,57
AISPWGYGTY,56
AIRFRGGATY,56
AIAPFGHHTY,56
AISPRGDWTY,56
AINTYGNYTY,56
AIAPFGVRTY,56
AISPRGGYTY,56
AIRPFGKNTY,56
AIDVYGYRTY,55
AISPYGDKTY,55
AIPPYGLWTY,55
AINPYCRITY,55
AIGPYGRRTY,55
AINEYGYATY,55
AIRPRGGNTY,55
AISEYGEYTY,55
AIGPFGSNTY,55
AITPFGFNTY,55
AINPFGRRTY,55
AISGHGLATY,55
AIAFWGGSTY,55
AIQWNGSLTY,55
AISPDGYKTY,54
AILPYGRITY,54
AIAPFGNGTY,54
AIAPFGQQTY,54
AISPYGDFTY,54
AIIEYGYATY,54
AISHRGDRTY,54
AIYYYGGSTY,54
AISPFGKDTY,54
AITPFGHITY,53
AINPSGIKTY,53
AIRPFGLDTY,53
AIAPFGSDTY,53
AIRPFGNNTY,53
AIGPYGLRTY,53
AIAPFGWRTY,53
AISPDGSRTY,53
AIYPYGGDTY,52
AIRPFGLTTY,52
AISSRGGYTY,52
AIRWNGFYTY,52
AIGPFGISTY,52
AIAPWGGNTY,52
AITPFGWSTY,52
AINPFGGNTY,52
AIRPFGRGTY,52
AIGPFGNTTY,52
AISPYGRFTY,52
AIRPYGGYTY,52
AIEYRGGYTY,52
AISPGGYKTY,52
AISPNGYNTY,51
AIRPFGPETY,51
AISPYGQSTY,51
AIRPFGWGTY,51
AINPYGYDTY,51
AISPFGHYTY,51
AIRARGEYTY,51
AINPYGRHTY,51
AISPDGSGTY,51
AINPFGGDTY,51
AISPWGQRTY,51
AISPYGDVTY,50
AIHWRGNFTY,50
AINPFGRHTY,50
AITPFGEITY,50
AIQAYGNYTY,50
AIAPYGDWTY,50
AIQPFGPRTY,49
AISPFGVATY,49
AINQYGRRTY,49
AIGPFGLTTY,49
AINPFGSATY,49
AILPYGSITY,49
AISPFGWGTY,49
AIGFWGGSTY,49
AIGPFGKHTY,49
AISEYGSYTY,48
AIAPFGSLTY,48
AISPFGAGTY,48
AISPAGSGTY,48
AIGSFGDQTY,48
AINPYGWHTY,48
AISPYGEWTY,48
AINPYGGWTY,48
AISWRGKHTY,48
AISPDGSKTY,48
AIINSGHYTY,47
AIDTFGGYTY,47
AISEYGYANY,47
AISPFGSDTY,47
AIRPYGSHTY,47
AIGSFGDVTY,47
AIRSFGNSTY,47
AILMRGGSTY,47
AISRIGKYTY,47
AISPFADYTY,46
AIAPWGFRTY,46
AIDPYGIYTY,46
AINPYGSFTY,46
AIAPIGSRTY,46
AISPFGEQTY,46
AIRPFGSSTY,46
AIRPLGRDTY,46
AIEPYGSNTY,46
AIRMRGGSTY,46
AINWNGGYTY,45
AIAPFGGITY,45
AIQFMGGSTY,45
AINTYGRYTY,45
AISPFGHRTY,45
AITPFGQNTY,45
AIDPFGKNTY,44
AIRYAGWSTY,44
AISPFGNKTY,44
AICEYGYATY,44
AIAPWGDNTY,44
AIQNSGGHTY,44
AISPDGWTTY,44
AIQPFGKDTY,44
AINFRGGYTY,44
AIYPYGGYTY,44
AIRPRGGDTY,43
AISPWGFRTY,43
AIAPFGKTTY,43
AISPSGKKTY,43
AISPFGRNTY,43
AISYNGGSTY,43
AIGPLGSSTY,43
AISPYGEHTY,43
AISPYGKFTY,43
AIGPFGKSTY,43
AIQPFGNYTY,43
AIRPFGFSTY,43
AISPRGDRTY,43
AISEYGYTTY,43
AIRPFGSFTY,42
AINPYGGLTY,42
AIAPFGNDTY,42
AILPYGSWTY,42
AIMYSGGSTY,42
AIAPFGKQTY,42
AISPAGLRTY,42
AITPFGIKTY,42
AIRWDGFATY,42
AIAPYGRITY,41
AIKPFGNHTY,41
AITPYGHSTY,41
AISPDGYNTY,41
AIIFYGGSTY,41
AIGPFGDITY,41
AIDPFGGYTY,41
AISDPGGYTY,41
AIKTFGGSTY,41
AIGPFGYHTY,40
AISPGGDHTY,40
AISPLGDWTY,40
AISPFGQQTY,40
AINPFGLSTY,40
AIYPYGNRTY,40
AISPLGRGTY,40
AIHWDGNTTY,40
TITEYGYATY,40
AITPFGAQTY,40
AIAPFGTSTY,40
AIAPFGDQTY,40
AIAPYGNYTY,39
AISPFGHATY,39
AINPYGRSTY,39
AIGPYGRTTY,39
AISPFGSATY,39
AINPFGSYTY,39
AISEYGYGTH,39
AIEYSGGSTY,39
AIKYKGGSTY,39
AIKPFGKLTY,39
AISYTGGSTY,39
AIGPWGDYTY,39
AISPLGKHTY,38
AISPIGKGTY,38
AIRWNGHYTY,38
AIEYMGGSTY,38
AIAPFGETTY,38
AIRLFGAETY,38
AINPYGQYTY,38
AIRPFGTYTY,38
AISSYGYRTY,38
TIRWNGVETY,38
AIRPYGIRTY,37
AIMFMGGSTY,37
AITPFGRETY,37
AINTYGSYTY,37
AIVYFGGSTY,37
AINPYCRRTY,37
AISPIGQWTY,37
AISGNGYTTY,37
AISPNGLDTY,37
AIQPRGGGTY,36
AISPVGRGTY,36
AITPFGGRTY,36
AIGPYGTYTY,36
AITPFGFRTY,36
TISEYGWGTY,36
AISPGGGWTY,36
AISEYGWDTY,36
AINSRGDRTY,36
AITPFGTSTY,36
AISPWGDNTY,36
AIRWKGSGTY,36
AISEYGCGTY,35
AIDPYGRYTY,35
AIAPYGDYTY,35
AISPFGHHTY,35
AISPWGGTTY,35
AINPYGDTTY,35
AIRPWGSLTY,35
AIQWNGVETY,35
AIKPYGDWTY,35
AISWRGWHTY,35
AISPNGKWTY,35
AIDPYGFYTY,35
AIGPFGRTTY,34
AISPDGKTTY,34
AITPFGGSTY,34
AITPYGRRTY,34
AILPSGGYTY,34
AISEYGWCTY,34
AIKWNGDYTY,34
AITPFGGVTY,34
TINPYGRRTY,33
AISEYGRRTY,33
AITPYGYRTY,33
AILPYGEYTY,33
AIVPWGGHTY,33
AITPYGNYTY,33
AIKLYGTRTY,33
AIAPFGDGTY,33
AISPLGNKTY,33
AINDNGLKTY,33
AIRPYGSWTY,33
AISEYGLGTY,32
SIQPFGSNTY,32
AIRPFGKWTY,32
AINQYGRTTY,32
AIRPFGHFTY,32
AIGPFGHNTY,32
AIRYAGRYTY,32
AIGPFGWRTY,32
AISDYGGYTY,32
AITPYGKYTY,32
AIGWDGGYTY,32
AISPDGKVTY,32
AISPYGYNTY,32
AIYPFGYGTY,31
AISPNGNWTY,31
AIGYNGYRTY,31
AIQRRGGYTY,31
AIAPFGTTTY,31
AINSFGRRTY,31
AISPYGQFTY,31
AIYPYGGITY,31
AIRPFGKSTY,31
AISPDGRYTY,31
AISPYGSPTY,31
AIGPFGKRTY,31
AISPIGYGTY,30
AISPFGTYTY,30
AIAPWGGETY,30
AIAPWGQYTY,30
AIHPYGFRTY,30
AISPFGKTTY,30
AIRPNGYSTY,30
AIVYNGGSTY,30
AILPYGKRTY,30
AISGIGSKTY,30
AISPNGKRTY,30
TINPYGRITY,30
AIVPKGGHTY,30
AIGARGDLTY,30
AIGPYGLSTY,30
AISGNGSKTY,30
AINYFGGSTY,30
AISYFGGSTY,29
AILPFGHQTY,29
AISPWGFGTY,29
AISHNGGSTY,29
AIAPNGIHTY,29
AIQPFGEHTY,29
AILPYGKYTY,29
AIVPYARRTY,29
AIPYYGGSTY,29
AISPWGSTTY,29
AIGPLGGITY,29
AISEHGYATY,29
AIEYKGGSTY,28
AISPRGGLTY,28
AIGPFGYKTY,28
AIRMAGGSTY,28
AIREYGYGTY,28
AIKPFGGTTY,28
AIGPPGEYTY,28
AITPFGNFTY,28
AITPGGRSTY,28
AIRWNGDYSY,28
AISEYGYATN,28
AISPFGKVTY,28
AIAPFGDFTY,28
AISEYVYATY,28
AINPYGYRTY,28
AIRWNGVETH,28
AINPFGYKTY,28
AIKPYGNFTY,28
AIRTFGSTTY,28
AIDPYGSYTY,28
AIRPFGNSTY,28
AINPFGRYTY,28
AISPWGDFTY,27
AISPWGAYTY,27
AIVPWGTHTY,27
AIGPEGNNTY,27
AISRSGKFTY,27
AIRPFGLSTY,27
AICYVGGSTY,27
AITPFGYATY,27
AISPDGYWTY,27
AINTYGRRTY,27
AITPFGEHTY,27
AIRPSGGYTY,27
AIDWRGNFTY,27
AILPFGYSTY,27
AISPYGSETY,27
AIKPYGEFTY,27
AIEYVGGSTY,27
AIGPVGGYTY,27
AISPSGRYTY,26
AISPYGGATY,26
AISPDGSYTY,26
AISMRGGSTY,26
AILPYGAKTY,26
AISPYGAVTY,26
AIFPDGRTTY,26
AISPIGYKTY,26
AIGPFGFHTY,26
AISPSGSLTY,26
AILPFGKYTY,26
AILPYGSYTY,26
AICYMGGSTY,26
AISASGARTY,26
AIAPFGRETY,26
AISAYGYGTY,26
AIVQYGRRTY,26
AIIYLGGSTY,26
AISPYGTFTY,25
AIKPFGYNTY,25
AISPDGNLTY,25
AISEYGGYTY,25
VISEYGYGTY,25
AISPNGFYTY,25
AISPNGYTTY,25
AIVPYCRRTY,25
AISEYGDATY,25
AISPFGWRTY,25
AIAPFGRATY,25
AIYPYGSATY,25
AITPFGYTTY,25
AISPSGSRTY,25
AISPYGYGTY,25
AISPFGQETY,25
AITPWGSYTY,25
AIDSFGKYTY,25
AISDYGELTY,24
AIRLGGTNTY,24
AISPSGGYTY,24
AIAPYGGTTY,24
AIYYKGGSTY,24
AIGYAGGSTY,24
AISPFGADTY,24
AIEPFGFNTY,24
AISPNGEWTY,24
AIAPFGSTTY,24
AINWNGERTY,24
AINPYGNYTY,24
AIQPYGSRTY,24
AITPFGFSTY,24
AISPFGAITY,24
AIRFSGYSTY,24
AIMYWGGSTY,24
AISPYGSNTY,24
AISPLGSYTY,24
AIDWRGNYTY,24
AISECGYGTY,24
AIRANGEYTY,24
AISPFGNVTY,23
AIAPTGLQTY,23
AISEYGYAAY,23
AISPYGWPTY,23
AIAPNGWRTY,23
AISEYGEWTY,23
AITPSGSRTY,23
AISPNGYLTY,23
AIAPFGLETY,23
AIKAFGSSTY,23
AIKYYGGSTY,23
AIPYFGGSTY,23
AISPFGTRTY,23
AIAPFGKETY,23
AILPNGSQTY,23
AISNRGDWTY,23
AISSYGHYTY,23
AISPNGYSTY,23
AIRSSGYETY,23
AIPYWGGSTY,23
AILPFGSITY,23
AIRFSGWSTY,23
AISEYGTYTY,23
AINTYGRITY,23
AIIPYGNYTY,23
AISPRGDLTY,23
AIKTFGGYTY,23
AISPFGKRTY,22
AINPYGHRTY,22
AIIPFGRNTY,22
AISNRGGITY,22
AIVPFGSWTY,22
AINPYGSKTY,22
AISDYGLYTY,22
AISPNGGYTY,22
AIIPYGSYTY,22
AISPFGTLTY,22
AIGPYGRITY,22
SIRWNGVETY,22
AIVPYGTETY,22
AIGPFGTITY,22
AISARGEWTY,22
AISPIGSRTY,22
AIRPFGWKTY,22
AITKYGYATY,22
AISPLGDSTY,22
AIGDYGTNTY,21
AITPYGQNTY,21
AISPSGTRTY,21
AIHPYGNYTY,21
AIGSFGGYTY,21
AIRWNGVESY,21
AISFDGSYTY,21
AIGEYGYGTY,21
AIKPYGSYTY,21
AIRPFGGKTY,21
AIRSFGTRTY,21
AISPRGEATY,21
AIDWNGFYTY,21
AISDYGIDTY,21
AISPYGEFTY,21
ALYYKGGSTY,21
AITPLGSYTY,21
AISPLGFSTY,21
AIDPYGKYTY,21
AIGPYGSLTY,21
AIVPLGGYTY,21
AIAPFGQYTY,20
AISPVGFSTY,20
AIYPYGDWTY,20
AIVPYGAYTY,20
AIRWAGKYTY,20
AISEYGCATY,20
AITPFGGFTY,20
AINPYGDWTY,20
AIGPTGHGTY,20
AINPFGGSTY,20
AIRPLGYNTY,20
AIRPFGYQTY,20
AIDLYGNYTY,20
AISNLGGYTY,20
AIRPYGSFTY,20
AIDDYGRYTY,20
AIVYSGGSTY,20
AQIQYGRRTY,20
AIRPYGKYTY,20
EISEYGYATY,20
AIFPFGNYTY,20
AIDYRGGYTY,20
AISANGLSTY,20
AIGPFGTHTY,19
AISSFGKYTY,19
AIKPFGSYTY,19
AIADYGAYTY,19
AIKPGGNQTY,19
AISPFGVQTY,19
AISPDGAVTY,19
AISPFGSNTF,19
AISEYGYATD,19
AISEYSYATY,19
AILPFGVQTY,19
VIRWNGVETY,19
AISPVGLGTY,19
AINWNGSYTY,19
AIYPYGNYTY,19
AIQPYGGYTY,19
AIVPFGTYTY,19
AIDPYGGYTY,19
AILPYGTTTY,19
AISQFGWKTY,19
AIADYGRYTY,19
AIAMRGGSTY,18
AIRYSGLHTY,18
AIGPYGKYTY,18
AITPYGNGTY,18
AIARWGYETY,18
AIRPIGGNTY,18
AIDQYGRYTY,18
AIAPYGYYTY,18
AISPDGRETY,18
AILFMGGSTY,18
AIGPWGGYTY,18
AIRPFGHYTY,18
AINPYGVNTY,18
AINPYGDFTY,18
AIVPYGRSTY,18
AISPWGTYTY,18
AISWRGYHTY,18
AIAYGGGSTY,18
AISEDGYATY,18
AISSYGNSTY,18
AISPRGNITY,18
AIDPFGYRTY,18
AIVSYGRRTY,18
AISSYGNYTY,18
AISFMGGSTY,18
AITMRGGSTY,18
AISEYGWGTH,18
AIRSFGSFTY,18
AILFWGGSTY,18
AIKIDGKTTY,18
AINPYGKYTF,18
AISEYGSTTY,18
AISPFGFHTY,18
AISPLGRSTY,18
AINPFGLGTY,17
AINYSGGSTY,17
AITPFGRYTY,17
AIDWNGKYTY,17
AIAPFGSATY,17
AISPFGCYTY,17
AISPYGRHTY,17
AISPYGNVTY,17
AIIPGGDRTY,17
AIQTYGKYTY,17
AIKPDGSYTY,17
AIDPYGDRTY,17
AISPYGNFTY,17
AISPFVSKTY,17
AISGIGGKTY,17
AISPFGHITY,17
AINPYGRRTH,17
AIPFYGGSTY,17
AIRMWGRSTY,17
AIAPYGGWTY,17
AISAYGWGTY,17
AIVPSGNRTY,17
AMSEYGYGTY,17
AIAPFGKFTY,17
AIRWYGGNTY,17
AIAPFGHYTY,17
AISPYGRKTY,17
AISPFGTATY,17
AIAPYGYRTY,17
AITPFGERTY,17
AISRFGKNTY,17
AISPRGARTY,16
AISDYGNYTY,16
AITPFGLETY,16
AINEYGYGTY,16
AISPWGYSTY,16
AIGEYGWGTY,16
AISPWGYKTY,16
AISPYGISTY,16
AILPYGRYTY,16
AIAPYGAETY,16
AIAPFGHRTY,16
AINPYGGATY,16
AISEYGGRTY,16
AIRNKGNYTY,16
AISQYGYATY,16
AINPYGNATY,16
AISPGGGYTY,16
AISEYGYATC,16
AIRPLGWKTY,16
AILPFGLRTY,16
AITPYGNWTY,16
AILPYGGWTY,16
AIRWNSVETY,16
AISPLVGSTY,16
AINWRGNYTY,16
AIAPFGLDTY,16
AIYPFGHKTY,16
AIGPFGLPTY,16
AIQPFGYRTY,16
AIRRNGVETY,16
AIAYFGGSTY,16
AIAPFGHLTY,16
AICYKGGSTY,16
AISPWGFKTY,16
AITPFGHNTY,16
AISEYDYATY,16
AISPDGYSTY,16
AIRPYGRSTY,16
AITPFGLHTY,16
AIAPSGHETY,15
AISPNGHWTY,15
AIRPNGRYTY,15
AIGPFGLSTY,15
AIIEYGYGTY,15
AINPYGYPTY,15
AINPYGSWTY,15
SISEYGYGTY,15
AMRWNGVETY,15
AIVPFGARTY,15
AINTYGKYTY,15
AINPYGYSTY,15
AIRWHGVETY,15
AISPGGLRTY,15
AIRWNGSYTY,15
AILPFGGDTY,15
AIAPFGRFTY,15
AISEYGSITY,15
AIRLGGYSTY,15
AIAPFGIATY,15
AISPFGKITY,15
AITEYGYATH,15
AIRMWGSSTY,15
AISPFGRKTY,15
AISQGGYRTY,15
AISPLGWRTY,15
AIAPRGARTY,15
AIQEYGRYTY,14
AITDYGDNTY,14
AISPSGKNTY,14
AIRYAGYSTY,14
AISPLGSGTY,14
AINTSGGNTY,14
AIVPTGNRTY,14
AISPFGALTY,14
AIEPYGRYTY,14
AIRWDGYATY,14
AISPFGIDTY,14
AIGPLGGYTY,14
AISPFCYTTY,14
AIRSFGNYTY,14
AINPYGRCTY,14
AINPYGIATY,14
AISPWGRYTY,14
AISPFVWNTY,14
AISPIGYRTY,14
AISPFGVRTY,14
AITPFGNHTY,14
AISPYGYATY,14
AIEMRGGSTY,14
AISEYGIYTY,14
AITAYGYATY,14
AIHPYGYKTY,14
AIAPFGSITY,14
AIAPFGYATY,14
AISPSGKSTY,14
AIRMWGCSTY,14
AISPYGSQTY,14
AIDTYGNYTY,14
AIRCNGDETY,14
AITPGGLGTY,13
AITDYGSYTY,13
AINPYGCITY,13
AITPFGTKTY,13
AISKYGYGTY,13
AITPFGRITY,13
AIRWNGMETY,13
AIAPFGKNTY,13
AISPYGKVTY,13
AIVYTGGSTY,13
AINPYGRLTY,13
AIDPYGAYTY,13
AISPLGRYTY,13
AIYPYGSYTY,13
AIRWDGYYTY,13
AIGPFGLHTY,13
AISQFGYTTY,13
AILPYGGNTY,13
AIHPYGSDTY,13
AIVPYGWKTY,13
VINPYGRITY,13
SIRWNGDETY,13
AISPYGAFTY,13
AISPNGYYTY,13
AIDPYGEWTY,13
AISPRGNRTY,13
AISEFGIRTY,13
AISPFGHTTY,13
AISDYGYATY,13
AIRINGSYTY,13
AISPYGNWTY,13
AISPEGGATY,13
AIKPNGAYTY,13
AIAPRGTRTY,13
AISPSGDATY,13
AIRSFGGWTY,13
AIGPYGYYTY,13
AIAPFGFSTY,13
AISPFSFNTY,13
AISDYGFYTY,13
AIRVYGSSTY,13
AIRMMGGSTY,13
AIMMWGCSTY,12
AINPRGGWTY,12
AIKPFGYTTY,12
AIAPFGVTTY,12
AINPFGDRTY,12
AIKWDGSYTY,12
AIVPYGRCTY,12
AIGDYGYNTY,12
AISPGGHFTY,12
AIKWNGYYTY,12
AISPSGYLTY,12
AISPRGQDTY,12
AITPFGRRTY,12
AISPNGTNTY,12
AISPGGDITY,12
AISPNGSYTY,12
AIGPLGYSTY,12
AITPFGSWTY,12
AIRSFGYRTY,12
AISPHGSWTY,12
AITPYGFNTY,12
AIQPYGWRTY,12
AISPSGLSTY,12
AILPYGQYTY,12
AINPYGNLTY,12
AISQFGGYTY,12
AITFMGGSTY,12
AIVPFGNLTY,12
AITPFGSETY,12
AISPFGEFTY,12
AIGPFGRFTY,12
AIRTYGEYTY,12
AISPYGWETY,12
AISEYGSWTY,12
AISPEGSYTY,12
AINPFGQYTY,12
AIDPYGNSTY,12
AISDYGRSTY,11
AISQFGYSTY,11
AISPGGGTTY,11
AIRPYGYNTY,11
AISPFGHETY,11
AIHGYGGRTY,11
AIAPYGEWTY,11
AIRMCGGSTY,11
AISPFGCNTY,11
AIVPRGGGTY,11
AIGDYGSNTY,11
AIDDYGEYTY,11
AIVPFGEYTY,11
AISPGGSRTY,11
AIRPYGRITY,11
AISPYGRITY,11
AISNYGTYTY,11
AISNNGSSTY,11
AIRPFGMETY,11
AISPFGTKTY,11
AIRWDGVETY,11
AILPFGLETY,11
AISPYGNNTY,11
AIKPFGSRTY,11
AIQFRGNETY,11
AISGYGDYTY,11
AIFPFGNGTY,11
AINPFGYRTY,11
AIRWAGWNTY,11
AISTSGGRTY,11
AIMMCGGSTY,11
AIREYGWGTY,11
AISPYGGNTY,11
AIAPFVNLTY,11
AIQWNGSNTY,11
AISPWGRTTY,11
AIVPYGHRTY,11
AIQPFGNLTY,11
AISPFCYSTY,11
AIAPAGAWTY,11
AIIPFGNYTY,11
AIAPIGYGTY,11
AIQPFGNHTY,11
AISMWGSSTY,11
AISPEGARTY,10
AIGPYGLYTY,10
AIQGYGGSTY,10
AIDYFGGSTY,10
AINPYGDSTY,10
AITECGYATY,10
AISPLGRNTY,10
AIRWNGVDTY,10
AIRPRGQGTY,10
AISGFGGNTY,10
AINYNGGSTY,10
AISEYGRTTY,10
AIAPFVRKTY,10
AIRPRGGWTY,10
AINPYGCRTY,10
AIKIDGKVTY,10
AISPNGKHTY,10
AISKYGKYTY,10
AIAPRGYRTY,10
AIVPFGNRTY,10
AISPNGLSTY,10
AIRWNGYYTY,10
AIGPDGKFTY,10
AITPYGGDTY,10
AIRPIGSYTY,10
AIAPFGKWTY,10
AISPRGKLTY,10
AISTFGYSTY,10
AISPLGYTTY,10
AIHYYGGSTY,10
AISPGGSWTY,10
AIQPYGLRTY,10
AIAMCGGSTY,10
AISPFGTGTY,10
AISEYGRYTY,10
AISPLGDQTY,10
AINPWGYNTY,10
AISPGGKYTY,10
AISPYGHHTY,10
AISPRGNETY,10
AISVYGQLTY,10
AIRNIGNYTY,10
AISPGGLYTY,10
AISEYGYAIY,10
AIRLFGKSTY,10
AIAPRGGYTY,10
AISPTGYTTY,10
AISDYGEYTY,10
AISYWGGSTY,10
AIDEYGRYTY,10
AISEYGRFTY,10
AIAPFGKKTY,10
AIGTYGKYTY,10
AINYWGGSTY,10
AISPFGTWTY,10
AISPRGGGTY,10
AISPFGPSTY,10
AINYIGGSTY,10
AINPYGRITH,9
AIRPFGQNTY,9
AIAMWGRSTY,9
AIRYAGSFTY,9
AIHPLGSGTY,9
AITEYGYGTY,9
AIAPRGNRTY,9
SINPYGRITY,9
AIAPFGHNTY,9
AISPFGDGTF,9
AIYPYGSWTY,9
AIRPQGAYTY,9
AIGPFGLGTY,9
AIAPFGFTTY,9
AISEAGDHTY,9
AIYFMGGSTY,9
AIEPFGWSTY,9
AIQPFGKRTY,9
AITPFGLATY,9
AISEYGARTY,9
AIAQFGEYTY,9
AISTFGGYTY,9
AIDPYGNYTY,9
AISDNGHITY,9
AISECGWGTY,9
AILPYGNFTY,9
AIRYAGYYTY,9
AIRYAGDYTY,9
AITPFGQQTY,9
AIAPNGYLTY,9
AISPGGLDTY,9
AITPSGDRTY,9
AIAPGGKKTY,9
AISPKGDGTY,9
AIGPFGNRTY,9
AIGPNGETTY,9
AIRWSGVETY,9
AISPYGIRTY,9
AIGPYGNNTY,9
AISEYGDGTY,9
AIRYSGLTTY,9
AISPSGGQTY,9
AISDYGEWTY,9
AIHGYGFRTY,9
AIEFMGGSTY,9
AIKWNGRYTY,9
AINQFGGYTY,9
AISPYGHSTY,9
AIAMWGCSTY,9
AIKPFGGYTY,9
AIAPFGDYTY,9
AITPIGYNTY,9
AIRPWGLSTY,9
AIRPLGFDTY,9
AIRPFGDDTY,9
AITPYGEYTY,9
AINPYGTYTY,9
AISPAGYRTY,9
AITPFGKLTY,9
AISPNGEYTY,9
AIDPFGGSTY,9
AIAPFGWETY,9
AISPNGAYTY,9
AICEYGYGTY,9
AINPFGNYTY,9
AIGPFGRHTY,9
AINYRGEYTY,9
AIAYCGGSTY,9
AISPRGNFTY,9
AISYDGKYTY,8
AISPTGSYTY,8
AINPYGNNTY,8
AIYPNGSYTY,8
AISPNGNYTY,8
AISEYGYGTN,8
AIFYVGGSTY,8
AISPYGWTTY,8
AIAPFGNWTY,8
AIRSFGGRTY,8
AISPFGNCTY,8
AISEYGNYTY,8
AIMFWGGSTY,8
AIGPRGSRTY,8
AIRPLGGSTY,8
AITDGGYYTY,8
AIRFRGGSTY,8
AIVPYGRITY,8
AISPWGFSTY,8
TIVPYGRRTY,8
AIKSFGRRTY,8
AIDPYGDVTY,8
AISPDGNTTY,8
AISQFGNSTY,8
AISPYGTITY,8
AILPNGYGTY,8
AISPSGSITY,8
AISPYGYHTY,8
AITPFGSNTY,8
AIVPYGTLTY,8
AIRPLGYHTY,8
AISANGLKTY,8
AIRWYGVETY,8
AILPFGDRTY,8
AISEYGYGTD,8
AIAPFGCYTY,8
AISPGGQSTY,8
SINPYGRRTY,8
AIVPWGSFTY,8
AISYYGSYTY,8
AISEYGKYTY,8
AINPFGQITY,8
AISQFGGRTY,8
AIYPDGHKTY,8
AISDYGTYTY,8
AISEYSYGTY,8
AIDYAGTETY,8
AISPIGLSTY,8
AITLWGGSTY,8
AISPLGGHTY,8
AIQPYGRFTY,8
AISWDGSHTY,8
AIGYNGGSTY,8
AIKYSGGSTY,8
AISPNGDSTY,8
AICYNGGSTY,8
AIGPFGRYTY,8
AIAPWGRLTY,8
AISDYGDTTY,8
AISEYGYATS,8
AITPYGYATY,8
AISPFGVSTY,8
AISPWGYNTY,8
AISPQGGQTY,8
AISPDGWYTY,8
AIVPYVRRTY,8
AISPYCEYTY,8
AIDPYGSETY,8
AIRWNGVKTY,8
AINPYGRRTD,8
AIRPYGNFTY,8
AISEYGGKTY,8
AIGPLGDITY,8
AISPGGLETY,8
AISPYGNDTY,8
AIGGYGRYTY,8
AIAPFGQWTY,8
AISPAGAHTY,8
AIAMWGSSTY,8
AIAPRGGFTY,8
AISPFGVETY,8
AISPFGEITY,8
AITPIGRITY,8
AISPDGRWTY,8
AISPGGTYTY,7
AITPLGYKTY,7
AISPDGNATY,7
AIYPYGHTTY,7
AISPNGLYTY,7
AIDPYGNNTY,7
AIGPFGCSTY,7
AIQPYGSKTY,7
AIADNGYRTY,7
AISPYGSSTY,7
AISPFCYNTY,7
AIGWDGNYTY,7
AIRNSGFYTY,7
AISPLGGWTY,7
AIRPFCGDTY,7
AINPYGQSTY,7
AISYDCSYTY,7
AINEYGWGTY,7
AISPIGKFTY,7
AISPRGQLTY,7
AIGPRGDGTY,7
AISPGGSSTY,7
AIEISGGRTY,7
ATSEYGYATY,7
AISPYGEETY,7
AIHDYGSYTY,7
AIAPIGYSTY,7
AIVPYGTHTY,7
AISPHGSKTY,7
AITEYGSYTY,7
AISPSGTYTY,7
AIYPYGEYTY,7
AISPLGLGTY,7
AIASRGDYTY,7
AISPYGLKTY,7
AIGPFGKTTY,7
AIAQFGSSTY,7
AIGPSGNDTY,7
AINFMGGSTY,7
AISPYGHLTY,7
AISSFGRNTY,7
AIDPFGSYTY,7
AISPFGETTY,7
AIAPNGNSTY,7
AISPNGKSTY,7
AISPVGYSTY,7
AISWCGARTY,7
AILPYGYRTY,7
AINNGGRYTY,7
AISPGGGKTY,7
AITEYVYATY,7
AISEYGLYTY,7
AISPYGSVTY,7
AINYMCGSTY,7
AIAPFCNLTY,7
AIGPWGYNTY,7
AITEYGYSTY,7
AIAPLGLSTY,7
AISPTGYNTY,7
AIGPFGCYTY,7
AISPGGYLTY,7
AIGPYGQYTY,7
AIRCNGVSTY,7
AISEYVYGTY,7
AISEYGYRTY,7
AISPYGTTTY,7
AIRPDGYSTY,7
AINPFGGWTY,7
AISPYGCYTY,7
AISPFVNYTY,7
AILPYGSATY,7
AISPGGGVTY,7
AINPYGGDTY,7
AISPNGSRTY,7
AIKPYGTYTY,7
AISSFGRYTY,7
AISQFGYRTY,7
AIHPYGARTY,7
AIRWRGGDTY,7
AIAPFCGYTY,7
AITFCGGSTY,7
AIRWNGVETC,7
AISPIGAYTY,7
AINPCGRRTY,7
VISEYGWGTY,7
AILPYGTFTY,7
AISPYGGQTY,7
AIYPYGTYTY,7
AISPYGWNTY,7
TISPFGYSTY,7
AIKARGEWTY,7
AITEYGNYTY,6
AIQGYGHYTY,6
AIAPIGKETY,6
AISKYGWGTY,6
AILPYGRNTY,6
AIVPWGDLTY,6
AISTFGGDTY,6
AIRPFGCDTY,6
AITPFGDDTY,6
AIVFYGGSTY,6
AIKPFGGWTY,6
AISEYGWVTY,6
AIDIYGSYTY,6
AIHDYGNYTY,6
AIYPYGKNTY,6
AISPFCNWTY,6
AIRWKGVETY,6
AIDPFGVNTY,6
AIADYGRLTY,6
AIRPWGYKTY,6
AINPFGDFTY,6
AITPFGIWTY,6
AISPNGYETY,6
AIIPFGDYTY,6
AIGPFGGDTY,6
AIKPFGQYTY,6
AIRPYGYDTY,6
AISPYGVQTY,6
AINPFCGYTY,6
AISPFGGRTH,6
AIAPFGNQTY,6
AINMWGGWTY,6
AIGPFGEWTY,6
AIGPFGGTTH,6
AILWNGDETY,6
AIAPSGDKTY,6
AILPRGSRTY,6
AITEYGYETY,6
AISPFCNYTY,6
AINPCGRITY,6
AIFMWGGSTY,6
AICYLGGSTY,6
AISYMGCSTY,6
AISPFCGYTY,6
AIRPFGSYTY,6
AIGPFGIETY,6
AISPNGFRTY,6
AISTYGEYTY,6
AIAPFGQFTY,6
AIAPSGLSTY,6
AIRPYGRRTY,6
SISEYGWGTY,6
AIYYVGGSTY,6
AISPGGAFTY,6
AIDPYGWYTY,6
AITPFGFDTY,6
AITPSGKRTY,6
AISPNGQWTY,6
AITPSGKYTY,6
AISPYGFNTY,6
AIGRFGGFTY,6
AIVPFGDYTY,6
AISPGGYSTY,6
AISSRGDFTY,6
AIKLFGKYTY,6
AITPFGGNTY,6
AIGEYGRYTY,6
AILPYGFRTY,6
AIEPFGYLTY,6
AILPYGRTTY,6
AMAPFGEYTY,6
TISPFGGRTY,6
AIVMWGGSTH,6
AIDPYGKNTY,6
AIGPLGYYTY,6
AMSEYGWGTY,6
AISDNGLKTY,6
AIGPYGKHTY,6
AIAMLGGSTY,6
AIRPFGRYTY,6
AIGPLGAITY,6
AIRPGGQNTY,6
AIVPFGLSTY,6
AIAPYGLSTY,6
AILPYGRRTY,6
AIRWAGYSTY,6
AISPDGNNTY,6
AISPSGNLTY,6
AIDPYGTYTY,6
AINNHGGLTY,6
AIAQFGGYTY,6
AIVPFGDTTY,6
AIRWNVVETY,6
AIVPCGRRTY,6
AIQYTGGSTY,6
AIAPYGEFTY,6
AIRPYGLRTY,6
AISGAGGKTY,6
AISEHGYGTY,6
AISIPGYGTY,6
AISPNGKFTY,6
AISDYGYITY,6
AIRLNGDETY,6
AISPIGGRTY,6
AISPFCGWTY,6
AISMCGGSTY,6
AIRLFGRHTY,6
AIRPFGKYTY,6
AIEFRGGNTY,6
AIRWNGVETN,6
AISPFCNSTY,6
AISEYGVYTY,6
TISPYGGYTY,6
AITPFGFTTY,6
AITPLGKSTY,6
AISPYGNTTY,6
AICFYGGSTY,6
TISPFGGYTY,6
AILPYGANTY,5
AIRPFGFRTY,5
AITPFGELTY,5
AINDYGDWTY,5
AIRPFGYTTY,5
AIEPFGSRTY,5
AIDVYGKYTY,5
AISPFGGCTY,5
AISLFGYKTY,5
AITQFGEWTY,5
AISPWGSKTY,5
AISPLGLSTY,5
AIGPFGDCTY,5
AISPFCRYTY,5
AIGQFGSLTY,5
AIMYKGGSTY,5
AIVPFGSSTY,5
AIPYMGCSTY,5
AIAPFGGHTY,5
AISPTGYYTY,5
TIAMWGGSTY,5
AIGPNGSLTY,5
AISPTGHQTY,5
AIWPFGLGTY,5
AIGPVGYSTY,5
AILPYGFKTY,5
AISTYGAYTY,5
AIDFRGDQTY,5
AIGPFCSYTY,5
AIAQFGNRTY,5
VINPFGGYTY,5
AISPFGYSSY,5
AIRQFGNYTY,5
AISPFGYNTH,5
AINPFGCYTY,5
AIGPQGGYTY,5
AISPRGQYTY,5
AIAEYGNTTY,5
ALAPFGIRTY,5
AIAPWGYHTY,5
AIAKNGSYTY,5
AISQFGSRTY,5
AIQEYGEFTY,5
AIGPFCGSTY,5
AIIEYGWGTY,5
AIRWNCDETY,5
AIVPFGSHTY,5
AIQPYGSLTY,5
AIVPFGYRTY,5
AITPFGKRTY,5
AIGPYGSSTY,5
AISQYGSYTY,5
AIQWNGDETY,5
AIVPYGRRTH,5
AITPLGLKTY,5
AIVPFGHQTY,5
EITEYGYATY,5
AINYAGDSTY,5
AITPFGKYTY,5
AINPYGRIAY,5
AINLYGRITY,5
AISPNGYKTY,5
AISPSGIKTY,5
AISEYGDLTY,5
AISPFGCFTY,5
AIRSRGGYTY,5
AISPFCYETY,5
AITPLGNYTY,5
AISENGRYTY,5
AINPGGWGTY,5
EIRWNGVETY,5
AISPFGTHTY,5
AITFWGCSTY,5
AISPIGEATY,5
AIYPYGSGTY,5
AIEVNGGNTY,5
AISPFCSLTY,5
AIAPFCYKTY,5
AISPYGSDTY,5
AIAPYGGSTY,5
AISANGYTTY,5
AISPIGSNTY,5
AIYPLGHGTY,5
AIGYKGCSTY,5
AIVPFGRGTY,5
AIGPWGASTY,5
AIRPRGYETY,5
AIGQFGGSTY,5
AITPVGGRTY,5
AITPGGEYTY,5
AIVPYCTRTY,5
AIYPFGDGTY,5
AIVPYGSATY,5
AISEDGYGTY,5
AIGPFGTYTY,5
AISNYGSYTY,5
AITPFGSRTY,5
AISPFCGDTY,5
AITEYGYTTY,5
AISYIGGSTY,5
AINMWGGKTY,5
AISEYGAYTY,5
AISPWGVSTY,5
AISPSGGSTY,5
AISKSGNYTY,5
AIRWNGIATY,5
AITPFGYETY,5
AIRWNGLETY,5
AINPFGRFTY,5
AIVPWGSHTY,5
AISQGGGRTY,5
AIYPYGRYTY,5
AISPYGSTTY,5
AILPYGDWTY,5
AIAPFCHKTY,5
AIAIWGGSTY,5
TISPFGYTTY,5
AITPTGSYTY,5
AINYMGCSTY,5
AINTSGGVTY,5
AIGPYGDYTY,5
AISPGGEVTY,5
AIRPFGRQTY,5
AIRPIGSSTY,5
AIRLFGASTY,5
AIRTFGYSTY,5
AINSYGSYTY,5
AIRYFGGRTY,5
AISTSGGVTY,5
AISPFGCRTY,5
AIGPFGGQTY,5
AIDPYGLHTY,5
AIRPFGKFTY,5
AIKPYGSRTY,5
AISPSGHQTY,5
AIDPYGQVTY,5
AIMMSGGSTY,5
AISDYGAYTY,5
AISPFGYSTH,5
VITEYGYATY,5
AIYPLGEGTY,5
AIGPYGEYTY,5
AISPFVSRTY,5
AIGPWGGSTY,5
AISHNGTSTY,5
AISEFGRHTY,5
AIRPGGAYTY,5
AISPFCGRTY,5
AIQNSGNYTY,5
AITPYGDSTY,5
AIDVYGLYTY,5
AIDPFGGGTY,4
AISQYGGYTY,4
AISPPGNFTY,4
AISPNGESTY,4
AITPYGRETY,4
AIKMRGGSTY,4
AINYSGSQTY,4
AINPYGHLTY,4
AISPFGNPTY,4
AISPRGEYTY,4
AIDPFGNYTY,4
AISEYGYGIY,4
AISPFGAYTS,4
AILPYGTRTY,4
AISPLGHATY,4
AIFPNGKGTY,4
AIRPIGRITY,4
AIRTYGSYTY,4
AISPYGGDTY,4
AISSYGEYTY,4
AISPYGHFTY,4
AITPFGQKTY,4
AISTFGRTTY,4
AIDPYGDFTY,4
AIKAWGQYTY,4
AIAPFGMSTY,4
AISYDGSHTY,4
AIPHKGGQTY,4
AISPYGQNTY,4
AIAPCGSFTY,4
EISEYGYGTY,4
AISPCGNYTY,4
ATNPYGRITY,4
AIGRFGGVTY,4
VINPYGRRTY,4
AISLYGGSTY,4
AIKTYGDVTY,4
AIYPFGQGTY,4
SIVPYGRRTY,4
AISQYGYGTY,4
AITPRGEGTY,4
AISPFGMSTY,4
AIKPFGYHTY,4
AISQFGGHTY,4
AISPGGYDTY,4
AIVPFGLRTY,4
AIDDYGSYTY,4
SISPFGRYTY,4
AITPYGNFTY,4
AISYDGNYTY,4
AITPFGESTY,4
AIRMWGDSTY,4
AISANGTTTY,4
AISPNGGWTY,4
AIRPDGYETY,4
AISPHGSDTY,4
AISQFGYGTY,4
AITPFCEWTY,4
AISPYGLITY,4
AITPFGDSTY,4
AISDNGNITY,4
AISPFGYCTY,4
AINHRGDSTY,4
AISDYGDDTY,4
AITFLGGSTY,4
AITPYGYNTY,4
AIGPTGLNTY,4
AIAPWGGSTY,4
AIAPKGLSTY,4
AIRPIGSDTY,4
AIGPDGKYTY,4
AISQFGSYTY,4
AILPDGSATY,4
AISPWGCYTY,4
AIAPSGAKTY,4
AIVPGGGYTY,4
AIDPFGEYTY,4
AITPFGDKTY,4
AIAPFCYQTY,4
AIKTSGSRTY,4
AIAPNGSFTY,4
AITPFGDLTY,4
AISPSGDHTY,4
AIKPFSLTTY,4
AISEYGHATY,4
AIAPFGQITY,4
AIAPLGSFTY,4
AISPNGYATY,4
AISPYCGYTY,4
AITPFGNRTY,4
AIHTYGFRTY,4
AISPSGRLTY,4
TITYKGGSTY,4
AISPFGYSTN,4
AISEYVWGTY,4
AICFMGGSTY,4
AIRPSGRRTY,4
AISDYGGNTY,4
AISPFGEDTY,4
AISPNGFSTY,4
TIGPFGGYTY,4
AIIPFGGWTY,4
AITEYGCATY,4
EISEYGWGTY,4
SITEYGYATY,4
AISPTGKYTY,4
AIRPWGDYTY,4
AISPTGLYTY,4
AISPLGYRTY,4
AIVTYGRRTY,4
AINPLGYSTY,4
AITPFGVSTY,4
AIRPYGYGTY,4
AITPFGQWTY,4
AIAPKGYRTY,4
AIDYAGGSTY,4
AIDDYGGRTY,4
AISPWGYVTY,4
AIAPEGLSTY,4
AISEYCYSTY,4
AISPNGNITY,4
AISENGYYTY,4
AIGPFGHVTY,4
AIAQFGYRTY,4
AISHSGARTY,4
AISPSGGRTY,4
AIMMWGGLTY,4
AIAPYGSITY,4
AIRLRGGGTY,4
AIRPFGSNTY,4
AIRPFCLETY,4
AISPFGGYTH,4
AISEYGWGTD,4
AILPYGKKTY,4
AISPRGDVTY,4
AIAPSGSITY,4
AIVMLGGSTY,4
AMAMWGGSTY,4
AIAPYGKFTY,4
AIAPFGVQTY,4
AIRLGGGNTY,4
AISPLGLKTY,4
AIGLRGNDTY,4
AINPYGFKTY,4
AISPYGAETY,4
AISPRGEGTY,4
AISQFGGDTY,4
ATNPYGRRTY,4
AIAPFGTLTY,4
AISPFGCETY,4
EIRPFGANTY,4
AISPLGQQTY,4
AIRPDGYWTY,4
AITPFVSHTY,4
AISPGGYQTY,4
AISNYGRYTY,4
AINWRGTHTY,4
AINLYGRRTY,4
AITYNGYSTY,4
AIDEYGDFTY,4
AIGPFCDWTY,4
AISTFGGRTY,4
AIAPFGWGTY,4
AIRYGGGSTY,4
AIGPGGGGTY,4
AISPFALHTY,4
AIEPYGDSTY,4
AIDPWGLLTY,4
AIGGYGGYTY,4
AIESRGGYTY,4
AITEYGYATN,4
AISPWGNSTY,4
AISGTGGRTY,4
AIMMWGSSTY,4
AIAPNGSLTY,4
AISPFCRTTY,4
AISYRGSYTY,4
AISPYGFDTY,4
AIRWNGRYAY,4
AITPVGKSTY,4
AINPFGYSTY,4
AISPWGYDTY,4
AISPGGQYTY,4
AIRSFGFRTY,4
AISPDGRKTY,4
AISPGGTGTY,4
AIMMWGRSTY,4
AISPFGCATY,4
AISPFCQNTY,4
AIDPFGAYTY,4
AISNRGNRTY,4
AISPYCSYTY,4
AISPFGMNTY,4
EINPYGRRTY,4
AIQNSGGNTY,4
AIYPYGEWTY,4
AIAPFCLSTY,4
AIAQFGSYTY,4
AISPDGQATY,4
AISPYGRTTY,4
AIRPYGDYTY,4
AISKYGKTTY,4
AISDYGDYTY,4
TINYYGGSTY,4
AIGPFGWNTY,4
AISPFCQKTY,4
AISPIGHNTY,4
AISPDGKFTY,4
AISQYGRYTY,4
AINMWGSSTY,4
AITYSGGSTY,4
AIFPYGNGTY,4
AITPYGRFTY,4
AITPFGQFTY,4
AISPGGLKTY,4
AIEPFGYNTY,4
AITFWCGSTY,4
AINPFGGYTH,4
AISPAGNVTY,4
AILPNGSATY,4
AITPLGDNTY,4
TISDYGTRTY,4
AIRLNGDYTY,4
AITPDGYGTY,4
AISLRGARTY,4
AIRPAGYLTY,4
AIAQFGGKTY,4
AIRQFGGDTY,4
AIDDYGRSTY,4
AITPFGGITY,4
AIPYSGGSTY,4
AIDPFGGTTY,4
AIPMWGCSTY,4
TISPFGRRTY,4
AIQPYGTRTY,4
AISPFGYPTY,4
AIAQFGISTY,4
AISPYGGYTF,3
AISPHGGYTY,3
AIDPFGYETY,3
AISTFGQNTY,3
AISEYGERTY,3
AISPGGWHTY,3
AISTNGFRTY,3
AIGKAGHYTY,3
AISTYGGYTY,3
AIRWNGYETY,3
AIRWYGDETY,3
AISPSGYATY,3
AISPIGSKTY,3
AIKPNGVDTY,3
AIGPFGLDTY,3
AIKYVGCSTY,3
AISPEGGWTY,3
AISPFGQHTY,3
AITPFGSITY,3
AITPYGGSTY,3
AISPCGGYTY,3
AISLFGYNTY,3
AISPRGSYTY,3
AINPFGFNTY,3
AINMQGGSTY,3
AIGPFCRGTY,3
AISPFCDRTY,3
AITPFGARTY,3
AITPRGNLTY,3
AINNGGGYTY,3
AISWRGVRTY,3
AISPFGYKAY,3
AISENGYATY,3
AIAPFGGYTH,3
AMNPYGRITY,3
AIVPRGGLTY,3
AISPRGYETY,3
AISEYAYATY,3
AIAPYCEYTY,3
AINPHGRITY,3
AIAPYGAFTY,3
AINPYDRITY,3
AISPYGRPTY,3
AISPLGKLTY,3
AIGLRGNETY,3
AISPFCSYTY,3
AISPNGVYTY,3
AIAQYGEYTY,3
AISPFDNRTY,3
AIRINGGSTY,3
AIGPYGGATY,3
AIAQFGNLTY,3
AISPGGHWTY,3
AISEYGWGTN,3
AIALFGSSTY,3
TISPFGRYTY,3
AIAPFGVETY,3
AISDNGSYTY,3
AINPLGGRTY,3
AISWCGDRTY,3
AISNYGAYTY,3
AISTFGYTTY,3
AISQFGGQTY,3
AISEYGWGIY,3
TINPFGGYTY,3
AIAQFGYSTY,3
AITTFGEWTY,3
TIVMWGGSTY,3
AITPFGDYTY,3
AINMLGGSTY,3
AIRPFGGDTH,3
AIAPFCEYTY,3
AITEYDYATY,3
AISPFGMKTY,3
AISPSGKRTY,3
AISPSGTSTY,3
AINPFGHKTY,3
AIIYGGGSTY,3
AIPMWGSSTY,3
AISPRGRYTY,3
AIGPFCYETY,3
AIMYMGGYTY,3
AISPIGKVTY,3
AINPYCSYTY,3
AISPGGRYTY,3
AISPYCNYTY,3
AIRWNGVENY,3
AINPTGYNTY,3
AIAPYGDKTY,3
AINFRGGSTY,3
AISQYGAYTY,3
AIEFRGGQTY,3
AISAPGYTTY,3
AIQPFCSNTY,3
AISPFCYKTY,3
TISYDGSYTY,3
AILPDGSYTY,3
TISPFGGDTY,3
AINPYGRRAY,3
AIDPFGSQTY,3
AISTFGYRTY,3
AIKPYGTFTY,3
AIRWNGAETY,3
AIYPYGLNTY,3
TISPFGQKTY,3
AINTFGGYTY,3
AIRNRGDYTY,3
AISPLGEYTY,3
AISPYCYYTY,3
AISQFGYNTY,3
AIIYIGGSTY,3
AICPFGSYTY,3
AINPYGRQTY,3
AISDFGYGTY,3
AISMWGCSTY,3
AISPNGTTTY,3
TIAPYGEYTY,3
AIIPYGGYTY,3
AISDYGTHTY,3
AISPFVYSTY,3
AIKPYGRRTY,3
AIAPYGHFTY,3
AINPHGRRTY,3
AISQFGISTY,3
AIVPFGLKTY,3
TISWRGDRTY,3
AIKPFGYKTY,3
AITPSGSGTY,3
AITPFGINTY,3
AIAEYGYATY,3
AILPFGGSTY,3
AILPYGRFTY,3
AITPYGWRTY,3
AISPFCLRTY,3
AISYRCDWTY,3
AIKPYGYYTY,3
AITPYGNHTY,3
AIRMWCGSTY,3
AISPYGDNTY,3
AIKPYGGLTY,3
AIRWNCVSTY,3
AIGTFGYETY,3
AIKPFGKTTY,3
AISPLGWHTY,3
AMSPFGGWTY,3
AIHPDGYYTY,3
AISWDGCYTY,3
AIRPYGSRTY,3
AISPFGMETY,3
AIAQFGQNTY,3
AIAPFCKYTY,3
AISLFGYTTY,3
AISPAGDHTY,3
AISEYGTGTY,3
AIGQFGDSTY,3
TIRMWGGSTY,3
AIVPYGRGTY,3
AITYFGGSTY,3
AIRPFGGNTY,3
AITPFGYHTY,3
VISPFGGYTY,3
VISPFGNSTY,3
AIAPFCSYTY,3
AIAPFCISTY,3
AIAPWGYSTY,3
AIGPFGYWTY,3
ATTEYGYATY,3
AINSYGRRTY,3
AISPWGQYTY,3
AITPNGRYTY,3
AIIYSGCSTY,3
AISPFGGYNY,3
AIYPYGRTTY,3
AISQFGNWTY,3
AISPYGQDTY,3
AIGTFGSTTY,3
AISPFGNWTH,3
AIGPFGGSTH,3
AIRPIGGETY,3
AIAPLGETTY,3
AIKPYGVRTY,3
AIQPYGSYTY,3
AICYTGGSTY,3
AISPFAMHTY,3
AIDPFGDRTY,3
AISPFGSPTY,3
AISPWGLDTY,3
AISPGGYRTY,3
AIHPYGSLTY,3
AIAPYGNSTY,3
AIGTFGSYTY,3
AISPYGRDTY,3
AIKPWGGSTY,3
AIDPFGRSTY,3
AIAPWGSFTH,3
AISPLGFNTY,3
AISQFGSNTY,3
AISPGGKRTY,3
AIGPFGSPTY,3
AISEYGQYTY,3
AIRPDGSYTY,3
AISEFGRFTY,3
AIAPFGQKTY,3
AIAPFCDRTY,3
AISPYGRLTY,3
AISPTGRYTY,3
AISDYGDCTY,3
AIGQYGSYTY,3
AISPFCGTTY,3
AISPFCYGTY,3
AIGEFGYYTY,3
AISQFGKYTY,3
TISPFGNYTY,3
AISSFGYSTY,3
AIGMWGCSTY,3
AISTFGNYTY,3
AILPRGGYTY,3
AISQYGEYTY,3
AISQFGSVTY,3
AIAPYGSRTY,3
AIDPFGSRTY,3
AIFPYGDFTY,3
ALSPFGQTTY,3
AIGPFGSMTY,3
AIRPIGRYTY,3
AILYTGGSTY,3
AISPYGSITY,3
AISLFGNRTY,3
AISPFGGYAY,3
AIGPFGRITY,3
AISQFGGNTY,3
AIAPFGSGTY,3
AISPSGNNTY,3
AISPGGNKTY,3
ARSEYGYATY,3
AIADYGNYTY,3
AISPLGTYTY,3
AIAPTGNYTY,3
AINPFGYTTY,3
AINPYGDYTY,3
AIIPYGRRTY,3
AISPIGRLTY,3
TIAPFGEYTY,3
AIVPYGTSTY,3
AIHPYGEYTY,3
AISPGGFSTY,3
AIAPFCFRTY,3
AITEYGYAAY,3
AIKPFGAETY,3
AISCDGSYTY,3
AIAPYGSSTY,3
AISPFCSSTY,3
AISTFGGWTY,3
AIIMSGGSTY,3
AISPVGSDTY,3
AISEFGCYTY,3
AIAPFCYETY,3
AIGPWGLGTY,3
AIRWRCGGTY,3
AMGRFGGYTY,3
AIKMLGGSTY,3
AIHPYGDYTY,3
AISPFGCQTY,3
AICYSGGSTY,3
AISPFCQGTY,3
AIVLYGTRTY,3
AISPLGSLTY,3
AISPCGSRTY,3
AIRWGGSYTY,3
AITPFGRATY,3
AISQLGYSTY,3
AISPFCNRTY,3
AINYYCGSTY,3
AISPFGCTTY,3
TIRYMGGSTY,3
AISEYDYGTY,3
AISPYGWRTY,3
AIAPYGTYTY,3
AITPYGYYTY,3
AIMPYGRRTY,3
AISPGGGLTY,3
AIGTFGGYTY,3
AISPFCGNTY,3
AITPFGNNTY,3
AIGDYGYKTY,3
AIGPYGDRTY,3
AIVPYGTRTF,3
TISPYGEYTY,3
AIKPYGNYTY,3
AIGMWGRSTY,3
AMRPFGGDTY,3
AISPYGFSTY,3
AIGPFGKYTY,3
AIGPFCSRTY,3
AISPSGDRTY,3
AIAPFGEYTH,3
AINYMGDSTY,3
AISEYGHGTY,3
AIRPRGGSTY,3
AIAPNGSRTY,3
AIAPFCNSTY,3
AISPFGPKTY,3
AIDIWGGSTY,3
AIKPFGISTY,3
AINPYGRVTY,3
AIRSFGYDTY,3
AISDIGKQTY,3
AIGPVGDKTY,3
AIAPLGYTTY,3
AIAMWCGSTY,3
AINPFGYETY,3
AIAQFGNSTY,3
AISQFGDWTY,3
AIDPFGDWTY,3
AITPLGKATY,3
AISTLGYSTY,3
AISPYCSRTY,3
AIGQFGGYTY,3
AIAPRGDYTY,3
AINPRGDFTY,3
AIQQFGSNTY,3
AVSEYGYATY,3
AIAPTGYATY,3
AISQFGGWTY,3
AIGPFGKLTH,3
AINENGEHTY,3
AIYPRGLGTY,3
AIRYTGCSTY,3
AIAPYGSYTH,3
AITPFGIETY,3
AIAPFCHQTY,3
AISPKGFRTY,3
AIGQFGGHTY,3
AIVTYGTRTY,3
AISEYGWSTY,3
AIRPGGLFTY,3
AIAPFCWSTY,3
AICYYGGSTY,3
AIVPQGVQTY,3
ARRWNGVETY,3
AINPFGQVTY,3
AISPVGNYTY,3
PISEYGYATY,3
AISPWGDGTY,3
AIAPWGGYTY,3
AITPFCIGTY,3
AIGPFGCTTY,3
AIRQFGLETY,3
AISPSGGATY,3
AIRWCGGGTY,3
AIVPFGRRTY,3
AISPNGTRTY,3
AISPIGYSTY,3
AISPLGNWTY,3
AIGQFGGGTY,3
TIMMWGGSTY,3
AIVPYGEYTY,3
AISTFGYNTY,3
AIVPYGTYTY,3
AIGTFGDWTY,3
AIQSFGSNTY,3
AISPIGQGTY,3
AISPNGKYTY,3
AIGPFCSSTY,3
AITPFGSTTY,3
AIGYMCGSTY,3
AIQPYGLSTY,3
AINPFGNSTY,3
AIQMWGRSTY,3
AIEPFGCKTY,3
AIGPFVEVTY,3
AIGPFCHTTY,3
AISPSGYGTY,3
AISPFGVNTY,3
AIRMGGCSTY,2
AIVPSGYKTY,2
AISPFGCWTY,2
AIPMWGDSTY,2
SISPFGNWTY,2
AIDPFGSGTY,2
AISPIGFDTY,2
SIAPFGNRTY,2
AIAYMGCSTY,2
AITEYGDATY,2
AIEPFGEYTY,2
AISPFCARTY,2
AISTFGSYTY,2
AITPRGGYTY,2
AIMHTGGSTY,2
AIAPFCGKTY,2
AIAYVGCSTY,2
AIGPLGGWTY,2
AITPFGEKTY,2
AILPFGWSTY,2
AITPGGGVTY,2
AISPYGKDTY,2
AIVPIGSYTY,2
AINYMGSSTY,2
AISPYCAYTY,2
SIGPFGSLTY,2
AIGQFGNGTY,2
AIQQFGNYTY,2
AILPYGESTY,2
AITPVGKGTY,2
AIAMAGGSTY,2
AIGPFCGTTY,2
AIIYYGCSTY,2
AISLYGGYTY,2
AITYYGCSTY,2
AISPFVYNTY,2
AISYVSGSTY,2
AIAPFGISTH,2
AIGARGDFTY,2
SISDFGGYTY,2
AISPFGMRTY,2
AITPFCNYTY,2
AISPWGSLTY,2
AIGVYGRYTY,2
AITPFGAKTY,2
AISQFGQGTY,2
AISPLGDATY,2
AISTFGSNTY,2
AIMMLGGSTY,2
AISQFGRQTY,2
AINPFGDSTY,2
AIGPFVHTTY,2
AIYPYGNITY,2
AISEYGEVTY,2
AISPFCSNTY,2
AIAPWGGTTY,2
AISPLGYKTY,2
AIVPFGRNTY,2
AISPFCSRTY,2
TISPFGQVTY,2
AIPYVSGSTY,2
AITPFGECTY,2
AIRPWGYDTY,2
AIDPFGSFTY,2
AISPFCWNTY,2
AIGPFGHKTY,2
AICRFGGYTY,2
AISEYDWGTY,2
TISPYGSRTY,2
AISQWGGHTY,2
AIRWSGNKTY,2
AIAPLGGRTY,2
AILPYGSSTY,2
TISPFGDWTY,2
AISPNGSWTY,2
AISQFGAYTY,2
AISPFVGFTY,2
AIGQFGGRTY,2
AIAPIGSSTY,2
AIKAYGSATY,2
AIIPFGSHTY,2
AISPFGRQTH,2
AISPFGIGTH,2
AISPFGMHTY,2
SISPFGGYTY,2
AISPLGYETY,2
AIVPYGYATY,2
TITFWGGSTY,2
AISQFGLNTY,2
AISPDGYLTY,2
AIDAFGNYTY,2
AISPQGNYTY,2
AISPFGSSTC,2
AIFPYGYTTY,2
AIRWNGVATY,2
AIRIGGGSTY,2
AISPGGRQTY,2
TIAPFGHKTY,2
TISPFGNWTY,2
AISPWGGSTY,2
AIVPHGRRTY,2
AMAPFGLSTY,2
AIVPFGQNTY,2
AIKMWGRSTY,2
AIGPFCNNTY,2
AISPFGQCTY,2
AIAPFCSHTY,2
AIKPFGGNTY,2
AISQFGFKTY,2
AISPFGHLTY,2
AILWRGGGTY,2
AISPVGYDTY,2
AISPFCNATY,2
AIMYTSGSTY,2
AISWDCSYTY,2
AIGPQCYYTY,2
AIVPYGGRTY,2
AIAYIGGSTY,2
AISDYGYLTY,2
AISEYGYGPY,2
AISQFGWNTY,2
AISLFGSWTY,2
AIATFGSSTY,2
AIGPYGDATY,2
AISDFGNYTY,2
AISTYGYKTY,2
AISPYGEYIY,2
AISPAGNDTY,2
AISEYRYATY,2
AIDPFGENTY,2
AITYYCGSTY,2
AISPIGSWTY,2
SIAPFGQSTY,2
AISPFCLSTY,2
AILYMGGQTY,2
AQIMYGYSTY,2
AIRLFGKYTY,2
AISQFGRTTY,2
AIWYLGGSTY,2
AMAPFGGYTY,2
AIGPFGENTY,2
AIAPCGSSTY,2
AISPFGSLTH,2
AIGPFCGITY,2
AINENGSHTY,2
AIVPYGRRAY,2
AIVPFGVRTY,2
AIAPRGHRTY,2
AITEYGYYTH,2
AISPSGTWTY,2
AISCYGSYTY,2
AIGQFGGTTY,2
AITPFGVNTY,2
AIAQWGSFTY,2
AIGPFCNVTY,2
TIAPFGGYTY,2
AIIPYGRYTY,2
AISPRGYRTY,2
AISPYGHTTY,2
AIAQFGRGTY,2
AIKPFGDYTY,2
AISPSGKLTY,2
AITEYGYANY,2
AINPAGQWTY,2
AIVPYGRRNY,2
AINPYGRRIY,2
AIGQFGNITY,2
AIGPFGSLAY,2
SISYDGSYTY,2
AIGPFCDRTY,2
AISPQGFSTY,2
AIQNSGWSTY,2
AISYMGGSAY,2
AIRWNGMDTY,2
AIYPFGLRTY,2
AISYDGKTTY,2
AIRLGGGSTY,2
VISPFGGDTY,2
AISPHGSSTY,2
AINPGGYYTY,2
AISQFGYKTY,2
TISPWGGYTY,2
AIVMWGRSTY,2
AITFWGDSTY,2
VIGPFGRSTY,2
AVRWNGVETY,2
AIRPKGDRTY,2
AISGYGYATY,2
AIAPWGDRTY,2
AINPGGNYTY,2
AITPQGSQTY,2
AIRPWGGYTY,2
AIAQFGSHTY,2
AILPYGLNTY,2
AMGPFGGTTY,2
AILWNGDYTY,2
AISTYGDYTY,2
AMGPFGGSTY,2
AISPFGGWTH,2
AIRWSDNQTY,2
AINPRGGQTY,2
AIAPLGYQTY,2
AISPYGTNSY,2
AIDPFGTYTY,2
AISQFGNYTY,2
AISEFGYATY,2
AISEYGRGTY,2
AIGPVGSQTY,2
AMSYSGGSTY,2
AINPYSRITY,2
AISPYGKTTY,2
EIVPYGRRTY,2
VIAPFGSSTY,2
AIYPYGYYTY,2
TIAPFGSYTY,2
AINPFGSLTY,2
AISSTGGGTY,2
AMSPYGGYTY,2
AIDPFGSNTY,2
AIRPNGYTTY,2
VIVPYGRRTY,2
AIVSFGNYTY,2
VISPFGGHTY,2
AIEPYGYYTY,2
AIAPKGFRTY,2
AIAPFGNETY,2
AISPRGDETY,2
AIRMNSGSTY,2
AISQYGWGTY,2
AIGTYGYTTY,2
AISTFGRYTY,2
AISPIGDFTY,2
AISKVGNYTY,2
AIRPWGCSTY,2
AINPFGASTY,2
AIDPFGGRTY,2
AISPFGMTTY,2
AIGPVGSYTY,2
AISEYGWRTY,2
AISQFGINTY,2
AITPFGMSTY,2
AICPFGYSTY,2
AISPTGNRTY,2
TISPFGKYTY,2
AISLYGDLTY,2
AICPFGGHTY,2
AIRPLGGWTY,2
TISPWGYATY,2
AISEYGYGNY,2
AISEHGWGTY,2
AISEEGDATY,2
AITPYGQETY,2
AISPFCFQTY,2
AISPAGNTTY,2
AISPSGFNTY,2
AIVPYGTRTH,2
AICPFGGSTY,2
AITESGYATY,2
AIKAWGQVTY,2
AIRPFCYDTY,2
AIFPFGKFTY,2
TITYYGGSTY,2
AIKPFGTRTY,2
AISPQGNNTY,2
AIVPFGGHTY,2
AIAQYGSYTY,2
AISYDGSYTS,2
AIAPFGGNTY,2
AIYPYGGQTY,2
AINPYGFSTY,2
AISSFGSDTY,2
AISEYGDVTY,2
AISPFCYRTY,2
AIRWNGVETS,2
AIQPFGLETY,2
AIGQFGSKTY,2
AIAPIGRYTY,2
AIAPFGDHTY,2
AIFPYGQYTY,2
AIAPFCRYTY,2
AIRCNGDYTY,2
AISPQGDNTY,2
AIVMWGDSTY,2
AISNYGGYTY,2
AISPFCASTY,2
AISPFGSMTY,2
AISPNGRNTY,2
TISPYGSYTY,2
AIRPTGGRTY,2
AISPLGNYTY,2
AIAYMGGSTH,2
AISYVGDSTY,2
AISPLGTRTY,2
VIGPFGRGTY,2
AISPLGSSTY,2
AISPFGFYTY,2
AINPFGRITY,2
AISKSGGYTY,2
AISPFCKATY,2
ATSEYGYGTY,2
AISEFGYGTY,2
AIQGYCGITY,2
AIAPYGDRTY,2
AISPFCDSTY,2
SISPFGNYTY,2
AINPYGRIIY,2
AITPTGGYTY,2
AIGPYGSFTY,2
AIPMWCGSTY,2
AIAPRGDWTY,2
AIAPFGFYTY,2
AISPFGNLTH,2
AISPRGQQTY,2
AISPFGQTTY,2
ALNPYGRITY,2
AIKPYGRITY,2
AISYNGNITY,2
AILPHGRLTY,2
AIGTHGKGTY,2
AIQYSGNYTY,2
AMRYNGGSTY,2
AISPGGSITY,2
AISPRGKQTY,2
AISPLGSQTY,2
SIRYKGGSTY,2
AISPPGNLTY,2
AICPFGSLTY,2
AIVYGGGSTY,2
AIGPRGYRTY,2
AIQSFGVDTY,2
AICYWGGSTY,2
AISPFGCHTY,2
AITDYGYATY,2
AIQHRGDSTY,2
AIKNYGLRTY,2
AIAPFGAHTY,2
AISPSGSTTY,2
AINPYGRFTY,2
AIVYLGGSTY,2
AIDFMGGKTY,2
AISQFGKATY,2
AINPFGHRTY,2
ALSPFGNETY,2
AIHPRGNKTY,2
AIDPYGYYTY,2
AIAQFGHQTY,2
AIAPCGRRTY,2
AIRPFGTRTY,2
AIAPFCLKTY,2
ALAPWGQYTY,2
SISPFGGETY,2
RISYVGGSTY,2
AILPWGGSTY,2
AISPGGSFTY,2
AIAPFGIYTY,2
AIGPFGDRTH,2
AISPAGLKTY,2
AIAQFGNTTY,2
AIRPNGNGTY,2
AIVPYDRRTY,2
AIAPWGSVTY,2
AIDPYGELTY,2
AIGASGKYTY,2
AISPDGQYTY,2
AITEDGYATY,2
AIGTFGGHTY,2
AISPSGNDTY,2
AITPYGDYTY,2
AISPYGTHTY,2
SIQMWGGSTY,2
AIQNSGFNTY,2
AISPDGLYTY,2
AISPIGSYTY,2
AINPFGLKTY,2
AMSPFGGRTY,2
VIKSFGNSTY,2
AIMFYGCSTY,2
AIAPYGYSTY,2
AIGPFGDHTY,2
AISPWGERTY,2
VISPYGSYTY,2
TIQYYGGSTY,2
AIGPFGCGTY,2
AIVMWGSSTY,2
AISPYGDHTY,2
AISQFGLKTY,2
AISPFGGNTH,2
VISPFGFNTY,2
AIGMWGGSTH,2
AIKPYGNRTY,2
TIAPFGSHTY,2
TINPFGGRTY,2
SISPFGGNTY,2
AISEYSWGTY,2
AISDYGRGTY,2
AIAPLGYSTY,2
AIRWRGGGTH,2
SISPFGISTY,2
AIRLSGNFTY,2
AISPSGWSTY,2
AISPIGSLTY,2
AIRSFGLETY,2
AISPRGLGTY,2
AISPGGRKTY,2
AIRSFGYSTY,2
TISYRGGTTY,2
AISRIGFGTY,2
AIGPFGDWTH,2
AISYDGGYTY,2
AIGPLGFRTY,2
AITPFGHRTY,2
AIVPFGGSTY,2
AISPYCQTTY,2
AIAPVGYQTY,2
AISPWGEATY,2
AISTWGGWTY,2
AIRPKGYSTY,2
AISPFCRATY,2
AISPFGHDTY,2
AIAPFGELTY,2
AIGPFCNGTY,2
SISPFGWETY,2
AITPFGHETY,2
AIRWSCNQTY,2
AIAPYGISTY,2
AILYAGDFTY,2
AISDYGYGTY,2
AISLFGNYTY,2
AISLFGGYTY,2
AISPFGYITY,2
AINPYGRGTY,2
AISQFGRYTY,2
AIRWAGYYTY,2
AIQWAGDYTY,2
TISPFGRTTY,2
AISQFGYHTY,2
AIGPFCSLTY,2
AIRYVCGSTY,2
AIAPFGMQTY,2
AIGTFGDYTY,2
AIGDYGQYTY,2
AIGPNGYRTY,2
AIRPDGEWTY,2
AIEFRGGYTY,2
AISYYGRYTY,2
AISQFGQRTY,2
AISLFGQKTY,2
SIMYTGGSTY,2
AIGPGGGLTY,2
AIAQFGWSTY,2
AISPFCDNTY,2
AISEYGYQTY,2
AIGPFGTNTY,2
AIRPNGQYTY,2
AIFPYGEWTY,2
AICPFGRSTY,2
AICPPGEYTY,2
AIKPYGSWTY,2
AISPFGGNIY,2
AISPWGSYTY,2
AIGPFGEHTY,2
AIGPFGIHTY,2
TISEYGYVTY,2
ARSEYGYATS,2
AILPWGYQTY,2
AIAPFGCRTY,2
AIRMWGGSAY,2
AIRYKGCSTY,2
AITMWGRSTY,2
AIGTFGSLTY,2
AIGPFSDLTY,2
AIDFMGGSTY,2
AISPSGGGTY,2
AIKLFGKATY,2
AITTYGRYTY,2
AIYPLGSGTY,2
AIQMWGGSTH,2
AISPLGRDTY,2
AICPFGNITY,2
AIRPFGRDTY,2
AITPIGWKTY,2
AIRSFGGNTY,2
AIGMCGGSTY,2
AISTFGAYTY,2
TIGPFGYETY,2
AISTFGNSTY,2
AIQYIGGSTY,2
SINYMGGSTY,2
AIGTFGGTTY,2
PISEYGWGTY,2
AISYFGEKTY,2
AIQGTGDYTY,2
AIAPIGKKTY,2
TIGPFGDSTY,2
SISNNGYRTY,2
AITPFCSYTY,2
TISPYGGTTY,2
AISPSGAFTY,2
AIPMCGGSTY,2
AISPNGHITY,2
AINPFGCRTY,2
AIKMWGCSTY,2
AISPFCGSTY,2
AINWRGYRTY,2
AINPFGFTTY,2
ALAMWGGSTY,2
AIRPYGKITY,2
AISSFGQYTY,2
AISPYCGSTY,2
AIQYRCNYTY,2
AIVPRGEYTY,2
AISEYGWGAY,2
AICPFGSTTY,2
AISEYGGGTY,2
AINSYGRITY,2
AIAPFGMNTY,2
AIRPFGGDAY,2
AINPFGEWTY,2
AIDTYGRYTY,2
AIAPRGRETY,2
AIDPFGNGTY,2
AIKPYGFNTY,2
AIAYMGVSTY,2
AILYCGGSTY,2
AILPYGSTTY,2
AISPYCGGTY,2
AISPYGGYTH,2
AINPYVRITY,2
AIVPFGDLTY,2
AISPNGRFTY,2
AIRPLGKYTY,2
AISQFGQKTY,2
AINPYGNRTY,2
AISPFSQNTY,2
AIVPWGGRTY,2
AISPGGNSTY,2
AIFPYGGSTY,2
AIRYKGSSTY,2
AISPFCQVTY,2
AINPYGLITY,2
AMSPYGSRTY,2
AISKVGNDTF,2
AISPLGRRTY,2
AISYYCGSTY,2
AISEYGGHTY,2
AILPYGKQTY,2
AIRWIGVETY,2
AIKPFGYRTY,2
AISPFCDATY,2
AISTFGDWTY,2
AIGYVSGSTY,2
AIRPFGSLTY,2
AIVMWGCSTY,2
AISPFCSKTY,2
AITPFGDQTY,2
AIRPFCNYTY,2
AILMSGGSTY,2
AISDYGWGTY,2
AISPIGGVTY,2
VIRWNGVSTY,2
AISPFVHKTY,2
AITPFDNWTY,2
AIAPTGYSTY,2
AIGPYGYATY,2
AISEYGYASY,2
AIAQFGYNTY,2
AINEYGIYTY,2
AIGPFGGYTH,2
AICPHGNNTY,2
AISPFGIHTY,2
AIAPFGCKTY,2
EIGPFGGSTY,2
AIKIAGGDTY,2
TITPYGGYTY,2
AIAMWVGSTY,2
AIAPFGCTTY,2
AISPWGEYTY,2
AISPYGLQTY,2
AISQYGSRTY,2
AISPFCINTY,2
AIGPFGCHTY,2
AMVPYGRRTY,2
AINPYGDGTY,2
AISPFGGMTY,2
AIAPFCYSTY,2
AIGMLGGSTY,2
AISGAGIKTY,2
AIAPRGGWTY,2
AIGQFGGFTY,2
TISPFGGGTY,2
AISQFGLDTY,2
AISRRGRYTY,2
AIAPYGYETY,2
AILPYGYNTY,2
AINPFGGYIY,2
AILPYCNYTY,2
AITEYGRDTY,2
AISQFGNRTY,2
AISDYCTRTY,2
AIEYYGCSTY,2
SIAPNGSRTY,2
AISQFGRSTY,2
AIAPNGYKTY,2
AIIYSCGSTY,2
AINEYGGRTY,2
AIVQYGRYTY,2
AMGPFGGYTY,2
RITPFGSYTY,2
AISDNGQYTY,2
AIAPFGGATY,2
AITPTGRYTY,2
AISPFGCSTY,2
AIRMWGGSTD,2
AIGPFCGFTY,2
AISQFGSLTY,2
AISYRGDVTY,2
AISEYGYGTS,2
AISPFGDTTY,2
AIVPFGNSTY,2
AIRPFGNQTY,2
AMSPLGYSTY,2
AITYIGGSTY,2
TINYMGGSTY,2
TISPFGEWTY,2
AIGPFGGWTY,2
AIGSFGRSTY,2
AITPRGGQTY,2
AIGPFGYYTY,2
AIRYAGGSTY,2
AIAPYGYQTY,2
AISPWSGHTY,2
AICPFGGLTY,2
AINPYGRINY,2
AISTYGSYTY,2
AIYPFGNYTY,2
AISPYGRSTY,2
AISYVGGPTY,2
AISPVGNLTY,2
AIRWDGDETY,2
AIQQFGDRTY,2
AISPYGLSTY,2
AILWNGVSTY,2
AIAPRGYKTY,2
AISEYGYAPY,2
AIGPFGDGTY,2
AINPFGRKTY,2
AIRWNDVETY,2
AISPFCGATY,2
AIRWNGVEIY,2
SIAPFGGYTY,2
AICPFGSVTY,2
AISYKGDLTY,2
AMSPFGNSTY,2
AIDYVGGSTY,2
AISPYGRYTH,2
AILPFGSFTY,2
AIRSFGGHTH,2
TIKMWGGSTY,2
AIAPYGLYTY,2
AIMFYCGSTY,2
AINWRGQYTY,2
VISPFGRTTY,2
TIAPFGYQTY,2
AIRWNSVSTY,2
AIVPFGSLTY,2
AILWNGSATY,2
AMGPFGGHTY,2
AIAQFGYQTY,2
AISEYGYNTY,2
AISQFGYETY,2
AIPYIGGSTY,2
TISPFGNRTY,2
TIAPFGSSTY,2
AIVQYGTRTY,2
AISPLGYGTY,2
AIRYVGGYTY,2
VIAPFGISTY,2
AISPFGSYAY,2
AISPFGDATH,2
AISPSGNFTY,2
AITPFGDFTY,2
AIQYYGGSAY,1
AILQYGGYTY,1
TISGFGDNTY,1
AISANCLKTY,1
AILPFGANTY,1
AISSFGYGTY,1
AIAPFCNRTY,1
EIRPFGQETY,1
ATRMWGGSTY,1
TIAPFGISTY,1
AISDYGKYTY,1
AISYVGCSTY,1
TIRPFGLETY,1
AISQFGSATY,1
AIRPWGGKTY,1
AISPFGYTTH,1
AIVYYGCSTY,1
AILFAGYETY,1
TIAPFGYHTY,1
AIGTFGSVTY,1
AISPYGEYTH,1
AISPFGVKTY,1
AIKPYGGHTY,1
AITPYGGYAY,1
AINWHGQYTY,1
VISPFGWNTY,1
AISPFDGRTY,1
AIKYVDGSTY,1
AIMYSGRSTY,1
AISPFGLPTY,1
AIQPFGNGTY,1
AIAPFGENTY,1
AIKPFGGKTY,1
AISTWGGFTY,1
AIRCRGGGTY,1
AIALFGLSTY,1
AIDPCGLYTY,1
AIIMCGGSTY,1
AISYRGCTTY,1
AISPFGWNTH,1
AIGPFGSRTH,1
AIAYMGGWTY,1
AITPYGSYTH,1
AILPFGSRTY,1
AIFPLGSGTY,1
AIADFGDRTY,1
AIVPYGYDTY,1
AIYCYGGSTY,1
AINPEGSYTY,1
AIRPFGNWTY,1
AITPFGKFTY,1
AISLYGEYTY,1
AILMLGGSTY,1
TISPFGGWTY,1
AIGPYGYKTY,1
AITPSGLYTY,1
AISYMGGLTY,1
AISPLGSRTY,1
EISPFGGWTY,1
AIAPYGKLAY,1
AINYYGVSTY,1
AIYHMGGSTY,1
AINPFGLETY,1
AINQYGSYTY,1
VIAPFGQSTY,1
AISTFGWSTY,1
AISPWGNHTY,1
AISPQGVQTY,1
AISPYGEDTY,1
VIAPFGHQTY,1
AIRIKGGSTY,1
AISSTCGWTY,1
AISPWGGWTC,1
AIIYLGCSTY,1
AIGPLGSRTY,1
TISEYGYSTY,1
AIDYMGGYTY,1
AIADYGGYTY,1
AIGPEGFNTY,1
EIAPFGKYTY,1
AISQYGRSTY,1
VIAPYGSYTY,1
AMRCNGVETY,1
AISPFCYDTY,1
AIAQFGWNTY,1
AISQYGIGTY,1
AITYNGGSTY,1
AIQPYGSNTY,1
AICYDGSYTY,1
AISHRGGWAY,1
AISPFGDANY,1
AISTFGYETY,1
AISPFGYGTC,1
AIAWVGGSTY,1
AISQFGYDTY,1
AIVPFGITTY,1
AIAQYGAYTY,1
AITPRGDHTY,1
AISPFGLSTC,1
PIRPFGKYTY,1
VISPYGEYTY,1
AITPYCSITY,1
AISPFVISTY,1
AISPFCELTY,1
AISWDSSYTY,1
PISEYGYGTY,1
AIRMGSGSTY,1
AITTFGNYTY,1
PIAMWGGSTY,1
AIRWNGEETY,1
AIQWNGSATY,1
AIGPFGIGTY,1
AIRMWGGTTY,1
AIVPRGGATY,1
AIGQFGSSTY,1
AIIPFGCTTY,1
AIIMRGGYTY,1
AIKPYGRYTY,1
AINPFGAYTY,1
AISPYCGRTY,1
AISPYGMYTY,1
AISLWGGYTY,1
AIRSFGCETY,1
RINWSGSRTY,1
AIRWNGDSTY,1
AITPFGYLTY,1
AIRPWGDRTY,1
AITAYGHDTY,1
AITPYGGMTY,1
AINDYGFYTY,1
AIAPSGSKTY,1
SIRPFGNYTY,1
AINPYGRKTY,1
AINPFGGRAY,1
SIRMSGGSTY,1
AISPFGSLTN,1
AIAYVGDSTY,1
AITPYGGITY,1
AISEYGECTY,1
AIAPFGNSTS,1
AIAPSGKYTY,1
AITDYGQYTY,1
RISPYGYSTY,1
AIHDYCSYTY,1
AISPDCSRTY,1
AIKSFGYRTY,1
AISPYGLETY,1
SISPFGGDTY,1
ATNPFGGRTY,1
AISTFGGLTY,1
AISPYGGYNY,1
AIGPYGSYTH,1
AISPFGSRTH,1
AISPYCRYTY,1
AITDYGQRTY,1
AITPFGRSTY,1
TISPYGFTTY,1
AIVPWGDNTY,1
TITPFGSFTY,1
AINPYGRITN,1
AMRMWGGSTY,1
SISPFGGRTY,1
AIATFGSYTY,1
AIGWRGGTTY,1
AINPYGSHTY,1
AIGPYGERAY,1
AISPRGHWTY,1
TIAPYGGITY,1
AIAPFDSSTY,1
AMSPFGYKTY,1
TIAYVGGSTY,1
AISLFGRTTY,1
SILMWGGSTY,1
AIIYMCGSTY,1
AIGPFGNATY,1
VIIPFGGYTY,1
AITEYGWGTY,1
AIAPFGYQNY,1
AICPFGEVTY,1
AINPFGDQTY,1
AIAQFGMSTY,1
AIGYNGKLTY,1
AISDYGEITY,1
AISPYGYFTY,1
AISYSGDWTY,1
SISPFGYGTY,1
AISPLGSITY,1
AISYMGGSTN,1
AISYDGIYTY,1
AISQFGATTY,1
AIRLLGGSTY,1
AITEYGHNTY,1
TITPFGKLTY,1
AISPFGSIAY,1
AISPNGQYTY,1
AIRYTGVSTY,1
AIMFYGDSTY,1
AIRYMGHSTY,1
AIRWRGNQTY,1
AIVPSGTHTY,1
TIPYVGGSTY,1
AISYKCGSTY,1
AIGYVCGSTY,1
AISPFCANTY,1
AISPHGSLTY,1
TIQPFGDRTY,1
AIAENGRYTY,1
AIDYWGGSTH,1
AIVPFGDDTY,1
AITPKGRNTY,1
AISPFGCDTY,1
AMGPFGYETY,1
AISPYCDWTY,1
TIDSFGKYTY,1
AIRWCGNQTY,1
AIDMWGCSTY,1
AIGFMGGSTH,1
AISPFSSLTY,1
AIRPVGLETY,1
AIQSFGDRTY,1
AISLFGIGTY,1
AISAYGEYTY,1
AIGPFGDFTH,1
AISQFGSHTY,1
AIKPFGFSAY,1
AIHPLGWGTY,1
AINPFGQKTY,1
AIFPCGRYTY,1
AISEYGDYTY,1
AIQYMGGSTH,1
AINWGGARTY,1
VISPFGRQTY,1
AISPFGNRIY,1
AISPYSGSTY,1
SITPYGGYTY,1
AIKYVGGPTY,1
AITPFGCATY,1
AIVPFGLQTY,1
AISWRDDRTY,1
AISQFGARTY,1
AIVPYGCRTY,1
AICPFGSFTY,1
AIAPSGGSTY,1
AIRWNGGKTY,1
AIASFGNLTY,1
AISANGSYTY,1
AISPFGGSTH,1
AIAYLGGSTY,1
AISYRGGTTH,1
AINPFGSNTY,1
AILYAGGSTY,1
AICPFGNLTY,1
AIAPFGWDTN,1
AIGEFGGYTY,1
AIGPFGMATY,1
AISPFGNYTN,1
AIRTFGGYTY,1
AIRPFGRRTY,1
AISWCGQNTY,1
AIIPFGGTTH,1
AIVPFGNTTY,1
AISEYGWGPY,1
AIGPFCYNTY,1
AIVPFGSKTY,1
AILPYGDATY,1
EISPFGYSTY,1
AIQQFGSGTY,1
AITQFGSYTY,1
AINTFGGRTY,1
VISPYGGYTY,1
TISPFGKQTY,1
AIEYAGGSTY,1
AITPVGRYTY,1
AITPDGNYTY,1
TISPWGLGTY,1
AIAPFGLNTH,1
EIAPWGRSTY,1
AIESFGYHTY,1
EIAPFGLKTY,1
AISQFGDRTY,1
AMAPFGQNTY,1
AILMWSGSTY,1
AIRPSGLSTY,1
AIAPFGMKTY,1
AIGYIGGSTY,1
RDSAAGLYHL,1
AISPFGGETH,1
AIATFGYKTY,1
AIAPFGSPTY,1
AIRQFGYHTY,1
TIHPYGGDTY,1
SISPYGTYTY,1
AICPFGDSTY,1
AISLFGSVTY,1
AIQYSGGSTH,1
AIRPLGGTTY,1
VISPFGANTY,1
AISPYGYRAY,1
SISSFGDGTY,1
AIGQLGNNTY,1
AISQFGKNTY,1
AISPYGERIY,1
AISPWCGHTY,1
TISDYGIDTY,1
AISQFGDATY,1
AICYCGGSTY,1
AISPDGEYTY,1
AISPLGDITY,1
AIKLYCTRTY,1
PISPFGDLTY,1
AIEPFGKYTY,1
AIAQFGLSTY,1
AIGYYGGSTH,1
AILPYCNWTY,1
AIAPWCGRTY,1
AIAPYGRTTY,1
AIVPFGFETY,1
AISQFGCKTY,1
AIRPDGFYTY,1
ATGPFGSVTY,1
AIAPFGQGNY,1
TISPFGLSTY,1
AISPFGGWTD,1
VIAPFGNLTY,1
AIEQFGGKTY,1
SIRPFGGDTY,1
AIRPFGSKTY,1
AIATFGYRTY,1
AMGPYGESTY,1
AISPFCVGTY,1
AIAMWGGPTY,1
AIGPYGNGTY,1
EISPFGAYTY,1
AISTFGFNTY,1
AIAPWGSRTY,1
AISPFGYVTY,1
AILPYGDGTY,1
AIAMWGVSTY,1
AISPYGVYTY,1
AIPMWSGSTY,1
AIRAYCNYTY,1
AIRWAGSSTY,1
AISLFGWNTY,1
AIAPRGRYTY,1
AINEYGYSTY,1
AINPYGQITH,1
AISEYCYYTY,1
VISMWGGSTY,1
AIGPFGHQTY,1
AISPFGGHNY,1
AISWRGDCTY,1
AISASGGSTY,1
AINSFGNSTH,1
AISPSGGNTY,1
SISPWGGHTY,1
AMSPFGYSTY,1
AISTFGRATY,1
AISPYGVVTY,1
AIRMHGGSTH,1
AIFPFGNFTY,1
EISPFGYGTY,1
SITPFGEFTY,1
AINPYGRMTY,1
ATRPFGGDTY,1
AISPFCIGTY,1
AITQFGVETY,1
AIKPFGVSTY,1
AITYVSGSTY,1
TITPFGYDNY,1
SISPFGSRTY,1
TISPWGGFTY,1
AISQYGSFTY,1
AISPFCAQTY,1
AIDSFCGWTY,1
AIIYYGGSTH,1
AMSPFGRGTY,1
AITPFGEWTD,1
AITPFCFNTY,1
AIPPYGSYTY,1
AISWHGDRTY,1
AIRWNGVYTY,1
TIIPFGGTTY,1
AITPLGGKTY,1
SISPFGKYTY,1
AIFYMDGSTY,1
AIYPFGGCTY,1
AIKWNGHYTY,1
AIGPFDDSTY,1
AISPYGIGTH,1
AISPFGGWIY,1
AISPFGNWAY,1
TISPWGNYTY,1
AIRPFGLATY,1
TIAPWGSFTY,1
EIAPFGNSTY,1
AISTFGEWTY,1
TISPLGYSTY,1
AIASFGDRTY,1
AISRWGDWTY,1
AIDMWGSSTY,1
AISPIGGWTY,1
AIGPFGHITY,1
AMSARGEWTY,1
AINPYGYKTY,1
AITEYAYATY,1
AIRPFCWDTY,1
AISPFGLDTC,1
AIAPWCRSTY,1
AIGPLGTETY,1
AIQTFGPRTY,1
AIAPFGHKTH,1
AISPYCQLTH,1
SITMWGGSTY,1
AIRWNGVPTY,1
AISWRGSRTY,1
VISPFGYDTY,1
AXSPYGQTTY,1
AIRPYCEYTY,1
AISEYGWDPY,1
AIMMWGDSTY,1
AILPYGYHTY,1
AIRLDGYYTY,1
AIRPRGKLTY,1
AINPFGINTY,1
SISPFGFSTY,1
AIASFGYRTY,1
SIPMWGGSTY,1
AIQWNGVSTY,1
AIAPNGNRTY,1
AIAPLGRRTY,1
AISEYGYGTC,1
AIEPFGNLTY,1
AICPFGYQTY,1
AIDPLGYSTY,1
TISPFGGATY,1
AISPFGNYAY,1
AIRNGGSWTY,1
AIGTFGNGTY,1
AISTYGDRTY,1
AIASFGGQTY,1
VISSFGDNTY,1
AISQFGRGTY,1
AISPYGKWTY,1
AISSFGQKTY,1
AIAPFGYQTH,1
AITYKGCSTY,1
AIVPFGYETY,1
AIIPFGNSTY,1
EISPFGWETY,1
AIMMWGGNTY,1
AIRVYGSGTY,1
AIGPFGSTTN,1
AIGPLGLSTY,1
AISSGGYKTY,1
AISWRCARTY,1
AIRSFGCHTY,1
AISEYGFGTY,1
AIQSYGNYTY,1
AIYPYGGFTY,1
AISPRGAWTY,1
AIRQFGHSTY,1
AMRWNGDETY,1
AIGPFGLETY,1
EISYMGGSTY,1
AIKFYGGSTY,1
EILPYGGWTY,1
AISPFGKCTY,1
AIGPLGINTY,1
AILPSGDRTY,1
AISQFGSTTY,1
AISYRGRTTY,1
SISPFGGPTY,1
TISPFGLGTY,1
AIQWNGGMTY,1
SMGPFGGTTY,1
AIRPFGGETY,1
AINYVGGLTY,1
TINMWGGSTY,1
AIGQFGERTY,1
AIAPFGGFTH,1
AIRWNSDYTY,1
SISPYGGKTY,1
PIAPFGNKTY,1
AIVPFGHHTY,1
AIQGYGGITH,1
AIVPFGYSTY,1
AIVQFGNNTY,1
AIDSYGAYTY,1
AIGMWGGYTY,1
AISPFGNSNY,1
AISPFGVYTY,1
AISPLGENTY,1
AIFPYGRYPD,1
AISWRGLHTY,1
AIGPFGIYTY,1
AISTFGDGTY,1
TINEYGYATY,1
AIRPFGDYTY,1
AISPRGNCTY,1
AITPLGSSTY,1
TISPFGYETY,1
SISPFGSLTY,1
AIGTFGYTTY,1
TITYTGGSTY,1
AIGPFGHHTY,1
EISPYGSYTY,1
AISTWGIHTY,1
AISPNGGSTY,1
AISPNCKWTY,1
AIVYFCGSTY,1
AIDDCGEYTY,1
AIAPYGNHTY,1
AIEMWGGSTY,1
TISPFGGPTY,1
AIAPWCSFTY,1
SISPYGEYTY,1
AIRMWVCSTY,1
AITEYGRYTY,1
AIRWSSNQTY,1
EINPYGRITY,1
AIAPYGCITY,1
AIRWNGLDTH,1
AINCNGGSTY,1
AIATFGRNTY,1
AIAPYSEYTY,1
AIRAYALHTY,1
AISAYGYVTY,1
PIAPFGHKTY,1
AINPRGGHTY,1
AISEYGYATF,1
AISYMVGSTY,1
RISPYGGYTY,1
AIVPFGASTY,1
AITPHGSLTY,1
AIIYMGGSTN,1
AITQFGETTY,1
AISPFCNFTY,1
AISGFGDYTY,1
AIIPYGAYTY,1
AISEFGWNTH,1
AIAPYGSYAY,1
AISPVGNDTY,1
AISPIGGKTY,1
EIRMWGGSTY,1
TISPDGWTTY,1
AIHQYGRRTY,1
AINPCGKYTY,1
AISWRGASTY,1
EIGPFGSTTY,1
AIGPFDSLTY,1
AIGPYGNLTY,1
AIGPLGGLTY,1
AIQPFGINTY,1
AISPFSRTTY,1
AINPFGCHTY,1
AIDMWSGSTY,1
AISQWGSYTY,1
TIRFAGTETY,1
AIVPFGSDTY,1
TIGPFGRGTY,1
AIVPFGISTY,1
AINEYGDRTY,1
AIKPSGRSTY,1
AISPYGHKTY,1
AIRPFGFDTY,1
AIKPYGQYTY,1
AIIMWGGYTY,1
AIMFTGGSTY,1
AINPFCGDTY,1
AIASFGRRTY,1
AIAPFCQGTY,1
AIVPFGGDTH,1
AIFTYGAYTY,1
SIEYYGGSTY,1
AISPFGAYIY,1
AIVPFGDCTY,1
AISPFCNNTY,1
AIGLFGNHTY,1
AISPFAGSTY,1
AIAPFGLSNY,1
TISPFGNETY,1
AICPYGYKTY,1
TISPFGFSTY,1
AISPFVNRTY,1
AISYYGDWTY,1
VIKYKGGSTY,1
TIRPFGQWTY,1
AICPYGYYTY,1
AIRPYGDLTY,1
AISPYGYRTC,1
AISRYGSRTY,1
AIQLFGAGTY,1
AICPFGYGTY,1
AIAPYGSYIY,1
AIQYKGGSTH,1
AISPFGQYTH,1
ATVPYGRHTY,1
AIGPFGQVTY,1
AIGQFGSFTY,1
VINYMGGSTY,1
AIIYDGSYTY,1
AISPVGGYTY,1
AISTFGNWTY,1
AIVPRGGRTY,1
AIQPCGRFTY,1
AIRQFGANTY,1
AIVPFGCDTY,1
AINPFCGRTY,1
TIGPFGSQTY,1
AIYPFGGDTY,1
AIGPFVNNTY,1
AIIYTGCSTY,1
TINPYGRYTY,1
AISPYGASTY,1
AIFPYGKFTY,1
AIADNGYETY,1
AISPYCTKTY,1
AIGPFCRKTY,1
AINMWCGSTY,1
AINPFGGRTH,1
AIAPYCRYTY,1
AICYAGGSTY,1
AIIPFGGFTY,1
AIQSFGGETY,1
AIKYTGGSTY,1
TILPYGEFTY,1
AIGPFGDQTY,1
TILPYGDRTY,1
AVLPYGGFTY,1
AISPYGKSTY,1
AISTFGYGTY,1
AISPFGRTTH,1
VISPFGGLTY,1
AIAPYGSFTH,1
TIGPDGKFTY,1
AISPYGESTY,1
AISLYGLRTY,1
AIPWRGGGTY,1
AINPYGGRTH,1
ATSPYGEYTY,1
AIGPFGSLTH,1
AIAPFGWSTH,1
AIRPLGYKTY,1
SIAYAGGSTY,1
AISYVGGLTY,1
AILQYGDYTY,1
AISPWGFDTY,1
AITPYCYRTY,1
AIAPFGYCTY,1
AIYPIGRSTY,1
AIDPFGWSTY,1
AISPFGDCTY,1
AISPFGPRTY,1
AIGPFGRSTH,1
AISTWGLGTY,1
AINTYGYRTY,1
AISPFCFSTY,1
AISPFCKSTY,1
AITPYGGHTY,1
AMAPFGKYTY,1
AILYYCGSTY,1
AINPYGKSTY,1
AIAQFGHKTY,1
AISMWSGSTY,1
TIRPFGGDTY,1
AIKPFGRNTY,1
AIGPQGEYTY,1
AIRWNCSSTY,1
AIVPFGSGTY,1
AIRPFDGDTY,1
AISEYCYATH,1
AISPWGCWTY,1
AISPFGQNIY,1
VIAPFGTRTY,1
AIEPFGYKTY,1
AIAPFCSSTY,1
AIKPYGVDTY,1
AISQFGSFTY,1
AISPFCSHTY,1
AIRYNGGSIY,1
AITMWGCSTY,1
AIRPFGGQTY,1
AIGPLGTRTY,1
AINPCGRYTY,1
AIRPFGMGTY,1
AIQQRGGGTY,1
TIRSFGRETY,1
AISHCGGWTY,1
AMGPFGSYTY,1
AIVQKGGHTY,1
VISPFGATTY,1
AINPFCEDTY,1
AIRCSGNQTY,1
AIRFMGGSTY,1
AISQFGNLTY,1
AMSPFGYGTY,1
AIAQFGLQTY,1
AISPFCLTTY,1
AIRPFGTHTY,1
AITPFDNSTY,1
AVAPFGNLTY,1
AIGPFGCRTY,1
AIRTFGSYTY,1
TIAPWGSYTY,1
AIKLYGTHTY,1
AIADYGSYTY,1
AIRLNGSATY,1
VISPFGSRTY,1
AITPFGMNTY,1
AISEYRYGTY,1
VITPFGYRTY,1
TISPLGKHTY,1
PISEYGHATY,1
AIRPFDYETY,1
AIDPYGRATY,1
AIAPFGIHTY,1
AISPFGSWTN,1
AIQNIGGHTY,1
RVSPKGDGTY,1
AICPFGGGTY,1
SISPYGYKTY,1
AIRFACYETY,1
AIFPYGYKTY,1
AIQSSGGSTY,1
AISPGGNVTY,1
AISPFGGDIY,1
AILPYGYYTY,1
AINPFGGCTY,1
AISPFGQNNY,1
AISNNGYRTC,1
AMSPFGQNTY,1
AISPYSEITY,1
AIGPNGSYTY,1
AIVPLGGCTY,1
AIDPFGSKTY,1
VISPFGYETY,1
AISPFGYSNY,1
AIIPFGRSTY,1
AISPNGGGTY,1
AIRWNGDETH,1
AISPFGGQTD,1
AIIPFGEVTY,1
AISQFGHRTY,1
AIRQFGGRTY,1
SIGPFGYETY,1
AIGTFGRSTY,1
AIGPFCSFTY,1
TINDFGYRTY,1
AISPFGSATF,1
AIAPFCLQTY,1
AILPFGDDTY,1
AIIYFGGSTY,1
VIAPFGGQTY,1
AIYPYGRATY,1
AITPYGGYTH,1
AISPWCGYTY,1
AIKPFGHYTY,1
AIAPWCGETY,1
AIHPYGYATY,1
AIAPFGYSTD,1
AISPFGGATH,1
AISYGGSYTY,1
AIGPWGRHTY,1
AIVPFGHWTY,1
AIRWAGGYTY,1
AIPYVCGSTY,1
AIRWRDGGTY,1
AIGPFGSFIY,1
AIGTFGGSTY,1
AINPCGSYTY,1
AIIPFGQVTY,1
AIAHYGGSTY,1
AISPFGGSAY,1
AITPFCAYTY,1
AINDYGSYTY,1
AITPYGLYTY,1
AIVSMGGSTY,1
AISPFSYTTY,1
AIGPFGKNTY,1
AIAPCGSYTY,1
AISPIGTVTY,1
AIGPFGRRTY,1
AIMMWSGSTY,1
AMTFWGGSTY,1
AISPFGYNIY,1
AINYDGSYTY,1
VISPFGEVTY,1
AISQFGQITY,1
AITPIGSRTY,1
AINQFGGRTY,1
AIGPFSGSTY,1
AISTYGARTY,1
AMGPFGSGTY,1
AIRWIGNQTY,1
AIDPYGDYTY,1
AIRILGLDTY,1
AISPQGEQTY,1
AIDEYGVSTY,1
AIHPYGFHTY,1
TIFYKGGSTY,1
AIAQLGATTY,1
AIRHRCGQTY,1
AIDPFGSLTY,1
AIGPFGLKTY,1
AITFWGGSTN,1
AIAPLGFQTY,1
AISPFGQATH,1
AISPYCGATY,1
AISPIGEVTY,1
AIITFGGTTY,1
AISPIGKQTY,1
AIRPYGAYTY,1
AIAPYCSYTY,1
AIIYSGDSTY,1
AIRWNGDYAY,1
AITPFGRTTY,1
TIRYNGIYTY,1
AISTFGSLTY,1
AIAPWGSYTH,1
AISPFGGNNY,1
AIRSNGVETY,1
AISTWGGYTY,1
AISDYGDLTY,1
AIGPFVFQTY,1
AISTFGLKTY,1
AICPFGRQTY,1
SIIYYGGSTY,1
AISPFGHQTH,1
AIGPGGDHTY,1
AIRKFGSNTY,1
AISSRGARTY,1
RYRCGVVQPI,1
AIIPFGNATY,1
AIRPLGGDTY,1
AISPWGRFTY,1
AISPFGDETY,1
AIRLIGYSTY,1
AIIPFGDGTY,1
TIGRFGGYTY,1
AIREYGYYTY,1
AISQFGGFTY,1
AIAPFGQSAY,1
AISPFGNYIY,1
AIRLFGSETY,1
AIRIYGSHTY,1
AIAQYGGYTY,1
AIRLDGFVTY,1
AISPFGEGTY,1
AIQYMCGSTY,1
AIDMCGGSTY,1
AINPFGYGTY,1
AIRPYGIHTY,1
AIKPFGKRTY,1
AISPSGFDTH,1
TISPFGIQTY,1
AIGPFCNYTY,1
AIAPFCRTTY,1
AIGQFGGTNY,1
AIGLYGGSTY,1
AIHPFGGYTY,1
AINPFGNWTY,1
AIGEYGDATY,1
AMGYVGGSTY,1
AIIQFGGSTY,1
AINLFGGYTY,1
AISPFGYGTH,1
AIRAYGNYAY,1
SIRWSGNQTY,1
AIMLWGGSTY,1
AIVPFGGNTY,1
AISKSGGATY,1
AINHYGGSTY,1
AISPFDQNTY,1
AISPFGEWAY,1
AIFYYGCSTY,1
AINPYGKYIY,1
AISWRGARTH,1
AILPYCDRTY,1
AISPFGYRTH,1
AIAPFGIQTY,1
AINYLGGSTY,1
AISTYGFYTY,1
AISAPGGYTY,1
AITMWSGSTY,1
AISPYGEYTN,1
AIMMWGYSTY,1
ALSEYGYATY,1
AISRFGDGTY,1
AIMSHGGSTY,1
AIGYLGGSTN,1
AITPYGAYTY,1
AIALWGGSTY,1
AIAPFGNPTY,1
AITPLGYNTY,1
AIGLWGGSTY,1
AIKPFGNPTY,1
AIVLWGGSNY,1
TINKMGGSTY,1
AIVPFGNHTY,1
AITPYGRLTY,1
AISPFADATY,1
AISPFCDVTY,1
AILPFGWDTY,1
AIVPFGGQTY,1
AITAYGYATH,1
AIGPFGRSAY,1
TIGPFGSYTY,1
AIAPFGYSPY,1
AISQFGNQTY,1
AISPFGDLTC,1
AIRWDGDYTY,1
AIAQFGDRTY,1
AISPFGGHTH,1
TIAPFGNSTY,1
AITPIGSSTY,1
AINPFGHTTY,1
SISPFGNDTY,1
AIRPFGLKTY,1
AINPFGGVTY,1
VISPFGGQTY,1
AIAPFGGYAY,1
VIMMWGGSTY,1
AISSYCRYTY,1
AIDWRCNYTY,1
ARSEYGYGTY,1
AITFWRGSTY,1
AISPFGDSAY,1
AISPNGSSTY,1
AIVSRGQLTY,1
AINNNGESTY,1
AISPFVGHTY,1
AIASFGLSTY,1
AIQMWGCSTY,1
AIAPFGNMTY,1
ATGPFGGTTY,1
AIRPYGEYTN,1
AISPYGDWAY,1
AIDPFGDFTY,1
AISPFVDYTY,1
AISSLGGYTY,1
AIDMWGGSTH,1
AISPFCIQTY,1
AIIPFGNFTY,1
VISPYGDYTY,1
AISDYGYVTY,1
AILYSGGSTY,1
AISEYGSLTY,1
AIRWNDVSTY,1
AIYPYGIRTY,1
AISPYGDCTY,1
AIFPFGKGTY,1
AIAMYGGSTY,1
AIRGFGGGTY,1
AINWNGRYTY,1
AMAPWGSFTY,1
VIIYNGGSTY,1
AMSSFGDVTY,1
AIAPSGSTTY,1
AIQYMGCSTY,1
TISYRGDWTY,1
AIDPFGRNTY,1
AIIPYGEYTY,1
AIRPYGESTY,1
AILWNGSSTY,1
AIDPFGDKTY,1
AISPYADQTY,1
AIEFRGNITY,1
AIAPFCHWTY,1
TIRWNGDYTY,1
AIRPYGLITY,1
AIGQFGYTTY,1
AISPFDNWTY,1
AIGPLGNGTY,1
TIVYKGGSTY,1
AIRPFGLETD,1
AIVYMGCSTY,1
AIRPFGPHTY,1
AISQFGFTTY,1
AIAPCGDSTY,1
TISPYGAYTY,1
AIEPFGHKTY,1
AIYTLGDGTY,1
AILPYGSHTY,1
AICMRGGSTY,1
AITPFGGRTD,1
AISPYGGHTY,1
AIGPYGIGTY,1
AIRYKGGPTY,1
AITYYGDSTF,1
AIRWSGNPTY,1
RDKPFGLTTY,1
AISDFGLYTY,1
AISQLVGSTY,1
AISGSGRSTY,1
AISEYGIGTY,1
AISWRGAHTY,1
AIAPFGGYTD,1
AISPYCEKTY,1
AIGPFAGLTY,1
AIAPFCNNTY,1
AIAPFGLNTC,1
AINENGNHTY,1
AISWIGVDTY,1
AIPFWGGSTY,1
AISTFGSSTY,1
AIDPYGLSTY,1
AIVPYGRLTY,1
AITPFGFETY,1
AIRQFGWDTY,1
AILWAGYSTY,1
AIRPSGYGTS,1
TISPFGNTTY,1
AISTNGGVTY,1
AITPFGLYTY,1
AISTWGYATY,1
AILPWGNQTY,1
AIQYKGVSTY,1
SISPFGYSTY,1
VISPWGYATY,1
AINPYGGITY,1
AILYKGCSTY,1
AITPSGDYTY,1
AMAPFGGKTY,1
AISTFGGSTY,1
AILPYGISTY,1
AIAPYGNITY,1
AIGQYGYSTY,1
AISTFGSRTY,1
AINSMGGSTY,1
AIRYYCGSTY,1
AITYYGGSTH,1
EIAPFGLNTY,1
AIAPFGQNTH,1
ALHPFGYGTY,1
AIPYVGCSTY,1
AIASAGGSTY,1
VITPYGRYTY,1
TISPDGYKTY,1
AIGFYGCSTY,1
SIGPFGGHTY,1
AIAYARGSTY,1
TIAPWGDNTY,1
AIVPFGGGTY,1
AINPYGQFTY,1
AIPIWGGSTY,1
AISQFGENTY,1
AIDWGGRYTY,1
AILPYGSFTN,1
AIPPFGEWTY,1
AIFSYCGSTY,1
AIAYVGRSTY,1
AIRMSCGSTY,1
AIRPGGYYTY,1
AISPFGQKTH,1
AIVSYGRHTY,1
AIQPFCDRTY,1
TIGPFGDWTY,1
AIRLAGDYTY,1
AISYKGCSTY,1
AIAPYGSWTY,1
AISWRGDHTY,1
AIAPYGHKTY,1
AIVPLGSNTY,1
AIAPFGSYAY,1
AISEYGYATE,1
AMGPQGYYTY,1
AIRPFGNDTY,1
AISTYGSFTY,1
AIIKVGNDTY,1
TITPFGIGTY,1
AVAPFGEYTY,1
AISPFDELTY,1
AIADNGYCTY,1
QISEYGYATY,1
AISTFGRQTY,1
AIREYGYETY,1
AIGTFGGRTY,1
EISPFGISTY,1
AIDPFGEVTY,1
AIRWRGSGTY,1
AIDPYGRHTY,1
AIRWNGDDTY,1
AIGSFGDNTY,1
AIGPFGSCTY,1
AISEYGYPTY,1
AIAPFGDWTY,1
AISPFCNQTY,1
AIAQFGKYTY,1
EISPFGGRTY,1
AISEYAWGTY,1
AIRYKGGSPY,1
AIGPLGHTTY,1
AISDFCEKTY,1
AINPYGQTTY,1
AIGPFCGRTY,1
AITPSGIETY,1
AIDWNGKTTY,1
AIVPFCGKTY,1
AISTFGYQTY,1
AIGQFGYNTY,1
AISPFCHGTY,1
AISQYGLTTY,1
AIKMWGGSTH,1
AVRMHGGSTY,1
AIAPFCYTTY,1
RDSVMGGSTY,1
AISQYGKLTY,1
AIRPMGGSTY,1
SIGPFGDWTY,1
AISEYGSGTY,1
AIRWSGNQTH,1
VIRWNGSATY,1
AIAPFGDKTY,1
AISTIGSRTY,1
AIVPYGRRPY,1
AISPYVTRTY,1
AILPPGSQTY,1
AITPFGKDTY,1
AITEYSYATY,1
ATQPFGKETY,1
AIGPFGSDTY,1
AIRPIGSETY,1
AILPFGLSTY,1
AISPRGTSTY,1
AINEYGYRTY,1
EIRWNGDYTY,1
AIIMRGCSTY,1
AIRPFGNFTY,1
ATSPFGYSTY,1
AIGPFGYGTY,1
AINPYGRRSY,1
AIAQFGNVTY,1
AVAPFGYSTY,1
AITPYGVYTY,1
AILWSGNQTY,1
AIGRFCGYTY,1
TIRMGGGSTY,1
AIGYFGSYTY,1
AISPVGLKTY,1
AIYPYGGSTY,1
AIAPWGDYTY,1
AIGVWGGSTY,1
AINPFGGETY,1
AISNSGGATY,1
AINLYGSYTY,1
AISQFGEKTY,1
AILWAGDYTY,1
AIALYGGYTY,1
AISPFGLYTY,1
AIRGNGVETY,1
AISPFGYWTY,1
AISQFGLETY,1
VISPYGRYTY,1
AISPYGAKTY,1
AIRPLGDSTY,1
AIKPFGRDTY,1
AISRFGYSTY,1
AISQFGLTTY,1
AIGPFGDWTN,1
AISTFGKLTY,1
AILPFGWETY,1
TISEYGYCTY,1
AISPYGCSTY,1
AILFAGTETY,1
AIAPFCRGTY,1
AISTFGFSTY,1
AISQYCRTTY,1
AIDPRGARTY,1
AIGPKGDTTY,1
AIAPWGGCTY,1
AITPYCNWTY,1
AIAPYGCYTY,1
AMTYYGGSTY,1
AITFYGGSTH,1
AIGQFGWSTY,1
AIAPLCHSTY,1
AIRYNGIYTH,1
AIRFVGTETY,1
AINYYGCSTY,1
AISTNGQYTY,1
AIAPFGKITY,1
AISPYCSHTY,1
AIGLFGNGTY,1
AIEPFGYSTY,1
AIEYYCGSTY,1
AIAPWGTFTY,1
AISENGYGTY,1
SISPIGNWTY,1
AISPFGRTTN,1
AIRPFGGATY,1
AILPIGRITY,1
VIPYVGGSTY,1
AINPYVRRTY,1
AIGPFGHTTH,1
AIRLWGCSTY,1
AISSFGRSTY,1
AIGPFGYATY,1
TITEYGYYTY,1
AIRQFGYDTY,1
AMSPYGSHTY,1
AIAYMGGSIY,1
AINPYGGETY,1
AINTYGGYTY,1
AIGPFCEVTY,1
AISPYCNRTY,1
AIRSFGSETY,1
AISPGGAYTY,1
AIQPYGDRTY,1
AIVPWGRSTY,1
TISPFGYRTY,1
AINWDGSYTY,1
ATRPFGSRTY,1
SIIYVGGSTY,1
AITPYGIRTY,1
AISWRGPRTY,1
AISPCGAYTY,1
TISPFGINTY,1
AISTYGTKTY,1
AITPSGQFTY,1
AISWRGGTTY,1
AIAQFGASTY,1
AIIPTGGRTY,1
AIRQFGDSTY,1
AISTFGKNTY,1
AISEYGKFTY,1
AIGQYGESTY,1
AINPFGDYTY,1
AILSYGGYTY,1
AIAPFGHWTH,1
AIVFMGGSTY,1
AISPFCDITY,1
AIMMWVGSTY,1
ALKAFGSSTY,1
AISNNGYATY,1
AIRFHGGNTY,1
AISQFGDHTY,1
AITQFGLNTY,1
AISQFGFSTY,1
AISPYGRRTD,1
AIGPYGDTTY,1
AVGPFGSYTY,1
AIEEYGRYTY,1
AISWDGNYAY,1
VINPYGSNTY,1
AMGPYGYSTY,1
AIRWSGDQTY,1
AISPFCFKTY,1
AITPDGYKTY,1
AINPYGVRTY,1
AMRPFGNYTY,1
AIAPFGISTF,1
SINPYGRYTY,1
AIAPFGCHTY,1
AIRYNGIYIY,1
EISEYGYATN,1
AISPFGLSTN,1
AIRPQGKRTY,1
AIVPFGSVTY,1
TIGPYGGYTY,1
AIAPFGQDTY,1
AIDPFGGHTY,1
AILYMGGSTN,1
AMSPFGRFTY,1
AISTFGGATY,1
AXGPFGDSTY,1
AIVLWGGSTY,1
AISIWGGSTY,1
AMRLSGNWTY,1
AISHRGCWTY,1
GISPFGGYTY,1
TISPFGSHTY,1
AIGSFGSYTY,1
AIDPFGHTTY,1
AITPFGSPTY,1
AISPFSSYTY,1
AISPFCCYTY,1
AINPYSSYTY,1
AIELRGGLTY,1
VISPFGIRTY,1
AIKPFGQGTH,1
AIRPDGQYTY,1
AISPFGALTH,1
AISPYGTYIY,1
AISPYCYSTY,1
VISPFGNYTY,1
AIRQFGYRTY,1
AMSPFGTNTY,1
AISPYCRRTY,1
AIKPFGNTTY,1
AIIPGGDHTY,1
VIGPFGGLTY,1
AIAPYGGDTY,1
AIAPYGYNTY,1
SISPFGNSTY,1
TISPFGNDTY,1
AIFLYGGYTY,1
AINPYVSKTY,1
AISPYGRCTY,1
AIVPFGTSTY,1
AISPFGLKTD,1
VIRPFGNYTY,1
AIHPYGGYTY,1
AIHPYGSRTY,1
AIAQYGKYTY,1
AISPGGKYIY,1
AISLDGSYTY,1
TISPFGSWTY,1
AIAYVCGSTY,1
AIVPFGDRTY,1
SIAMWGGSTY,1
AITLLGSYTY,1
AILPFGEYTY,1
AIAPFVSQTY,1
AIAPNGKYTY,1
AIRTYGRYTY,1
AIGPFGQTTY,1
ALVPYGRHTY,1
SISPFGHVTY,1
AIVPFGEWTY,1
AISPYGSRTH,1
AINPYGRITS,1
AIPFMGCSTY,1
TISPFGEYTY,1
AIAYAGCSTY,1
AINPYGRITD,1
AISNFGRYTH,1
AISPFGQVMY,1
AIAQFGGTTY,1
AILPDGRQTY,1
AISPYCQLTY,1
AISDNGNYTY,1
AMGPFGYTTY,1
AIGPFGSYTD,1
AINPFGNLTY,1
VIAMWGGSTY,1
AIADYGRSTY,1
AIVPFGYQTY,1
AITYEGGSTY,1
AISPFGGYIY,1
AISPYDGTTY,1
AIDPFGTNTY,1
AIAPFCSNTY,1
AISERGAYTY,1
AIDPYGNLTY,1
AIAPFVHKTY,1
AISLFGSNTY,1
AIGSFGNGTY,1
AISPDGMYTY,1
AIDYLGGSTY,1
AISNRCEWTY,1
AIRPFCANTY,1
AISHRGNWTY,1
AIRMWSGSTY,1
AISQYGFYTY,1
EITPFGEWTY,1
AITPCGSYTY,1
AIAPYGNVTY,1
AICEYGWGTY,1
TISPFGKATY,1
AISPWGCHTY,1
AIRWKGSATY,1
AIVPYGRRTD,1
AIITWGGSTY,1
AIRPFCGRTY,1
AISPCGEYTY,1
AITPWGLQTY,1
AINPYGRRPY,1
AIIYKGDSTY,1
AIAPLGWSTY,1
AIAYVGGSTH,1
AINPFGEYTY,1
AILPYCEFTY,1
AIRWNGCSTY,1
VISPFGSNTY,1
AIRWNGVETD,1
AIAMSGGSTY,1
AIGQFGNLTY,1
AIGQHGNNTY,1
TISEYGYGAY,1
AINYYGDSTY,1
AIAPAGAWTC,1
AINYMGGSTH,1
AIMYVGSSTY,1
AIDDYGNYTY,1
AISTFGQGTY,1
AIRPFGEWTY,1
AIRPFGGWTY,1
AINTRGGQTY,1
AICPFGGFTY,1
VISPYGKYTY,1
AILLWGGSTY,1
AIALYGSYTY,1
AIAPFGDRAY,1
AIAPYGSNTY,1
AMAPFGHGTY,1
ATSPYGIGTY,1
AIDVWGGSTY,1
AISTFGDITY,1
AIMMAGGSTY,1
AISPICSRTY,1
AIADFCYRTY,1
AISGFCDNTY,1
ATSPFGIGTY,1
VISPFGSYTY,1
AISPLGRHAY,1
VIVPYGTRTY,1
AIRPFGGTTY,1
AIRYADDFTY,1
AISPCGYATY,1
EIGPFGRSTY,1
TISPYGRYTY,1
AITQFGSLTY,1
AIVPRGDWTY,1
AIDYKGGSTY,1
SISPFGDRTY,1
AINPYDRRTY,1
AIRQFGTYTY,1
AIRWNAVETY,1
ALYYVGGSTY,1
AIKPFGGDTH,1
PISPYGHRTN,1
AIAYNGGSTY,1
AINPYCVNTY,1
TISEYCYATY,1
AISSVGGSTY,1
AIGPFGHATY,1
SISPFGSVTY,1
AIQPSGSNTY,1
AISPLGYATY,1
AIVPRGQLTY,1
AISLFGNSTY,1
AIKYIGGSTY,1
AIYYWGGSTY,1
AISPHGSRTY,1
AIRYASSYTY,1
AIGPFGEQTH,1
VIRPFGLETY,1
AITEYGYRTY,1
AIAPCGEYTY,1
AIHPFGLRTY,1
AINKYGRYTY,1
EIRPFGGDTY,1
AINPFGYQTY,1
TISPYGGSTY,1
AISYRGCKTY,1
AIRMWGGSIY,1
AIGPFGRDTY,1
AISSFGDYTY,1
AIAPFGRGTH,1
AISPLGYSTH,1
AIASVGGSTY,1
VIAPFGYETY,1
AISWDGGYTY,1
ATPYTGGSTY,1
EIAPFGYKTY,1
TIAMRGGSTY,1
AIRWACEYTY,1
AITFGGGSTY,1
AITPRGQFTY,1
AIRPFGNYIY,1
AIYPYGDRTY,1
AVTEYGYATY,1
AISPFGMGTY,1
ATSPFGGWTY,1
AIGPHCNNTY,1
ATSPFGNSTY,1
AIKLFGKSTY,1
AISPIGRNTY,1
AISEYGDNTY,1
ATSPYGFYTY,1
AINWRGARTY,1
AISTFGYKTY,1
AISPFGECTY,1
AIAQFGRATY,1
AIRWNGVGTY,1
AIAPWDSFTY,1
AIAPFGLYTY,1
AISPYDDYTY,1
AIAPFGNHTH,1
AIQSFGKDTY,1
AIAPFVYSTY,1
TISSFGRDTY,1
AIRFSGVYTY,1
AIRQFGSETY,1
TIAPFGLSTY,1
AIRLMGGSTY,1
AIQMLGGSTY,1
PISPYGRRTY,1
TISPFGNSTY,1
AMNPYGKYTY,1
AIAPFGRCTY,1
AIVQFGNYTY,1
AISPEGKYTY,1
AILPYSNYTY,1
AISPFGAFTY,1
AILPFGFNTY,1
AILPCGSFTY,1
AITPFGDWTY,1
AISKVSNDTY,1
AISLRGDRTY,1
AISPQGNYAY,1
AITPFGEWTH,1
AIMYGGGSTY,1
AIGPIGYSTY,1
AINWSGSHTY,1
AIEPYGSYTY,1
TISWDGSYTY,1
AINPFGGTTY,1
AMGPLGGYTY,1
AIGTFGSSTY,1
AIAPYGGYSY,1
AISPFVDATY,1
AIALFGLNTY,1
AITPFGQTTY,1
AIIPFGYSTY,1
AINYMGGSIY,1
AISSFGDVTH,1
AISQWGGYTY,1
AISQFGVTTY,1
AIAPFGHMTY,1
AIYQYGSYTY,1
AISPWGNYAY,1
AIIPFGGHTY,1
AINPAGQNTY,1
AITQFGGGTY,1
AISERGNYTY,1
AIEPYGEYTY,1
ARSPFGGSTY,1
AISPFGCGTY,1
AISKVCNDTY,1
TINPFGRRTY,1
AIGQFGSVTY,1
AIGPFGNCTY,1
AISSTGGPTY,1
AISPFGYSAY,1
SIGPFGSTTY,1
AILWNGSFTY,1
AISTFGQKTY,1
AIGPFSSSTY,1
AISSFGGVTY,1
AIKPFGLGTY,1
AIVPFGHKTY,1
AISPYGHDTY,1
AISPFGFDTH,1
TITPFGQQTY,1
AIAPLGGGTY,1
AIAPFCVDTY,1
AIDPHGIYTY,1
AITEYCYYTY,1
AVSPFGNRTY,1
AINQYGSTTY,1
AISDYCLTTY,1
AISYRGNETY,1
AIKLWGGSTY,1
AMSPFGNWTY,1
AINPFGGRTN,1
AIRYDGSHTY,1
AIVPFGIKTY,1
AIKGYGYYTY,1
TISPYGQTTY,1
ATSPFGDNTY,1
AISPFGYQTH,1
AIRPFGGSTH,1
ATSPWGGYTY,1
AIATFGGYTY,1
AIRPFGLNTY,1
EISNNGYRTY,1
EISPFGNSTY,1
AIMMWGGSTH,1
AITPFGKLAY,1
AIRQFGNNTY,1
AINPYGSDTY,1
VISPFGSWTY,1
AICPYGSRTY,1
EIRPFGYTTY,1
AISPFVGDTY,1
AITPFGGGTH,1
AIVQYGSYTY,1
AIAQLGHSTY,1
AITPSGYRTY,1
AISPNGLRTY,1
AILPYGCRTY,1
AIGQFGHTTY,1
AISPIGKETY,1
PISPSGTWTY,1
TINPYGSYTY,1
EITPYGGYTY,1
AISPLGCSTY,1
AISPFGTITY,1
TIRPYGEYTY,1
AISNRGGRTY,1
AIEYYGGSNY,1
AIIYNSGSTY,1
AMSPFGYHTY,1
AISPLGRKTY,1
AISGGGRSTY,1
RYDRLVRIPI,1
AINPWGNYTY,1
AISPFGGDTH,1
AIASYGEYTY,1
AISPYGTCTY,1
AICPFGSQTY,1
AIGPFGGCTY,1
AIFPYGDYTY,1
AIRGYGVATY,1
AITEYGYATS,1
AIAPFGYTAY,1
AIVPYGLRTY,1
AINPFGENTY,1
AIAPFGVDTH,1
SIMMWGGSTY,1
AISEFGWKTY,1
AINPYSRRTY,1
AISPRCDWTY,1
AISAYGYYTY,1
AIRMAGGSTH,1
AISYDGSYTF,1
AISPAGEGTY,1
AISYRGDWTD,1
AIKCNGSYTY,1
AIAYKCGSTY,1
AIAPFCNHTY,1
AIPEYGYATY,1
AISPFGYLTY,1
TIGPYGNYTY,1
AIEPWGSFTY,1
AIEPFGGTTY,1
AILPFGNRTY,1
VILPYGNWTY,1
AINPFGSFTY,1
AIAPFGASTH,1
AIAPVGEYTY,1
AIQPIGERTY,1
AIGPMGAITY,1
AIAPVGRGTY,1
AINPLGGYTY,1
AIGPIGSSTY,1
AISPIGDSTY,1
AISPIGHFTY,1
AISPLGGLTY,1
AIKPVGGDTY,1
AIGPLGSTTY,1
AISPIGWETY,1
AISEVGWNTY,1
AISPIGYTTY,1
TITPFGEWTY,1
AISPLGDNTY,1
AIGLFGSVTY,1
AIPPYGLGTY,1
AIAPNSIHTY,1
AIIPWCGSTY,1
AIIPFGSLTY,1
TIKIDGKTTY,1
TISPFGSSTY,1
AIRRFGGETY,1
AISNSGEWTY,1
AINPFGRQTY,1
AIKPYGEYTY,1
AISMSGGSTY,1
AISPCGLGTY,1
TISPFGYNTY,1
AIGPFGRGTN,1
AIHWPGNFTY,1
RISPWGGYTY,1
AIKLYGERTY,1
AISPFGYGIY,1
AIAPFGHQTH,1
EIRWSGNQTY,1
AIRWNGVATD,1
TISWRGARTY,1
AIAPFGLTTH,1
ALSPFGYRTY,1
AIRTYGDYTY,1
AIGPFGGGTN,1
AINPFGNKTY,1
AIGPDGDYTY,1
AIAPYGNTTY,1
AIYPYGDNTY,1
AIQPYGNYTY,1
AIGMWNGSTY,1
AICPFGDLTY,1
AIAPCGNYTY,1
AISPFGFLTY,1
AIQYSGCSTY,1
AIAPFGEHTY,1
AIRHSGGGTY,1
AXSPFGKFTY,1
AISQWGLGTY,1
VINPFGNNTY,1
AISPRGIETY,1
AITPYGSYNY,1
AILPSGGETH,1
AIAPLGSYTY,1
AIIPYGKITY,1
AILPYCSFTY,1
AISPYGWKTY,1
AISPYGDYTD,1
AIRPFGVNTY,1
AISPFVFKTY,1
AIGPFGGSTN,1
AISYLGSSTY,1
AITPYGSYAY,1
AIGYKGGSTH,1
VISDFGEKTY,1
AITMWGGSIY,1
AISPFCNETY,1
VITPFGLNTY,1
AISWRGDRTD,1
AIVPFGYKTY,1
AIAPYGQNTY,1
AIPMWGGATY,1
AIRYACDFTY,1
AIQPFGGNTY,1
SIAPSGYKTY,1
AIICSGGSTY,1
TISPFGYQTY,1
TIGPFGGSTY,1
AIQMWGSSTY,1
AIGPFVGFTY,1
SIGSFGDQTY,1
AIGQFGGLTY,1
AIAPFCQSTY,1
AISTFGSKTY,1
AIDPFGNITY,1
AISWYGNYTY,1
AISPFGLCTY,1
AIGPFGNWTY,1
AIGHMGGSTY,1
AIRPWGLGTY,1
AISPFGYNTN,1
PIAPFGSSTY,1
AIGPFCGNTY,1
ARQPYGSRTY,1
AITPFCSHTY,1
AITQFGIGTY,1
AIAPFCHVTY,1
AILPYCWNTY,1
AISPGCYSTY,1
AISPYGYDTY,1
AISPWGPGTY,1
AISPWSNYTY,1
AIRQFGGSTY,1
SIAPFGYQTY,1
AIRPFGNYAY,1
AIEPYGRRTY,1
AMSPWGKYTY,1
AIIFMGGSTY,1
AIGSFGGTTY,1
AISPFGGRAY,1
TISDYGQRTY,1
AXSEYGYATY,1
TITMWGGSTY,1
AISKYGYSTY,1
AICPLGNNTY,1
AIGPFGLRTY,1
AITQYGGYTY,1
AICMWGGSTH,1
AISPVGGDTY,1
AITPVGEWTY,1
AITYDGGSTY,1
TIRPFGNYTY,1
AITPYCSYTY,1
AIAPFCKRTY,1
AIGPFCGYTY,1
AISSFCKYTY,1
AIRPFGHNTY,1
AISPWGRNTY,1
AIRMWGGSNY,1
AIDPFGRGTY,1
AIAPVGDKTY,1
AICPFGANTY,1
AIKPFGRSTY,1
SIDPFGGYTY,1
AIFYYRGSTY,1
AIGQYGGYTY,1
EIRFAGTETY,1
AIRYTSGSTY,1
AIAPHGGYTY,1
AIQGYGCITY,1
AINPYGKLTY,1
AISPFCSETY,1
AISEHGYDTY,1
AISPFGSYNY,1
AIVPFCSNTY,1
AIQPYGGLTY,1
AISPWGGYTH,1
AVGPFGRSTY,1
AIVYKGGSTH,1
AISGNGLATY,1
AISQNGKFTY,1
AIGPFVLSTY,1
AIPWNGVETY,1
AITDYGLNTY,1
AISPFGDDTY,1
AISPYGQGTY,1
AIGTFGNITY,1
AISYMCGSTY,1
AIFPYGRRTY,1
AISSFGNVTY,1
AIAPCGDGTY,1
AIIPFGRYTY,1
AIGPFCNITY,1
AIAPFCRRTY,1
AISGYGRYTH,1
AISEVGGYTY,1
AIGAPGIGTY,1
AITTFGIGTY,1
AMSPFGLKTY,1
SISPYGGYTY,1
AIAPYGQSTY,1
AITMLGGSTY,1
AISSFGHRTY,1
AISPHGIKTY,1
AIGPYGWTTY,1
AITPFGRQTY,1
AISERGGETY,1
AISPFGNQTS,1
AINYVSGSTY,1
AINPYGRITF,1
VIGPFGGHTY,1
AISPYGQRTY,1
AIIPYGSITY,1
AISPYDDWTY,1
AIAPYCAYTY,1
AIGPYGESIY,1
AISPNGYGTY,1
AISPFGGTTH,1
RVSPFGASTY,1
AILPFGGYTY,1
AISPFCITTY,1
TIQYRGNYTY,1
AINPYGHYTY,1
AIAPWGRFTY,1
AISEFGEFTY,1
AISPRGADTY,1
AIAPFGVKTY,1
AIAPFCLRTY,1
AINYTGGSTY,1
AIAQFGGSTY,1
ATEYYGGSTY,1
AISPYGYLTY,1
VIADYGRYTY,1
AISPFGQVAY,1
AIALFGYKTY,1
AISPLGFTTY,1
AISDYGSHTY,1
AISPFREYTY,1
AIAPTGLQTH,1
AIVPRGGYTY,1
AIDPFGDSTY,1
AISPFGENTC,1
AIAPYGTWTY,1
AIRWNGDVTY,1
AIDQFGDFTY,1
AICMSGGSTY,1
AISPTGAYTY,1
AIGPFGLGIY,1
AIGPFGNNTH,1
AIAPFCQNTY,1
AIVPYGVETY,1
AISPRGDTTY,1
AISEYGCDTY,1
AISPYGDRTH,1
AISPFCRSTY,1
AISPVGFDTY,1
AIGPFGNGTH,1
AMSPFGGLTY,1
AIGPYSESTY,1
AIGTFGERTY,1
AIVPYGKYTY,1
AITPYGGATY,1
AIRFRGCATY,1
AIRPYGEWTY,1
AILSYGDLTY,1
AISEHGYSTY,1
AIGPIGHTTY,1
AIGPIGSLTY,1
AISEDGWGTY,1
AISPLGGRTY,1
AISPLGLNTY,1
AISPIGNYTY,1
AISPCGGITY,1
AISQFGRATY,1
AIYPYGKGTY,1
AIIPYGSRTY,1
SIRWRGGGTY,1
AIRWNGNQTY,1
AILMWGCSTY,1
AICYLGESTY,1
TIGPFGKLTY,1
AITPYGCYTY,1
TISPFGSTTY,1
AIQPFGGDTY,1
AISQFGTSTY,1
ATAPFGHWTY,1
AISEYGFNTY,1
TITPFGSLTY,1
AIAPFDNLTY,1
AISLFGGLTY,1
AIHMWGGSTY,1
AIGFGGGSTY,1
AMMIWGGSTY,1
AITTFGKSTY,1
AIAQFGALTY,1
AIGPFGQGTY,1
AIDTFGCYTY,1
AILPPGHQTY,1
AIGPFSGTTY,1
AISDYGRWTY,1
AIQNSGSYTY,1
AIPMWGGSNY,1
AIRWNGVSSY,1
AIGPFCSVTY,1
AIDPFGSSTY,1
AIQPFCKETY,1
AMSPFGTYTY,1
SISPFGFHTY,1
AISQFGFRTY,1
AIRPYGNWTY,1
AIAQFGGGTY,1
AIETFGGHTY,1
ATVPFGKYTY,1
AISGYRSYTY,1
AINPYGYITY,1
AIFMLGGSTY,1
AIAPFVYKTY,1
AIGPFCKHTY,1
AITTFGEFTY,1
AIGEYGLYTY,1
AISEYGYHTY,1
TISPFGLKTY,1
AISLFGGRTY,1
AIAPLGRSTY,1
AISTFGWKTY,1
AIAPFGSCTY,1
AICPLGHGTY,1
AMSPFGTLTY,1
AIHQYGYRTY,1
AITPYGLSTY,1
VISPYGYRTY,1
AIFYSGGSTY,1
AIVLFGGYTY,1
TISPFGIGTY,1
AIAPFGEYTN,1
AISQYGHNTY,1
AITPYGTITY,1
AISSFGRRTH,1
AIFTYGGYTY,1
AIRYMCGSTY,1
AISQFGAQTY,1
AIEPYGGKTY,1
AIRLWGGSAY,1
AIQLFGKETY,1
AISPFGAYTH,1
AIGPYGERTH,1
AITYKGRSTY,1
AMSPFGYQTY,1
VISPFGTDTY,1
AISPFGAPTY,1
AIGPFGLDAY,1
AILPFGQWTY,1
AIVPRGDRTY,1
AIRYVGRYTY,1
AIRTSGYSTY,1
AILPYDSFTY,1
AIAPFGKYTN,1
AIGPFGGSSY,1
AIGPYGESTH,1
AISTFGGETY,1
AISPFCGPTY,1
TIVYMGGSTY,1
AIAQFGEWTY,1
AISPFGANTH,1
AISPYCTRTY,1
AIQYMGDSTY,1
AIAFVGGSTY,1
AINPFGRTTY,1
AISQYGSHTY,1
AIRWRGGSTY,1
AIDPYGRRTY,1
AIKYLGCSTY,1
AIGQFGDKTY,1
AIIFMGGLTY,1
AISQFGGSTH,1
AIGPFGGTTD,1
AISQFGRDTY,1
AICPFGKLTY,1
AIGPYDSWTY,1
AIREYGDGTY,1
TISPFGDATY,1
AISQFGYQTY,1
AISQWGSHTY,1
AISPLSYSTY,1
AISDYGYWTY,1
AILPFGAHTY,1
AISPFCDWTY,1
AISYYGCSTY,1
AISKSGGGTY,1
TISPFGRGTY,1
AIVPFGWKTY,1
AIIPFGDRTY,1
AIRPSGCDTY,1
SISPFGDWTY,1
AIRAYGDYTY,1
AIRPFGSGTY,1
EIAPFGHKTY,1
AIVPFGWNTY,1
TIAPYGGYTY,1
AITYKGSSTY,1
AISPIGRYTY,1
AISEFCGYTY,1
AIAPFGYYTY,1
SITPFGIGTY,1
AIVSFGSNTY,1
AISPFCLHTY,1
AIRPFGMSTY,1
AINPWGYATY,1
AISPAGWSTY,1
AISPNGYDTY,1
AMAPYGEYTY,1
AIAPFCALTY,1
AISLFGRYTY,1
AIAPCGISTY,1
AIQLSGNWTY,1
TIAPWGRSTY,1
TISPFGRSTY,1
TIGSFGDITY,1
AILPFGYETY,1
AISARGDWTY,1
AIRSFGTRSY,1
AISPFCNTTY,1
AMSPWGGYTY,1
TISPFGFNTY,1
TISPFGGNTY,1
AITYCGGSTY,1
AISPYGARTN,1
AISPFGSSAY,1
AIAPFGSYTD,1
AISPVGARTY,1
AINSYGNLTY,1
TISYVGGSTY,1
AILPYGRLTY,1
SIAPFGIDTY,1
AIDPFGSTTY,1
ALNPYGRRTY,1
AILPFGYQTY,1
VISPFGGWTY,1
AIGPLGCWTY,1
TITPFGSHTY,1
VIAPFGEYTY,1
ATSPFGLRTY,1
AIGYMGGSTH,1
AINPYGRSTH,1
TIVPYGTRTY,1
TIAPYGSYTY,1
AIKRNGSYTY,1
AMSPFGGYTY,1
AIVPFGYNTY,1
TILPYGKYTY,1
AISPYCSFTY,1
AIAPFGVGTY,1
TIGPFGSTTY,1
AIAPFSQNTY,1
TIRWNGDETY,1
AISASGVRTY,1
AILTFGGDTY,1
AIAPYGLQTY,1
VIRYYGGSTY,1
AIYPYGKYTY,1
AIVYAGGSTY,1
AIGYLGGSTY,1
AIGQFGLATY,1
AISPFGEWNY,1
AIKPFGCDTY,1
AISAYGDATY,1
AMNPYGRRTY,1
PIVPYGRRTY,1
AIAPHGRYTY,1
AITPFGGPTY,1
VISPFGLNTY,1
AIDVYGNRTY,1
TISPFGSLTY,1
AIDPFGGLTY,1
SISPFGSNTY,1
AIAPWGCRTY,1
AISQYGTRTY,1
AISEFGEKTY,1
AISPFGRYTH,1
TISYYGGSTY,1
AINSFCNSTY,1
AIAPYGHWTY,1
AIAPFGEYTD,1
ATSPFGGVTY,1
AIRPFGSVTY,1
AITPFCVETY,1
AIGPFCNHTY,1
ARFPYGRYTY,1
AISQWGKYTY,1
AMAPFGNRTY,1
AISTYGSRTY,1
AIAPYGEYTH,1
AIRWNGSETY,1
AISTFGANTY,1
AISPFGDLTH,1
AILLYGNYTY,1
TIMYTGGSTY,1
AISPFDGATY,1
AIKMCGGSTY,1
AISPFGFKNY,1
AISPFGDWTH,1
AIRWNGLSTY,1
AISAYGCATY,1
AISTFADYTY,1
AIKPYGNWTY,1
AITTFGGATY,1
AIRLFGGDTY,1
AMGMWGGSTY,1
AIDPFGGYTH,1
AILPFGLGTY,1
AICPFGNNTY,1
AIRPIGRETY,1
AIRFASTETY,1
AIGPFGDRAY,1
AIRPFGANNY,1
AIVYMCGSTY,1
PILPYGSYTY,1
ATRWNGVETY,1
AISPFGLDNY,1
AIHRYGAASH,1
TIAPFGNLTY,1
SISPFGGHTY,1
AITPFGENTY,1
VINPYGSITY,1
AINPNGRRTY,1
AIDPLGAITY,1
VISPFGGETY,1
AMGPHGNNTY,1
TIRWRGGGTY,1
AISPFGVHTY,1
AISPFGSNTH,1
AISRVGSDTY,1
AIRLYGYKTY,1
AISDKGKKTY,1
SIGQFGRTTY,1
AIAPFCGTTY,1
SIAPFGSWTY,1
AIAPFCETTY,1
AIGSYCVRTY,1
AISQFGDSTY,1
ATSPFGRYTY,1
AMGYKGGSTY,1
AITPFGLTTY,1
AIYPLGGGTY,1
AISYRSGKTY,1
AISPGGLGTY,1
AISYDGRYTY,1
AISAFGNWTY,1
AISPFGGWTN,1
AISPFSDSTY,1
AIGPFGFTTY,1
AIGPFGDRTC,1
AIGQFGRKTY,1
AIRWNGDTTY,1
AISPFCLDTY,1
AIAMWSGSTY,1
AISPFCGFTY,1
AISPWGLCTY,1
AISDYGQLTY,1
AIAPFCWRTY,1
AIGPFGQYTY,1
AIRLWGVSTY,1
AIHPFGSNTY,1
AITEYGYAIY,1
AINSFGGYTY,1
AIGPFCGHTY,1
AIYPYGGYTH,1
AMLPYGNYTY,1
AINMSGGSTY,1
EIIEYGYATY,1
AIRYNGCSTY,1
AIRLFGWDTY,1
AIQQFGKETY,1
AIRCNGFYTY,1
AINIWGGSTY,1
AIKYRGNYTY,1
AIGQFGEYTY,1
AIAYVSGSTY,1
AISPYGVRTY,1
AIPMWGGSTH,1
AIKPFGHGTY,1
SIRWNCVETY,1
AISPFGNSTH,1
AIGPFGGGTH,1
TISPFGSETY,1
TIETFGGRTY,1
AISPFVSSTY,1
TISPFGRQTY,1
AIGQFGDRTY,1
VIRMWGGSTY,1
AIPYMGGSTH,1
AMSPWGLGTY,1
AIRPFCSETY,1
AIVYVGCSTY,1
AIGTFGDSTY,1
AIGPFGNVTS,1
AIRPFCAHTY,1
AIAPSGSYTY,1
TIRWNGGSTY,1
AIALFGYRTY,1
AISPFSTSTY,1
AIVPYGTCTY,1
AISPFCSNTF,1
AIIQFGYKTY,1
AIGAFGHWTY,1
AISQDGIRTY,1
AITDYGYNTY,1
AIGPFCGGTY,1
AISTFGNTTY,1
AIVSYGTRTY,1
AISYSGGSTH,1
AITPYCGYTY,1
AIHPYGGSTY,1
AISPFGCITY,1
AISPYGICTY,1
AISPFGDIIY,1
AMSPFGWSTY,1
TISPFGDKTY,1
TISPYGYSTY,1
AITPCGGYTY,1
VIGPFGGSTY,1
TIGPFGGHTY,1
AIQPRGGDTY,1
AIRPFCDVTY,1
TIRPLGYNTY,1
AITTYGSYTY,1
AISPFGWNSY,1
AIRPNGDRTY,1
AIKPFSGFTY,1
AIRPFGSWTY,1
AITPFGIRTY,1
TISPFGDSTY,1
AISEYCWCTY,1
AIQYVCGSTY,1
AIPYVGGSSY,1
AITPRGGRTY,1
AISPFVGWTY,1
AISPYGYKTC,1
AIAQFGNNTY,1
TIRWAGDYTY,1
AIRVYGNYTY,1
AIAPFGNCTY,1
AISTFGRSTY,1
AISEYSYGAY,1
AIVPYGSFTY,1
AIMYVSGSTY,1
AISHDGSYTY,1
AISPGGTSTY,1
AILPYGIYTY,1
AISMLGGSTY,1
AINPTGYSTY,1
AICPYGEYTY,1
AIMYTGGYTY,1
AIRWSGNQAY,1
AITPFGRLTY,1
AITPLGGLTY,1
AISPVGERTY,1
AIAPFGGTTH,1
AISPLVYSTY,1
AISLWGDLTY,1
AMAPFGGGTY,1
AIGHFGGYTY,1
AISDYGARTY,1
AIIYAGGSTY,1
AILWNCVETY,1
AISQYGDPTY,1
AINPLGWQTY,1
AMSPWGYATY,1
AIAPFGGYIY,1
AICPFGGRTY,1
VISPFGYRTY,1
AIAPHGSYTY,1
VILPYGSFTY,1
SIRPFGGYTY,1
SISEYGYYTY,1
AISPYGYRTH,1
AISQSGKKTY,1
SITFWGGSTY,1
AISPWDNYTY,1
AISPWGDYTY,1
AIHPYGRRTH,1
VISEYGYSTY,1
AIRPLGSYTY,1
AIVPCGTRTY,1
AIGTFGEYTY,1
AISPGGGFTY,1
AISDYCRYTY,1
AISPGGGSTY,1
AIEYYGDSTY,1
AISPFGRATH,1
AIAPFGEYIY,1
AMAPFGYQTY,1
AIGSYCNYTY,1
AIDRFGGYTY,1
AIGPFGNPTY,1
VISPFGELTY,1
AILSYGDRTY,1
AIKPFGKGTY,1
AIGPFGTRTH,1
AIIPFCYKTY,1
AINPYGKKTY,1
AIATFGYQTY,1
AIAPFGNWIY,1
AISPYGSYTH,1
AIAQFGLNTY,1
AIKQFGDRTY,1
AISPLGFKTY,1
SISPFGYKTY,1
ATSPFGYETY,1
AISPFGIATY,1
AISPFGLDAY,1
AIRWRGGCTY,1
AIGPFGVETY,1
AICPFGYNTY,1
AITYYGGSIY,1
AIATFGKYTY,1
AISPFGDWTD,1
AIQWDGSNTY,1
AIYPFGGYTY,1
AISHSGGYTY,1
AIIPFGGDTY,1
AISRSGYLTY,1
AISYDGSNTY,1
AIAPFGHITY,1
AISPFGYRTN,1
AMRWRGGGTY,1
AITPFGVQTN,1
TISPYGKYTY,1
AIGPFGSKTH,1
AISPFVNTTY,1
AIVYVGGLTY,1
AIAPYSSFTY,1
AISPRGDYTY,1
AISPIGLGTY,1
AISPFGGFAY,1
AIKQFGGHTY,1
AIAYACGSTY,1
AIKPYGFSTY,1
AISWRGALTY,1
AIVPRGGETY,1
AISPLGNETY,1
AIGEYCYATY,1
AIALFGNLTY,1
AISDYSTRTY,1
AVNPYGRITY,1
AIRWNCSATY,1
TIAPFGRRTY,1
SITYYGGSTY,1
AIGSFGGHTY,1
AITLFGRSTY,1
SIAPFGSSTY,1
AMSPWGNYTY,1
AISPYGGPTY,1
VISPFGFGTY,1
ARNPFGGYTY,1
AIYPYGIDTY,1
AIVLYGRRTY,1
AITPVGYSTY,1
AIGPFGDKTH,1
AIGPHGARTY,1
AIGPFGSSAY,1
AITYTGCSTY,1
AIREYGYSTY,1
VIMMRGGSTY,1
AIDPYGRITY,1
AISYYGQRTY,1
AIIPYGQTTY,1
ATSPFGWNTY,1
EISPFGELTY,1
AICPFGASTY,1
AISPYGLNTY,1
AISQFGGATY,1
AILPYGRKTY,1
AIRSNGDETY,1
AISENGQKTY,1
AISEYGWGTF,1
AIAPYDEYTY,1
AISSFGGNTY,1
ARSEYGYATD,1
AIIYYGDSTY,1
AISSFGDDTY,1
TIQMWGGSTY,1
AIGYMGCSTY,1
TIAPYGSFTY,1
AIGPFGTSTY,1
AISPFCISTY,1
AICPFGSRTY,1
AIRPFGEHTY,1
AIMMWGGRTY,1
AILQYGSITY,1
AITPFGEWAY,1
EIAPFGLSTY,1
AIRSFCDGTY,1
EISPFGGYTY,1
AISPFGYTAY,1
AITPFGISIY,1
TIAPFGNRTY,1
AIMQWGGSTY,1
AITTYGGYTY,1
AIRMQGGSNY,1
AISNNGESTY,1
SIAPWGRTTY,1
AIASWGNYTY,1
AIGPFGGLAY,1
AIGLYGESTY,1
AIRYTGGSIY,1
AINYYVGSTY,1
AIIPFGYGTY,1
AISPYGMRTY,1
AITPFGHLTH,1
AISGYGNYTY,1
AISYMGDSTY,1
VIGSYGVRTY,1
AISEFGWNSY,1
AISPFGFDAY,1
AITYKCGSTY,1
AVAPYGAYTY,1
AISPAGRSTY,1
AISPFGWDTY,1
VITMWGGSTY,1
AIAPYGKRTY,1
AISPYGFYTH,1
TITPYGSYTY,1
AIRGNGVETS,1
AIRWNGVQTY,1
AIAPFGGCTY,1
AIRSFCGGTY,1
AIKPFGKYTY,1
AIAPFGNNTN,1
AISSFGGRTY,1
TIGPFGDITY,1
AIGPYCGTTY,1
AIALFGQSTY,1
AIRPWGNRTY,1
AISQFGERTY,1
VISPFGDGTY,1
SIAPFGYSTY,1
AIVPYCRHTY,1
AISPWGGLTY,1
AIQMRCGSTY,1
VIAPFGRGTY,1
SIGPFGGSTY,1
EIAPYGGRTY,1
VIAPYGGYTY,1
AIRHVGGSTY,1
VISPFGYNTY,1
AISQYGNSTY,1
AISFYGCSTY,1
AIRMWVVQTY,1
AISLYGYRTY,1
AIIYSSGSTY,1
AIGPFCRSTY,1
AISPSGCYTY,1
AIHPYGKYTY,1
TIDVYGQNTY,1
AIVPYGGTTY,1
AMGSFGDITY,1
AINDFGEKTY,1
AIGTHGNNTY,1
TISSFGEYTY,1
SISPFGSYTY,1
AIGPFGWETY,1
AIGPLGSNTY,1
AIVPYGSHTY,1
AIVQYGKSTY,1
AIVPYCYSTY,1
AITPRGRNTY,1
TISPFGISTY,1
AIWMWGGSTY,1
AIGPLGDWTY,1
AIAPWVSFTY,1
AIEPFGGYTY,1
AILSYGTYTY,1
SISPFGGITY,1
VIRMKGGSTY,1
TIAPFGSWTY,1
AISPLGRTTY,1
TISPYGERTY,1
AIRYIGGSTY,1
AIRHSGGQTY,1
AIQGYGDITY,1
VISPFGGPTY,1
AISQFGEWTY,1
AISSFCEYTY,1
AISHCGGYTY,1
AICPFGNGTY,1
AIGPDGLYTY,1
AISPFCKYTY,1
EISPFGGDTY,1
AISTFGGQTY,1
SIGYKGGSTY,1
AIYTFGNGTY,1
EIGYMGGSTY,1
AISPFVLTTY,1
AIGPFGNYTH,1
AISPHGNYTY,1
AISEYSYYTY,1
AIQPFGDHTY,1
AISQFGSWTY,1
AIGPFCLATY,1
AIAPYCRRTY,1
RDKPVWWLTY,1
AIFPDGRQTY,1
TITPFGHITY,1
AIAPFGSHTH,1
AIRPFCLGTY,1
VITPFGSYTY,1
AITYKGVSTY,1
AIKPFGCHTY,1
AILPFGHSTY,1
AIDPFGKLTY,1
AISQYGEKTY,1
AISEYGSKTY,1
TIMYLGGSTY,1
AINPWGYHTY,1
AMAPFGISTY,1
TITPFGNYTY,1
AIGQFGGQTY,1
AIEPFGRRTY,1
AIGPFDFQTY,1
AIMILGGSTY,1
AILPIGRETY,1
AICPYGYSTY,1
AITEHGYATY,1
AITPFGPLTY,1
AISPFCRVTY,1
AIRWNGGETY,1
AIAQFGQGTY,1
AITPFGHGTY,1
AIAPFGNSNY,1
AIHTYGKYTY,1
AIEFRGGRTY,1
AIGPLGSITY,1
AIAYMGGSTN,1
AIATFGNSTY,1
AMGPYGYTTY,1
AIGPLGDKTY,1
AMGPFGHTTY,1
AIYPYGDITY,1
AIAPCGQNTY,1
AISEYGYSAY,1
AIVSRGGLTY,1
AIAPYGHVTY,1
AISWRGHNTY,1
AISQFGNFTY,1
AMAPFGSSTY,1
AINYKGCSTY,1
AIQPFGRATY,1
ATSPFGNWTY,1
AIRMWGGPTY,1
AIEYYGGSTH,1
TINLYGRITY,1
AMSEYGCATY,1
AISPFGFNTH,1
AIVPFGRSTY,1
AISQFGEYTY,1
AISQWGFRTY,1
AISPFGQNTD,1
RVKMWGGSTY,1
AIIPWGCSTY,1
AIGLFGSQTY,1
AIAPSGIITY,1
AINEYGYYTY,1
AIGQYGGNTY,1
VIAPFGGYTY,1
AIYPYGCYTY,1
AIGQFGSGTY,1
AIIEYGYSTY,1
AIRMNGGPTY,1
AIRQFGWSTY,1
AIAPFSGYTY,1
AIGFMCGSTY,1
AISYNGGSTH,1
AISPNGLGTY,1
AIRLSGAYTY,1
AITPFGNYIY,1
AISPNGQGTH,1
AMSPYGEYTY,1
AIRWNCDYTY,1
AIEPFGFDTY,1
AITPYGHSIY,1
AMAPYGSFTY,1
AIAPFGCSTY,1
SISHGGGYTY,1
TINYVGGSTY,1
AIAPWGRPTY,1
AMPMWGGSTY,1
SISSFGRDTY,1
AIRWSGAYTY,1
AMTPFGLDTY,1
EIRFSGAYTY,1
AITYVGDSTY,1
AIMYNGCSTY,1
AIGPFGHGTY,1
AISQYGGTTY,1
TITFYGGSTY,1
AISPYGEYAY,1
AIVIWGGSTY,1
AIPYNCGSTY,1
SIAPFGHNTY,1
AIGPYGYVTY,1
AINPFGLDTY,1
AISPLCGYTY,1
AMSPYGARTY,1
AIRGNGGETY,1
AISPVGHWTY,1
AIRADGNYTY,1
AIAPEGSYTY,1
AITEDGDATY,1
AIVPDGRRTY,1
AIALFGNYTY,1
AINPVGGYTY,1
AISEAGDAPY,1
AISEDGDATY,1
AMSYMGGSTY,1
AIAPFGLRTD,1
AISPSGSYTY,1
ARSPFGENTY,1
AIGPFCFSTY,1
TISASGGRTY,1
AIEPFGYTTY,1
AISPWGSGTY,1
AISYDSYSTY,1
AIQYYCGSTY,1
AIRWSGDPTY,1
TITPFGHSTY,1
AISPYGDITY,1
TISPFGSRTY,1
AISEYGEGTY,1
AISPCGQKTY,1
AISEYGEATY,1
AIVQFGGRTY,1
ATAPFGQNTY,1
AISPSGFDTY,1
AIIMWGSSTY,1
AISPCGYKTY,1
AISPFGDRTD,1
AIPYVGGLTY,1
AISPFGYDTH,1
AINPDGRITD,1
AIIYSGGSTS,1
AINPYGRRTS,1
AITPEGGYTA,1
ALSEDGYATA,1
AISESGYATY,1
AMVPFGGKTY,1
