Sequence,Count_binding,Count_nsbinding,Enrichment_factor,ID
AIRWNGVETY,1523060,4427,344.03885249604696,Rob_6729
AINPYGRITY,635396,2796,227.25178826895566,Rob_7861
AIRWNGDYTY,437143,1647,265.41772920461443,Rob_6742
AINPYGRRTY,258075,476,542.1743697478992,Rob_7860
AIRWNGVSTY,214793,559,384.24508050089446,Rob_6728
AIRWNGDETY,214334,953,224.90451206715636,Rob_6741
AISYDGSYTY,211350,3495,60.472103004291846,Rob_7292
AIVPYGRRTY,206583,840,245.93214285714285,Rob_7859
AISPFGWNTY,131372,4635,28.343473570658038,Rob_3096
AIRPFGLETY,116622,555,210.12972972972972,Rob_1995
AIVPYGTRTY,93996,773,121.59896507115135,Rob_7858
AISPWGLGTY,72917,2432,29.98231907894737,Rob_8618
AISKVGNDTY,66287,714,92.8389355742297,Rob_11385
AISWDGNYTY,44110,2701,16.330988522769346,Rob_11860
AIGPFGGTTY,43208,3822,11.305075876504448,Rob_1005
AIRWNGSATY,41697,1998,20.86936936936937,Rob_7404
AISWDGSYTY,40037,2340,17.10982905982906,Rob_11861
AIRPFGYDTY,31756,3112,10.204370179948587,Rob_1854
AIRPFGGDTY,19742,1790,11.029050279329608,Rob_4047
AIINSGHYTY,16574,0,16574.0,
AIGPFGSRTY,14121,1120,12.608035714285714,Rob_841
AISWRGARTY,13055,906,14.409492273730685,Rob_3941
AIRWNGRYTY,12891,729,17.68312757201646,Rob_6996
AIGPFGGLTY,12542,907,13.828004410143329,Rob_2084
AIRWNGSSTY,11916,1022,11.65949119373777,Rob_7771
AIGPFGGHTY,10918,769,14.197659297789336,Rob_4071
AIRWAGDYTY,10784,719,14.998609179415855,Rob_8012
AIRWNGLDTY,10517,388,27.105670103092784,Rob_11852
AISPFADYTY,10036,1,10036.0,
AIGPFGGRTY,9272,625,14.8352,Rob_987
AIRWNGHYTY,8107,618,13.118122977346278,Rob_6705
AIRWNGGSTY,7063,53,133.26415094339623,Vsig4_WT
AIRPFGSETY,6844,506,13.525691699604742,Rob_2466
AIRPFGANTY,6613,631,10.480190174326466,Rob_2077
AISDYGTRTY,6607,600,11.011666666666667,Rob_11248
AIRPFGSDTY,6563,457,14.361050328227572,Rob_8183
AIRAFGGGTY,5420,349,15.530085959885387,Rob_4459
AISPYGFYTY,5388,115,46.85217391304348,
AIQPFGERTY,5184,424,12.226415094339623,Rob_11582
AIAPYGSFTY,4002,357,11.210084033613445,Rob_7174
AIHPYGRRTY,3904,9,433.77777777777777,
AIRWNGDATY,3573,1,3573.0,
AIVPYGRHTY,2272,43,52.83720930232558,
AIKVYGDRTY,1962,158,12.417721518987342,Rob_11141
AILPYGRITY,1762,0,1762.0,
AITPYGRITY,1724,8,215.5,
SIGPFGRTTY,1495,0,1495.0,
AINDFGYRTY,1338,0,1338.0,
SIQPFGSNTY,1269,0,1269.0,
AISPFSFNTY,1216,0,1216.0,
AINPYGHITY,1156,22,52.54545454545455,
AINPYGGSTY,1140,97,11.75257731958763,
AIRCNGVETY,1092,1,1092.0,
AIAPYGRRTY,1072,7,153.14285714285714,
AIAPYGRITY,992,16,62.0,
AISPFVNYTY,978,25,39.12,
AIGWDGNYTY,951,0,951.0,
AILWNGVETY,920,9,102.22222222222223,
AISFDGSYTY,901,0,901.0,
ALYYKGGSTY,837,0,837.0,
AISSFGRRTY,814,14,58.142857142857146,
AINFRGGSTY,788,0,788.0,
AINPYGSITY,719,8,89.875,
AIQWNGVETY,710,0,710.0,
TIRWNGVETY,690,3,230.0,
AIRWNGDYSY,678,0,678.0,
AISPFGPSTY,670,16,41.875,
SIRWNGVETY,663,1,663.0,
AISPFVSKTY,634,4,158.5,
AIRLNGVETY,618,1,618.0,
AIRPFGDDTY,606,1,606.0,
AIRWNGYYTY,573,4,143.25,
AIRWNGVETH,573,1,573.0,
AIRPFGPETY,551,0,551.0,
AISMWGGYTY,551,45,12.244444444444444,
AIQPFGNHTY,549,3,183.0,
AISPFGKQTY,538,2,269.0,
AISWDGSHTY,518,21,24.666666666666668,
AIRWAGKYTY,512,29,17.655172413793103,
AIAPFVNLTY,509,0,509.0,
AITPFGDQTY,498,19,26.210526315789473,
AIKPFGHYTY,493,0,493.0,
AILPFGDRTY,487,0,487.0,
AIVPFGNNTY,487,1,487.0,
AISMWGSSTY,475,19,25.0,
AIRWNCVETY,464,2,232.0,
AIGPFVNNTY,456,0,456.0,
AISQFGWKTY,444,1,444.0,
AIRWNGVSSY,443,0,443.0,
AISKVGNYTY,431,0,431.0,
AILPYGTRTY,421,0,421.0,
AIGPFVHTTY,411,12,34.25,
AIVPYARRTY,410,5,82.0,
AIRPYGRSTY,410,0,410.0,
AINPYCRITY,403,1,403.0,
AQIQYGRRTY,398,0,398.0,
AIGPFGGQTY,393,27,14.555555555555555,
AIRWNVVETY,393,0,393.0,
AINPFGGHTY,390,32,12.1875,
AIRWNGVESY,389,0,389.0,
AIIPFGRITY,381,25,15.24,
TINPYGRITY,374,1,374.0,
AIRPFGRYTY,366,16,22.875,
AIGSFGGYTY,361,1,361.0,
AIGPYGRITY,352,0,352.0,
AISFMGGYTY,349,0,349.0,
AINMWGGWTY,335,10,33.5,
AIGPFVHYTY,333,0,333.0,
AIGPYGRRTY,320,1,320.0,
AIYPYGGYTH,317,0,317.0,
AINPYGQFTY,314,3,104.66666666666667,
AIRCNGDYTY,308,3,102.66666666666667,
AIRPIGSDTY,307,0,307.0,
AIVPYGTHTY,305,2,152.5,
AIRWNGMETY,301,1,301.0,
AIQQFGNYTY,297,1,297.0,
AMRWNGVETY,296,1,296.0,
AIRPWGLGTY,294,2,147.0,
AIRPYGRRTY,293,0,293.0,
AIRWNGLSTY,288,1,288.0,
AIRPFGYTTY,287,4,71.75,
AIAPFVRKTY,283,1,283.0,
VIRWNGVETY,282,1,282.0,
AIKPFGSSTY,282,1,282.0,
AITYYGGSTF,281,18,15.61111111111111,
AILWNGDYTY,280,22,12.727272727272727,
SIRWNGDETY,279,0,279.0,
ALAPWGQYTY,278,0,278.0,
AINQYGRITY,278,1,278.0,
AIRRNGVETY,276,1,276.0,
AIRWYGVETY,276,0,276.0,
AISGYGNYTY,274,1,274.0,
AISPFVDYTY,273,4,68.25,
AISPFVGDTY,266,1,266.0,
AISPFVWNTY,259,0,259.0,
AIGPPGDYTY,258,8,32.25,
AIVPFGEYTY,256,14,18.285714285714285,
AIRYVGGYTY,255,18,14.166666666666666,
AIVPFGTYTY,254,1,254.0,
AIMYMGGSTH,247,5,49.4,
AINMWGSSTY,244,7,34.857142857142854,
AINPFGHRTY,240,4,60.0,
AIRPWGGYTY,239,4,59.75,
AINPFGQITY,237,0,237.0,
AINPYGRHTY,236,19,12.421052631578947,
AIVPYGSRTY,235,9,26.11111111111111,
AIAPFGNETY,229,1,229.0,
AIQPFGEHTY,226,0,226.0,
AICPFGGPTY,226,0,226.0,
AIQPFGYHTY,223,1,223.0,
SIRMHGGSTY,220,1,220.0,
AISYDGYYTY,218,0,218.0,
AISVYGQLTY,215,0,215.0,
AIVSYGRRTY,212,1,212.0,
AITPFGPLTY,211,0,211.0,
AIRPFGQNTY,210,16,13.125,
AISRFGKNTY,206,0,206.0,
AIQPYGTRTY,204,0,204.0,
AIRWHGVETY,203,0,203.0,
AIRWNGVDTY,202,1,202.0,
ALQPFGNYTY,202,0,202.0,
AINPYGRITH,195,1,195.0,
AIRWIGVETY,194,0,194.0,
AIQPFGSQTY,187,0,187.0,
AITPYGWPTY,186,0,186.0,
AIRPFDYETY,184,0,184.0,
AIYRYGQYTY,184,0,184.0,
AIIPYGRRTY,181,0,181.0,
AISPFVSRTY,180,2,90.0,
ALNPYGRITY,179,0,179.0,
AIQWNGDYTY,177,0,177.0,
AIAPFVRNTY,175,12,14.583333333333334,
AMTPFGLSTY,174,1,174.0,
TINPYGRRTY,172,0,172.0,
AIAPWGGYTY,169,13,13.0,
AIRWNDVETY,167,0,167.0,
AINTYGRITY,167,2,83.5,
AIKPFSLTTY,167,0,167.0,
AIRWNCDYTY,167,0,167.0,
AIGPFGGTTH,166,1,166.0,
AIRPFGRQTY,164,2,82.0,
AIRWNGLETY,164,0,164.0,
TIRWNGDYTY,161,0,161.0,
AIRWNSVETY,160,0,160.0,
AISLFGYNTY,159,3,53.0,
AIRWNGIATY,157,2,78.5,
AISWDVSYTY,157,2,78.5,
AISGHGLATH,154,1,154.0,
AINPYGCITY,154,0,154.0,
AISYNGNITY,153,2,76.5,
AIRPFGSNTY,153,14,10.928571428571429,
AIRPFALHTY,153,0,153.0,
AISPYGLITY,152,0,152.0,
AINPYGRCTY,149,0,149.0,
AIRAYGYRTY,148,0,148.0,
VINPYGRITY,147,1,147.0,
AIRLNGDYTY,146,0,146.0,
AINPYGRLTY,142,1,142.0,
AITPFGIWTY,141,0,141.0,
AIRCNGVSTY,140,0,140.0,
AIGPFGTITY,140,0,140.0,
AIIPFGNRTY,140,1,140.0,
AILWNGVSTY,140,1,140.0,
AILPFGLETY,139,6,23.166666666666668,
SINPYGRITY,138,1,138.0,
AILWNGDETY,138,0,138.0,
AINPYCRRTY,137,0,137.0,
AINPFGWNTY,136,1,136.0,
AINPYGHRTY,136,0,136.0,
AISYDCSYTY,135,9,15.0,
AIRCNGDETY,135,0,135.0,
AIVPYGTLTY,132,0,132.0,
AISLYGGSTY,130,2,65.0,
AIHPYGSNTY,130,5,26.0,
ALAPFGIRTY,130,0,130.0,
AIVPYCRRTY,128,2,64.0,
AMSSFGDVTY,126,0,126.0,
AIYPLGSYTY,126,0,126.0,
AIRWDGVETY,125,0,125.0,
SISYDGSYTY,125,1,125.0,
AIRWDGEYTY,125,1,125.0,
ALSPFGQTTY,124,0,124.0,
AINPFGKFTY,123,1,123.0,
AISNNGYRSY,122,0,122.0,
AIRMWGGSNY,121,3,40.333333333333336,
AITPFDNWTY,120,0,120.0,
AIPHKGGQTY,120,0,120.0,
TISYDGSYTY,120,4,30.0,
AIASRGYYTY,119,5,23.8,
AISYRGGSTY,118,2,59.0,
AIRWNSDYTY,117,0,117.0,
AIRWNGYETY,116,1,116.0,
AITPFGQKTY,116,0,116.0,
AIRWNGDYTH,116,0,116.0,
AIEMRGGTTY,115,0,115.0,
AISPFVNRTY,114,2,57.0,
AIVPYGHRTY,114,0,114.0,
AISPFVSYTY,113,4,28.25,
AITPYGHHTY,112,2,56.0,
AIGMWGGYTY,112,2,56.0,
AITYNGYSTY,111,0,111.0,
AINLFGGRTY,111,0,111.0,
AINPCGRITY,109,0,109.0,
AIGPFGKLTH,109,0,109.0,
AIRWKGVETY,109,1,109.0,
AIAPFGHNTY,108,9,12.0,
AISSFGQYTY,108,0,108.0,
AIIMRGGYTY,107,9,11.88888888888889,
AIRWRGYYTY,107,0,107.0,
AIGPWGNYTY,107,4,26.75,
AINPYGRSTY,106,3,35.333333333333336,
AIRPFGDWTY,106,9,11.777777777777779,
AINLFGQNTY,105,0,105.0,
AIVPYGRCTY,103,1,103.0,
AIVPYVRRTY,103,0,103.0,
AIGPYGSPTY,102,0,102.0,
AINQYGRRTY,102,0,102.0,
AIDYMGGYTY,100,0,100.0,
AIVQYGRRTY,100,0,100.0,
SISNNGYRTY,100,0,100.0,
AISLFGYKTY,99,2,49.5,
AIIPFGYRTY,99,1,99.0,
AIQWNGVSTY,98,1,98.0,
AIQPFGIKTY,97,0,97.0,
AISWDGSYTD,97,0,97.0,
AIHPFGLRTY,97,1,97.0,
AISPIGKVTY,95,0,95.0,
AISPFGAYTS,95,0,95.0,
AISPFVYSTY,94,4,23.5,
AIGPWGGSTY,93,1,93.0,
AISKVGNDTF,93,0,93.0,
AIRPFGMETY,93,0,93.0,
AISPFCWNTY,91,7,13.0,
AIGPFGWNTY,91,1,91.0,
AIQYKGGSTF,90,0,90.0,
AIVPFGWNTY,90,1,90.0,
AIRPFGSGTY,89,2,44.5,
AIGPLGGLTY,89,5,17.8,
AINPYGYYNY,88,0,88.0,
AIVLYGTRTY,88,0,88.0,
AISYMGGYTY,88,0,88.0,
AIRWSGVETY,87,1,87.0,
AINPYGRRTH,87,0,87.0,
AINWNGDYTY,85,1,85.0,
AISPFVGWTY,85,2,42.5,
AIAPFGSFTY,85,8,10.625,
AISPFGSATF,84,0,84.0,
AIRPFGFKTY,84,0,84.0,
AVAPFGNLTY,84,0,84.0,
AISPFVLETY,83,2,41.5,
AISPFSLSTY,83,0,83.0,
AIGVYGRYTY,83,0,83.0,
AIRWNSVSTY,83,0,83.0,
AIVPFGDTTY,83,2,41.5,
SIRWNGDYTY,82,0,82.0,
AIIPFGANTY,82,1,82.0,
TIRWNGVSTY,81,2,40.5,
AIRWYGDYTY,81,2,40.5,
AIAPIGRITY,80,0,80.0,
AIDFMGGKTY,80,0,80.0,
AIRLNGDETY,80,0,80.0,
AIHSYGNYTY,80,7,11.428571428571429,
AIRWNGVKTY,80,0,80.0,
AIRWNCVSTY,80,0,80.0,
AIAPYGGYSY,79,0,79.0,
ALVPFGARTY,79,0,79.0,
AIRPFGGKTY,79,0,79.0,
ALNYNGGSTY,79,0,79.0,
ALSPLGGYTY,79,0,79.0,
AIGPGSSSTY,78,0,78.0,
AIPMCGGSTY,78,5,15.6,
AISPFGYRTF,77,0,77.0,
AIRWKGDYTY,77,0,77.0,
AIRWNGRYAY,77,0,77.0,
AINPFGRDTY,76,2,38.0,
AINPFGINTY,76,5,15.2,
AIRPIGRITY,75,0,75.0,
AIRLNGVSTY,75,1,75.0,
AIRWNGVETC,75,0,75.0,
AIQPFGNLTY,75,0,75.0,
AIRAYALHTY,75,0,75.0,
AIGPFGGATY,74,1,74.0,
AINPFGRNTY,73,2,36.5,
EIRWNGVETY,73,0,73.0,
AIQWNGDETY,73,0,73.0,
AISPFGGNIY,73,1,73.0,
AIRWNGDDTY,73,0,73.0,
AIDSYGHYTY,73,0,73.0,
SISPYGEKTY,73,0,73.0,
AISPLCGYTY,72,2,36.0,
AIRYAGHYTY,72,1,72.0,
AIPPFGYDTY,72,1,72.0,
AMRWNGDYTY,72,0,72.0,
AIVSYGTRTY,72,2,36.0,
AINPYGRIAY,72,1,72.0,
VIRWNGDYTY,72,0,72.0,
AINMWGGKTY,71,1,71.0,
AIVPYGRSTY,71,0,71.0,
TIRWNGDETY,71,0,71.0,
SINPYGRRTY,70,0,70.0,
AITPYGFNTY,70,1,70.0,
AITPFVSHTY,70,0,70.0,
AINTYGRRTY,70,0,70.0,
AISPFGLGPY,70,0,70.0,
AIQNSGSYTY,70,0,70.0,
AIVPYGTRTF,69,0,69.0,
AINPYGGYTH,69,4,17.25,
AISPFGNLTH,68,3,22.666666666666668,
AIRWNGAETY,68,0,68.0,
AIYPYGHTTY,68,0,68.0,
AISPYGLQTY,67,1,67.0,
AISPWVYHTY,67,0,67.0,
AISPFGYHPY,67,0,67.0,
AISYDGSYTH,67,2,33.5,
AIRWNGVSTH,67,0,67.0,
AISPWGLGSY,67,0,67.0,
ATQPFGKETY,66,0,66.0,
AIRWNCDETY,65,0,65.0,
AIGPWGLGTY,65,0,65.0,
AIRPYGRITY,65,0,65.0,
AIEPFGWSTY,64,0,64.0,
AIVPYGRRTH,64,0,64.0,
AIRWNGVEIY,64,0,64.0,
AIVPYCTRTY,63,1,63.0,
SIVPKGGHTY,63,0,63.0,
TISPFGWNTY,62,3,20.666666666666668,
AISAFGQYTY,62,0,62.0,
AISPFGYGTF,62,0,62.0,
AISWVGNYTY,62,0,62.0,
AMSPFGLSTY,62,6,10.333333333333334,
AISPFVYNTY,62,1,62.0,
AIRMAGGYTY,61,0,61.0,
AMSPFGIRTY,61,0,61.0,
AINPCGRRTY,61,0,61.0,
ALKPFGNHTY,60,0,60.0,
AIRYDGSYTY,60,0,60.0,
AIPMWGDSTY,60,2,30.0,
AIASFGHKTY,60,0,60.0,
AIAYTGVSTY,59,0,59.0,
AIAKVGIYTY,59,0,59.0,
AISLGGRQTY,59,0,59.0,
AIRWNGDETH,59,0,59.0,
AISPNGYITY,59,2,29.5,
AISPFGIKTH,58,2,29.0,
AISYDGCYTY,58,0,58.0,
AIRSRGGYTY,58,0,58.0,
AISPGGKYSY,57,0,57.0,
AIAPFVLRTY,57,2,28.5,
AISSNGKWTY,57,0,57.0,
AIVPYGTCTY,57,1,57.0,
AIRPFGTNTY,57,1,57.0,
AISQFGWNTY,57,2,28.5,
AIIPYGGSTY,56,1,56.0,
AINSFGNYTY,56,4,14.0,
AIRWNGGETY,56,1,56.0,
AISPFVNTTY,55,0,55.0,
ALAMWGGSTY,55,0,55.0,
AIVQYGTRTY,55,1,55.0,
AIRPFGYFTY,54,2,27.0,
AIRWNGVETN,54,0,54.0,
AINNGGRYTY,53,0,53.0,
AIRWNGVATY,53,1,53.0,
ALSPFGNYTY,53,0,53.0,
AISPNGLRTY,52,1,52.0,
AIRPFCLETY,52,0,52.0,
AIRWNGVETD,52,0,52.0,
AISYDGSYTS,52,0,52.0,
AINPHGRITY,52,0,52.0,
AISPFVQNTY,51,0,51.0,
AIRRFGYDTY,51,0,51.0,
AMRWNGDETY,51,0,51.0,
AISPWVLGTY,51,0,51.0,
AIGPSGSPTY,51,0,51.0,
AIAPFGYRSY,50,0,50.0,
AINPYGLITY,50,0,50.0,
AIRWNDVSTY,50,0,50.0,
AIVPCGRRTY,50,0,50.0,
AIAPFGIHTY,50,3,16.666666666666668,
AIAMWGVSTY,49,3,16.333333333333332,
AISKVSNDTY,49,1,49.0,
AIRWSGNHTY,49,2,24.5,
AIVPYGTSTY,48,0,48.0,
ALSPWGLGTY,48,0,48.0,
AIQDYGRYTY,48,0,48.0,
AINKVGNDTY,48,0,48.0,
AIAPFRLSTY,48,0,48.0,
AIRQFGLETY,47,0,47.0,
AINLYGRITY,47,1,47.0,
AIRYAGYYTH,47,1,47.0,
AIRWHGDYTY,47,1,47.0,
AISPFGWNSY,47,0,47.0,
AIRWNGDYAY,46,0,46.0,
AIVPYGEATY,46,0,46.0,
AIYPYGNSTY,46,4,11.5,
ATRMWGGSTY,46,1,46.0,
AISAFGRRTY,45,0,45.0,
AIRAYGNWTY,45,0,45.0,
TIVPYGRRTY,45,0,45.0,
AINYMGSSTY,45,1,45.0,
AIRWNGGYTY,45,0,45.0,
AIGQYGRYTY,44,4,11.0,
AITPFVNYTY,44,1,44.0,
AITPFVSNTY,44,0,44.0,
AIRWYGVSTY,44,1,44.0,
AILPHGNYTY,44,1,44.0,
VIRWNGDETY,43,0,43.0,
AIRWYGDETY,43,0,43.0,
AIRPFGTHTY,43,2,21.5,
AINYTGYSTY,43,0,43.0,
AISPWGMGTY,42,1,42.0,
AIRYMGHSTY,42,0,42.0,
AISRYGKYTY,42,0,42.0,
AISYGGSYTY,42,1,42.0,
AIRSFGTRSY,42,0,42.0,
AIRWNGVETS,41,0,41.0,
AINPYVRITY,41,1,41.0,
AIGPFGTNTY,41,1,41.0,
AISSDGSYTY,41,2,20.5,
AIRWNGDYIY,41,0,41.0,
AISYDGRYTY,40,2,20.0,
VIVPYGRRTY,40,1,40.0,
AIPMWGGRTY,40,0,40.0,
AMNPYGRITY,39,0,39.0,
AIRWHGDETY,39,0,39.0,
SIRWNGVSTY,39,0,39.0,
AINPYGRFTY,39,2,19.5,
AILWAGDYTY,39,1,39.0,
AMVPYGRRTY,39,0,39.0,
AISPFVLKTY,38,1,38.0,
AISPFVYQTY,38,1,38.0,
AIYPYGSLTS,38,0,38.0,
AIAPFGPTTY,38,1,38.0,
VIRWNGVSTY,37,0,37.0,
AIKPFGARTY,37,1,37.0,
AINPYGKYIY,37,1,37.0,
AIQPFGSWTY,37,0,37.0,
VISPFGNSTY,37,2,18.5,
AIMMWGGSTN,37,0,37.0,
AIQPFGNGTY,37,0,37.0,
AISPWGLCTY,37,1,37.0,
AINWNGRYTY,36,0,36.0,
AISTFGWNTY,36,1,36.0,
AIRWNGVENY,36,0,36.0,
AIRWNGVPTY,36,0,36.0,
AISPFVHKTY,36,0,36.0,
AMSPWGSHTY,36,0,36.0,
AIRPFGRTTY,36,1,36.0,
AIVPYGRITY,36,0,36.0,
AISPWGLGTH,35,0,35.0,
AIFYMGVSTY,35,0,35.0,
AITPFGRTTY,35,0,35.0,
AINPYGRINY,35,0,35.0,
TISKVGNDTY,35,1,35.0,
AIVPWGSYTY,35,3,11.666666666666666,
AIRPFGRNTY,35,0,35.0,
AINPYGRRTD,35,0,35.0,
SIGPFGNYTY,35,0,35.0,
SIVPYGRRTY,34,0,34.0,
SIGPFGLSTY,34,3,11.333333333333334,
AIMMWGYSTY,34,1,34.0,
ATNPYGRITY,34,1,34.0,
AIAPFGHVSY,34,0,34.0,
AISHRGDHTY,34,1,34.0,
AISYDGSYTF,34,0,34.0,
ALSPFGLKTY,34,0,34.0,
AINPYGRIIY,34,1,34.0,
AIAPFDYKTY,33,0,33.0,
AIGPFGCTTY,33,3,11.0,
AISWDCSYTY,33,0,33.0,
ALSPFGYRTY,33,0,33.0,
AMRWNGVSTY,33,0,33.0,
AIAPWGHYTY,33,0,33.0,
AISPFGYKAY,33,1,33.0,
AIGPYGYNTY,33,0,33.0,
AIVPYGSATY,33,0,33.0,
AIKYVGGYTY,32,0,32.0,
AISPFSYATY,32,0,32.0,
AIAPFGGGTF,32,0,32.0,
AIPYVGGSSY,32,0,32.0,
AIRPFGLETH,32,0,32.0,
AMSPFGHITY,32,1,32.0,
AINPYGRVTY,31,0,31.0,
AIRWNGNETY,31,0,31.0,
AIAPFCLRTY,31,3,10.333333333333334,
AIRPFGQFTY,31,0,31.0,
AINPYGRITN,31,0,31.0,
AIRWGGSYSY,31,0,31.0,
AIGPFGLGIY,31,0,31.0,
AINPYGCRTY,31,1,31.0,
AISTFGSYTY,31,3,10.333333333333334,
AIAPYGFRTY,31,2,15.5,
AIVPFGYATY,31,1,31.0,
AIQPFGLETY,30,0,30.0,
AIVPFGWSTY,30,1,30.0,
AISPFGISSY,30,0,30.0,
AIALFGGKTY,30,0,30.0,
AINPYGQITH,30,0,30.0,
AIVPFGFKTY,30,1,30.0,
AISPGGYCTY,30,0,30.0,
AIRWNGDHTY,30,1,30.0,
AISAFGLSTY,30,0,30.0,
AISPNGDETY,30,0,30.0,
AIRAFGGNTY,30,0,30.0,
AIVPYGCRTY,30,0,30.0,
AIRPFGSRSY,30,0,30.0,
SIAPFGARTY,30,0,30.0,
AIRPFGTTTY,29,0,29.0,
AIVPYGRRAY,29,0,29.0,
AIRRNGDYTY,29,0,29.0,
AISWDCNYTY,29,0,29.0,
AIGPFRYNTY,29,0,29.0,
AMSEYGSWTY,29,0,29.0,
AIALFGNRTY,28,0,28.0,
AISSFGLGTY,28,0,28.0,
AISRFGAYTY,28,0,28.0,
TIVPYGTRTY,28,0,28.0,
AISWDGCYTY,28,0,28.0,
AIHPYGRITY,28,0,28.0,
AIKPYGRITY,28,0,28.0,
AIRWNGSTTY,28,2,14.0,
AISPFGWNTH,28,2,14.0,
AINYDGSYTY,28,0,28.0,
AIGPFGPDTY,27,0,27.0,
AINPHGRRTY,27,0,27.0,
AIRFSGEYTY,27,0,27.0,
AIGPFVEVTY,27,0,27.0,
EINPYGRITY,27,0,27.0,
AIKLFGTRTY,27,0,27.0,
AIVPRGGVIY,27,0,27.0,
AIPYMGGSTH,27,2,13.5,
SIRPFGLETY,27,0,27.0,
AINPYDRITY,27,0,27.0,
AISPFVGFTY,27,1,27.0,
AISPFGNSSY,27,0,27.0,
AISPFGYATF,27,0,27.0,
AISYDGIYTY,27,0,27.0,
AISQWGLGTY,27,0,27.0,
AIVPYGRRPY,27,0,27.0,
AILPFGSITH,26,0,26.0,
AIRWNDDYTY,26,0,26.0,
AIMPYGRRTY,26,0,26.0,
AIGYDGSYTY,26,0,26.0,
AIQPFGPHTY,26,1,26.0,
VINPYGRRTY,26,0,26.0,
AINSYGRITY,26,0,26.0,
AIRWHGVSTY,26,0,26.0,
AIRYSGSSTY,25,1,25.0,
AIRCNGSATY,25,1,25.0,
AILYMGGRTY,25,1,25.0,
AIGPFGIRTY,25,2,12.5,
SISKVGNDTY,25,0,25.0,
AIRPLGNYTY,25,0,25.0,
AIVPYRRRTY,25,0,25.0,
AISLFGFNTY,25,0,25.0,
AIKPFGWNTY,25,0,25.0,
AIVLYGRRTY,25,0,25.0,
AISLFGNRTY,24,1,24.0,
ALQTYGKYTY,24,0,24.0,
TISWDGNYTY,24,2,12.0,
AIRWNGDEIY,24,0,24.0,
AIRPFGSDTF,24,0,24.0,
ALAPFGNYTY,24,0,24.0,
AISPWGLGIY,24,0,24.0,
AIAPYGKYSY,24,0,24.0,
TIRPFGYRTN,24,0,24.0,
AILPFGGDTY,24,1,24.0,
AIRPSGWNTY,24,0,24.0,
AINPFGRQTY,24,2,12.0,
AIQPFGRRTY,24,0,24.0,
EIRWNGDYTY,24,0,24.0,
ALTPFGYDTY,24,0,24.0,
ALSWRGARTY,24,0,24.0,
AISPWCLGTY,23,0,23.0,
AISWYGNYTY,23,0,23.0,
AIRAFGGHTY,23,2,11.5,
AISPFGNRTF,23,0,23.0,
AIDVYGIYTY,23,0,23.0,
AISPIGWNTY,23,0,23.0,
AISHDGSYTY,23,2,11.5,
AIQWNGSATY,23,0,23.0,
AISPFVNLTY,23,0,23.0,
AIAPFGVKTY,23,1,23.0,
AILMWGGRTY,23,0,23.0,
SIGPFGSRTY,23,0,23.0,
AISPFGGHSY,23,0,23.0,
AINYRGGKTY,23,1,23.0,
AINPYGRITF,23,0,23.0,
AIYPYGEYTF,23,0,23.0,
AISWCGARTY,23,2,11.5,
AINPYGRRAY,22,0,22.0,
AIVPYGTRTH,22,1,22.0,
AISYDGSYAY,22,0,22.0,
AISKVGNNTY,22,1,22.0,
AIRYAGYYSY,22,0,22.0,
AIAPYCGYTY,22,1,22.0,
AINPYGRITD,22,0,22.0,
AIRPRVGWTY,22,0,22.0,
AIRWGGTGTY,22,0,22.0,
AIRPFGGNTY,22,0,22.0,
AISAFGWNTY,22,0,22.0,
AIRPFGWNTY,22,1,22.0,
AIGPFGHVTY,22,2,11.0,
AIIYDGSYTY,22,1,22.0,
AVSPFGHYTY,22,1,22.0,
ALSEYGYYTY,22,0,22.0,
AISLFGWNTY,22,0,22.0,
AIRWSGDYTY,22,0,22.0,
TIRPFGLETY,21,0,21.0,
AIAPFGYRTH,21,2,10.5,
AIAPFVYKTY,21,0,21.0,
AIWPYGHYTY,21,1,21.0,
AIRPNGWRTY,21,0,21.0,
AVSPWGLGTY,21,0,21.0,
ATGPFGFQTY,21,0,21.0,
AIFYKGGSTH,21,1,21.0,
AIGPFGNKTY,21,2,10.5,
AIHPFGYRTY,21,0,21.0,
VISYDGSYTY,21,0,21.0,
AISPFGYSSY,21,0,21.0,
AISPFGTSIY,21,0,21.0,
AIRSFGYTTY,21,0,21.0,
AISPFVKLTY,21,0,21.0,
AINPWGYYTY,21,0,21.0,
AITLFGIRTY,21,0,21.0,
AIRWNGMSTY,20,0,20.0,
AIPPFGSYTY,20,0,20.0,
AIAPRGDRTY,20,1,20.0,
ATRWNGVETY,20,0,20.0,
AISPFGHYTF,20,0,20.0,
AIRRNGVSTY,20,0,20.0,
AIRPFGSTTY,20,1,20.0,
AIQYRGTYTY,20,0,20.0,
AIVPCGTRTY,20,0,20.0,
AISTWGLGTY,20,0,20.0,
AIRWNGVQTY,20,0,20.0,
AINPYGRGTY,20,0,20.0,
AIGAFGGTTY,20,0,20.0,
SISSYGRYTY,20,1,20.0,
AIYCYGGSTY,20,0,20.0,
AIRLSGSYTY,20,0,20.0,
AIVPHGRRTY,19,0,19.0,
AIRWNGDYNY,19,0,19.0,
AITMWGRKTY,19,1,19.0,
AIGGYGNYTY,19,1,19.0,
AISPFGSHSY,19,0,19.0,
AISKVCNDTY,19,0,19.0,
AIGPFGSRSY,19,0,19.0,
AIVPYGRRTD,19,0,19.0,
AISPFGRYTF,19,0,19.0,
AIGPDGRETY,19,0,19.0,
AIRWDGDETY,19,0,19.0,
AIAPFGFQTY,19,0,19.0,
AISPNGAYSY,19,0,19.0,
AIRYAGYRTY,19,0,19.0,
AITPFGIDTF,19,0,19.0,
GITPFGKYTY,19,0,19.0,
AIAPFGHITY,19,1,19.0,
AIVPSGYRTY,19,0,19.0,
AMSYDGSYTY,19,0,19.0,
AITYYGDYTY,19,1,19.0,
AMRWAGDYTY,19,0,19.0,
AMNPYGRRTY,18,0,18.0,
AIRLWGGSTH,18,1,18.0,
AIVPYGLRTY,18,1,18.0,
AIRSSGYDTY,18,0,18.0,
AIYYMGGSTN,18,1,18.0,
AIGWNGVETY,18,0,18.0,
AISFYGGRTY,18,0,18.0,
AIRWNVDYTY,18,1,18.0,
AIRWNVDETY,18,0,18.0,
AVAPFGRRTY,18,0,18.0,
AISDFGYRTY,18,0,18.0,
AIGPFGGPTY,18,1,18.0,
VISPFGWNTY,18,0,18.0,
AIDPYGRITY,18,0,18.0,
AIAQFGNRTY,18,0,18.0,
AIRPFGQYTY,18,1,18.0,
AISIYGHYTY,17,0,17.0,
AIRWNGEYTY,17,0,17.0,
AIAQFGRRTY,17,0,17.0,
AISVYGKSTY,17,0,17.0,
AIRPWGFHTY,17,0,17.0,
AIRWNGVGTY,17,1,17.0,
AITPFGWNTY,17,0,17.0,
AISPFGRQTH,17,0,17.0,
AIAPFGFYTY,17,1,17.0,
AIRWKGVSTY,17,0,17.0,
SIVPYGTRTY,17,0,17.0,
AIQPFGLQTY,17,0,17.0,
AISPFGIGTF,17,0,17.0,
AISPYDSRTY,17,1,17.0,
AIKCNGYYTY,17,0,17.0,
AISYDGGYTY,17,1,17.0,
AIRAFGRYTY,17,0,17.0,
AIRMKGVSTY,16,0,16.0,
AMVPYGTRTY,16,0,16.0,
AIKWNGRHTY,16,0,16.0,
AISLFGGRTY,16,0,16.0,
AITPYGNITY,16,0,16.0,
TIRWNGSATY,16,1,16.0,
AIAPFGYRTD,16,1,16.0,
AIRPYGLETY,16,1,16.0,
AIRSNGVETY,16,0,16.0,
VIRPFGLETY,16,0,16.0,
AIRPYGFYTY,16,0,16.0,
TISPIGSLTY,16,1,16.0,
AIQPFGWDTY,16,0,16.0,
AIRWNGVSIY,16,1,16.0,
AIRPFGYNSY,16,0,16.0,
AIGQFGGTTY,16,1,16.0,
ALSPFGIGTY,16,0,16.0,
AINPWGFKTY,16,0,16.0,
AIRTRGGFTY,16,0,16.0,
AIRWNGNSTY,16,1,16.0,
ALSPFGQYTY,16,0,16.0,
AIGPFGCSTY,16,1,16.0,
AIGQFGSSTY,16,1,16.0,
AIRMRGGWTY,16,0,16.0,
AINPWGLGTY,16,0,16.0,
AIDPFGSQTY,16,0,16.0,
AISWCGDRTY,16,1,16.0,
AIRWNGVEAY,16,0,16.0,
SIAPFGRRTY,16,0,16.0,
AIAPFGYRIY,16,0,16.0,
AIYPFGRGTY,16,0,16.0,
AISWRGRHTY,16,0,16.0,
ATTPGGLGTY,16,0,16.0,
AIASNGRYTY,16,0,16.0,
AINPYGRRPY,16,0,16.0,
AIRPFGCDTY,15,1,15.0,
AIINSGNYTY,15,0,15.0,
SISPFGWNTY,15,1,15.0,
AIAPFGYCTY,15,1,15.0,
ARRWNGVETY,15,0,15.0,
AISPWGPGTY,15,1,15.0,
AIRWNDDETY,15,0,15.0,
AISPWGVGTY,15,1,15.0,
AINLYGRRTY,15,0,15.0,
AISTFGGRTY,15,1,15.0,
AIRPFGADTY,15,1,15.0,
AIQEYGRHTY,15,0,15.0,
AIRPFGKQTY,15,0,15.0,
AISPNVYYTY,15,1,15.0,
AIRWDGDYTY,15,0,15.0,
AIRWKGDETY,15,0,15.0,
AIGRFGGYTH,15,0,15.0,
AIIPFGHDTY,15,0,15.0,
AMGPFGGTTY,15,0,15.0,
AIDPYGSRTY,15,0,15.0,
AIRAFARHTY,15,0,15.0,
AIRMWGGTTY,15,1,15.0,
AIRWNGSATH,15,1,15.0,
AISPWGGKSY,15,0,15.0,
AIRPFSYHTY,15,0,15.0,
AIVPFGNFTY,15,0,15.0,
EIRWNGDETY,15,0,15.0,
AIAPFCRRTY,15,0,15.0,
SIGPFGGRTY,15,0,15.0,
AIRWSGNPTY,14,0,14.0,
TISPDGNTTY,14,0,14.0,
AIGPFGLETY,14,0,14.0,
AINYNGYTTY,14,0,14.0,
AISPLGNYTF,14,0,14.0,
AISPFGDGTF,14,0,14.0,
SISPFGAQTY,14,0,14.0,
AMRPFGLETY,14,0,14.0,
AISSFGGSTY,14,0,14.0,
AISLWGQRTY,14,0,14.0,
AIIPYGWNTY,14,0,14.0,
SIAPFGNRTY,14,0,14.0,
AIRKVGNDTY,14,1,14.0,
AIRWSGDETY,14,0,14.0,
AINPYGKYTH,14,0,14.0,
AIRSFGLETY,14,0,14.0,
AIQPFGLRTY,14,0,14.0,
AIRWIGVSTY,14,0,14.0,
AIRWNGDYTD,14,0,14.0,
AIRWDGVSTY,14,0,14.0,
AIKMWGGWTY,14,0,14.0,
AIGPFGWHTY,14,1,14.0,
AIGRFGWRTY,14,0,14.0,
AISQVGNDTY,14,1,14.0,
AVSPYGRYTY,14,1,14.0,
AISKVGNDTH,14,0,14.0,
TINPYGQYTY,13,1,13.0,
AISEFGGYTN,13,1,13.0,
AIVPRSGLTY,13,0,13.0,
AIRMWGYKTY,13,0,13.0,
AIGRFGRFTY,13,0,13.0,
AISWRGYRTY,13,0,13.0,
TIRPFGYDTY,13,0,13.0,
AITPYGDGTY,13,1,13.0,
AINPYGRTTY,13,1,13.0,
AIIPFGWNTY,13,0,13.0,
AIKMWRGSTY,13,0,13.0,
AIAMRGDGTY,13,0,13.0,
AISYDDSYTY,13,0,13.0,
AIRWNGLYTY,13,0,13.0,
AIRCNGRYTY,13,1,13.0,
AISLYGLRTY,13,1,13.0,
AIRWSGVSTY,13,0,13.0,
AIRLNGSATY,13,1,13.0,
VISPWGLGTY,13,0,13.0,
AINPWGYKTY,13,0,13.0,
AIVTYGRRTY,13,0,13.0,
AIHPYGSFTY,13,1,13.0,
AIRHMGGSTY,13,1,13.0,
AIRPFGYDTH,13,1,13.0,
AITPYGHSIY,13,0,13.0,
AIRPRGYYTY,13,1,13.0,
AIRWNGDSTY,13,0,13.0,
AIQPFGYDTY,13,0,13.0,
AIHGYGGYTY,13,0,13.0,
VIVPRGGGTY,13,0,13.0,
AIRRNGDETY,13,0,13.0,
ALSPFGHYTY,13,0,13.0,
AIRPFGYSTN,13,0,13.0,
AIDPFGYETY,13,1,13.0,
AMSPWGLGTY,13,0,13.0,
AIRWNGASTY,13,0,13.0,
AIGYMGGFTY,13,0,13.0,
ALTPRGGRTY,13,0,13.0,
AKSPFGGTTY,13,0,13.0,
AVDPYGAYTY,13,0,13.0,
AISPNGYRTF,13,0,13.0,
AINPFGNITY,13,1,13.0,
AIAPFVRGTY,13,0,13.0,
AIQWNGLDTY,12,0,12.0,
AISPWSLGTY,12,0,12.0,
AISYDGSDTY,12,0,12.0,
AIRPFGQGTY,12,1,12.0,
EINPYGRRTY,12,0,12.0,
AIRYVGGFTY,12,0,12.0,
SIGPGGGLTY,12,0,12.0,
AITLFGSHTY,12,0,12.0,
AIRAFGGGSY,12,0,12.0,
AIRMRGGKTY,12,0,12.0,
AIRWNGDKTY,12,0,12.0,
AIRWNAVETY,12,0,12.0,
AIVPYGRRIY,12,0,12.0,
AIRPFGKFTF,12,0,12.0,
AITPYGRLTY,12,1,12.0,
EIRWNGVSTY,12,0,12.0,
AIGPFGCLTY,12,0,12.0,
TIINSGHYTY,12,0,12.0,
AINWDGNYTY,12,1,12.0,
AIRWNCSATY,12,1,12.0,
AIGTFGGYTY,12,1,12.0,
SIAPFGGKTY,12,0,12.0,
AINPYGRRNY,12,0,12.0,
AISRFGRGTY,12,0,12.0,
AISYDGSYIY,12,0,12.0,
AISPFGFSIY,12,0,12.0,
AIMMRGGSTF,12,0,12.0,
AIAPFGIQTY,12,1,12.0,
AIRPFCYETY,12,1,12.0,
AISSFGNLTY,12,0,12.0,
AIMMWGGTTY,12,0,12.0,
SINDYGSHTY,12,0,12.0,
AIRPFCYDTY,12,0,12.0,
AIRPFGWETY,12,0,12.0,
AIQMWGGYTY,12,0,12.0,
AINWNGKHTY,12,0,12.0,
RYIRMVAVPI,12,1,12.0,
AISPFVESTY,12,0,12.0,
AIKPFGQGSY,12,0,12.0,
AILPFGGRTY,12,0,12.0,
AIGPGGSYTY,12,1,12.0,
AIDPYGNLTY,12,1,12.0,
VISPFGGRTY,12,1,12.0,
VILPFGYRTY,12,0,12.0,
AIYPYGGTTY,12,0,12.0,
AIVPYGIRTY,12,0,12.0,
AISPYGLFTY,12,0,12.0,
AIVPFGQSTY,12,1,12.0,
ATSPFGWNTY,12,1,12.0,
AIKWNGYQTY,12,0,12.0,
AIRPFGYGTY,12,0,12.0,
AIRWRGGDTY,12,0,12.0,
AIDPYGTRTY,12,0,12.0,
AITPFGYRAY,12,1,12.0,
AISSYGEKTY,12,0,12.0,
AIVPYGRRTN,12,0,12.0,
AISTYGVYTY,12,0,12.0,
AIRCSGNQTY,12,0,12.0,
AISPYGQYTF,12,1,12.0,
AISYDGSYNY,12,0,12.0,
AIGPHGGYTY,12,0,12.0,
AISNSGFNTY,12,0,12.0,
AIRPFGYHSY,12,0,12.0,
AILWSGNQTY,12,1,12.0,
AIGRFGGLTY,12,0,12.0,
AINWDGSYTY,11,0,11.0,
AITPFGRVTY,11,1,11.0,
AIEPYGAYTY,11,0,11.0,
AITVYGDNTY,11,0,11.0,
AISPFGGWTF,11,0,11.0,
AISYDSSYTY,11,0,11.0,
AISPWGFDTY,11,1,11.0,
AILPFGANTY,11,0,11.0,
AIGPFCGSTY,11,1,11.0,
AINPYVRRTY,11,0,11.0,
AISWRGSRTY,11,1,11.0,
AILPYCNYTY,11,0,11.0,
AISWDGSYTH,11,1,11.0,
AISPGGLGTF,11,0,11.0,
AIVPFGKLTY,11,0,11.0,
GISPFGGRTY,11,0,11.0,
ATNPYGRRTY,11,0,11.0,
AILPYCDRTY,11,1,11.0,
AICYMGGGTY,11,0,11.0,
AIGPYVSSTY,11,0,11.0,
AISDYGLYIY,11,0,11.0,
AVNPYGRITY,11,0,11.0,
SISPWGLGTY,11,0,11.0,
ALNPYGSRTY,11,0,11.0,
ALMMRGGSTY,11,0,11.0,
AISRFGRHTY,11,0,11.0,
TIKTSGSRTY,11,0,11.0,
TIGPFGSSTY,11,0,11.0,
AIVPYGRYTH,11,1,11.0,
ALKAFGSSTY,11,0,11.0,
SIYPYGRRTY,11,0,11.0,
EISYDGSYTY,11,0,11.0,
AIAPLGYKTY,11,0,11.0,
AIAPFGIRTH,11,1,11.0,
AIIPWGLGTY,11,0,11.0,
AISAFGKYTY,11,1,11.0,
AISPFSIRTY,11,0,11.0,
AISGYGSFTY,11,0,11.0,
AQIMYGQDTY,11,0,11.0,
AIGPFVDSTY,11,1,11.0,
AIRLFGVETY,11,1,11.0,
AMSPFGGNTY,11,1,11.0,
AISPFVLSTY,11,1,11.0,
AIPYYGSYTY,11,0,11.0,
AITPFGSDTY,11,1,11.0,
AIRWNGDCTY,11,1,11.0,
AILPFGEVTY,11,0,11.0,
AISPWGYTTY,11,0,11.0,
AISCDGNYTY,11,1,11.0,
AIRVYGVQTY,11,0,11.0,
AIRPFGRKTY,11,1,11.0,
AIGPFGGMTY,11,0,11.0,
AISPFVGRTY,11,0,11.0,
AISPLGWNTY,11,1,11.0,
AIPWNGVETY,11,0,11.0,
AIRWNGDYTN,11,0,11.0,
AIMPYGTRTY,11,0,11.0,
AISPSGGWTY,11,1,11.0,
TISPYGNTTY,11,1,11.0,
AILPFGSETY,11,0,11.0,
AIQPFGNFTY,11,0,11.0,
ATNPYGQYTY,11,1,11.0,
AIHPFGLSTY,11,0,11.0,
AIDPFGGLTY,11,1,11.0,
AIQPFGARTY,11,0,11.0,
AISPFGSSIY,11,0,11.0,
