Sequence,Count_binding,Count_nsbinding,Enrichment_factor,ID
GRWNRYGFEDQDNFDY,718435,101392,7.085716821839988,Rob_7859
GRWNRYGFYDQDNYDY,238507,68454,3.484193765156163,Rob_7861
GRWNRYGFEDQDNFGY,90888,26068,3.486573576799141,Rob_7858
GRWNRYGFYEQDNYDY,23634,14937,1.5822454308093994,Rob_7862
GRWLRFGYYDQENYEY,18613,12707,1.464783190367514,Rob_11385
GRWRYYGEDDQENYEY,15737,14268,1.1029576675077095,Rob_7292
GRWNRYGANDQDEYSY,13706,9612,1.4259259259259258,Rob_2381
GRWNRYGPTDQENYDY,11706,8608,1.3598977695167287,Rob_6525
GRWNFYGQDDQYNYDY,7354,6779,1.0848207700250774,Rob_12063
GRWDLFGSYDQDNYDY,5822,3362,1.7317073170731707,
GRWNRYGFYDQDSYEY,4911,345,14.234782608695653,
GRWNRYGEQDQYNYEY,4670,2601,1.7954632833525568,Rob_7571
GRWNRYGAGYQEEYDY,4538,3006,1.509647371922821,Rob_1995
GRWNRYGFYDQDNYEY,3906,1722,2.268292682926829,
GRWNRYGFEDQDNFEY,3043,903,3.369878183831672,
GRWYRYGFEDQDNFDY,2497,276,9.047101449275363,
GRWNYYGESDQDSYKY,1712,1698,1.0082449941107186,Rob_12068
GRWNRFGPNDQDSYYY,1436,1434,1.00139470013947,Rob_9615
GRWNYYGYYEQDNYEY,905,770,1.1753246753246753,Rob_11664
GRWNRYGFYDQDSYDY,896,287,3.1219512195121952,
GRWNYYGQYEQTSYDY,791,622,1.2717041800643087,Rob_7594
GRWNYYGYYEQTSYDY,783,715,1.0951048951048952,Rob_7593
GRWNRYGFEDQDNFYY,717,21,34.142857142857146,
GRWNRYGFEDQDNYDY,462,49,9.428571428571429,
GRWNYYGFYDQYSYEY,449,349,1.2865329512893984,Rob_11994
GRWNRYGFDDQDNFDY,442,122,3.622950819672131,
GRWNRYGYDDQEEYFY,439,83,5.289156626506024,
GRWNHYGFEDQDNFDY,430,55,7.818181818181818,
GRWNRYGFYDQDNFDY,428,12,35.666666666666664,
GRWNRYGFEDQDNFDF,408,21,19.428571428571427,
GRWLRFGYYDQENYDY,401,196,2.045918367346939,
GRWNRYGFDDQDNFGY,386,222,1.7387387387387387,
GHWNRYGFEDQDNFDY,376,60,6.266666666666667,
GRWNRYGFEDHDNFDY,364,22,16.545454545454547,
GRWNSYGFEDQDNFDY,350,8,43.75,
GRCNRYGFEDQDNFDY,346,15,23.066666666666666,
GRWNRYVFEDQDNFDY,324,9,36.0,
GRWNFYGFEDQDNFDY,317,75,4.226666666666667,
GRWNRYGFEDQDNYEY,315,57,5.526315789473684,
GRWNRYGFEDRDNFDY,300,38,7.894736842105263,
GRWNRYGFEDPDNFDY,291,24,12.125,
GRWLRYGYDDQDGYYY,285,151,1.8874172185430464,
GRWNHYGFEDQWEYSY,258,36,7.166666666666667,
GHWNRYGFYDQDNYDY,258,109,2.36697247706422,
GRWYHYGQTDQSNYNY,256,81,3.1604938271604937,
GRWHKYGSYEQYNYNY,253,177,1.4293785310734464,Rob_5841
GRWNYYGEYDQDNYDY,253,177,1.4293785310734464,
GNWFRYGYYDQDTYSY,251,135,1.8592592592592592,
GRWNYYGQYDQDQYDY,246,184,1.3369565217391304,
GRWRYYGEDDQENYDY,237,179,1.324022346368715,
GRWNRYGFEDLDNFDY,236,60,3.933333333333333,
GRWNRYGFEDQDNYSY,232,28,8.285714285714286,
GRLNRYGFEDQDNFDY,229,6,38.166666666666664,
GRWNYYGGEDQDSYDY,224,184,1.2173913043478262,
GRWNRYGFEDQDSYYY,215,18,11.944444444444445,
GRWNRYGFEDQYNFDY,185,11,16.818181818181817,
VRWNRYGFEDQDNFDY,180,5,36.0,
GRWNHYGFYDQDNYDY,167,38,4.394736842105263,
GRWNRYGFYDQDNYYY,163,32,5.09375,
GRRNRYGFEDQDNFDY,157,30,5.233333333333333,
GRWNRYGAGYQEEYEY,154,123,1.2520325203252032,
GRCNRYGFYDQDNYDY,149,4,37.25,
GRWNRYGFYDQDIYDY,138,92,1.5,
GRWNRYGFYDHDNYDY,138,18,7.666666666666667,
GRWNYYGYYEQENYYY,134,115,1.1652173913043478,Rob_12133
GRWNRYGFEYQDNFDY,127,5,25.4,
GRWNYYGYYEQTPYDY,122,64,1.90625,Rob_7592
GRWNYYGQYSQDGYEY,122,60,2.033333333333333,Rob_11233
GRWLRYGHDDQLNYEY,120,51,2.3529411764705883,
GCWNRYGFEDQDNFDY,115,16,7.1875,
GRWFRYGYEDQLEYEY,113,7,16.142857142857142,
GRWNRYGANDQDVYSY,109,13,8.384615384615385,
GRWNSYGFYDQDNYDY,108,9,12.0,
GRWNRYGFEDKDNFDY,104,3,34.666666666666664,
GRWNRYGFEDQDNFGF,103,67,1.537313432835821,
GRWNRYGFGDQDNFDY,102,20,5.1,
GRWLRYGYDDQLNYYY,100,85,1.1764705882352942,
GRWNCYGFEDQDNFDY,96,12,8.0,
GRWNRYGFYDQDNYDF,94,59,1.5932203389830508,
GRWNRYVFYDQDNYDY,91,4,22.75,
GRWLRFGYYDQENYRY,91,10,9.1,
GRWYQYGYWDQHEYDY,90,9,10.0,
GRWNRYGFYDQDYYDY,88,2,44.0,
GRWNRYGFYDQYNYDY,88,8,11.0,
GRWNRHGFEDQDNFDY,87,8,10.875,
GRWNRYGSRDQDNYEY,87,14,6.214285714285714,
GRRNRYGFYDQDNYDY,81,11,7.363636363636363,
GRWNRYGFEDQDNFAY,80,25,3.2,
GRWNRYGQEDQDSYRY,80,30,2.6666666666666665,
GRWWRFGQRDQDNYNY,78,18,4.333333333333333,
VRWNRYGFYDQDNYDY,78,2,39.0,
GRWYRFGYDDQEEYWY,75,15,5.0,
GRWRYYGEDEQRNYDY,72,46,1.565217391304348,
GRWNRYGFEDQNNFDY,68,13,5.230769230769231,
GRWDLFGSYDQDNYNY,67,60,1.1166666666666667,
GRWNRYGFEDQDNLDY,67,8,8.375,
GRWHRYGFEDQDNFDY,67,13,5.153846153846154,
GRWNRYGFEDQDNIDY,66,6,11.0,
GRLNRYGFYDQDNYDY,64,3,21.333333333333332,
GRWNRYGEQDQYNYDY,64,18,3.5555555555555554,
GRWNYYGQYDQDEYYY,64,12,5.333333333333333,
GRWDLFGSYDQDNFDY,62,7,8.857142857142858,
GRWNRYGFEDQDYFGY,58,30,1.9333333333333333,
GRWNRYGFYYQDNYDY,58,4,14.5,
RRWNRYGFEDQDNFDY,57,5,11.4,
GRWNRYGAGYQEEYYY,56,29,1.9310344827586208,
GRWNYYGERDQENYDY,56,38,1.4736842105263157,
GRWNRYGFEDHDNFGY,54,6,9.0,
GRPNYFGYEEQELYEY,54,44,1.2272727272727273,Rob_6362
GRWNRYGFEDQDNFDC,53,5,10.6,
GRWNRCGFEDQDNFDY,52,4,13.0,
GRWNHYGFEDQDNFGY,51,26,1.9615384615384615,
GRWNRYGEQDQDNYYY,50,34,1.4705882352941178,
GRWNYYGYYDQDSYLY,46,32,1.4375,
GRWYHYGQTDQSNYDY,45,32,1.40625,
GRWNRYGFEDRDNFGY,45,8,5.625,
GRCNRYGFEDQDNFGY,43,5,8.6,
GRWNRYGAGYQEAYDY,43,8,5.375,
GRWNRYGFEDQDNYNY,43,8,5.375,
GRWNSYGFEDQDNFGY,41,4,10.25,
GRWNRYGFEDQDNFSY,40,39,1.0256410256410255,
GRWNRYGFYDKDNYDY,40,2,20.0,
GRWNRYGFEDQDNFCY,40,1,40.0,
GRWNRYGFYDQDNHDY,40,9,4.444444444444445,
GRWFKYGASDQDNYEY,39,24,1.625,
GRWNRYGFYDRDNYDY,38,16,2.375,
GRWNRYGANDQDQYTY,37,28,1.3214285714285714,
GCWNRYGFYDQDNYDY,37,11,3.3636363636363638,
GHWNRYGFEDQDNFGY,36,9,4.0,
GRWNLYGFEDQDNFDY,35,6,5.833333333333333,
GRWNRYGFEDQYNFGY,35,6,5.833333333333333,
GRWNRYVFEDQDNFGY,35,2,17.5,
GRWNRYGFYDQDEYLY,34,16,2.125,
GRWNRYGFENQDNFDY,34,2,17.0,
GRWNCYGFYDQDNYDY,34,7,4.857142857142857,
GFMLHRGSSVQCKYEM,34,33,1.0303030303030303,
GRWNRYGFCDQDNYDY,33,14,2.357142857142857,
GRWNSYGYYDQDLYDY,33,12,2.75,
GRWYRHGSEEQDNYSY,32,12,2.6666666666666665,
GRWNRYGADDQYEYLY,32,2,16.0,
GRWNRYGANDRDEYSY,31,8,3.875,
GRWLWYGPYEQFTYQY,30,24,1.25,Rob_9058
GRWNRYGFYEQDTYDY,29,6,4.833333333333333,
VRWNRYGFEDQDNFGY,29,0,29.0,
GRWNYYGESDQENYDY,29,20,1.45,
GRWHRFGYELQDDYDY,28,6,4.666666666666667,
GRWKRYGFEDQDNFDY,28,1,28.0,
GRWNRYGFYDQDNFGY,28,4,7.0,
GSWNRYGFEDQDNFDY,28,4,7.0,
GRWFRYGSEFQGNYDY,28,4,7.0,
GRWNRYGFQDQDNFDY,27,13,2.076923076923077,
GRWYRYGYEDQDTHAY,27,4,6.75,
GRWNYYGFEDQDNFDY,27,8,3.375,
GRWNRYGFEDQDDFDY,26,8,3.25,
GLWNRYGFEDQDNFDY,26,1,26.0,
RRWNRYGFYDQDNYDY,25,3,8.333333333333334,
GRWNRYRFEDQDNFDY,25,1,25.0,
GRWNRYGFEDQDNYGY,25,5,5.0,
GRWNRYGFKDQDNFDY,25,3,8.333333333333334,
GRWLCFGYYDQENYEY,25,15,1.6666666666666667,
GRWNRYGFYDQDNYGY,24,16,1.5,
GRWLRYGHDDQLNYNY,24,17,1.411764705882353,
GRWNRYGFEDQENYEY,23,4,5.75,
GRRNRYGFEDQDNFGY,23,7,3.2857142857142856,
GRWNRYGESDQDLYDY,23,12,1.9166666666666667,
GRWNRHGFYDQDNYDY,23,3,7.666666666666667,
GRWNRYGFEAQDNFDY,22,2,11.0,
GRWNRYGFEDQDNVDY,22,11,2.0,
GRLDLFGSYDQDNYEY,22,9,2.4444444444444446,
GRWLRYGYLVQEEYYY,21,7,3.0,
GRWNRYGFYDQDNYNY,21,10,2.1,
GRWWRYGQEDQDNYEY,21,6,3.5,
GRWNRYGFYEQDNFDY,21,12,1.75,
GRWYLFGSYDQDNYEY,20,17,1.1764705882352942,
GRWLRYGFEDQDNFDY,20,6,3.3333333333333335,
GRWNYYGYYEQDSYDY,20,13,1.5384615384615385,
GRWWFYGPHAQPGYSY,20,15,1.3333333333333333,Rob_4628
GRNLRRGYYEQYEYHY,20,13,1.5384615384615385,Rob_9994
GRWNYYGYYEQDNYES,19,13,1.4615384615384615,
GRWNRYVANDQDEYSY,19,0,19.0,
GRWNRYGNQDQYYYEY,19,6,3.1666666666666665,
GRWNRYGFVDQDNFDY,19,12,1.5833333333333333,
GRWNRYGFYEQDNYYY,19,0,19.0,
GRLNRYGFEDQDNFGY,19,0,19.0,
GRWRYYGYEDQDNYDY,18,11,1.6363636363636365,
GRWDRYGFEDQDNFDY,18,2,9.0,
GRWNRYGFHDQDNYDY,18,3,6.0,
GRWNHYGFYEQDNYDY,17,6,2.8333333333333335,
GRWNRYGSEDQDNFDY,17,3,5.666666666666667,
GRWLRYGYADQDNYNY,17,2,8.5,
GRWNRYGFYDQDNYDC,17,2,8.5,
GHWLRFGYYDQENYEY,17,12,1.4166666666666667,
GRWDLFGSYYQDNYEY,16,5,3.2,
GRWNRYGLYDQDNYDY,16,4,4.0,
GRWDLFGSFDQDNFDY,16,7,2.2857142857142856,
ERWNRYGFEDQDNFDY,16,2,8.0,
GRWNRYGFYEQRNYEY,16,4,4.0,
GRWNRYGFEDQDKFDY,16,1,16.0,
GRWNRYGFEDQENFDY,16,2,8.0,
GRWNRYGFYGQDNYDY,16,10,1.6,
GRLDLFGSFDQDNYEY,16,3,5.333333333333333,
GRWNRYGFEDQDNSDY,16,1,16.0,
GRWNHYGPTDQENYDY,15,7,2.142857142857143,
GRWNRYGHSEQGLYDY,15,6,2.5,
GRWNRYGFEYQDNFGY,15,3,5.0,
GRWNYYGYYDQDSYDY,15,0,15.0,
GRWNHYGEYDQDNYEY,15,4,3.75,
GRQWRFGFLDQLDYFY,15,12,1.25,Rob_3784
GHWNRYGFYEQDNYDY,15,6,2.5,
GRWNRYGFYDQDDYDY,15,7,2.142857142857143,
GRWNRYGFYDQNNYDY,15,6,2.5,
GRWDLFGSYDQYNYEY,14,11,1.2727272727272727,
GLWNRYGFYDQDNYDY,14,3,4.666666666666667,
GRWWYYGSHLQLRYIY,14,11,1.2727272727272727,Rob_4579
GRWNRYGLEDQDNFDY,14,2,7.0,
GRWNRYGFYDQDHYDY,14,0,14.0,
GFYFYNGSSLQMCYEM,14,8,1.75,
GRWDLFGSYDQDNHEY,13,9,1.4444444444444444,
GRWNYYGGEDQDGYDY,13,4,3.25,
GRWNCYGFEDQDNFGY,13,1,13.0,
GRWNRYVFYEQDNYDY,13,1,13.0,
GRWNRYGFEDQDHFDY,13,2,6.5,
GRLLRFGYYDQENYEY,13,1,13.0,
GRWNFYGQSDQDNYDY,13,7,1.8571428571428572,
GRWFNYGEDDQYNYDY,13,5,2.6,
GRWNRYGFGDQDNFGY,13,4,3.25,
GRWNRYGQYEQTSYDY,12,5,2.4,
GRWFKYGASDQDEYTY,12,2,6.0,
GRWNRYGFEDQDSFDY,12,1,12.0,
GRWNRYGANDQDNYSY,12,0,12.0,
GRNLYRGFEIQEEFLY,12,7,1.7142857142857142,Rob_4763
GRWDLFGSFDHDNYEY,12,6,2.0,
GRCDLFGSYDQDNYEY,12,5,2.4,
GRWFKYGYSDQDNYLY,12,4,3.0,
GRWNLYGFYDQDNYDY,11,1,11.0,
GRWNYYGEYDQDNYGY,11,9,1.2222222222222223,
GRWNRYGFEDQDNFVY,11,4,2.75,
GRWYQYGYEDQDEYGY,11,1,11.0,
GRWSRYGFEDQDNFDY,11,0,11.0,
GHWRYYGEDDQENYEY,11,9,1.2222222222222223,
GRWNYYGAYDQTDYEY,11,6,1.8333333333333333,
GRWYRFGYDDQDEYEY,11,0,11.0,
GRWNRYGFEDQDNFHY,11,2,5.5,
GRWNRYGFEDKDNFGY,11,1,11.0,
GRWRYYGEYDQENYEY,10,1,10.0,
GRWKRYGFYDQDNYDY,10,3,3.3333333333333335,
GRWNRYGYEDQDNFDY,10,3,3.3333333333333335,
GRWYRYGGHDQDNYLY,10,9,1.1111111111111112,
GLPDFFGYYEQHNYLY,10,5,2.0,Rob_6545
GRWNRYGFEDQNNFGY,10,2,5.0,
GRPLWYGYDDQDGYRY,10,8,1.25,Rob_4271
GRWLRYGYYDQNDYYY,10,6,1.6666666666666667,
GRWLRFGYYDHENYEY,10,9,1.1111111111111112,
GRWNRYVPTDQENYDY,10,2,5.0,
GRWXRYGFEDQDNFDY,9,0,9.0,
GRWFRYGYADQDNYNY,9,5,1.8,
GRWLRYGAGYQEEYEY,9,5,1.8,
GRWNRYRFYDQDNYDY,9,2,4.5,
GRCNRYGFYEQDNYDY,9,2,4.5,
RRWNRYGFEDQDNFGY,9,2,4.5,
GRWNSYGFYEQDNYDY,9,0,9.0,
GRWNFYGQHEQLNYEY,9,8,1.125,
GRWNRYGFEDQDNFNY,9,3,3.0,
GRWNRYGFEDQDNLGY,9,3,3.0,
GRWFKYGASDQEEYQY,9,7,1.2857142857142858,
GRWNFYGKSQQLDYDY,9,4,2.25,Rob_7920
GRWYRFGYSDQDEYTY,9,8,1.125,
GCWNRYGFEDQDNFGY,9,5,1.8,
GRWNSYGANDQDEYSY,8,0,8.0,
GRWRYYGEDDRENYEY,8,3,2.6666666666666665,
GRWNRYGFDDQDNYDY,8,2,4.0,
GRWNSYGPTDQENYDY,8,1,8.0,
GRWLRFVYYDQENYEY,8,0,8.0,
GHWNRYGANDQDEYSY,8,3,2.6666666666666665,
GRWLYYGHYDQLTHEY,8,7,1.1428571428571428,Rob_11563
GRWNRYGADYQEEYDY,8,3,2.6666666666666665,
GRVWKNGLYFQYEYYY,8,6,1.3333333333333333,Rob_859
GRWHYYGQYDQDGYEY,8,6,1.3333333333333333,
GRLNRYGFYEQDNYDY,8,2,4.0,
GRLRYYGEDDQENYEY,8,1,8.0,
GRINFYGYYEQGQYDY,8,6,1.3333333333333333,Rob_6470
GRWNRYGGEDQDSYYY,8,3,2.6666666666666665,
GRVWKYGLAGQLEFEY,8,7,1.1428571428571428,Rob_2817
GRWNRYGFEDQDTYAY,8,5,1.6,
GRWNRYGFEDQDNFDD,8,2,4.0,
VRWNRYGFYEQDNYDY,8,0,8.0,
GRWNRYGSADQDNYNY,8,5,1.6,
VRWDLFGSYDQDNYEY,8,4,2.0,
GRWNRHGFEDQDNFGY,8,4,2.0,
GRWNRYEFEDQDNFDY,8,2,4.0,
GRWLWYGSRQQWRYSY,8,5,1.6,Rob_9042
GRTQRWGYYDQHGYEY,8,7,1.1428571428571428,Rob_6911
GRNRYYGFEDQDNFEY,8,4,2.0,
GRWWRYGFEDQDNFDY,8,5,1.6,
GRWNRYGVGYQEEYDY,7,3,2.3333333333333335,
GRWNRYGFEDQDEYSY,7,0,7.0,
GRNNRYGFDDQDEYYY,7,4,1.75,
GRWNRYGFYDQDNYTY,7,2,3.5,
GRNLYYGYEYQNDYEY,7,3,2.3333333333333335,Rob_10469
GRWDRYGFYDQDNYDY,7,2,3.5,
GRWNRYGPTDQDNFDY,7,1,7.0,
GRWNRYGANDHDEYSY,7,4,1.75,
GHWNYYGEYDQDNYEY,7,6,1.1666666666666667,
GPWNRYGFEDQDNFDY,7,1,7.0,
GRWNRYGFYDQENYEY,7,4,1.75,
GRWNYYGNYEQNNYEY,7,4,1.75,Rob_11663
GRWNRYGANDQYEYSY,7,2,3.5,
GFWWRNGSSRQCRYYR,7,5,1.4,
GRWNYYGEYYQDNYEY,7,0,7.0,
GRWLRFGYYDQDNYDY,7,1,7.0,
GRWNYYGSYEQWNFGY,7,5,1.4,Rob_7278
GRWLRFGYCDQENYEY,7,1,7.0,
GRWNYYGEYDQDNFDY,7,0,7.0,
GRCNRYGPTDQENYDY,7,1,7.0,
GRWWRFGNNDQHLYNY,7,5,1.4,Rob_3863
GFCYRYGSSDQMDYEM,7,5,1.4,
GRRNRYGPTDQENYDY,7,1,7.0,
GRWDLFGSFDLDNYDY,7,1,7.0,
GFCWHLGSSVQMEYEW,7,6,1.1666666666666667,
GRWNRYGFCEQDNYDY,6,0,6.0,
GRCDLFGSFDQDNYEY,6,5,1.2,
GRTNYFGYLQQGEFQY,6,3,2.0,Rob_3284
GRWNRYGFEDQDKFGY,6,0,6.0,
GRWNFFGSYDQDNYNY,6,4,1.5,
GRWNRYVAGYQEEYDY,6,0,6.0,
GRWNYYGGEDQDTYDY,6,2,3.0,
GRWYLFGSFDQDNYEY,6,3,2.0,
GRWNYYGFIDQDNFEY,6,4,1.5,
GRWNRYGPTNQENYDY,6,4,1.5,
GFCYRYGSSVQMAYEM,6,3,2.0,
GSWNRYGFYDQDNYDY,6,0,6.0,
GRWNRYGFEDQDNCDY,6,0,6.0,
GCWDLFGSFDQDNYEY,6,5,1.2,
GRWNRYGVNDQDEYSY,6,4,1.5,
GRWLRYGYAYQEEYYY,6,4,1.5,
GRWWRYGAILQLEYEW,6,5,1.2,
GRWWRYGGHYQAELYY,6,5,1.2,Rob_1478
GHWNFYGQDDQYNYDY,6,5,1.2,
GRWERFGGYLQENYLY,6,4,1.5,Rob_4157
GRWFRYGYSDQAEYLY,6,1,6.0,
GRSYRFGYYYQDEYEY,6,1,6.0,Rob_3558
GRWNRYGFYEQYNYDY,6,3,2.0,
GRWNRYGFEDQGLYDY,6,4,1.5,
GRWDLFGSYNQDNYEY,6,4,1.5,
GRWRYYGEDDQENYSY,6,2,3.0,
GRWDLFGSYDKDNYEY,6,2,3.0,
GRWDLFGPYDQDNYEY,6,4,1.5,
GRNWRYGLDYQEEYLY,6,2,3.0,Rob_2168
GRWKRYGFEDQDNFGY,6,0,6.0,
ERWNRYGFEDQDNFGY,6,2,3.0,
GRWFRYGYVDQDLYEY,6,3,2.0,
GRWDLFVSYDQDNYEY,6,3,2.0,
GRWNRYGPTDQENYYY,6,0,6.0,
GRWNRDGFEDQDNFDY,6,2,3.0,
GRSWRFGFGGQDEYQY,6,3,2.0,Rob_1907
GRWNRYGFYNQDNYDY,6,2,3.0,
GRWNRYGYDDQEEYSY,6,1,6.0,
GRWDLFGLYDQDNYEY,6,5,1.2,
GRLNFYGQDDQYNYDY,6,0,6.0,
GRWNRYGANDQDGYSY,6,5,1.2,
GRWNRYGFEDQGNFDY,6,0,6.0,
GRVNYYGYYEQELYDY,6,5,1.2,Rob_7528
GRWNRYGFEDQDSYEY,6,0,6.0,
GRWFRFGASYQENYGY,6,2,3.0,
GRWRYYGEDYQENYEY,6,0,6.0,
GRCNFYGQDDQYNYDY,6,1,6.0,
GRWNRYGFEDQHNFDY,6,5,1.2,
GKWWRYGGGEQLEYNY,6,2,3.0,Rob_2059
GRWWRYGYADQDNYNY,6,5,1.2,
GRWLRFGYYDRENYEY,6,2,3.0,
GRWDMFGSYDQDNYEY,6,5,1.2,
GSWNRYGFEDQDNFGY,6,0,6.0,
GRWNRYGSTDQENYDY,6,5,1.2,
VRWDLFGSFDQDNYEY,6,1,6.0,
GRTWRYGYNNQSEYIY,5,4,1.25,Rob_8682
GRWDLFGSFDKDNYEY,5,3,1.6666666666666667,
GRPFKYGLIEQDSSGY,5,3,1.6666666666666667,Rob_5103
GRWYKYGPYDQDNFDY,5,0,5.0,
GRWNYYGEYDHDNYEY,5,2,2.5,
GRWLRFGADDQDQYQY,5,4,1.25,
VRWLRFGYYDQENYEY,5,0,5.0,
GRWLRFGYYYQENYEY,5,2,2.5,
GRWNRYGFEDQDQYEY,5,3,1.6666666666666667,
GRWFRYGASDQGEYYM,5,4,1.25,
GRWYRYGFEDQDNFYY,5,0,5.0,
GRWWRYGSLDQDNYEY,5,3,1.6666666666666667,
GFAYHKGSSVQMEYYM,5,2,2.5,
GRAWKYGSKDQVEYYY,5,4,1.25,Rob_2740
GRNNYRGYYEQRGYEY,5,1,5.0,Rob_7750
GRWNYYGEYDKDNYEY,5,0,5.0,
GRWQWYGPQWQENYYY,5,4,1.25,Rob_9258
GRIDFYGYYEQYLHLY,5,3,1.6666666666666667,Rob_11703
GRWNRYGFADQDNFDY,5,2,2.5,
GRWNRYGFYDQHNYDY,5,0,5.0,
GRWNRYGSADQEEYSY,5,0,5.0,
GRWNRYGKEDQSNYDY,5,4,1.25,
GRWNPYGFEDQDNFDY,5,1,5.0,
GRWNRYGFNDQDNYDY,5,1,5.0,
GRWNRYGFYDQDNYVY,5,4,1.25,
GRWNRYGFEDQHNFGY,5,0,5.0,
GRWNFYGKDEQSDYSY,5,4,1.25,Rob_7671
GRWLRFGADDQDQYTY,5,2,2.5,
GKPWVSGYGDQELFNY,5,4,1.25,Rob_8951
GFRAHYGSSDQMKYYM,5,4,1.25,
GFCMCYGSSDQMGYEY,5,2,2.5,
VRWNYYGFTDQDNFEY,5,1,5.0,
GRWNRYGPTDHENYDY,5,3,1.6666666666666667,
GRSWRWGFTDQIEYEY,5,4,1.25,Rob_451
GRWNRYRFEDQDNFGY,5,0,5.0,
GRWNYYGGEDQDSYFF,5,1,5.0,
GRWYQYGYDDQYSYGY,5,3,1.6666666666666667,
GRCNYYGGEDQDSYYY,5,2,2.5,
GRWYRWGYYEQTEYDY,5,4,1.25,
GRWNRYGFYDQENYDY,5,1,5.0,
GRCNYYGEYDQDNYEY,5,3,1.6666666666666667,
GFAMYYGSSLQWEYEM,5,3,1.6666666666666667,
GFCMHYGSSVQMAYAM,5,2,2.5,
GFCQCYGSSVQMMYEY,5,3,1.6666666666666667,
GRWLRYGFYDQDNYDY,5,0,5.0,
GRWNYYGFTDQYNFEY,5,0,5.0,
GRWNYYGYYEQIVYEY,5,0,5.0,
GRWNRYGFYDQDSYYY,5,1,5.0,
GRCNRFGKEDQSNYDY,5,0,5.0,
GRWLRFGYYDQENHEY,5,2,2.5,
GRWPRFGYYDQENYEY,5,4,1.25,
GRWNRYGYYDQENYEY,5,1,5.0,
GRRDLFGSYDQDNYEY,5,4,1.25,
GRNSYLGYNIQLEKSY,5,3,1.6666666666666667,Rob_5834
GRWRYYGFEDQDNFDY,5,0,5.0,
GRWRYYVEDDQENYEY,5,1,5.0,
GRWNRYGFEDQDDFGY,5,0,5.0,
GRWNFYGQDDQYNYYY,5,2,2.5,
GSPFRYGYSDQYNYYY,5,4,1.25,Rob_8126
GRGNRYGFEDQDNFDY,5,3,1.6666666666666667,
GRWNRYGESDQLEYEY,5,2,2.5,
GRWNHYGFTDQDNFEY,5,0,5.0,
GRWNRYGFEHQDNFDY,5,1,5.0,
GRWNRYGFEDQDNFGH,5,2,2.5,
GRWFRYGFDDQDEYEY,5,3,1.6666666666666667,
GRWFSFGAGQQQAYRY,5,4,1.25,Rob_11637
GRWNRYGYEDQDNFGY,4,2,2.0,
GRWDLFGSFDQDNYEC,4,2,2.0,
GFIRYYGSSVQMCYEM,4,2,2.0,
GRWNYFGKWEQYLYDY,4,3,1.3333333333333333,Rob_7157
GRSWRFGYSWQDEYTY,4,2,2.0,Rob_2350
GRPNLFGYYEQYTYPY,4,3,1.3333333333333333,Rob_6552
GRWNRYGFYDPDNYDY,4,0,4.0,
GRSWIFGKGWQAEDIY,4,3,1.3333333333333333,Rob_1232
GRVDFYGYYDQWNYNY,4,3,1.3333333333333333,Rob_6625
GRVNYYGYEEQYEYEY,4,2,2.0,Rob_6507
GRWRYYGEDDQKNYEY,4,0,4.0,
ERWNRYGFYDQDNYDY,4,2,2.0,
GRWXRYGFYDQDNYDY,4,0,4.0,
GRPQRYGSDNQDEYLY,4,2,2.0,Rob_3110
GRWYRYGSDLQYSYRY,4,0,4.0,
GRWNYYGFEDQDNFGY,4,2,2.0,
GRWNRYGFADQDNFEY,4,0,4.0,
GRWNRYGFYERDNYDY,4,0,4.0,
GRVWKYGLYDQGEFQY,4,2,2.0,Rob_201
GRWNRYGFEDQGNYDY,4,0,4.0,
GRVWRYGFGNQIEYGY,4,1,4.0,Rob_1942
GRPLWYGYDSQPRYNY,4,2,2.0,Rob_4048
GRWNRYGFKDQDNFGY,4,0,4.0,
GRWNRYGSYDQDNYEY,4,0,4.0,
GRWNFYGQDDQYNFDY,4,1,4.0,
GRWNRYGFTDQDNFEY,4,2,2.0,
GRWNLYGFEDQDNFGY,4,1,4.0,
GRWNRYGFEDQVNFDY,4,0,4.0,
GRWNYYGYYEQGDYHY,4,2,2.0,Rob_11610
GRWWWYGPKDQNRYIY,4,2,2.0,Rob_4426
GRWNRYGFEDQDNYTY,4,1,4.0,
GRWNRYGFYDQDNYSY,4,3,1.3333333333333333,
GRWNRYGFYEQDNHDY,4,3,1.3333333333333333,
GRWNYYGYYDQENYEY,4,0,4.0,
GRWYRYGFEDHDNFDY,4,0,4.0,
GEYYSFGSSFQCRYPR,4,1,4.0,
GRWNRYGFEDQDNIGY,4,2,2.0,
GRWNRYGEHDQYNYEY,4,1,4.0,
GRWNRYGCEDQDNFDY,4,0,4.0,
GRNWTYGYSDQGAYAY,4,2,2.0,
GRPLRRGFSEQHLYNY,4,2,2.0,
GFLQIYGSSDQWMYEM,4,3,1.3333333333333333,
GRLNYYGFTDQDNFEY,4,0,4.0,
GSPFRYGYSDQYNYGY,4,1,4.0,Rob_8125
GKPWRFGYHDQWEYDY,4,3,1.3333333333333333,Rob_8864
GRWNRYGFYDQDKYDY,4,2,2.0,
GRWNYYGEYDQYNYEY,4,1,4.0,
GRWDLFGSYDHDNYDY,4,0,4.0,
GRWLRFGYYDKENYEY,4,0,4.0,
GRWNFYVQDDQYNYDY,4,1,4.0,
GRVNYKGYDYQYEYLY,4,3,1.3333333333333333,Rob_2294
GKVYQFGYNDQYLYEY,4,0,4.0,
GRVLAKGAYAQLELEY,4,1,4.0,Rob_1321
GRVLYFGSQQQQEEQY,4,1,4.0,Rob_987
GYNFCYGSSVQMEYEM,4,2,2.0,
GRWYRYGYDEQYEYEY,4,1,4.0,
GRWNYYVFTDQDNFEY,4,0,4.0,
GRTWHYGYDEQADYLY,4,3,1.3333333333333333,Rob_3291
GRWLHHGPEEQCNYDY,4,3,1.3333333333333333,
GRWLRYGAYEQENYEY,4,0,4.0,
GRWNYYGYYEQYSYEY,4,3,1.3333333333333333,
GRPRWYGSDKQWDYGY,4,1,4.0,Rob_10275
GRWNRYGFEGQDNFDY,4,0,4.0,
GRVWRYGLTFLYEYAY,4,1,4.0,
GRWLRFGYYDQEKYEY,4,1,4.0,
GRWNRYGFYDQDNCDY,4,2,2.0,
GRWRYYGANDQDEYIY,4,3,1.3333333333333333,
GRWRYYGARDQDEYEM,4,3,1.3333333333333333,
GRWNRYGANNQDEYSY,4,1,4.0,
GRAWRYGLELQDEKYY,4,3,1.3333333333333333,Rob_1717
GRWRYYGEDDQDNYDY,4,1,4.0,
GRWNRYGFEDQDNFDS,4,0,4.0,
GRWDYYGNYEQYLFEY,4,3,1.3333333333333333,Rob_11165
GRWNWLGSEYQFRYSY,4,3,1.3333333333333333,Rob_9382
GRWLHFGYYDQENYEY,4,1,4.0,
GRWNYYGFTDHDNFEY,4,1,4.0,
GRWNRYAFEDQDNFDY,4,0,4.0,
GFEQYYGSSVQMEYEM,3,2,1.5,
GRWNYYGSEYQIEKDY,3,1,3.0,Rob_2667
GRWNRFGFEDQDNFDY,3,0,3.0,
GRWRYYGEDDKENYEY,3,1,3.0,
GCWNRYGFYDQDSYEY,3,0,3.0,
GRWNRYGFEDQENYDY,3,0,3.0,
GRNLYYGHPEQYESYY,3,0,3.0,Rob_9820
GRCNRYGFYDQDNYEY,3,0,3.0,
GRWRYYGEDDQDNFDY,3,1,3.0,
GRWLRYGFYEQDNYDY,3,0,3.0,
GRWNYYGGEDQDNFDY,3,0,3.0,
GYNNYFGYGFQSEYNY,3,1,3.0,Rob_10596
GRWNHYGAGYQEEYDY,3,2,1.5,
GRWLYYGNYQQYDYPY,3,2,1.5,Rob_7614
GRWRCYGEDDQENYEY,3,1,3.0,
GRWNRYGCYDQDNYDY,3,0,3.0,
GRVWKHGLYSQDEFLY,3,1,3.0,
GRLNRYGFYDQDNYEY,3,0,3.0,
GRWFRFGSLDQVEHNY,3,1,3.0,
GRNANYGFSYQDDYYY,3,2,1.5,Rob_5574
GRNLYRGYENQGEYRY,3,2,1.5,Rob_5421
GRWNRYGEQDQYNFDY,3,0,3.0,
GRPNFFGYTDQHNYEY,3,0,3.0,Rob_12139
GRWNRYGESDQELQDY,3,1,3.0,
GRWYKYGPFDQDNFDY,3,0,3.0,
GRNEYRGYDLQEEYYY,3,0,3.0,Rob_10445
GRNNYYGYAIQWEYLY,3,0,3.0,Rob_10988
GRWNFYGQDDQDNYDY,3,2,1.5,
GRWDLFVSFDQDNYEY,3,1,3.0,
GRWNYYGANDQDEYSY,3,0,3.0,
GRNWHFGYHLQFEYWY,3,0,3.0,Rob_5759
GRWWRFGFTYQEEYLY,3,2,1.5,
GRWNRYGESDQDNYLY,3,0,3.0,
GRNLYYGLEFQELYSY,3,2,1.5,Rob_5230
GRWNYYGQTDQENYDY,3,0,3.0,
GRAWRYGLDYQLLESY,3,2,1.5,Rob_1275
GTAWNYGFDDQLLTNY,3,1,3.0,Rob_1297
GRWNRYGFYDQDNYDD,3,1,3.0,
GRPNYRGYEIQWEYSY,3,2,1.5,Rob_10306
GRWCYYGARDQDEYEY,3,0,3.0,
GRWYQYGYETQYLYEY,3,1,3.0,
GRWNRYEFYDQDNYDY,3,0,3.0,
GRWNRYEFEDQDNFGY,3,0,3.0,
GRWNRYGFYDQDNDDY,3,0,3.0,
GRWNRYGSRDQDLYDY,3,0,3.0,
GRCNYYGQYDQDQYEY,3,1,3.0,
GRWNRYVFYDQDNYEY,3,0,3.0,
GRTWRFGYEYQLEYEY,3,2,1.5,Rob_2266
GRWDLFGSYDQYNYDY,3,0,3.0,
GRWFRFGYSDQDQYDY,3,0,3.0,
GRWNRYGFEDQDDYPY,3,2,1.5,
GRSFRFGFGGQYEYQY,3,0,3.0,Rob_1882
GRNLYYGYSYQSEYYY,3,1,3.0,Rob_6043
GRWNRYGFYDHDSYDY,3,0,3.0,
GRPLNKGYFEQILYDY,3,1,3.0,Rob_9251
GFVYRYGSSVQWEYEM,3,2,1.5,
GFYYFMGSSMQCMYFF,3,1,3.0,
GRWNRYGFEDQNNYFY,3,2,1.5,
GRWLRFGYYDQDNFDY,3,0,3.0,
GFYMFYGSSFQCMYYA,3,2,1.5,
GRWDLFESYDQDNYEY,3,2,1.5,
GRWFQFGPEDQYNYDY,3,0,3.0,
GLWNRYGFEDQDNFGY,3,2,1.5,
GRWFRYGATDQENYEY,3,0,3.0,
GFCYRYGSSVQMCYEM,3,1,3.0,
GRWYRWGYYEQQLYDY,3,2,1.5,
GRWNRDGFYDQDNYDY,3,1,3.0,
GRWNRYGANDLDEYSY,3,2,1.5,
GRWNYYGQYDQDCYEY,3,0,3.0,
GRWNRYGQDDQYNYDY,3,0,3.0,
GQWNRYGAGEQLEYKY,3,0,3.0,
GRAWRFGYADQIEYQY,3,2,1.5,Rob_2908
VRWNFYGQDDQYNYDY,3,0,3.0,
GRWNRYGFYDQDNNDY,3,0,3.0,
GRWNPYGFYDQDNYDY,3,0,3.0,
GRTWRYGFGLQLEYFY,3,0,3.0,Rob_1879
GRPLRRGFSEQHLYDY,3,1,3.0,
GRWFKYGASDQEEYVY,3,1,3.0,
GRWNYYGESDQYSYNY,3,2,1.5,
VRWNYYGEYDQDNYEY,3,0,3.0,
GRPNYYGYYEQWGYSY,3,2,1.5,Rob_11290
GRWLHHVPEEQGNYDY,3,0,3.0,
GRWNYYGNYEQNEYYY,3,2,1.5,Rob_6324
GRNNYFGYEFQEEYLY,3,1,3.0,Rob_10770
GRWNRYGFENQDNFGY,3,1,3.0,
GRWNRYGFEDQDSYDY,3,0,3.0,
GRNNYYGFPVQYEYHY,3,2,1.5,Rob_10792
GRWWRFGESDQDNYSY,3,2,1.5,
GRWDLFGSYDQDNFGY,3,2,1.5,
GRWNRYGFYDHDSYEY,3,0,3.0,
GRWNRYGAGYQYEYDY,3,1,3.0,
GRWNRYGEQDRYNYEY,3,1,3.0,
GRWNYYGFYDQNEYEY,3,2,1.5,
GRSNWYGYDQQPDYSY,3,2,1.5,Rob_4384
GHWNRYGEQDQYNYEY,3,1,3.0,
GCWYRYGSDLQFSYDY,3,0,3.0,
GRWLRYGYEEQYLYDY,3,2,1.5,
GLSNVFGYDDQQEYLY,3,2,1.5,Rob_3505
GRWNRCGFEDQDNFGY,3,2,1.5,
GRPLWYGRYDQFLYDY,3,2,1.5,Rob_4032
GRVWRYGLDAQAEHFY,3,2,1.5,Rob_1749
GRNLYYGKGVQGEYIY,3,1,3.0,Rob_5098
GRNLYRGYDYQDEYYY,3,1,3.0,Rob_9726
GLPFRYGYADQVEYGY,3,1,3.0,Rob_8119
GRWRYFGPEDQDNYLY,3,2,1.5,
GHWRYYGANDQDEYEY,3,1,3.0,
GRWFRYGYWEQESYYY,3,0,3.0,
GRSWRFGFQNQGEYLY,3,1,3.0,Rob_2442
GRWNRFGKEDQRNYDY,3,0,3.0,
GRPNWRGYDEQGGYRY,3,2,1.5,Rob_9269
GRWNRYGFEDQDNFTY,3,2,1.5,
GRWLYFGPGEQSQFEY,3,1,3.0,
GRWDLFGKLDQDSYEY,3,2,1.5,
GRWDYFGSIDQNLYNY,3,1,3.0,Rob_8138
GYMFEYGSSVQMEYEM,3,1,3.0,
GRWNRYGFYDQYSYEY,3,0,3.0,
GKVWRYGLDGQYEHTY,3,1,3.0,Rob_1365
GRWQTYGSLWQAEHYY,3,2,1.5,Rob_968
GRWFKYGAGDQENYEY,3,2,1.5,
GRWRYYGANDQDEYEM,3,1,3.0,
GRWLRYGHLDQLNYSY,3,0,3.0,
GRWWRYGGDVQENYDY,3,2,1.5,
GRWNLYGGYDQDNYEY,3,1,3.0,
GFAMHYGSSEQWGYEY,3,1,3.0,
GRWLRYGQKDQTSYDY,3,2,1.5,
GRNNFYGYYEQDGYNY,3,1,3.0,Rob_7195
GRWNRYGANDQDEYRY,3,1,3.0,
GRWNRYGFYEQDNYNY,3,1,3.0,
GFYWIYGSSVQMEYYM,3,2,1.5,
GRWNRYGSSDQMEYEM,3,1,3.0,
GCWNYYGEYDQDNYEY,3,1,3.0,
GRVWRYGLYDQGEFQY,3,0,3.0,
GRWRYYGEYDQRNYEY,3,0,3.0,
GRWNYYGRYEQDNFQY,3,2,1.5,Rob_11032
GRPWQYGYLHQDEYLY,3,1,3.0,Rob_8404
GFAMHYGSSVQLAYAY,3,1,3.0,
GEMLRFGSSRQCRYWR,3,1,3.0,
GRWYKYGPFDQDKYTY,3,0,3.0,
GFEYRYGSSLQMEYEY,3,1,3.0,
GRWNRYGFEDLDNFGY,3,2,1.5,
GRSWSYGYGDQEEYSY,3,2,1.5,Rob_2775
GRWNYYGPTDQENYYY,3,0,3.0,
GRWDLLGSFDQDNYEY,3,2,1.5,
GRWFRYGYDEQGLYDY,3,1,3.0,
GRPNYYGYAEQYNYYY,3,2,1.5,Rob_10767
GFYWGYGSSMQCWYFF,3,0,3.0,
GRWNYYGSEDQIEKDY,3,2,1.5,Rob_2668
GRCNRYGEQDQYNYEY,3,0,3.0,
GFWYYCGSSFQCRYWR,3,1,3.0,
GRWRYYGEDDQENFDY,3,0,3.0,
GRTYRYGFGKQLEFEY,3,1,3.0,Rob_1903
GRNLYRGYLEQIETYY,3,2,1.5,Rob_9828
GRVWRFGLRYQIEYDY,3,2,1.5,Rob_630
GLWRYYGEDDQENYEY,3,0,3.0,
GRWNRFGYYDQENYEY,3,0,3.0,
GRLLHHGPEEQGNYDY,3,0,3.0,
GKWQKYGKPDQNEYYY,3,2,1.5,Rob_8546
GRWNRYGFEDQDNSGY,3,0,3.0,
GRLNYYGEYDQDNYEY,3,0,3.0,
GRWYHYGQFDQTSYRY,3,0,3.0,
GRWRYYGASDQDSYDY,3,1,3.0,
GRWLYYGNYEQWLYEM,3,0,3.0,
GHWNRYGFYDQDSYEY,3,0,3.0,
GRNNFYGYTDQDGYYY,3,1,3.0,Rob_12271
VRWNYYGQYDQDQYEY,3,1,3.0,
GRWNRYGPTYQENYDY,3,1,3.0,
GRWNRYGFYVQDNYDY,3,0,3.0,
GRWNRYGANYQDEYSY,3,0,3.0,
GRVHYRGKVYQLDYLY,3,2,1.5,Rob_2963
GRLNRYGPTDQENYDY,3,1,3.0,
GRTWRYGYNNQSEYDY,3,0,3.0,
GNWWRHGNDDQDSYYY,3,2,1.5,
VRWRYYGEDDQENYEY,2,1,2.0,
GRLNRYGAGYQEEYDY,2,0,2.0,
GEWWRMGSSFQCRYWR,2,1,2.0,
GRWWYTGPEDQDEFWY,2,0,2.0,
GRWFKYGPFDQYNYTY,2,0,2.0,
GRLDLFGSYDQDNYDY,2,0,2.0,
GHINYYGYYEQYLYDY,2,0,2.0,
GRWHRYGFYDQDNYDY,2,0,2.0,
GFMYHYGSSLQWMYEM,2,0,2.0,
GRWNYYGAYDQDNYEY,2,1,2.0,
GRWWRFGADEQQEYFY,2,0,2.0,
GRWYQYGYEQQSEYYY,2,0,2.0,
GRWQYYGGWAQYDYKY,2,0,2.0,Rob_4740
GRLRYYGSFDQDNYWY,2,0,2.0,
GFCQYYGSSMQMEYEW,2,1,2.0,
GRNNYYGYYDQSEYHY,2,1,2.0,Rob_5314
GFYWRYGSSLQCMYFF,2,0,2.0,
GRWNRYGFHDQDSYEY,2,0,2.0,
GFEYRYGSSMQMMYFY,2,0,2.0,
GRPNFFGYYEQWNYSY,2,1,2.0,Rob_11238
VRWYKYGPFDQDNYTY,2,0,2.0,
GRWWMFGSSAQCAYWA,2,0,2.0,
VRWDLFGSYDQDNYDY,2,1,2.0,
GRWNRYGFEEQDNFDY,2,0,2.0,
GFCLHYGSSDQWMYDM,2,0,2.0,
GRWYRFGYGDQAEYWY,2,0,2.0,
GRWWRYGHSDQEEYSY,2,0,2.0,
GRINYFGYSLQNLHPY,2,1,2.0,Rob_11564
GKWNYFGYWDQEEYYY,2,1,2.0,
GRGWCYGLFYQLEKEY,2,1,2.0,
GHWNRYGFYEQNTYEY,2,0,2.0,
GEWWYQGSSFQCRYWR,2,1,2.0,
GNNSYYGEQFQYEFLY,2,1,2.0,Rob_10492
GRWNRYGAGYQEEHDY,2,0,2.0,
GRCNYYGQYEQENYEY,2,0,2.0,
GRLNYYGFYDQNDYDY,2,0,2.0,
GRWNYYGEYDQDNYKY,2,1,2.0,
GRVWRYGLWDQGEYYY,2,0,2.0,
GRCNRYGAGYQEEYDY,2,0,2.0,
GRVWRFGYSDQSEYEM,2,0,2.0,
GRWWRYGYYDQNEYLY,2,1,2.0,
GRWNRCGANDQDEYSY,2,0,2.0,
GRWYRYGAGDQELYEY,2,0,2.0,
GRWNRYGSADQEEYYY,2,1,2.0,
GRNLRYGYSDQGGDLY,2,0,2.0,Rob_9578
GFWMYNGSSRQCRYPH,2,0,2.0,
GRPWLFGKNYQGRYWW,2,0,2.0,
GRWYRYGFEDQDNFGY,2,0,2.0,
GRVWNFGYNYQSEYFY,2,1,2.0,Rob_2847
GRWNRYGLSEQEEYEY,2,0,2.0,
GRTQYRGYIYQGEYYY,2,0,2.0,
GRWFRFGSSEQDEYYY,2,0,2.0,
GRGNRYGFEDQDNFGY,2,0,2.0,
GRWFRFGYDDQIEYQY,2,0,2.0,
GRPLYYGYNDQSPYEY,2,0,2.0,Rob_10623
GRWYYRGYYTQGDYEY,2,0,2.0,
GFYWMYGSSMQCLYFY,2,0,2.0,
GRWNYYGYYDQDNYDY,2,1,2.0,
GRWDFYGQCDQDNYNY,2,1,2.0,
GRWNRYGESDQYLYDY,2,1,2.0,
GRRNRYGFYDQDNYEY,2,0,2.0,
GRWNLFGPYEQWDYEY,2,1,2.0,Rob_11443
GFWMYNGSSRQCRYWR,2,1,2.0,
GRWNRNGFEDQDNFDY,2,0,2.0,
GCWNRYGFYDQDNYEY,2,0,2.0,
GRWNYYGRYDQENYEY,2,0,2.0,
GRWNYYGLYEQDLYEM,2,0,2.0,
GRSWRFGSGYQAEYDY,2,1,2.0,Rob_1857
GRWNRYGSEDQDNYDY,2,0,2.0,
GRWNYWGQYEQYLYDY,2,1,2.0,
GRWLRYGAGYQEEYFY,2,1,2.0,
GFYYILGSSFQCMYFF,2,0,2.0,
VRWNRYGFEDQDNFEY,2,0,2.0,
GRWDYYGYYDQNEYSY,2,0,2.0,
GRWDIYGSFEQESNDY,2,0,2.0,
GRWDRYGPTDQENYDY,2,1,2.0,
GRWNYYGESDQDSYSY,2,1,2.0,
GFNYIYGSSDQWEYEM,2,1,2.0,
GRWDLFGSYDHDNYNY,2,0,2.0,
GFCQAYGSSVQMGYEY,2,0,2.0,
GRNNFYGYSEQELYPY,2,1,2.0,Rob_6818
GRIWIYGGGHQEEYYY,2,1,2.0,Rob_1828
GCAWRFGYWDQIEYQY,2,1,2.0,
GEYYRFGSSFQCRYPR,2,0,2.0,
GRWLHHGPEERGNYDY,2,1,2.0,
GRRNRFGKEDQSNYDY,2,1,2.0,
GRWNRYGSYDQEEYIY,2,0,2.0,
GRWNFYGQNEQYNYDY,2,0,2.0,
GRWNRYGFEDQDNCGY,2,0,2.0,
GLWDLFGSYDQDNYDY,2,0,2.0,
GRWDYWGPYEQAHYSY,2,1,2.0,
GRVWNFGLEYQYEYLY,2,0,2.0,
GFCLHKGSSVQMEYYM,2,0,2.0,
GEWWKLGSSRQCWYYR,2,1,2.0,
GRWWRFGFNDQYEYEY,2,0,2.0,
GRWNYYGAYEQGNYEY,2,0,2.0,
GRWNYYGYYEQAEYQY,2,0,2.0,
GRWNRYGANDQDNFDY,2,0,2.0,
GRWLRFRYYDQENYEY,2,0,2.0,
GRANYFGLDEQYLYEY,2,1,2.0,
GRWNYYGFNDQDNFEY,2,0,2.0,
GSWHYFGESDQENYEY,2,0,2.0,
GPVNFYGYYEQSPYEY,2,1,2.0,Rob_11442
GRWNLFGKEDQSNYEY,2,1,2.0,
GRWNHFGLYEQDLYDY,2,1,2.0,
GRWNRFGPNDQDRYYY,2,0,2.0,
GRSNQYGGGGQFDYIY,2,1,2.0,Rob_3612
GRWNFYGQNNQYNYDY,2,1,2.0,
GRWDLFGKFDQHNYEY,2,1,2.0,
GRWNRYGFYYQDNYEY,2,0,2.0,
GRCNYYGFTDQDNFEY,2,1,2.0,
GRNNYYGYYEQDNYEY,2,1,2.0,Rob_7905
GRWNYYGGYYQYDYFY,2,0,2.0,
GRNMYYGYKEQDEYYY,2,0,2.0,
GRWNRYGASDQDEYSY,2,0,2.0,
GRSWRYGLLLQIEYDY,2,1,2.0,Rob_2761
GRWLYFGERLHGHFEY,2,0,2.0,
GRWNRFGKEDHSNYDY,2,1,2.0,
GRWLYYGGNYQESYEY,2,1,2.0,
GRSYRLGLYRQIEYEY,2,1,2.0,Rob_2785
GRWLRYGAGYREEYDY,2,1,2.0,
GRWYLYGPEDQKEKKY,2,0,2.0,Rob_6014
GRWNRYGFYEQSSYEY,2,0,2.0,
GRWLRFGYYDQEDYEY,2,0,2.0,
GFACAYGSSEQMKYYM,2,0,2.0,
GRWNYYVQYDQDGYEY,2,0,2.0,
GFPWRYGYFDQQEYDY,2,0,2.0,
GRPNYFGLDEQNLYEY,2,0,2.0,
GRWNRYGPADQENYDY,2,1,2.0,
GRWRYYGANDRDEYEY,2,0,2.0,
GRWDLFGSYDQDNYDC,2,1,2.0,
GRALRFGYWEQEEYEY,2,0,2.0,
GFIRYYGSSVQMEYEY,2,0,2.0,
GRNYRFGFYDQSAYQY,2,0,2.0,
GRWFRFGADDQYLYEY,2,1,2.0,
GRLYKYGPFDQDNYTY,2,0,2.0,
GRWNRYGSYDQDNYDY,2,1,2.0,
GRWFKYVPFDQDNYTY,2,0,2.0,
GRWNHYGFEDHDNFDY,2,0,2.0,
GFYWNYGSSDQMEYYM,2,0,2.0,
GRWRYYGARDQDEYYY,2,1,2.0,
GRWNYYGYYDQDLYDS,2,1,2.0,
GRWWCLGPADQTSYRY,2,0,2.0,
GRAEYYGFEDQDNFDY,2,0,2.0,
GFYWQYGSCMQCMYFF,2,0,2.0,
GRWNRYGPTDQENCDY,2,0,2.0,
GRWYRWGYYGQTEYEY,2,0,2.0,
GRWYSYGFEDQDNFDY,2,0,2.0,
GRWRYYGARYQDDYEY,2,1,2.0,
GFYWRYGPDEQVSHQY,2,1,2.0,
GRWNYYGKYDQDNYEY,2,0,2.0,
GRWNYYGEYDQNNYEY,2,0,2.0,
GFYMFWGSSYQCKYEY,2,0,2.0,
GRWNRYGFEDQDNYRY,2,0,2.0,
GRPYYYGYRLQWLYDY,2,0,2.0,Rob_5059
GRWNRYGGHDQDNYLY,2,0,2.0,
GRVKTYGASTQGEYFY,2,1,2.0,Rob_2548
GRWIRYGFEDQDNFDY,2,1,2.0,
GRWNFYGQDDQYNHDY,2,0,2.0,
GRAWRFGFRYQEELQY,2,1,2.0,Rob_1347
GRWNRYGFYDQDNYDH,2,0,2.0,
GRWNHYGFYDQDNYEY,2,0,2.0,
GRWNYYVQYDQDQYEY,2,1,2.0,
GRVWRFGYVDQLEYEY,2,0,2.0,
GRTRYLGKQTQYEYQY,2,1,2.0,Rob_9629
GLYWVYGSSMQCWYFF,2,0,2.0,
GRWFKYGASEQAEYNY,2,0,2.0,
GFWMYNGSSRQCRYYH,2,0,2.0,
GMYMYNGSSVQMAYEM,2,1,2.0,
GEWWMRGSSRQCFYYR,2,0,2.0,
GRWYRYGFEDQDNYDY,2,1,2.0,
GRWNRYGPTDQDNYDY,2,0,2.0,
GREWRYGKFYQYEYEY,2,0,2.0,Rob_2259
GRWWWYGPVYQGSYDY,2,0,2.0,
GRWNYYGQYDQDQYKY,2,0,2.0,
GRWNYYGYYYQDLYDY,2,1,2.0,
GRVWRYGSSMQCLYFF,2,0,2.0,
GKPYRYGYRDQALYNY,2,0,2.0,Rob_8375
GRWYRFGPQDQNNYDY,2,0,2.0,
GRWDLFESYDQDNYDY,2,0,2.0,
GRWYKYGPYDQDNYWY,2,0,2.0,
GRNDYFGSYEQEEYEY,2,1,2.0,Rob_7668
GEWYYNGSSFQCRYPW,2,1,2.0,
VRWRYYGEDDQRNYEY,2,1,2.0,
GRWLRFGYYDQENYYY,2,0,2.0,
GRWNRYGFYDRDSYEY,2,0,2.0,
GRPNYFGYYNQGNYKY,2,0,2.0,Rob_11248
GRVWRYGYDLQYEYRY,2,0,2.0,
GRWDPFGSYDQDNYDY,2,0,2.0,
GRLNYYGYYAQDDYYY,2,0,2.0,Rob_7509
GRVFNYGLYDQLEFDY,2,0,2.0,
GKAFKYGYSIQESYYY,2,0,2.0,
GNPNYYGYYEQYLYNY,2,1,2.0,Rob_6593
GRWWYFGPEDQDEYTY,2,0,2.0,
GRVWRYGPDDQLRYKY,2,0,2.0,
GRVNFFGYYEQPLKPY,2,1,2.0,Rob_12393
GRVWQYGFGYQLEYEY,2,0,2.0,
GRIWNFGFRVQIDYYY,2,1,2.0,Rob_9100
GRGNRYGFYEQDNYDY,2,0,2.0,
GRWNRYGEYEQTSYEY,2,1,2.0,
GRWDLFGKYDQDNYEM,2,0,2.0,
GRNNYYGYSDQWEYYY,2,1,2.0,Rob_10510
GRPLWRGYDEQYNYEY,2,0,2.0,
GRWYRYGFEDQDNYEY,2,0,2.0,
GRWNYYGQYEHTSYDY,2,0,2.0,
GHWNFYGQDEQYNYDY,2,0,2.0,
GRLNRFGYSEQGLYEY,2,0,2.0,
GRWLHYGQYDQDQYYY,2,1,2.0,
GRPLWYRYEDQLLRWY,2,0,2.0,
GRWFKYGASDQALYHY,2,0,2.0,
GRWFKYGAGDQELYEM,2,1,2.0,
GRCNRYGANDQDEYSY,2,1,2.0,
GRWQRFGYYDQENYEY,2,0,2.0,
GRWNRYGFYDLDNYDY,2,0,2.0,
GRWNYYVQYEQENYEY,2,0,2.0,
GRNANYGFSYQDDYWY,2,1,2.0,Rob_5577
GRWNRYGFYDQYNYEY,2,1,2.0,
GRWRYYGSRDQDEYEY,2,0,2.0,
GRWNRYGFEDQYNYEY,2,0,2.0,
GRWNRYGERDQYNYEY,2,0,2.0,
GRWNRYGFEDQENFGY,2,1,2.0,
GFYYFLGSSRQCRYWW,2,0,2.0,
GRWNIFGNYDLILYEY,2,0,2.0,
GRCNRYGFYDQDSYEY,2,0,2.0,
GRWNRYGAGYQEECDY,2,0,2.0,
GNWDYFGSEYQESYHY,2,0,2.0,
GEWWQFGSSHQCRYWW,2,0,2.0,
GRWNRYGFEDPDNFGY,2,0,2.0,
GFYYILGSSFKCMYYY,2,0,2.0,
GRSWSYGLQDQMEYEY,2,0,2.0,
GHWYRYGFEDQDNFDY,2,0,2.0,
GRINFYGYYEQYLYNY,2,1,2.0,Rob_11382
GRWLRFGADDQDEYLY,2,1,2.0,
GRNDFYGPYDQESYWY,2,1,2.0,
GRPNYYGYEDQGDYWY,2,1,2.0,Rob_6657
GFNMIYGSSVQDEYHM,2,1,2.0,
GCWNRYGPTDQENYDY,2,1,2.0,
GRVLRFGFSYQEEYFY,2,1,2.0,Rob_2182
GRWNYYGFADQDNFEY,2,1,2.0,
GEWWTNGSSRQCMYYR,2,0,2.0,
GRWRYFGPRDQDNYNY,2,1,2.0,
GHWDLFGSYDQDNYDY,2,1,2.0,
GFYWNYGSSVQCEYEM,2,0,2.0,
GNSWRFGYDLQYEYLY,2,1,2.0,Rob_8597
GRWRYFGPFYQGDFLY,2,0,2.0,
GFEMKYGSSMQCMYFF,2,0,2.0,
GRWRYYGSFDQDNYGY,2,1,2.0,
GFYWAYGSSMQCLYFY,2,1,2.0,
GRWNRYGANDKDEYSY,2,1,2.0,
GRNWLYGGYLQSETYY,2,1,2.0,Rob_5366
GRCNRYGFEDQDNFEY,2,0,2.0,
GEYWMMGSSRQCRYWR,2,0,2.0,
GRWRYYGEYEQDNYDY,2,1,2.0,
GRWYNFGQDDQYEYQY,2,0,2.0,
GRWKYFGAAGQENYDY,2,0,2.0,Rob_6142
GRWFQFGPEDRGNYEY,2,0,2.0,
GRAWRYGPDSQHSYRY,2,0,2.0,
GRWNRYGFEYQDNFYY,2,0,2.0,
GRAWRYGYSWQNEYTY,2,1,2.0,Rob_2352
GRCNYYGPTDQENYDY,2,0,2.0,
GRWNSFGKEDQSNYDY,2,1,2.0,
GRNNYYGYNDQDDYLY,2,1,2.0,Rob_6061
GRWNRHGPTDQENYDY,2,0,2.0,
GRNLSYGFGYQFEYGY,2,1,2.0,Rob_6000
GRWNRYGQTDQENYDY,2,0,2.0,
GRSWSYGFYDQGEYSY,2,0,2.0,
GRWQYYGYYEQRLYPY,2,1,2.0,Rob_7013
GPPDYFGYYEQDLYDY,2,0,2.0,
GRWLRFGFYDQDNYDY,2,1,2.0,
GRGNYYGFTDQDNFEY,2,0,2.0,
GRWLHHGPEEPGNYDY,2,0,2.0,
GRWHYFGESDKENYHY,2,0,2.0,
GKWNRYGANDQDEYSY,2,1,2.0,
GYNYQFGLPDQYEYIY,2,1,2.0,
GRRNFYGQDEQYNYDY,2,0,2.0,
GRTWRYGYQDQSLYNY,2,1,2.0,Rob_8930
GRPLYYGFEDQINYAY,2,0,2.0,
GRWWRFGATDQDNYEY,2,0,2.0,
GFYWCYGSSMQCWYFF,2,0,2.0,
GEWWHFGSSRQCRYWY,2,1,2.0,
GRWNRYGFEDQDNFDH,2,0,2.0,
GRWNRYGESDQDNYSY,2,0,2.0,
GRWYKYGPYDQYNYTY,2,0,2.0,
GRWNFFGSYDQDEYYY,2,1,2.0,
GRWNRYGFYEQDAYNY,2,0,2.0,
GRWNLYGGYDQDDYKS,2,0,2.0,
GRWDLFVKFDQDNYEY,2,0,2.0,
GRWNRYGAGYREEYDY,2,1,2.0,
GYPLYRGLEDQDNYSY,2,1,2.0,Rob_5070
GSWLRYGYYDQFNYDY,2,0,2.0,
GRNEYYGYWDQTEYYY,2,1,2.0,Rob_9580
GRNFNYGYWYQQEHEY,2,1,2.0,Rob_3309
GRWNRYGYEDQDNYDY,2,0,2.0,
GRPLYYGYGEQRGYTY,2,1,2.0,
GFCLYMGSSVQMEYYW,2,1,2.0,
GRWYRYGFEDQDNSDY,2,0,2.0,
GRWLRFGFEDQDNFDY,2,0,2.0,
GFERYYGSSVQMCYYM,2,1,2.0,
GRWRRYGLNDQHELWY,2,1,2.0,
GRSFRFGSEYQKEHEY,2,1,2.0,Rob_1544
GEMMRFGSSRQCRYWW,2,0,2.0,
GRPNYYGYNEQLLYDY,2,0,2.0,
GRWNRYGAGYQDEYLY,2,0,2.0,
GRWNRYGFYDQDGYEY,2,0,2.0,
VRWWKYGAYDQFEEYY,2,0,2.0,
GRVLKFGFGFQIEFQY,2,0,2.0,Rob_2034
GRVWRFGFGEQIEYYY,2,0,2.0,
GKSLWYGDIDQKENHY,2,0,2.0,Rob_1079
GEWWLFGSSMQCLYFF,2,0,2.0,
GRNLKYGYLQQGEYYY,2,0,2.0,Rob_5227
GRWNRFGKEDHSNYEY,2,0,2.0,
GRWNLYGYEDQNLYDY,2,0,2.0,
GRPLNKGYPEQYLYEY,2,1,2.0,
GRVWKFGLEYQYEYYY,2,1,2.0,Rob_869
GRWDHYGYYDQSEYEY,2,0,2.0,
GRWNRYGFYEQDNFGY,2,0,2.0,
GRWNRYGHGEQDLYEY,2,1,2.0,
GFCQHWGSSVQDLYYM,2,0,2.0,
GRWNRYGFYEQENYYY,2,0,2.0,
GRNNYFGYYDQYEYSY,2,0,2.0,Rob_10805
GEYNMFGSSRQCRYWR,2,1,2.0,
GRVWKFGFGFQLEHYY,2,1,2.0,Rob_1530
GRRNFYGFEEQSAYEY,2,0,2.0,
GRWWRFGDYNQSRYFF,2,0,2.0,
GEWWTMGSSRQCEYYR,2,0,2.0,
GEWWMMGSSRQCWYYR,2,1,2.0,
GRCNYYGERDQENYEY,2,0,2.0,
GRSWRYGYEDQAEYEY,2,1,2.0,Rob_3202
GRWNYCGESDQDSYKY,2,0,2.0,
GRWWKFGNTLQDEYNY,2,0,2.0,Rob_3734
GRWRYWGYYEQDDYEY,2,0,2.0,
GRWDQYGSYDQDNYEY,2,0,2.0,
GRWNFYGYYEQINYDY,2,0,2.0,
GRWNRYGFYDQDSYEC,2,0,2.0,
GRWDLYGSYDQDNYDY,2,0,2.0,
GRWYHYGFEDQDNFDY,2,0,2.0,
GRNEYFGYPWQYEYYY,2,1,2.0,Rob_10036
GRWRYYGEEDQDNFDY,2,0,2.0,
GFYWKYGSSDQMCYEM,2,0,2.0,
GRWYKYGPLDQDNYTY,2,0,2.0,
GRAWKFVLNYQEEYSY,2,0,2.0,
GRWWRFGPAVQVDYYY,2,1,2.0,Rob_4562
GFPWRYGYQDRYEYDY,2,1,2.0,
GRWNRYGFEDQDNFRY,2,0,2.0,
GRWFRYGFEDQDNFDY,2,0,2.0,
GFMYHYGSSLQWLYEM,2,1,2.0,
GRLNRFGKEDQSNYDY,2,0,2.0,
GRWNRHGFYEQDNYDY,2,0,2.0,
GRWNRYGAGYQEEYHY,2,0,2.0,
GRWYKYGNYDQDNYNY,2,0,2.0,
GFYWRYGSSVQDEYEW,2,0,2.0,
GRWNRYGAGYQEDYDY,2,1,2.0,
GFAAAYGSSDQMKYYM,2,0,2.0,
GRWWRYRPDFQGRYIY,2,1,2.0,
GRWRYYGASDRDEYEY,2,0,2.0,
GRWRYYGNADQIEYLY,2,0,2.0,
GKWNYFGNQWQDLYDY,2,0,2.0,Rob_2874
GRWLRYGAGYQEDYYY,2,0,2.0,
GFRMYYGSSMQCWYFF,2,0,2.0,
GRNNYFGYYEQYEYKY,2,0,2.0,
GRWNRYGANDQAEYSY,2,1,2.0,
GRSYRWGRLYQLSYQY,2,1,2.0,Rob_9168
GEWWLFGSSRQYRYWR,2,0,2.0,
GRWNCYGPTDQENYDY,2,0,2.0,
GRWNFYGQNDQYYYDY,2,0,2.0,
GFELYMGSSVQMEYFM,2,0,2.0,
GRWHYFGPSDQYNYLY,2,0,2.0,
GRWNFYGAYEQYLYDY,2,0,2.0,
GRSNRYGPTDQENYDY,2,0,2.0,
GFPNYFGYYEQWNFSY,2,1,2.0,
GRNNYFGYYDQYGYSY,2,1,2.0,Rob_6286
GRWFTYGASDQFEYEY,2,0,2.0,
GRWLRFGADDQDVYNY,2,0,2.0,
GEWNKFGSSRQCRYWY,2,0,2.0,
GRWNRYGFYDKDSYEY,2,0,2.0,
GRNFRFGYRYQGEYQY,2,1,2.0,Rob_10000
GRNLYRGYEYQSEYTY,2,1,2.0,Rob_5418
GNPNFYGYYDQYLYKY,2,1,2.0,Rob_11520
GRWNCYGQDDQYNYDY,2,1,2.0,
GFYWTYGSSMQRMYFF,2,1,2.0,
VRWNRYGANDQDEYSY,2,1,2.0,
GFEYKYGSSMQCMYFF,2,0,2.0,
GCWNRYGAGYQEEYDY,2,1,2.0,
GRWNYYGQYYQDQYEY,2,0,2.0,
GRWWRYGSSVQCMYEM,2,0,2.0,
GRWWSFGASDQLELYY,2,0,2.0,
GRWLWLGPDVQITYLY,2,1,2.0,
GRNRYYGFDDQYEFYY,2,1,2.0,Rob_6102
GRRNRYGAGYQEEYDY,2,1,2.0,
RRWRYYGEDDQENYEY,2,1,2.0,
GRWLRYGLYEQEEYYY,2,0,2.0,
GRWFRYGPTDQLRYYS,2,0,2.0,
GRWNFYGQYDQDNYDY,2,1,2.0,
GRWWRYGERDQELYDY,2,1,2.0,
GRWRYFGASDQDEYEY,2,0,2.0,
GRWNRYGFEDHDNFEY,2,1,2.0,
GRWWKYGAIDQALYRY,2,1,2.0,
GRNLYFGYEEQDEYFY,2,1,2.0,Rob_5358
GEYYRFGSSFQCRYWR,2,1,2.0,
GRWDMFGSFDQDNYDY,2,0,2.0,
GRWNCYGEQDQYNYEY,2,1,2.0,
GRWNRFGKEDQSDYDY,2,0,2.0,
GRWNRAGYYEQDLYDY,2,1,2.0,
GRWNRSGFEDQDNFDY,2,0,2.0,
GRWNYYGQYDQDYYEY,2,0,2.0,
GRLFKYGASDQALYDY,2,0,2.0,
GRWLWRGDRLQYDYLY,2,0,2.0,
