Sequence,Count_binding,Count_nsbinding,Enrichment_factor,ID
GRWNRYGFEDQDNFDY,562240,101392,5.545210667508285,Rob_7859
GRWNRYGFYDQDNYDY,289591,68454,4.2304467233470655,Rob_7861
GRWDLFGSYDQDNYEY,175336,89427,1.9606606505865118,Rob_6732
GRWNRYGFEDQDNFGY,112391,26068,4.31145465705079,Rob_7858
GRWDLFGSFDQDNYEY,88902,72080,1.233379578246393,Rob_6731
GRWLRFGYYDQENYEY,32841,12707,2.5844809947273157,Rob_11385
GRWNRYGFYEQDNYDY,31158,14937,2.085961036352681,Rob_7862
GRWRYYGEDDQENYEY,29053,14268,2.0362349313148305,Rob_7292
GRWNYYGEYDQDNYEY,27137,11948,2.2712587880816875,Rob_11626
GRWNRYGANDQDEYSY,24700,9612,2.569704535996671,Rob_2381
GRWNRYGPTDQENYDY,21680,8608,2.5185873605947955,Rob_6525
GRWNYYGFTDQDNFEY,18922,8185,2.3117898594990836,Rob_11394
GRWNFYGQDDQYNYDY,15574,6779,2.2973889954270543,Rob_12063
GRWNRYGAGYQEEYDY,11649,3006,3.875249500998004,Rob_1995
GRWDLFGSYDQDNYDY,11622,3362,3.4568709101725164,
GRWNYYGQYDQDQYEY,11102,6392,1.7368585732165207,Rob_11763
GRWYKYGPYDQDNYTY,9250,4329,2.1367521367521367,Rob_5473
GRWYKYGPFDQDNYTY,8695,4326,2.0099398982894128,Rob_5472
GRWLHHGPEEQGNYDY,7591,6136,1.2371251629726205,Rob_5437
GRWNYYGGEDQDSYYY,7585,5007,1.5148791691631716,Rob_11800
GRWNRYGEQDQYNYEY,6660,2601,2.5605536332179932,Rob_7571
GRWFKYGPFDQDNYTY,5901,4613,1.2792109256449165,Rob_5470
GRWNRYGFYDQDNYEY,5669,1722,3.2921022067363532,
GRWNYYGQYDQDGYEY,4172,2409,1.7318389373183893,Rob_11232
GRWNYYGESDQDSYKY,3944,1698,2.3227326266195525,Rob_12068
GRWFKYGASDQALYDY,3856,2334,1.6520994001713796,Rob_8618
GRWNRFGPNDQDSYYY,3732,1434,2.602510460251046,Rob_9615
GRWNYYGERDQENYEY,3701,2677,1.3825177437429959,Rob_11007
GRWNRYGFEDQDNFEY,3232,903,3.5791805094130678,
GRWNYYGYYDQDLYDY,3221,2616,1.231269113149847,Rob_7964
GRWDLFGSFDQDNYDY,3119,1163,2.6818572656921753,
GRWNHFGWYEQDLYDY,2896,2828,1.024045261669024,Rob_11699
GRWRFYGPQDQENYAY,2741,1670,1.641317365269461,Rob_5889
GRWYRWGYYEQTEYEY,2738,1394,1.964131994261119,Rob_12116
GRWYRYGFEDQDNFDY,2535,276,9.184782608695652,
GRWNYYGPTDQENYDY,2528,1528,1.6544502617801047,Rob_6524
GRWRYYGANDQDEYEY,2468,1462,1.6880984952120384,Rob_2311
GRWNFYGQNDQYNYDY,2371,1962,1.208460754332314,Rob_12065
GRWNYYGRDDQENYEY,2281,1662,1.3724428399518651,Rob_11009
GRWNFYGQDEQYNYDY,2246,1347,1.6674090571640683,Rob_12062
GRWLRYGGHDQDNYLY,2094,1664,1.2584134615384615,Rob_4934
GRWNRYGFYDQDSYEY,1934,345,5.605797101449276,
GRWHYFGESDQENYEY,1827,1567,1.165922144224633,Rob_9881
GRWNRYGFYEQNTYEY,1803,977,1.8454452405322415,Rob_6827
GRWNYYGESDQENYEY,1606,1054,1.523719165085389,Rob_11008
GRWRYYGARDQDEYEY,1603,1087,1.4747010119595216,Rob_2309
GRWNRYGHSEQDLYEY,1555,1113,1.3971248876909255,Rob_6446
GRWNYYGYYEQDNYEY,1537,770,1.9961038961038962,Rob_11664
GRWNKFGQDDQFNYQY,1507,1121,1.344335414808207,Rob_5914
GRWNYYGGEDQDSYPY,1462,1137,1.2858399296394019,Rob_11802
GRWNYYGPYDQDNYEY,1436,854,1.6814988290398127,Rob_11887
GRWNYYGQYEQTSYDY,1395,622,2.242765273311897,Rob_7594
GRWDLFGKYDQDNYDY,1392,942,1.4777070063694266,
GRWNRYGFYDQDSYDY,1387,287,4.832752613240418,
GRWYRYGSDLQFSYDY,1367,852,1.6044600938967135,Rob_5369
GRWHYFGPSDQDNYLY,1305,963,1.355140186915888,Rob_9875
GRWNRFGKEDQSNYEY,1304,1157,1.1270527225583404,Rob_11862
GRWNFYGQSDQYNYDY,1237,1164,1.0627147766323024,Rob_12064
GRWYRWGYYEQVEYEY,1223,1001,1.2217782217782218,Rob_12117
GRWNYFGPYDQDNYEY,1214,975,1.245128205128205,Rob_12217
GRWNRFGYSEQGLYEY,1210,1038,1.165703275529865,Rob_6443
GRWNYYGYYEQTSYDY,1193,715,1.6685314685314685,Rob_7593
GRWNYYGFYEQSSYEY,1160,736,1.576086956521739,Rob_7299
GRWWRYGNEDQDNYGY,1132,912,1.2412280701754386,Rob_4030
GRWNYYGPDDQLNYSY,1123,590,1.9033898305084747,Rob_6121
GRWLRYGHDDQLNYYY,1119,896,1.2488839285714286,Rob_12017
GRWLKYGNYEQDNYEY,1101,393,2.801526717557252,Rob_7680
GRWFRYGASDQGEYEY,1090,1059,1.0292728989612843,Rob_3680
GRWNRYGFDDQDNFGY,1065,222,4.797297297297297,
GRWFLYGSDDQDTYSY,992,963,1.0301142263759087,Rob_5957
GRWNRFGFYDQDNYDY,953,374,2.5481283422459895,
GRWRYYGEDDQRNYDY,952,543,1.7532228360957642,
GRWRYYGASDQDEYEY,939,613,1.531810766721044,Rob_2313
GRWFRYGAHDQSSYNY,903,759,1.1897233201581028,Rob_5289
GRWFRFGQEDQQLYDY,879,856,1.0268691588785046,Rob_5503
GRWNYYGQYDQDEYEY,876,671,1.3055141579731744,Rob_11767
GRWNRYGFEDQDNFYY,856,21,40.76190476190476,
GRWLRFGYYDQENYDY,809,196,4.127551020408164,
GRWDFYGQRDQDNYNY,771,312,2.4711538461538463,Rob_11904
GRWNRYGYYEQSLYEY,743,619,1.2003231017770597,Rob_12119
GRWNYYGFYEQDAYNY,721,359,2.0083565459610027,Rob_6845
GRWNYYGQYEQENYEY,691,520,1.3288461538461538,Rob_11045
GRWNYYGFYDQYSYEY,689,349,1.9742120343839542,Rob_11994
GRWNYYGQYDQDQYDY,686,184,3.7282608695652173,
GRWNYWGYYEQVNHDY,656,365,1.7972602739726027,Rob_11988
GRWRYYGEDDQENYDY,610,179,3.4078212290502794,
GRWNRYGFDDQDNFDY,606,122,4.967213114754099,
GRWYKYGPDYQENYEY,601,441,1.36281179138322,Rob_6148
GRWNYYGQFDQYSYEY,597,465,1.2838709677419355,Rob_12053
GRWNYFGANDQNNYDY,597,512,1.166015625,Rob_9697
GRWYHYGQTDQSNYYY,572,353,1.6203966005665722,Rob_5124
GRWDLFGKFDQDNYDY,568,545,1.0422018348623854,
GRWRYYGSFDQDNYWY,561,363,1.5454545454545454,Rob_6523
GRWLRYGYDDQDGYYY,556,151,3.6821192052980134,
GRWNYYGEYDQDNYDY,542,177,3.062146892655367,
GRWRFYGPQDQDNYEY,538,299,1.7993311036789297,
GNWFRYGYYDQDTYSY,534,135,3.9555555555555557,
GRWNYYGGEDQDSYDY,531,184,2.885869565217391,
GRWNYYGEYEQTSYEY,531,337,1.57566765578635,Rob_7297
GRWNYYGNYDQDSYAY,499,365,1.367123287671233,Rob_7485
GHWNRYGFYDQDNYDY,486,109,4.458715596330276,
GRWNRYGAGYQEEYEY,481,123,3.910569105691057,
GRWRYYGARYQDEYEY,478,278,1.7194244604316546,Rob_2308
GRWNYYGPDDQYNYSY,476,259,1.837837837837838,Rob_6122
GRWNYFGAHDQNNYDY,474,380,1.2473684210526317,Rob_9696
GRWHKYGSYEQYNYNY,457,177,2.5819209039548023,Rob_5841
GRWYKYGPYLQDNYTY,451,334,1.3502994011976048,Rob_5474
GRWNYYGFYDQNQYDY,437,182,2.401098901098901,Rob_7783
GRWNYYGPYSQDDYEY,436,269,1.620817843866171,Rob_7495
GRWNSYGFEDQDNFDY,427,8,53.375,
GRWLRYGAGYQEEYDY,422,334,1.2634730538922156,Rob_1994
GRWDKYGSSFQDEYDY,421,368,1.1440217391304348,Vsig4_WT
GRWNYYGQYEQYSYDY,410,322,1.2732919254658386,Rob_7595
GRWNRYGFEDHDNFDY,406,22,18.454545454545453,
GRWYHYGQTDQSNYNY,396,81,4.888888888888889,
GRWFRFGSSEQENYRY,395,380,1.0394736842105263,Rob_5842
GRWNRYGGWEQENYYY,395,366,1.0792349726775956,Rob_10070
GRCNRYGFEDQDNFDY,393,15,26.2,
GRWNHYGFEDQDNFDY,389,55,7.072727272727272,
GRWNYYGQYDQDDYEY,389,265,1.4679245283018867,Rob_11762
GRWNYYGYYEQENYTY,388,208,1.8653846153846154,Rob_11040
GRWNKYGPDSQDNYSY,382,265,1.441509433962264,Rob_4666
GRWNRYGFEDLDNFDY,378,60,6.3,
GRWNRYGFEDQDNYDY,368,49,7.510204081632653,
GRWNRYGFEDQDNYEY,364,57,6.385964912280702,
GRWNRYGFYDQDNYYY,359,32,11.21875,
GRWNRYGYDDQEEYFY,358,83,4.313253012048193,
GRWNYYGYYEQDLYDY,357,340,1.05,Rob_11114
GRWYKYGPYDQDNYLY,354,113,3.1327433628318584,
GNWNYYGYYEQENYTY,353,315,1.1206349206349207,Rob_11041
GRWNYYGPYEQNDYEY,353,241,1.4647302904564314,Rob_6821
GRWNRYGHSEQGLYEY,347,329,1.0547112462006079,Rob_6445
GRWNFYGYYEQKNHDY,347,190,1.8263157894736841,Rob_7428
GRWNRYVFEDQDNFDY,345,9,38.333333333333336,
GRWNRYGFYDQDIYDY,339,92,3.6847826086956523,
GRWNRYGSYEQNTYEY,338,212,1.5943396226415094,Rob_6825
GRWNRYGAYEQNTYEY,336,288,1.1666666666666667,Rob_6826
GRNNYYGFDDQQEYYY,334,167,2.0,Rob_5386
GRWDLFGSYDHDNYEY,332,192,1.7291666666666667,
GRWRFYGPQDQSNYAY,331,215,1.5395348837209302,Rob_5890
GRWNLYGKYEQDSYDY,330,224,1.4732142857142858,Rob_11217
GRWNRFGPNDQDEYYY,328,305,1.0754098360655737,Rob_9616
GRWNYYGYYEQLLYDY,327,314,1.0414012738853504,Rob_6533
GRWNYYGFYDQYNYEY,326,261,1.2490421455938698,Rob_11993
GRWNFYGQSEQYNYDY,323,206,1.5679611650485437,Rob_12061
GRWNYYGGEDQASYSY,323,257,1.2568093385214008,Rob_11803
GRWFYFGPDDQGNYLY,317,195,1.6256410256410256,Rob_5616
GHWNRYGFEDQDNFDY,312,60,5.2,
GRWDLFGSFDQDGYDY,290,236,1.228813559322034,
GRWNFYGFEDQDNFDY,287,75,3.8266666666666667,
GRWNFYGQYEQLNYEY,287,283,1.0141342756183747,Rob_11844
GRWNRYGFYDQDNYDS,284,100,2.84,
GRWNYYGFYDQNEYAY,273,174,1.5689655172413792,Rob_7035
GRWNFYGQYEQNNYDY,271,208,1.3028846153846154,Rob_12047
GRWNFYGEYEQDNYYY,269,217,1.23963133640553,Rob_11624
GRWFRYGSDLQVNYEY,268,228,1.1754385964912282,Rob_5279
GRWRYYGEDEQRNYDY,265,46,5.760869565217392,
GRWNYYGYYEQLNYYY,261,123,2.1219512195121952,Rob_11843
GRLNRYGFEDQDNFDY,261,6,43.5,
GRWYNYGSEFQLNYHY,256,130,1.9692307692307693,Rob_4897
GRWNHYGFEDQWEYSY,249,36,6.916666666666667,
GRWNRYGFEDRDNFDY,249,38,6.552631578947368,
GRWNRYGFEDQDNFGF,244,67,3.6417910447761193,
GRWNRYGFYDHDNYDY,241,18,13.38888888888889,
GRWDLFGSYDQDNYNY,237,60,3.95,
GRWYHYGQFDQSNYQY,235,228,1.030701754385965,Rob_5126
GRWNRYGFYDQDNFDY,229,12,19.083333333333332,
GRWNRYGFEDQDNFDF,225,21,10.714285714285714,
VRWNRYGFEDQDNFDY,225,5,45.0,
GRWNYYGYYEQNGYDY,225,128,1.7578125,Rob_7586
GRWNYYGSYDQESYNY,222,193,1.150259067357513,Rob_11250
GRWFNYGEDDQYNYYY,222,213,1.0422535211267605,Rob_4921
GRWNYYGYYEQENYYY,219,115,1.9043478260869566,Rob_12133
GRWNYYGYYDQLLYDY,219,189,1.1587301587301588,Rob_7965
GRWNFYGQNDQINYDY,218,191,1.1413612565445026,Rob_12066
GRWNRYGFYDQDNYDF,218,59,3.694915254237288,
GRCNRYGFYDQDNYDY,209,4,52.25,
GRWNRYGFEDQDSYYY,204,18,11.333333333333334,
GRWDLFGSYDQDNYGY,203,135,1.5037037037037038,
GRWNRYGPTDQENYEY,201,95,2.1157894736842104,
GRWNRYGFEDQYNFDY,201,11,18.272727272727273,
GRWDLFGSFDQDNYGY,197,95,2.0736842105263156,
GRWHYFGESDQENYHY,196,164,1.1951219512195121,Rob_9880
GRWDLFGSFDQDNYAY,195,103,1.8932038834951457,
GRWNHYGFYDQDNYDY,192,38,5.052631578947368,
GRWNYYGEYDQSNYEY,190,159,1.1949685534591195,Rob_11628
GRWNYYGYYEQTPYDY,188,64,2.9375,Rob_7592
GRWNFYGSEEQETYSY,188,170,1.1058823529411765,Rob_6410
GRWNRYGFYEQDNYEY,187,167,1.1197604790419162,
GRWNYYGQYSQDGYEY,187,60,3.1166666666666667,Rob_11233
GRWNSYGFYDQDNYDY,186,9,20.666666666666668,
GRWYHYGQTDQINYGY,178,129,1.37984496124031,Rob_5123
GRWLRYGYDDQLNYYY,175,85,2.0588235294117645,
GRRNRYGFEDQDNFDY,167,30,5.566666666666666,
GRWRFYGPQDQTNYAY,167,150,1.1133333333333333,Rob_5891
GRWDLFGSYDQDNYYY,165,81,2.037037037037037,
GRWNRYGSADQEDYNY,165,119,1.3865546218487395,Rob_3896
GRWYKYGPFDQDNYSY,165,41,4.024390243902439,
GRWNRYVFYDQDNYDY,164,4,41.0,
GRWNFYGYYEQSSYAY,162,116,1.396551724137931,Rob_6428
GRWDLFGSFDQDYYEY,162,141,1.148936170212766,
GRWNYYGEYDRDNYEY,160,95,1.6842105263157894,
GRWYNFGAGDQLNYNY,160,139,1.1510791366906474,Rob_5261
GRWLRYGHDDQLNYEY,160,51,3.1372549019607843,
GRWNKYGPDSQENYEY,158,123,1.2845528455284554,Rob_6145
GRWNRYGFEDQDNFSY,156,39,4.0,
GRWNYYGYYEQTGYDY,156,130,1.2,Rob_7591
GRWNRYGFEDPDNFDY,155,24,6.458333333333333,
GRWNRYGQEDQDSYRY,153,30,5.1,
GRWNYYGGEDQDNYDY,151,98,1.5408163265306123,
GRWNYYGNYEQRNYDY,147,100,1.47,Rob_12260
GRWNRYGFEDQDNYSY,146,28,5.214285714285714,
GRWNRYGFEDQDNFAY,145,25,5.8,
GRWNYYGQYEQNNYDY,140,135,1.037037037037037,Rob_12048
GRWNYFGNYDQDSYAY,137,118,1.1610169491525424,Rob_7484
GRWLRYGNEQQNNYDY,137,87,1.5747126436781609,Rob_5604
GRWNRYGAGYQEEYYY,136,29,4.689655172413793,
GRWNYYGSFDQYNYGY,136,119,1.1428571428571428,Rob_7249
GRWNYYGERDQENYDY,136,38,3.5789473684210527,
GRWNYFGNYDQDSYRY,129,113,1.1415929203539823,Rob_7483
GRWYHYGQTDQSNYWY,128,95,1.3473684210526315,Rob_5125
GRWNFYGEYEQDSYQY,126,110,1.1454545454545455,Rob_6841
GRWWRFGQRDQDNYNY,126,18,7.0,
GRWNRYGFEYQDNFDY,125,5,25.0,
GRWNRYGEQDQDNYYY,125,34,3.676470588235294,
GRLDLFGSYDQDNYEY,124,9,13.777777777777779,
GRWYKYGPWLQDNYTY,124,113,1.0973451327433628,Rob_5475
GRWNRYGFFEQDNYDY,122,61,2.0,
GRWRYYGASDQNEYEY,122,111,1.0990990990990992,Rob_2314
GRWNYFGPGDQENYNY,121,92,1.315217391304348,Rob_10506
GRWDLFGSFDQDNYSY,120,86,1.3953488372093024,
GRLNRYGFYDQDNYDY,119,3,39.666666666666664,
GRWNRYGSRDQDNYEY,117,14,8.357142857142858,
GRWNYYGYYEQDLYEY,116,107,1.0841121495327102,Rob_6836
GRWNYYGREDQDSYYY,116,109,1.0642201834862386,Rob_11799
GRWNFYGPYDQNNYEY,116,111,1.045045045045045,Rob_12272
GRWNRYGFGDQDNFDY,115,20,5.75,
GRWNRYGFEDQDYFDY,115,35,3.2857142857142856,
GRTYHFGYDDQDEYEY,115,66,1.7424242424242424,Rob_3529
GRWNRYGFEDHDNFGY,112,6,18.666666666666668,
GRWYRFGYDDQEEYWY,112,15,7.466666666666667,
GRWLRYGPTDQENYDY,111,81,1.3703703703703705,
GRWLRYGHLDQLNYTY,111,109,1.018348623853211,Rob_12027
VRWNRYGFYDQDNYDY,111,2,55.5,
GRWNRYGANDQDVYSY,110,13,8.461538461538462,
GRWNRFGANDQDEYSY,109,53,2.056603773584906,
GRWNFYGQDDQYNYEY,107,90,1.1888888888888889,
GRWNRYGFYDQYNYDY,107,8,13.375,
GRWNRYGANDQDQYTY,104,28,3.7142857142857144,
GRWNYYGQYDQDNYEY,103,52,1.9807692307692308,
GRWNYYGYYEQALYEY,103,78,1.3205128205128205,Rob_12354
GRWNRFGPNDQDSYDY,102,79,1.2911392405063291,
GRWNRYGFEDQDYFGY,99,30,3.3,
GRWFRYGYEDQLEYEY,95,7,13.571428571428571,
GCWNRYGFEDQDNFDY,95,16,5.9375,
GRWNRYGFEDKDNFDY,94,3,31.333333333333332,
GRWDLFGSFDRDNYEY,93,67,1.3880597014925373,
ARWNRYGFEDQDNFDY,93,37,2.5135135135135136,
GRWNYYGQYDQDEYYY,93,12,7.75,
GRWNRYGFYYQDNYDY,93,4,23.25,
GRWFKYGASDQDNYEY,91,24,3.7916666666666665,
GRWNYYGQYDQDGYDY,90,44,2.0454545454545454,
GRWNFYGQGDQINYDY,88,67,1.3134328358208955,Rob_12067
GRWNYYGESDQDSYEY,87,61,1.4262295081967213,
GRNRYYGFEDQSEYEY,87,68,1.2794117647058822,Rob_6174
GRWNRYGEQDQYNYDY,87,18,4.833333333333333,
GRWNYYGQYDQDTYDY,86,38,2.263157894736842,
GRWFQFGPEDQGNYDY,86,68,1.2647058823529411,
GRWSRYGPTDQENYDY,85,40,2.125,
GRWHYYGSSIQELYDY,85,64,1.328125,Rob_9740
GRWRYYGSFDQDNYEY,85,24,3.5416666666666665,
GRWDLFGSYDRDNYEY,85,45,1.8888888888888888,
GRWNYYGYYDQDSYLY,84,32,2.625,
GRWNYYGNYDQDSYEY,84,46,1.826086956521739,
GRWNRYGFYDQDTYEY,83,23,3.608695652173913,
GRWYQYGYWDQHEYDY,82,9,9.11111111111111,
GRWNCYGFEDQDNFDY,82,12,6.833333333333333,
GRWNYYGQYEQNNYLY,82,57,1.4385964912280702,Rob_12049
GRSYRYGFEEQANYYY,82,54,1.5185185185185186,Rob_2915
GRWNKYGPDSQENYSY,81,71,1.1408450704225352,Rob_6143
GRWNRYGSADQEYYNY,79,20,3.95,
GRWNYYGYYEQPNYTY,79,48,1.6458333333333333,Rob_11882
GRWNHYGFYDQNQYDY,79,67,1.1791044776119404,
GRWNRYGAGYQEAYDY,78,8,9.75,
GRWQKFGQSEQEEYEY,78,55,1.4181818181818182,Rob_2251
GRWNRYVFEDQDNFGY,77,2,38.5,
GRWNYYGYYDQDLYDF,77,54,1.4259259259259258,
GRWSRYGFYDQDNYDY,77,25,3.08,
GRWNRYGFYDQDNYGY,76,16,4.75,
GRWNHYGFEDQDNFGY,76,26,2.923076923076923,
GRWNRYGHSEQDLYDY,75,40,1.875,
GRWDYYGWYEQYSYSY,74,68,1.088235294117647,Rob_11974
GRWYKYGPYDQDNYSY,74,56,1.3214285714285714,
GRWDYYGYYDQDTYHY,73,52,1.4038461538461537,Rob_7743
GRWYHYGQTDQSNYDY,73,32,2.28125,
GRWNYYGESDQYSYKY,72,54,1.3333333333333333,Rob_12070
GRCNRYGFEDQDNFGY,71,5,14.2,
GRWDLFGSYDQYNYEY,71,11,6.454545454545454,
GRWNYYGFTDQDNFDY,71,35,2.0285714285714285,
GRWYLFGSYDQDNYEY,70,17,4.117647058823529,
GRWNRYGFEDQYNFGY,69,6,11.5,
GRWNYYGQYEQINYEY,69,52,1.3269230769230769,Rob_7370
GRLDLFGSFDQDNYEY,69,3,23.0,
GRWNYYGESDQENYDY,69,20,3.45,
GRWNRYGANDQDEYNY,68,64,1.0625,
GRWNRHGFEDQDNFDY,68,8,8.5,
GRWFRYGASDQGEYDY,68,46,1.4782608695652173,
GRRNRYGFYDQDNYDY,68,11,6.181818181818182,
GRWNHFGWYEQDLYEY,67,48,1.3958333333333333,
GRWDHYGYDDQYEYYY,66,38,1.736842105263158,
GRWNRYGFEDQDNYNY,66,8,8.25,
GRWNRYGFEDQNNFDY,66,13,5.076923076923077,
GRWNRYGFEDQDNLDY,66,8,8.25,
GRWNSYGYYDQDLYDY,66,12,5.5,
VRWDLFGSYDQDNYEY,66,4,16.5,
GRWLRFGYYDQENYRY,66,10,6.6,
GRWDLFGSYYQDNYEY,65,5,13.0,
GRWNYYGGEDQDSYQY,65,35,1.8571428571428572,
GRWDLFGSYDQDNFDY,64,7,9.142857142857142,
GRWDLFGSFDHDNYEY,64,6,10.666666666666666,
GRWNSYGFEDQDNFGY,63,4,15.75,
GHWNRYGFEDQDNFGY,62,9,6.888888888888889,
GRWDLFGSFDQDNYNY,62,18,3.4444444444444446,
GRWDLFGSFDQDNYKY,62,45,1.3777777777777778,
GRWNRYGFYDKDNYDY,60,2,30.0,
GRWWRYGQEDQDEYEM,60,32,1.875,
GRWHYFGASGQENYDY,60,40,1.5,Rob_6140
GRWDPFGSYDQDNYEY,59,21,2.8095238095238093,
GRWYNFGAGDQNSYHY,59,41,1.4390243902439024,Rob_5275
GRCDLFGSYDQDNYEY,59,5,11.8,
GRWNRYGYYEQSEYEY,58,36,1.6111111111111112,
GRWLRFGADDQDEYDY,58,30,1.9333333333333333,
GRWWRYGQEDQDEYDY,58,35,1.6571428571428573,
GRWNFYGSYEQENYDY,56,51,1.0980392156862746,
GRWNRYGFYDQDNHDY,56,9,6.222222222222222,
GRWFRYGFSDQYEYEY,55,23,2.391304347826087,
GRWLRYGHDDQLNYDY,55,36,1.5277777777777777,
GRWYKYGPFDQDNYNY,54,17,3.176470588235294,
GRWRYYGARDQDQYEY,53,13,4.076923076923077,
GRWYRHGSEEQDNYSY,53,12,4.416666666666667,
GRWLRYGHDDQLNYNY,53,17,3.1176470588235294,
GHWDLFGSYDQDNYEY,53,26,2.0384615384615383,
GRWNRYGFQDQDNFDY,52,13,4.0,
GRWDLFGSHDQDNYEY,51,22,2.3181818181818183,
GRWNRYGYEEQWEYSY,51,21,2.4285714285714284,
GRWNRYGFYDRDNYDY,51,16,3.1875,
GRWNRFGHSEQGLYDY,51,12,4.25,
GRWHRFGYELQDDYDY,50,6,8.333333333333334,
GRWNRYGFEDQDNFDC,50,5,10.0,
GRWNRYGFGDQLEYSY,48,33,1.4545454545454546,
GRWNRYGFEDRDNFGY,48,8,6.0,
GRWNRYGFYDQDEYLY,47,16,2.9375,
GRWNRYGFEDQDNFCY,47,1,47.0,
GRWDLFVSYDQDNYEY,47,3,15.666666666666666,
GRWNYYGGWEQENYIY,46,31,1.4838709677419355,Rob_10068
GRWDLFGSYDQDNYEW,46,28,1.6428571428571428,
GRWNYYGYYEQDNYES,45,13,3.4615384615384617,
GRWNRYGFYEQDTYDY,44,6,7.333333333333333,
GRWRYYGEDDQRNYSY,44,38,1.1578947368421053,
RRWNRYGFEDQDNFDY,44,5,8.8,
GRWDLFGNYDQDNYEY,44,32,1.375,
GRLNRYGFEDQDNFGY,44,0,44.0,
GRWNRYGFVDQDNFDY,42,12,3.5,
GRWLRYGYEEQALYDY,42,16,2.625,
GRWCYYGEDDQENYEY,42,21,2.0,
GRWLRYGYLVQEEYYY,41,7,5.857142857142857,
GRWLRYGADAQDNFLY,41,38,1.0789473684210527,Rob_6677
GRWNYYGGEDQDSYYF,41,30,1.3666666666666667,
GRWNRYGANDRDEYSY,40,8,5.0,
GRWNYYGFYDQNEYYY,40,22,1.8181818181818181,
GCWNRYGFYDQDNYDY,40,11,3.6363636363636362,
GRWYNFGAGDQVSYHY,39,25,1.56,Rob_5255
GRWNFYGQHDQYNYDY,39,12,3.25,
GRWNRYGFYDQDNFGY,39,4,9.75,
GRWDLFGSYDKDNYEY,39,2,19.5,
GRWNFYGGYEQDNYSY,39,17,2.2941176470588234,Rob_11929
GRWNCYGFYDQDNYDY,39,7,5.571428571428571,
GRWNYYGYYDQWLYDY,39,19,2.0526315789473686,
GRWNRCGFEDQDNFDY,38,4,9.5,
GRWRYYGEDDQDNYSY,38,27,1.4074074074074074,
GRWNRYGANDQDEYEY,38,26,1.4615384615384615,
GRWRYYGSFDQDNYSY,38,11,3.4545454545454546,
GRWLCFGYYDQENYEY,38,15,2.533333333333333,
GRNRYYGFEDQDNFEY,38,4,9.5,
VRWNRYGFEDQDNFGY,37,0,37.0,
GRWDLFGSYDQDYYEY,37,27,1.3703703703703705,
GRWNYYGQYDQDVYEY,37,18,2.0555555555555554,
GRNNYFGFEEQEEYLY,37,18,2.0555555555555554,Rob_4761
GRWNRYGFEDQDNIDY,37,6,6.166666666666667,
GRWNRYGFCDQDNYDY,35,14,2.5,
GRWNRYGFYDQNNYDY,35,6,5.833333333333333,
GHWLRFGYYDQENYEY,35,12,2.9166666666666665,
GRCDLFGSFDQDNYEY,34,5,6.8,
GRWNRYGHSEQELYEY,34,19,1.7894736842105263,
GRWNYFGAHDQNYYDY,34,25,1.36,
GRWDLFGTYDQDNYEY,33,11,3.0,
GRWFRYGYADQDNYNY,33,5,6.6,
GRWFRYGASDQGLYDY,33,25,1.32,
GRWRYYGEDDQENYES,33,15,2.2,
GRWNYYGFEDQDNFDY,33,8,4.125,
GRWNYYGQYEQVNYKY,32,26,1.2307692307692308,Rob_11336
GRRNRYGFEDQDNFGY,32,7,4.571428571428571,
GRWNRYGFYDQDNYNY,32,10,3.2,
GRWNRYGESDQDLYDY,32,12,2.6666666666666665,
GRWNRYGSADQEDYKY,32,29,1.103448275862069,Rob_3895
VRWDLFGSFDQDNYEY,32,1,32.0,
GRWNRYGAGYQEEYYM,31,13,2.3846153846153846,
GRWNRYGESDQDLYEY,31,9,3.4444444444444446,
GRWNRYGFEDQDNVDY,31,11,2.8181818181818183,
GRWNYYGASSQDDYHY,31,19,1.631578947368421,Rob_10081
GRWYRYGYEDQDTHAY,31,4,7.75,
RRWNRYGFYDQDNYDY,31,3,10.333333333333334,
GRWYQYGYDYQQEYRY,31,18,1.7222222222222223,
GRWNRYGFHDQDNYDY,31,3,10.333333333333334,
GRWNRYGAGHQEEYDY,31,15,2.066666666666667,
GRLLRFGYYDQENYEY,31,1,31.0,
GRWNFYGQSDQDNYDY,31,7,4.428571428571429,
GRWFNYGEDDQYNYDY,31,5,6.2,
GRWLRFGYYDHENYEY,31,9,3.4444444444444446,
GRWHYYGASDQDEYEY,30,22,1.3636363636363635,
GRWNYYGEYEQFNYGY,30,29,1.0344827586206897,Rob_11603
GRWNRYGFYEQDNYYY,30,0,30.0,
GRWNRYVANDQDEYSY,29,0,29.0,
GRVYRFGFSDQDSYDY,29,16,1.8125,
GRWLRYGAGEQDNYEY,29,17,1.7058823529411764,
GRWDLFGSFDQDNFDY,29,7,4.142857142857143,
GRWDPFGSFDQDNYEY,29,27,1.0740740740740742,
GRWYRYGGHDQDNYLY,29,9,3.2222222222222223,
GRWNYYGYYEQYSYEY,29,3,9.666666666666666,
GRWNRYGANDQDDYSY,29,18,1.6111111111111112,
GRWNRYGFYDQDYYDY,29,2,14.5,
GRWNRYGFGDQDNFGY,29,4,7.25,
GRWNYYGYYEQSNYTY,28,13,2.1538461538461537,Rob_11881
GRWLHHGSEEQGNYDY,28,18,1.5555555555555556,
GHWDLFGSFDQDNYEY,28,14,2.0,
GRWNYYGYYEQDSYDY,28,13,2.1538461538461537,
GRWNRYGESDQELYEY,28,11,2.5454545454545454,
GRWNRYGFYGQDNYDY,28,10,2.8,
GRWNYYGAYDQTDYEY,28,6,4.666666666666667,
GRWNRYVPTDQENYDY,28,2,14.0,
GRWNYYGPTDQENYEY,27,8,3.375,
GRWRYYGAQDQEEYQY,27,9,3.0,
GRWYRWGYYDQDLYDY,27,13,2.076923076923077,
GRWYFYGPQDQTNYAY,27,21,1.2857142857142858,Rob_5892
GRWNYYGSYEQWNYAY,27,9,3.0,Rob_7281
GRWDLFGKYDHDNYEY,27,24,1.125,
GRWNYYGQYEQEVYEY,27,9,3.0,
GRWNSYGFYEQDNYDY,27,0,27.0,
GRWNYYGSYDQDNYEY,27,12,2.25,
GRWNSYGQGDQINYDY,27,25,1.08,
GRWNRYGFEDQDNYGY,27,5,5.4,
GRWHRYGFEDQDNFDY,27,13,2.076923076923077,
GRWDLFGSYDQDNHEY,26,9,2.888888888888889,
GRWYRWGYYEQVEYDY,26,15,1.7333333333333334,
GRWYHYGQFDQSNYHY,26,23,1.1304347826086956,
GRWDLFVSFDQDNYEY,26,1,26.0,
GRWYKYGPYDQDNYNY,26,3,8.666666666666666,
GRWNRYGFEYQDNFGY,26,3,8.666666666666666,
GRWYRYGAPQQDAYRY,26,25,1.04,Rob_5992
GRWWRYGQEDQDNYEY,26,6,4.333333333333333,
GRNRYYGFTDQYEYLY,25,22,1.1363636363636365,Rob_5976
GRWLRYGYYDQFNYEY,25,12,2.0833333333333335,
GRWNRYGFYEQRNYEY,25,4,6.25,
GRWRFYGPQDQENYTY,25,10,2.5,
GRCNRYGFYEQDNYDY,25,2,12.5,
GRWLRYGYYDQNDYYY,25,6,4.166666666666667,
GRWFRYGSEFQGNYDY,25,4,6.25,
GRWWKHGQYDQDNYEY,25,21,1.1904761904761905,
GRWDLFGSFDQDNYYY,25,15,1.6666666666666667,
GCWDLFGSYDQDNYEY,25,14,1.7857142857142858,
GRWYLFGSFDQDNYEY,24,3,8.0,
GRWNRYGFYEQDNYGY,24,12,2.0,
GRWFRYGASDQAEYEY,24,7,3.4285714285714284,
GRWWRYGSSDQDNYEY,24,16,1.5,
GRWFRYGANDQGLYDY,24,13,1.8461538461538463,
GRWYHYGEYDQDNYEY,24,11,2.1818181818181817,
GLWNRYGFEDQDNFDY,24,1,24.0,
GRWFRYGSDLQYNYDY,24,22,1.0909090909090908,
GRCNYYGEYDQDNYEY,24,3,8.0,
GRWNYYGRDDQDNYEY,24,9,2.6666666666666665,
GRWNRYGFYDQDNYDC,24,2,12.0,
GRWNLYGGYDQDDYNY,23,19,1.2105263157894737,
GRWWRYGYEDQIEYEY,23,6,3.8333333333333335,
GRWNYYGKYEQISYEY,23,21,1.0952380952380953,Rob_11665
GRWNFYGYYEQSSYEY,23,9,2.5555555555555554,
GRWNHYGANDQDEYSY,23,19,1.2105263157894737,
GRWLRYGYADQDNYNY,23,2,11.5,
GRWNYYGYYDQDNYEY,23,11,2.090909090909091,
GRWDYYGSYEQTSYEY,23,20,1.15,Rob_6490
GRWNFYGYYEQYNYDY,23,14,1.6428571428571428,
GRWNRYGYYDQFNYDY,23,12,1.9166666666666667,
GRWDLFGSCDQDNYEY,23,21,1.0952380952380953,
GRWNRHGFYDQDNYDY,23,3,7.666666666666667,
GRWDYYGAYDQDDYPY,22,20,1.1,Rob_12155
GRWNRYGQYEQTSYDY,22,5,4.4,
GRWDLFGSFDKDNYEY,22,3,7.333333333333333,
GRWRYYGYEDQDNYDY,22,11,2.0,
GRWNRYGFEDQDQYEY,22,3,7.333333333333333,
GRWNLYGFEDQDNFDY,22,6,3.6666666666666665,
GRWNYYGPYEQNDYDY,22,14,1.5714285714285714,
GRWLRYGYDDQDEYHY,22,8,2.75,
GRWYNYGSEFQLNYDY,22,8,2.75,
GSWNRYGFEDQDNFDY,22,4,5.5,
GRWRYYGEDDQENYSY,22,2,11.0,
GFELHYGSSVQDLYYM,22,19,1.1578947368421053,
GRWNRYGPTDQENYYY,22,0,22.0,
GRNNRYGFESQFEYYY,22,15,1.4666666666666666,
GRWFRFGADDQAEYEY,22,14,1.5714285714285714,
GRWFRFGADDQLEYEY,21,6,3.5,
GRWNHYGFYEQDNYDY,21,6,3.5,
GRWNYYGEYDHDNYEY,21,2,10.5,
GRWNRYGAGYQEEYTY,21,4,5.25,
GRWFNFGGDDQDSYYY,21,7,3.0,
GRWNRYGFEDQDDFDY,21,8,2.625,
GRWNYFGAWDQNNYDY,21,20,1.05,Rob_9695
GHWNRYGFYEQDNYDY,21,6,3.5,
GRWWRYGNEDQDNYSY,21,12,1.75,
GRWNRYGSADQDNYNY,21,5,4.2,
GRWNYFGQYDQDNYEY,21,18,1.1666666666666667,
GRWYRFGYSDQDEYTY,21,8,2.625,
GRWFKYGASDLALYDY,20,10,2.0,
GRWLRYGESDQDNYQY,20,14,1.4285714285714286,
GRWHYYGEDDQENYEY,20,18,1.1111111111111112,
GRWNRYGHSEQGLYDY,20,6,3.3333333333333335,
GRWNRYGQEYQDEYDY,20,12,1.6666666666666667,
GRWNYYGEYDQDNYGY,20,9,2.2222222222222223,
GRWNYYGEYDQDNYVY,20,11,1.8181818181818181,
GRWHYYGEYEQELYDY,20,7,2.857142857142857,
GRWDLFGSYDQNNYEY,20,9,2.2222222222222223,
GRWNRYGFYDQDTYDY,20,3,6.666666666666667,
GRWNRYGFEDQDNSDY,20,1,20.0,
GCWNRYGFEDQDNFGY,20,5,4.0,
GRWNSYGANDQDEYSY,19,0,19.0,
GRWNSYGPTDQENYDY,19,1,19.0,
VRWLRFGYYDQENYEY,19,0,19.0,
GRWDLFGSYDPDNYEY,19,16,1.1875,
GRWNRYGFENQDNFDY,19,2,9.5,
GRWNRYGFEDQDKFDY,19,1,19.0,
GRWNRYGFEDQDNYLY,19,11,1.7272727272727273,
GRWNYFGQFDQYSYEY,19,18,1.0555555555555556,
GRWNRYGAGYQEEYFY,19,12,1.5833333333333333,
GRWNRYGFEDQDTYAY,19,5,3.8,
GRCNFYGQDDQYNYDY,19,1,19.0,
GRWRYYGSFDQENYEY,19,11,1.7272727272727273,
GRWNRYGADDQYEYLY,19,2,9.5,
GRWNLFGSYDQDNYEY,19,13,1.4615384615384615,
GRWNRYVFYEQDNYDY,18,1,18.0,
GRWNRYGLYDQDNYDY,18,4,4.5,
GLWNRYGFYDQDNYDY,18,3,6.0,
GRWNYYGETDQSNYDY,18,5,3.6,
GRWNHYGEYDQDNYEY,18,4,4.5,
GHWRYYGEDDQENYEY,18,9,2.0,
GRWNRYGFYNQDNYDY,18,2,9.0,
GRWWFYGPHAQPGYSY,18,15,1.2,Rob_4628
GRWNFYGQHEQLNYEY,18,8,2.25,
GRWYRWGYYEQTEYDY,18,4,4.5,
GRWNYFGYSEQGLYDY,18,13,1.3846153846153846,
GRWNRYGFEDQDNLGY,18,3,6.0,
GRWDLLGSYDQDNYEY,18,7,2.5714285714285716,
GRWPRFGYYDQENYEY,18,4,4.5,
GRWFKYGASDQEEYQY,18,7,2.5714285714285716,
GRWWRFGYYDQENYEY,18,9,2.0,
GRWNRYGSADQEDYSY,17,7,2.4285714285714284,
GRWNRYGFEDQENYEY,17,4,4.25,
GRWNRYGNQDQYYYEY,17,6,2.8333333333333335,
GRWNRYGVNDQDEYSY,17,4,4.25,
GRWCYYGEDDQRNYEY,17,13,1.3076923076923077,
GRCNYYGFTDQDNFEY,17,1,17.0,
GRWLWLGNDDQYSYSY,17,16,1.0625,Rob_9022
GRWWRYGYEDQDNYYY,17,16,1.0625,
GRWDYYGAYDQDEYPY,17,14,1.2142857142857142,
GRWFNYGQIYQNNYYY,17,12,1.4166666666666667,Rob_8849
GRWNRYRFEDQDNFDY,17,1,17.0,
GRCNYYGGEDQDSYYY,17,2,8.5,
GRWDLFGSFYQDNYEY,17,6,2.8333333333333335,
GRNLYRGFEIQEEFLY,17,7,2.4285714285714284,Rob_4763
GRWRYYVEDDQENYEY,17,1,17.0,
GHWNRYGPTDQENYDY,17,9,1.8888888888888888,
GRNRYYGFEDQSEYRY,17,5,3.4,
GRWWRYGFEDQDNFDY,17,5,3.4,
GRWNRYGFYEQDNFDY,17,12,1.4166666666666667,
GRWNYYGPYYQDTYDY,17,8,2.125,
GRWNRYGVGYQEEYDY,16,3,5.333333333333333,
GRWNRYGFYDQDTYSY,16,13,1.2307692307692308,
GRWRYYGEYDQENYEY,16,1,16.0,
GRWLRFVYYDQENYEY,16,0,16.0,
GHWNRYGANDQDEYSY,16,3,5.333333333333333,
GRWNFYGHDDQYNYDY,16,7,2.2857142857142856,
GRWLRFGYYDQETYHY,16,11,1.4545454545454546,
GRWDLFGSFDQDNHEY,16,6,2.6666666666666665,
GRNRYYGFEDQSEYYY,16,3,5.333333333333333,
ERWNRYGFEDQDNFDY,16,2,8.0,
GRLNRYGFYEQDNYDY,16,2,8.0,
GRWRYYGANDQDEYYY,16,6,2.6666666666666665,
GRWLRYGYYEQYNYTY,16,5,3.2,
GRWDFYGYYEQLNYQY,16,15,1.0666666666666667,Rob_12015
GRWYRYGYNYQDEYEY,16,8,2.0,
GRWDLFGSYDQDNFGY,16,2,8.0,
GRWNRYGFYDQDHYDY,16,0,16.0,
GRWRYYGANDQDEYEM,16,1,16.0,
GRWNRFGYYEQYLYEY,16,8,2.0,
GRWFYYGPGIQDNYLY,16,9,1.7777777777777777,Rob_5519
GRWNRYGANDQEEYLY,16,3,5.333333333333333,
GRWNRYGFYDQDDYDY,16,7,2.2857142857142856,
GRWWRYGYADQDNYNY,16,5,3.2,
GRWNYYGFYDQDNYDY,16,9,1.7777777777777777,
GRWDMFGSYDQDNYEY,16,5,3.2,
GRWNFYGQDEQYNYEY,16,14,1.1428571428571428,
GRWNRYGSTDQENYDY,16,5,3.2,
GRWFKYGYSDQDNYLY,16,4,4.0,
GRWFKYGASDQDEYTY,15,2,7.5,
GRWNRYGFDDQDNYDY,15,2,7.5,
GRWNYYVEYDQDNYEY,15,0,15.0,
GRWYRYGYNDQDEYIY,15,7,2.142857142857143,
GRWNHYGPTDQENYDY,15,7,2.142857142857143,
GRWFRYGSDLQLNYEY,15,9,1.6666666666666667,
GRWNYYGQYEQSNYLY,15,14,1.0714285714285714,Rob_12051
GRWNLYGFYDQDNYDY,15,1,15.0,
GRWNRYGFEAQDNFDY,15,2,7.5,
GRWNYYGNSEQDNYPY,15,10,1.5,Rob_6447
GRWDRYGFEDQDNFDY,15,2,7.5,
GRWNRYGANDHDEYSY,15,4,3.75,
GRLRYYGEDDQENYEY,15,1,15.0,
GRWNYYGNYEQNNYEY,15,4,3.75,Rob_11663
GRWNRYGGEDQDSYYY,15,3,5.0,
GRWNYYGEYDQYNYEY,15,1,15.0,
GRWNRYGANDQDGYSY,15,5,3.0,
GRWNYYVFTDQDNFEY,15,0,15.0,
GRWNSYGQYEQENYEY,15,6,2.5,
GRWYQYGYDEQPDYEY,15,5,3.0,
GRRDLFGSYDQDNYEY,15,4,3.75,
GRWNRYGESDQLEYEY,15,2,7.5,
GRWNRYGFEDKDNFGY,15,1,15.0,
GRWWRFGFVDQDNYEY,14,9,1.5555555555555556,
GRWNYYGGEDQDGYDY,14,4,3.5,
GRWNCYGFEDQDNFGY,14,1,14.0,
GRWNYFGSSYQSNYDY,14,12,1.1666666666666667,Rob_9608
GRWNHYGAGYQEEYDY,14,2,7.0,
GRWNYYGQYEQENYDY,14,12,1.1666666666666667,
GRWNRYGANDQDEYSH,14,3,4.666666666666667,
GNWNYYGAYEQGNYSY,14,5,2.8,
GRWNRFGKEDHSNYDY,14,1,14.0,
GHWNYYGFTDQDNFEY,14,3,4.666666666666667,
GRWFRYGSEFQGEYKY,14,8,1.75,Rob_8630
GRWNYYGYYEQENYSY,14,12,1.1666666666666667,
GRWLRYGFAYQDEYYY,14,10,1.4,
GRWNRYGFYDQENYEY,14,4,3.5,
GRWSRYGFEDQDNFDY,14,0,14.0,
GRWNYYGYYEQYNYEY,14,10,1.4,
GRWLRYGYDDQEEYWY,14,11,1.2727272727272727,
GRWNRYGQTDQENYDY,14,0,14.0,
GRWNYYGYYDQDLYEY,14,13,1.0769230769230769,
GRWNRYGPTDRENYDY,14,4,3.5,
GRLDLFGSYDQDNYDY,13,0,13.0,
GRWNFFGSYDQDNYNY,13,4,3.25,
GRWNYYGGEDQDTYDY,13,2,6.5,
GRWLRFGYYDQDNYEY,13,3,4.333333333333333,
GRWNYYGEYDQSNYRY,13,10,1.3,Rob_11630
GRWNRYGANDQDEYIY,13,5,2.6,
GRWNRYGFEDQDHFDY,13,2,6.5,
GRWNYYGQYDQDDYTY,13,3,4.333333333333333,
GRWNRYGADYQEEYDY,13,3,4.333333333333333,
GRWFRFGESYQENYDY,13,5,2.6,
GRWLRYGFEDQDNFDY,13,6,2.1666666666666665,
GRWDLFGSYDQDDYEY,13,10,1.3,
GHWNYYGEYDQDNYEY,13,6,2.1666666666666665,
GRWNRYGFEDQNNFGY,13,2,6.5,
GRWNFYGQDDHYNYDY,13,5,2.6,
GRWNRYGFEDQDNIGY,13,2,6.5,
GRWNRYGFYEQYNYDY,13,3,4.333333333333333,
GRWWRYGPDDQDNYIY,13,3,4.333333333333333,
GRWRYYGARFQDEYEY,13,10,1.3,
GRWNRYGFYDQDKYDY,13,2,6.5,
GRWLRFGYYDQDNYDY,13,1,13.0,
GRWRYYGSFDQDNYGY,13,1,13.0,
GRWYMYGPFDQDNYTY,13,11,1.1818181818181819,
GRWNYYGFTNQDNFEY,13,4,3.25,
GRWNYYGFTDQYNFEY,13,0,13.0,
GRWNFYGQDDQYNYYY,13,2,6.5,
GRWDLFGSFDLDNYDY,13,1,13.0,
GRWLRFGYYDRENYEY,13,2,6.5,
GRLNYYGEYDQDNYEY,13,0,13.0,
GRWWRYGNEDQDNYEY,13,7,1.8571428571428572,
GNWWRHGNDDQDNYEY,13,7,1.8571428571428572,
GRWNYRGGYDQYEKQY,12,11,1.0909090909090908,Rob_2681
VRWRYYGEDDQENYEY,12,1,12.0,
GRWRYYGEDDRENYEY,12,3,4.0,
RRWDLFGSYDQDNYEY,12,4,3.0,
GRWYRYGLDDQDEYNY,12,5,2.4,
GRWDLFGSFDQNNYEY,12,5,2.4,
GSWDLFGSYDQDNYEY,12,5,2.4,
GRWDMFGSFDQDNYEY,12,3,4.0,
GSWNRYGFYDQDNYDY,12,0,12.0,
GFEWRYGSSEQMCYEM,12,11,1.0909090909090908,
GRNNRYGFDDQDEYYY,12,4,3.0,
GRWKRYGFEDQDNFDY,12,1,12.0,
GRWNRYGYLYQLEYDY,12,7,1.7142857142857142,
GRRNFYGQDDQYNYDY,12,2,6.0,
GRWHYYGQYDQDGYEY,12,6,2.0,
GRWDYFGQFDQDNYEY,12,3,4.0,
GRWNYYVQYDQDQYEY,12,1,12.0,
GRWYQYGYEDQDEYGY,12,1,12.0,
GRVWRYGLIYQEEYQY,12,9,1.3333333333333333,Rob_298
GRWWRYGNEDQDNYDY,12,1,12.0,
GRWNRYGANDQYEYSY,12,2,6.0,
GRWYHYGDFDQINYAY,12,10,1.2,Rob_5130
GRWRYYGSFDQDNYDY,12,2,6.0,
GRWDLYGSYDQDNYEY,12,9,1.3333333333333333,
GRWDLFGLYDQDNYEY,12,5,2.4,
GRWNRYGFEDQENFDY,12,2,6.0,
GRWFRFGASYQENYGY,12,2,6.0,
GRWFKYGPFDQDNYNY,12,6,2.0,
GRWNYYGKYEQINYDY,12,8,1.5,
GRWFRHGASDQYLYDY,12,6,2.0,
GRWFRYGFDDQDEYEY,12,3,4.0,
GRWNRFGKEDQSNYAY,11,9,1.2222222222222223,
GRWNRYGANDQDEYYY,11,10,1.1,
GRWNRYVAGYQEEYDY,11,0,11.0,
GRWLRFGYYYQENYEY,11,2,5.5,
GRWLRFGYYDLENYEY,11,6,1.8333333333333333,
GRWNYYGYYEQTGYEY,11,6,1.8333333333333333,
GRWNYYGEYDQGNYLY,11,1,11.0,
GRWNRFGNEDQSNYDY,11,10,1.1,
GRWNRYGSEDQDNFDY,11,3,3.6666666666666665,
GRRNRYGANDQDEYSY,11,2,5.5,
GCWDLFGSFDQDNYEY,11,5,2.2,
GRWNRYGASDQDAYGY,11,7,1.5714285714285714,
GRWNYYGYYDQDSYDY,11,0,11.0,
GRWYRFGFEYQDDYTY,11,5,2.2,
GRWNRYGFTDQDNFEY,11,2,5.5,
GRWNLYGFEDQDNFGY,11,1,11.0,
GRWNYYGESDQYSYNY,11,2,5.5,
VRWNYYGEYDQDNYEY,11,0,11.0,
GRWDLFGSYDQDHYEY,11,2,5.5,
RRWDLFGSFDQDNYEY,11,1,11.0,
GRWDLFGSFDQDNYEW,11,9,1.2222222222222223,
GRWNRYGPTDQQNYDY,11,5,2.2,
GRWFRYGSDLQVNYDY,11,8,1.375,
GRWYRHGSDLQFSYDY,11,5,2.2,
GFYFYNGSSLQMCYEM,11,8,1.375,
GRWNRYGESDQEQYHY,11,8,1.375,
GRWLHHGPEEQCNYDY,11,3,3.6666666666666665,
GRWDLFGLFDQDNYEY,11,7,1.5714285714285714,
GRWNYYGQYEQYSYEY,11,10,1.1,
GFYWTYGSSMQCMYFY,11,10,1.1,
GRPNFYGYLQQYEYQY,11,8,1.375,Rob_12398
GRWYQYGYYEQTLYDY,11,7,1.5714285714285714,
GSWNRYGFEDQDNFGY,11,0,11.0,
GRWSYYGEDDQENYEY,11,2,5.5,
GRWNYYGFIDQDNFEY,10,4,2.5,
GRWNRYGFEDQDEYSY,10,0,10.0,
GRNNYFGFHLQPEYTY,10,9,1.1111111111111112,Rob_6076
GRWNYYGESDQDSYSY,10,1,10.0,
GRWKRYGFYDQDNYDY,10,3,3.3333333333333335,
GRSWSWGLELQYEYEY,10,5,2.0,Rob_434
GRWNYYGEYDQDNYTY,10,3,3.3333333333333335,
GRWYRWGYYEQTEYYY,10,6,1.6666666666666667,
GRWDRYGFYDQDNYDY,10,2,5.0,
GRWQYRGFYEQDLYDY,10,7,1.4285714285714286,Rob_6267
GLPDFFGYYEQHNYLY,10,5,2.0,Rob_6545
GRWLRFGADDQDQYTY,10,2,5.0,
GPWNRYGFEDQDNFDY,10,1,10.0,
GRWNRYGFYEQDNHDY,10,3,3.3333333333333335,
GRWNRYGFEDQDSFDY,10,1,10.0,
GRWRYYGEDDHENYEY,10,3,3.3333333333333335,
GRWNRYGLEDQDNFDY,10,2,5.0,
VRWNRYGPTDQENYDY,10,1,10.0,
GRWRYFGPEDQDNYLY,10,2,5.0,
GRWFRFGYNDQDLYEY,10,1,10.0,
GRWNRYGFKDQDNFDY,10,3,3.3333333333333335,
GRWLRFGYCDQENYEY,10,1,10.0,
GRWYNFGAGDQVSYPY,10,2,5.0,Rob_5257
GRWNRYGYYSQDDYEY,10,6,1.6666666666666667,
GRCNRYGPTDQENYDY,10,1,10.0,
GRWRYYGANDQDEYIY,10,3,3.3333333333333335,
GRWNRHGFEDQDNFGY,10,4,2.5,
GRWNRYEFEDQDNFDY,10,2,5.0,
GFWFYNGSSMQCRYYR,10,5,2.0,
VRWNRYGANDQDEYSY,10,1,10.0,
GRWYKYGQYDQDNYTY,10,0,10.0,
GRLNRYGPTDQENYDY,10,1,10.0,
GFELHLGSSVQMEYYM,9,7,1.2857142857142858,
GRWFKYGADDQSLYGY,9,3,3.0,
GRWFQFGPEDQWNYDY,9,3,3.0,
GRQNYYGYDDQSEYFY,9,8,1.125,Rob_3359
GRWNYYGFEDQDNFGY,9,2,4.5,
GRWNRYEFYDQDNYDY,9,0,9.0,
GRWDLFGKYDQENYEY,9,6,1.5,
GRWNRYRFYDQDNYDY,9,2,4.5,
GAYWLFGSSAQCAYWW,9,4,2.25,
GRWNRFVKEDQSNYDY,9,0,9.0,
GHWNFYGQDDQYNYDY,9,5,1.8,
GRWDLFGSSDQDNYDY,9,6,1.5,
GRWNRYGFEDQDNFVY,9,4,2.25,
GRWRYYGNYDQDNYEY,9,5,1.8,
GRWNRYGFEDQDNYTY,9,1,9.0,
GRRNYYGEYDQDNYEY,9,3,3.0,
GNWFKYGNYDQDNYRY,9,6,1.5,
GRSNRFGFVEQANYYY,9,7,1.2857142857142858,Rob_2912
GRWNYYGFYDQHNYEY,9,3,3.0,
GRWDAWGAYEQYLYEY,9,8,1.125,Rob_11828
GRWDQFGSYDQDNYEY,9,6,1.5,
GRCNRYGANDQDEYSY,9,1,9.0,
GRWRHYGEDDQENYEY,9,6,1.5,
GRWNYYGEYYQDNYEY,9,0,9.0,
GRWLQFGYSDQLEYEY,9,8,1.125,
GRWNRYGANDQDNYSY,9,0,9.0,
GRWDLFGPYDQDNYEY,9,4,2.25,
GRWLHHGQEEQGNYDY,9,1,9.0,
GRWNRYGFYDQDNFEY,9,2,4.5,
GRWNFYGQYDQYNYDY,9,1,9.0,
GFCYRYGSSDQMCYEW,9,5,1.8,
GRWNYYGYYEQIVYEY,9,0,9.0,
GRWNFYGQDYQYNYDY,9,1,9.0,
GCWRYYGEDDQENYEY,9,2,4.5,
GRWNSYGAGYQEEYDY,9,0,9.0,
GRWNYYGQYDQNSYEY,9,1,9.0,
GRWNYHGGEDQDSYYY,9,7,1.2857142857142858,
GRLNRYGANDQDEYSY,9,1,9.0,
GRWNRYGYEDQTLYRY,9,5,1.8,
GRPLRFGYSEQIDYTY,8,2,4.0,Rob_4005
GRWDLFGSYDQDSYEY,8,3,2.6666666666666665,
GRWYHYGQTDQINYEY,8,4,2.0,
GRPWQYGYWYQDEYQY,8,4,2.0,Rob_8407
GRSNRYGFEDQDNFDY,8,3,2.6666666666666665,
GRWXRYGFEDQDNFDY,8,0,8.0,
GHWLHHGPEEQGNYDY,8,7,1.1428571428571428,
GCWLRFGYYDQENYEY,8,2,4.0,
GRWLRYGAGYQEEYEY,8,5,1.6,
GRWDLFGSYYQDVYDY,8,6,1.3333333333333333,
GRWNYYGPDSQDNYSY,8,6,1.3333333333333333,
GRWDLFGSYDQENYEY,8,5,1.6,
GRWDLFGSYDQYNYDY,8,0,8.0,
GLWNRYGFEDQDNFGY,8,2,4.0,
GRWFKYGASDQSEYDY,8,3,2.6666666666666665,
GRWNRYGFYDQDNYSY,8,3,2.6666666666666665,
GRWNYYGQYDQDDYDY,8,4,2.0,
GRWWNHGQSIQLEKLY,8,6,1.3333333333333333,Rob_2651
GRWLRYGFSDQDNYYY,8,5,1.6,
GRWYRFGPQDQNNYDY,8,0,8.0,
GRVFRYGYEFQGDYFY,8,6,1.3333333333333333,Rob_9485
GRWNYFGYEEQDEYFY,8,0,8.0,
GRSLYYGYSIQDTYEY,8,5,1.6,Rob_3723
GRWNRYGAGYQDEYEM,8,5,1.6,
GCWNRYGANDQDEYSY,8,2,4.0,
GRWNYYGFTDQDNFEF,8,3,2.6666666666666665,
GRWNRYGPTDKENYDY,8,0,8.0,
GRWDLFGSYDHDNYDY,8,0,8.0,
RRWNRYGFEDQDNFGY,8,2,4.0,
GRWNFYVQDDQYNYDY,8,1,8.0,
GRVWKYGLAGQLEFEY,8,7,1.1428571428571428,Rob_2817
GRWNYYGFTDQDNYEY,8,5,1.6,
GRWNFYGYYDQINYDY,8,7,1.1428571428571428,
GRWNRCGFYDQDNYDY,8,4,2.0,
GRWLRFGADDQDQYEY,8,2,4.0,
GNWFKYGNYDQDNYNY,8,5,1.6,
GRWNRFGKEDQSNYYY,8,0,8.0,
GRWWRFGATDQDNYEY,8,0,8.0,
GRWNLFGSFDQDNYEY,8,7,1.1428571428571428,
GRWYKYGPYDQYNYTY,8,0,8.0,
GRWNRYGAGYREEYDY,8,1,8.0,
GRWLRYGGHDQDNYSY,8,4,2.0,
GRWLHHGPEEQGNYYY,8,0,8.0,
GRWDLLGSFDQDNYEY,8,2,4.0,
GRWNFFGGEDQDSYEY,8,4,2.0,
GRWYLYGPELQDEYYY,8,7,1.1428571428571428,Rob_5071
VRTWRFGYVEQAEYNY,8,7,1.1428571428571428,
GRNRRYGYSDQAEYDY,8,6,1.3333333333333333,Rob_4816
GRWDLFGSFDQDDYEY,8,5,1.6,
GRWYHYGQTDQINYSY,8,2,4.0,
GRWYHYGQFDQTSYRY,8,0,8.0,
GRWRYYGARYQDEYDY,8,3,2.6666666666666665,
GRWHRYGPHDQWDYNY,8,7,1.1428571428571428,
GRWNYYGQHDQDQYEY,8,0,8.0,
GRWNRYGPTYQENYDY,8,1,8.0,
GRWRYYGEDDQDNYEY,8,2,4.0,
GRAWKYGYDFQIEYEY,8,6,1.3333333333333333,Rob_2451
GRWNYYGFYDQYNYKY,8,3,2.6666666666666665,
GRWQYFGQTYQTLHLY,7,5,1.4,Rob_9638
GLWDLFGSYDQDNYEY,7,3,2.3333333333333335,
GRWDLFVKYDQDNYEY,7,1,7.0,
GRNWRYGFLDQEEYLY,7,6,1.1666666666666667,Rob_576
GRWFRYGASDQGEYYM,7,4,1.75,
GRLNYYGQYDQDQYEY,7,0,7.0,
GRWNRYGPTNQENYDY,7,4,1.75,
GRWNRYGSADQEEYYY,7,1,7.0,
GRNEYFGYDLQYEYQY,7,6,1.1666666666666667,Rob_10904
GRWNRYGAGYQEEYKY,7,1,7.0,
GRWDLFRSYDQDNYEY,7,3,2.3333333333333335,
GRWDRFGSFDQDNYEY,7,3,2.3333333333333335,
GRWWRFGFTYQEEYLY,7,2,3.5,
GRWNRFGKEDRSNYDY,7,2,3.5,
GRCNYYGQYDQDQYEY,7,1,7.0,
GRWNYYVQYDQDGYEY,7,0,7.0,
GRWNRYGAGYKEEYDY,7,1,7.0,
GRVLRFGFRYQYEYEY,7,6,1.1666666666666667,Rob_2401
GRVNYYGYYDQLDYTY,7,6,1.1666666666666667,Rob_12086
GRWYKYGPFDRDNYTY,7,4,1.75,
GRWNRYGACYQEEYDY,7,0,7.0,
GRWDLYGSFDQDNYEY,7,4,1.75,
GRWHYFGENDQENYEY,7,4,1.75,
GRWDLFGSFDQDNFGY,7,5,1.4,
GHWNYYGGEDQDSYYY,7,0,7.0,
GRWDLFGSYDQDKYEY,7,1,7.0,
GAPNYFGYAEQYEYGY,7,5,1.4,Rob_6870
GRLNYYGFTDQDNFEY,7,0,7.0,
GRWNRCGFEDQDNFGY,7,2,3.5,
GRWNFYGEYEQELYNY,7,6,1.1666666666666667,Rob_6938
GRWNRYGFEDQDNFTY,7,2,3.5,
GRWNRYGANDKDEYSY,7,1,7.0,
GRWFRYGYVDQDLYEY,7,3,2.3333333333333335,
GRSWRFGFGGQDEYQY,7,3,2.3333333333333335,Rob_1907
GRWFKYGAGDQENYEY,7,2,3.5,
GRVWRYGLDDQDGYDY,7,4,1.75,
GRWNYYGQYDHDGYEY,7,0,7.0,
GRWNRYGFYDQENYDY,7,1,7.0,
GRWNRYGFYDQDNYWY,7,1,7.0,
GRWNYYGEYDQSNYDY,7,2,3.5,
GRLNFYGQDDQYNYDY,7,0,7.0,
GRWYKYVPFDQDNYTY,7,1,7.0,
GKWYRFGQTDQENYDY,7,6,1.1666666666666667,
VRWNRYGFYEQDNYDY,7,0,7.0,
GRWLRYGAYEQENYEY,7,0,7.0,
GKWNRFGQEDQESYYY,7,3,2.3333333333333335,
GRWNRYGYHDQDEYNY,7,2,3.5,
GRWRYYGEDYQENYEY,7,0,7.0,
GRAWRYGLYDQDENQY,7,6,1.1666666666666667,Rob_1725
VRWNRFGKEDQSNYDY,7,0,7.0,
GRGWKFGSGYQAEYDY,7,6,1.1666666666666667,Rob_1858
GRWLHHGPEEQGNYDF,7,2,3.5,
GRWNRYGFEDLDNFGY,7,2,3.5,
GRWDQFGSFDQDNYEY,7,0,7.0,
GRWNRYGFEDQHNFDY,7,5,1.4,
GRWNFYGSYEQQEYEY,7,6,1.1666666666666667,Rob_12305
ERWDLFGSYDQDNYEY,7,6,1.1666666666666667,
GRWDLFGSFDLDNYEY,7,5,1.4,
GRGNRYGFEDQDNFDY,7,3,2.3333333333333335,
GFAYRMGSSVQMCYYM,7,5,1.4,
GRWNCYGPTDQENYDY,7,0,7.0,
GRWNRYGFEDQDNFGH,7,2,3.5,
GRPNYFGYETQYLYEY,7,6,1.1666666666666667,Rob_6364
GRVFRYGLYDQDEYFY,7,6,1.1666666666666667,Rob_206
VRWNRYGAGYQEEYDY,7,0,7.0,
GRWNYYGFYDQNDYGY,7,4,1.75,
GRWDLSGSYDQDNYEY,7,3,2.3333333333333335,
GRWNYFGPEDQNNENY,6,5,1.2,Rob_10514
GRWYKYGPYDQDNYDY,6,1,6.0,
VRWDLFGSYDQDNYDY,6,1,6.0,
GRWDLFGSFDQDKYEY,6,3,2.0,
GRWDLFGKYDQYNYEY,6,3,2.0,
GRWWRYGHSDQEEYSY,6,0,6.0,
GRWNRCGANDQDEYSY,6,0,6.0,
GRWLHFGSEFQYNFRY,6,4,1.5,Rob_4137
ERWNRYGFYDQDNYDY,6,2,3.0,
GRLYKYGPYDQDNYTY,6,0,6.0,
GRWNYYGEYDQDQYEY,6,3,2.0,
GFMYHRGSSLQWMYEM,6,1,6.0,
GRNRYYGFTDQDEYYY,6,5,1.2,
GRWNRFGLNDQDSYYY,6,1,6.0,
GRNLYYGFEDQGEYYY,6,5,1.2,Rob_5087
GRNNLFGFYEQHLFEY,6,5,1.2,Rob_7833
GRWNFYGQDDQDNYDY,6,2,3.0,
GRWMRFGYYDQENYEY,6,1,6.0,
GRWNRYGFYDQDNYTY,6,2,3.0,
GFWYYNGSSRQCRYYR,6,3,2.0,
GRWLHHGLEEQGNYDY,6,1,6.0,
GRPWHYGYVDQYKYLY,6,5,1.2,Rob_9043
GRWNRYGFYDQDNYDD,6,1,6.0,
GLWDLFGSFDQDNYEY,6,4,1.5,
GRPWQYGYLDQQDYWY,6,5,1.2,Rob_11225
GRWRYYGSFDPDNYWY,6,3,2.0,
GRWNRYGANDQFEYDY,6,3,2.0,
GRWNFYGQDDKYNYDY,6,1,6.0,
GRWNRYGYEDQDNFDY,6,3,2.0,
GRWNFFGGYYQENYEY,6,5,1.2,Rob_11548
GRWNYYGYYDQDLYYY,6,1,6.0,
GRLYKYGPFDQDNYTY,6,0,6.0,
GRWDYYGSYEQTSYDY,6,1,6.0,
GRWERFGGYLQENYLY,6,4,1.5,Rob_4157
GRWNFYGGYEQENYDY,6,5,1.2,
GRPNFFGYYEQNNYDY,6,5,1.2,Rob_11509
GNWEYYGYYEQKLYKY,6,3,2.0,Rob_7997
GRWNYYGQYDRDQYEY,6,3,2.0,
GRWYRWGYYEQQLYDY,6,2,3.0,
GRWYNYGYEFQENYYY,6,2,3.0,
GRWWRFGNEDQDNYGY,6,1,6.0,
GRWNRYGFYDQDNNDY,6,0,6.0,
GKPWVSGYGDQELFNY,6,4,1.5,Rob_8951
GRWWRYGSTYQDLYQY,6,5,1.2,Rob_8929
GRWNYYGGEDQDSYEY,6,5,1.2,
GRVLRFGFDYQIEYEY,6,5,1.2,Rob_2808
GRWNCYGANDQDEYSY,6,3,2.0,
GRWDPFGSYDQDNYDY,6,0,6.0,
GRSWRFGFAYQLEFSY,6,3,2.0,Rob_519
VRWNYYGFTDQDNFEY,6,1,6.0,
GYMYCYGSSVQMDYEM,6,4,1.5,
GRWDLFGSYNQDNYEY,6,4,1.5,
GRWRYYGANDQDNYSY,6,4,1.5,
GRWNFYGYYDQSQYEY,6,3,2.0,
GRWYLYGPDDQDNYIY,6,2,3.0,
GRWALYGKDYQDNYAY,6,4,1.5,Rob_7688
GRWRYYGARDQENYSY,6,5,1.2,
GRWNRYGSYDQEDYTY,6,2,3.0,
GRWNHYGEQDQYNYEY,6,2,3.0,
GRWLHHGPEEQDNYDY,6,2,3.0,
GRTWHLGYGDQIEYEY,6,5,1.2,Rob_3532
GRWNSFGKEDQSNYDY,6,1,6.0,
GRWNRYGFEDQDNFDD,6,2,3.0,
GRWYRWGYYEQYLYEY,6,2,3.0,
GRWYKYGPYDQDNHTY,6,0,6.0,
GRWNYYGQYDQNEYEY,6,4,1.5,
GRWYRYGYDEQYEYEY,6,1,6.0,
GRFWRYGNLWQQEYFF,6,5,1.2,
GCWNYYGEYDQDNYEY,6,1,6.0,
GRWDLFGKYDQDNYEW,6,4,1.5,
GRWRYYGANDQDEYEW,6,2,3.0,
GKWNRYGAGEQDEYNY,6,2,3.0,
GRNEYRGYSDQNEYDY,6,5,1.2,Rob_10731
GFCQAYGSSDQMKYEY,6,3,2.0,
GRWNFYGQSEHYNYEY,6,0,6.0,
GRVWRYGLTFLYEYAY,6,1,6.0,
GRWNRYGFHEQDNYDY,6,0,6.0,
GRWDLFGSFDQENYYY,6,4,1.5,
GRWNRYGFYDQDSYYY,6,1,6.0,
GRCNRFGKEDQSNYDY,6,0,6.0,
GRWWRYGYHDQYEYEY,6,3,2.0,
GRWNRYGFYDQDNCDY,6,2,3.0,
GRWNYYGEYDQDNFDY,6,0,6.0,
GSPWRFGYGDQLQYGY,6,3,2.0,Rob_8721
GRPNYYGYSDQHDYRY,6,5,1.2,Rob_6276
GEYMVFGSSRQCRYWR,6,5,1.2,
GRWNYYGYYDQLNYTY,6,2,3.0,
GRWNRYGFEHQDNFDY,6,1,6.0,
GRNNRYGFESQDEYYY,6,4,1.5,
GRWNFYGAYEQSLYGY,6,5,1.2,Rob_6334
GRNRYYGFDDQYEFYY,6,1,6.0,Rob_6102
VRWNYYGQYDQDQYEY,6,1,6.0,
GRWNFYGQYDQDNYDY,6,1,6.0,
GRWLYYGNRDQDEYSY,6,4,1.5,Rob_10647
GRVNRYGFEDQDNFGY,6,5,1.2,
GRWLHFGYYDQENYEY,6,1,6.0,
GRWNRYGFYDQDNYKY,6,0,6.0,
GFCAHYGSSEQMKYYM,6,0,6.0,
GRWFKYGASDQDNYSY,6,2,3.0,
GRWNRYGFCEQDNYDY,5,0,5.0,
GFWYYCGSSFQCRYPR,5,2,2.5,
GNVWRYGYGNQIEYQY,5,4,1.25,Rob_1927
GRTLRKGYGGQLEYFY,5,4,1.25,Rob_2899
GRWDYYGWLEQNNYEY,5,4,1.25,
GRWNRFGAGYQEEYLY,5,1,5.0,
GRWNYYGGEDLDSYPY,5,0,5.0,
GFCYHYGSSEQMKYYM,5,2,2.5,
GRWNRYGFEEQDNFDY,5,0,5.0,
GRWFRFGGGDQLEYYY,5,3,1.6666666666666667,
GRWDLFGSYDQDNNEY,5,4,1.25,
GHWNYYGQYDQDQYEY,5,2,2.5,
GFAYYMGSSVQMEYYW,5,3,1.6666666666666667,
GRWRYYGEDDQDNFDY,5,1,5.0,
GRPNFKGKYEQYLYEY,5,3,1.6666666666666667,Rob_11240
GRINYYGYEEQYLYDY,5,4,1.25,Rob_12325
GRWNYYGQYDQDRYEY,5,4,1.25,
GRRNRYGEQDQYNYEY,5,3,1.6666666666666667,
GRWWRYGNNDQYLYEY,5,2,2.5,Rob_3451
GRWWRYGQWYQELYNY,5,2,2.5,Rob_8432
GRLNRYGFYDQDNYEY,5,0,5.0,
GRWNRYGESDQGEYEY,5,4,1.25,
GRWRYYGEGDQENYEY,5,1,5.0,
GRWYRYGAGYQEEYDY,5,4,1.25,
GRWFRYGLIDQLNYSY,5,2,2.5,
GRWWRLGAGDQEEYSY,5,4,1.25,Rob_2366
GRWNRYGPIDQENYDY,5,0,5.0,
GRWNLYGKDEQSDYSY,5,4,1.25,Rob_7670
GFCYEYGSSDQMKYYM,5,4,1.25,
GRWNYYGEYDKDNYEY,5,0,5.0,
GRWYKYGQFDQDNYTY,5,0,5.0,
GRWNYYGEYDLDNYEY,5,4,1.25,
GRALYFGQFEQWNYRY,5,4,1.25,Rob_5256
GRWFRYGASDQEEYLY,5,3,1.6666666666666667,
GRNLYYGYDYQDEYHY,5,1,5.0,Rob_9671
GLPWRYGYRSQEEYLY,5,4,1.25,Rob_8050
GFCLHLGSSDQMIYYM,5,3,1.6666666666666667,
GRWFKYGPFDHDNYTY,5,1,5.0,
GRWNRYGFADQDNFDY,5,2,2.5,
GRWLRYGGHDQDNYQY,5,4,1.25,
GRWHRYGPEEQGNYDY,5,3,1.6666666666666667,
GHWNYYGQYDQDGYEY,5,0,5.0,
GRWNRYGQYDQDQYEY,5,1,5.0,
GRRNYYGFTDQDNFEY,5,3,1.6666666666666667,
GRWNRYGFYDQDTYYY,5,3,1.6666666666666667,
GRTWKYGYEYQLEYWY,5,3,1.6666666666666667,Rob_2852
GRWYHYGQTDQSNYSY,5,2,2.5,
GRNRYYGYGYQEEYNY,5,4,1.25,Rob_8695
GRWNRYGFKDQDNFGY,5,0,5.0,
GRWNRYGSRDQDLYDY,5,0,5.0,
GRWDLFGSYDQDNFEY,5,4,1.25,
GRWWRYGSYLQYRYIY,5,2,2.5,Rob_4360
GRWNFFGNYYQGSYDY,5,3,1.6666666666666667,Rob_7147
GRNNYFGYEYQYEYGY,5,2,2.5,Rob_10107
GRWFKYVPFDQDNYTY,5,0,5.0,
GRVLKYGKWDQEEYEY,5,3,1.6666666666666667,Rob_2801
GRWYRYGYLDQGEYEY,5,2,2.5,
GRWNFYGSYEQELYDY,5,0,5.0,
GRWFRYGATDQENYEY,5,0,5.0,
GRWLKYGYYDQAEYGY,5,0,5.0,
GRWNRYGENDQDEYSY,5,1,5.0,
GRWNYYGSYDQDAYSY,5,3,1.6666666666666667,
GRWFKYGASDQGLYDY,5,1,5.0,
VRWNFYGQDDQYNYDY,5,0,5.0,
GRWWRYGEYDQDNYEY,5,1,5.0,
GRWYHYGQTEQNNYEY,5,1,5.0,
GFAYHYGSSDQMEYEM,5,3,1.6666666666666667,
GRWNLWGQEYQDLYNY,5,4,1.25,Rob_6692
GRWNYYGQYDQENYDY,5,3,1.6666666666666667,
GAMLVFGSSAQCAYWA,5,0,5.0,
GRWHYYGEDDQRNYEY,5,1,5.0,
GRWNYYGSFWQDNYTY,5,1,5.0,
GRWNYYGSSDQYNYDY,5,3,1.6666666666666667,
GRWNYYGFYDQNEYEY,5,2,2.5,
GRWNRYGPTDHENYDY,5,3,1.6666666666666667,
GRVLRYGLYEQEEYQY,5,3,1.6666666666666667,Rob_797
GRWNYYGYYEQLNYTY,5,0,5.0,
GRWNYYGFTDQDNFGY,5,1,5.0,
GRWLYHGPEEQGNYDY,5,4,1.25,
GRWNYYGYEEQSEYEY,5,2,2.5,
GRWLRFGYYDKENYEY,5,0,5.0,
GEWYKRGSSFQCRYYR,5,2,2.5,
GRWNRYGFYEQEEYEY,5,1,5.0,
GRWNYYGSFDQDNYNY,5,2,2.5,
GRWNYYGYYEQDSYQY,5,1,5.0,
GRWFRFGYSDQDEYTY,5,3,1.6666666666666667,
GRWNYYGGEDQDSYFF,5,1,5.0,
GKWWRYGNNDQYDYYY,5,4,1.25,Rob_3468
GRCNYYGYYDQDLYDY,5,0,5.0,
GFAMAYGSSVQMMYEY,5,2,2.5,
GRWNYYGQYDQDNFDY,5,0,5.0,
GRWYQYGYDDQYSYGY,5,3,1.6666666666666667,
GRWDLFGSYGQDNYEY,5,1,5.0,
GRCNYYGPTDQENYDY,5,0,5.0,
GRWNRYGFYDQDNYLY,5,0,5.0,
GRWDLFGFEDQDNFDY,5,4,1.25,
GRWYLFGSYDQDNYDY,5,0,5.0,
GRWYKYGPYDHDNYTY,5,0,5.0,
GRWLRFGFYDQDNYDY,5,1,5.0,
GRWNRYGYDDQEEYSY,5,1,5.0,
GRSLHFGYSDQEEYGY,5,2,2.5,Rob_2241
GRWLRYGQKDQTSYDY,5,2,2.5,
GRWRYYVEDDQRNYEY,5,3,1.6666666666666667,
GRWNYYGQYDQDEYFY,5,4,1.25,
GRNEYFGYEYQNEYEY,5,4,1.25,Rob_10345
GFAMHYGSSVQLAYAY,5,1,5.0,
GRWFRYGYDYQSEYYY,5,2,2.5,
GRWLRFGYYDQDNYGY,5,3,1.6666666666666667,
GRWRRYGGGDQDQYSY,5,2,2.5,
GRWNYYGFYEQVLYDY,5,1,5.0,
GRWYMYGPYDQDNYTY,5,2,2.5,
GRWNYYGPTDQENYYY,5,0,5.0,
GRWFRYGYDEQGLYDY,5,1,5.0,
GRWYRFGYDDQDEYEY,5,0,5.0,
GRWNYYGFTDQNNFEY,5,4,1.25,
GRWNYYGQCDQDQYEY,5,0,5.0,
GRWNRYGYYEQSLYDY,5,3,1.6666666666666667,
GRRNRYGPTDQENYDY,5,1,5.0,
GRWNRYGFEDQDNFHY,5,2,2.5,
GRWYKYGNYDQDNYNY,5,0,5.0,
GRWNRYGANNQDEYSY,5,1,5.0,
GRWKYYGPEEQENYEY,5,4,1.25,
GRWHYFGESDQENYRY,5,1,5.0,
GRPYSFGYNDQYLFDY,5,3,1.6666666666666667,Rob_5624
GRWLHNGPEEQGNYDY,5,2,2.5,
GRWYQYGYTLQNEYEY,5,3,1.6666666666666667,
GRWARYGYDDQDGYYY,5,1,5.0,
GRWYKYGPFDQDNYEY,5,4,1.25,
GRTWIAGYEDQIEYLY,5,3,1.6666666666666667,Rob_3512
GRPWQYGYWYQDEYLY,5,3,1.6666666666666667,Rob_8406
GRPNWFGYEYQLRYYY,5,3,1.6666666666666667,Rob_9136
GCWNRYGFYEQDNYDY,5,2,2.5,
GRWNYYGDYEQQLYYY,5,0,5.0,
GRWNRYGAGYQEEYGY,5,1,5.0,
GRWNYYGFTDHDNFEY,5,1,5.0,
GRAWRFGLQYQLEYEY,5,3,1.6666666666666667,Rob_2147
GRWDLFGSYDRDNYDY,4,2,2.0,
GFWYYVGSSFQCRYPR,4,3,1.3333333333333333,
GRWNYYGQYDQDKYEY,4,0,4.0,
GFRMHYGSSEQWKYEY,4,3,1.3333333333333333,
GRWNYYGEQWQKNYKY,4,2,2.0,Rob_9840
GRWYHYGQTDHSNYYY,4,0,4.0,
GRLNRFGPNDQDSYYY,4,0,4.0,
GRWLYRGPSDQFDFLY,4,3,1.3333333333333333,Rob_9834
GRWDLFGKYDQDSYAY,4,2,2.0,
GRWYKYGPCDQDNYTY,4,1,4.0,
GFIRYYGSSVQMCYEM,4,2,2.0,
GRWNRYGFEDQENYDY,4,0,4.0,
GRSWRRGFWEQYELSY,4,3,1.3333333333333333,Rob_1339
GRWNRYGFYDPDNYDY,4,0,4.0,
GRCNRYGFYDQDNYEY,4,0,4.0,
GRWNRYGYSDQAEYYY,4,1,4.0,
GRWYNFGPSDQKNYNY,4,1,4.0,Rob_4929
GRWNRYGQYEQINYEY,4,3,1.3333333333333333,
GYNFEYGSSVQMDYEM,4,2,2.0,
GRWCYFGPRDQDNYHY,4,1,4.0,
GRWRYYGEDDQSNYEY,4,2,2.0,
GRWFKYGASDQALYYY,4,0,4.0,
GRWNYYGGYSQYEYYY,4,2,2.0,
GRWYRYGFEDQDNFYY,4,0,4.0,
GRRNYYGERDQENYEY,4,0,4.0,
GRVDFYGYYDQWNYNY,4,3,1.3333333333333333,Rob_6625
GRWNRYGAGYQEEYRY,4,0,4.0,
GFTRFYGYSSQDEYYY,4,3,1.3333333333333333,Rob_8574
GRWWRYGSLDQDNYEY,4,3,1.3333333333333333,
GRWNFYGQDDQDNYNY,4,1,4.0,
GRWNPYGFEDQDNFGY,4,0,4.0,
GRWYRWGYYEQTKYEY,4,0,4.0,
GRWYRYGFEDQDNFGY,4,0,4.0,
GRWNFYGHNDQYNYDY,4,0,4.0,
GRVWNFGYNYQSEYFY,4,1,4.0,Rob_2847
GRCNFYGQNDQYNYDY,4,0,4.0,
GRWDLFGSFDPDNYEY,4,2,2.0,
GRWNYYGESDQDSYKS,4,1,4.0,
GRWRYYGEDDQENYGY,4,0,4.0,
GRWNYYGYYDQDNYDY,4,1,4.0,
GRANYWGLDDQDNYYY,4,0,4.0,
GRWNRYGESDQYLYDY,4,1,4.0,
GRWYKYGPEEQGNYDY,4,1,4.0,
GRPNFFGYTDQHNYEY,4,0,4.0,Rob_12139
GRVFRYGKLFQLEYLY,4,3,1.3333333333333333,Rob_2950
GRWNYYGEYDQDDYEY,4,2,2.0,
GRWDLFGSYDQDNCEY,4,2,2.0,
GRCNYYGESDQDSYKY,4,0,4.0,
GRWNLYGQDDQYNYDY,4,2,2.0,
GRWLHHGPEERGNYDY,4,1,4.0,
GRRNRFGKEDQSNYDY,4,1,4.0,
GRWLHYGQYDQDVYDY,4,0,4.0,
GRWNRYGFEDQANFDY,4,3,1.3333333333333333,
GRWNRYGFEDQDNCGY,4,0,4.0,
GRWNRYGFEDQDTFDY,4,1,4.0,
GRVWKYGLYDQGEFQY,4,2,2.0,Rob_201
GRPNYYGYSDQYDYRY,4,2,2.0,Rob_6274
GRLNYYGFYEQSSYEY,4,0,4.0,
GRNWRYGFDNQDELWY,4,3,1.3333333333333333,Rob_5220
GRWNRYGQSEQEEYEY,4,1,4.0,
GRWNYYGQTDQENYDY,4,0,4.0,
GRWNRYGSADQEEYSY,4,0,4.0,
GRWNFFGQEDQYNYEY,4,1,4.0,
GRWYRYGAAEQDEYYY,4,2,2.0,
GRPNYYGFGVQYEYHY,4,0,4.0,Rob_10790
GRWYQYGYETQYLYEY,4,1,4.0,
GRWYHYGQTDQIEYSY,4,1,4.0,
GRWLRFGGHDQDNYLY,4,1,4.0,
ERWDLFGSFDQDNYEY,4,0,4.0,
GRWWRYGFDDQYEYYY,4,3,1.3333333333333333,
GRWNRYVFYDQDNYEY,4,0,4.0,
GRPNDRGYYDQSNYEY,4,2,2.0,Rob_7699
GRNLYYGFEEQHEYSY,4,2,2.0,Rob_6063
GRWNRYGESDQELYNY,4,3,1.3333333333333333,
GRWFLYGSDDQDTYEY,4,1,4.0,
GRWRYYGARDQDVYEY,4,1,4.0,
GRWNRYGPTDQKNYDY,4,2,2.0,
GRWNPYGFEDQDNFDY,4,1,4.0,
GRVWKYGLYFQEEYLY,4,2,2.0,Rob_443
GRWNRYGSYDQDNYEY,4,0,4.0,
GRWYKYGPFDQYNYTY,4,1,4.0,
GRWNRYGSYDQDNYDY,4,1,4.0,
GRWFRYGAHDQSSYKY,4,2,2.0,
GRWDLFGSHDQDNYDY,4,1,4.0,
GRWNRYGPTDQDNFDY,4,1,4.0,
GRWNRYGFYDQDEYSY,4,0,4.0,
GRWHYFGESYQENYEY,4,0,4.0,
GRWLYWGPQEQELYSY,4,3,1.3333333333333333,
GRWDLFESYDQDNYEY,4,2,2.0,
GRWYRFGGGDQDEYEY,4,3,1.3333333333333333,
GRWLRYGGGDQDQYSY,4,2,2.0,
GFCYRYGSSVQMCYEM,4,1,4.0,
GRWNRYGEQDQDNYEY,4,2,2.0,
GRWYRYGSHLQFSYDY,4,3,1.3333333333333333,
GRWFRYVAHDQSSYNY,4,0,4.0,
GRWNRYVFEDQDNFEY,4,0,4.0,
GRWNYYGEYDQNNYEY,4,0,4.0,
GRVWRYGYGYQIEYIY,4,3,1.3333333333333333,Rob_1920
GRTYRFGYHWQVEYEY,4,3,1.3333333333333333,Rob_3555
GRWLRYGGHDQDNYDY,4,0,4.0,
GRWNRYGQDDQYNYDY,4,0,4.0,
GRWNRYGVYDQDNYDY,4,0,4.0,
GKWNRFGQEDQANYSY,4,2,2.0,
GRPNYFGYSWQYNYEY,4,3,1.3333333333333333,Rob_7475
GRWIRYGFEDQDNFDY,4,1,4.0,
GRENYFGKTYQDEFSY,4,2,2.0,Rob_185
GRWNHYGFYDQDNYEY,4,0,4.0,
RRWNRYGFYEQDNYDY,4,1,4.0,
GRWYKYGPFDHDNYTY,4,1,4.0,
GRWNYYGQYDQDQYKY,4,0,4.0,
GRWLHHVPEEQGNYDY,4,0,4.0,
GRWNYFVPYDQDNYEY,4,0,4.0,
GRWNRFGKGDQSNYDY,4,2,2.0,
GRDWRYGFSGQYEHEY,4,3,1.3333333333333333,Rob_1540
GRWNRYGPTDQDNYKY,4,0,4.0,
GRLFKYGPFDQDNYTY,4,0,4.0,
GRWNRYGEHDQYNYEY,4,1,4.0,
GRCNYYGQYDQDGYEY,4,0,4.0,
GRNLYYGYELQYEYRY,4,2,2.0,Rob_5588
GFCMCYGSSDQMGYEY,4,2,2.0,
GFYLHRGSSVQWLYEM,4,2,2.0,
GHWNRYGAGYQEEYDY,4,2,2.0,
GRWNRFGPNDKDSYYY,4,0,4.0,
GRWNRYGFYDQELYDY,4,0,4.0,
GRWNYYVPTDQENYDY,4,0,4.0,
GRWNYYGFYEQWAYDY,4,2,2.0,
GRWARYGSDDQDTYSY,4,0,4.0,
GRWFKYGPFDRDNYTY,4,2,2.0,
GFCCHYGSSDQMKYYM,4,2,2.0,
GRWNYYGSYDQDNYSY,4,2,2.0,
GRWDLFGKYDQDNHEY,4,3,1.3333333333333333,
GRWNYYGFADQDNFEY,4,1,4.0,
GRSWQFGLLWQSELDY,4,0,4.0,Rob_1135
GRNFRYGFYYQYEFEY,4,3,1.3333333333333333,Rob_751
GRWKRYGFEDQDNFGY,4,0,4.0,
GRWFRFGGGDQEEYSY,4,0,4.0,
GRWYNFGQDDQYEYQY,4,0,4.0,
GRWYRWGYYEQNDYYY,4,2,2.0,
GRLDLFGKYDQDNYEY,4,3,1.3333333333333333,
GREFIYGYNEQLEYSY,4,3,1.3333333333333333,Rob_3257
GRWQYYGGTDQGNYPY,4,2,2.0,Rob_4901
GRWLRYGHLDQLNYSY,4,0,4.0,
GKWNRYGANDQDEYSY,4,1,4.0,
GAWWCFGSSAQCAYWW,4,3,1.3333333333333333,
GRWWRFGPEDQDNYNY,4,0,4.0,
GRRNYYGGEDQDSYYY,4,3,1.3333333333333333,
GRWNRYGAGYQEEYWY,4,2,2.0,
GFCCEYGSSDQMKYYM,4,3,1.3333333333333333,
GRWNRYGANDQDEYRY,4,1,4.0,
GLGFRYGYPLQEAHHY,4,3,1.3333333333333333,Rob_8351
GEWNYYGFYEQYDLDY,4,3,1.3333333333333333,Rob_7188
GYPLYRGLEDQDNYSY,4,1,4.0,Rob_5070
GRPRWYGSDKQWDYGY,4,1,4.0,Rob_10275
GRWYKYVPYDQDNYTY,4,0,4.0,
GRTWRYGFGEQELYDY,4,3,1.3333333333333333,Rob_2073
GRNYYFGYDDQVEYHY,4,1,4.0,Rob_10532
GRWNYCGEYDQDNYEY,4,2,2.0,
GFMYHRGSSVQWLYEM,4,3,1.3333333333333333,
GRWNRYGFYEQDNFGY,4,0,4.0,
GRRYKYGPFDQDNYTY,4,1,4.0,
GRWNRYGEQYQYNYEY,4,0,4.0,
GRWNYFGQDDQENYEY,4,3,1.3333333333333333,
GRSWKFGFHDQLEFNY,4,1,4.0,Rob_634
GRWNRYGFYDQDNFSY,4,2,2.0,
GRWLHHGPEEHGNYDY,4,3,1.3333333333333333,
GRWRYYGAHDQDEYEY,4,2,2.0,
GFWYYCGSSFQCRYWR,4,1,4.0,
GRWNYYGEYDQDNYEM,4,3,1.3333333333333333,
GRWNYYGGKDQDSYYY,4,2,2.0,
GLNNYFGYTNQYEYEY,4,2,2.0,Rob_11883
GRWNYYGNYDHDSYAY,4,0,4.0,
GRWDLFGFYDQDNYDY,4,3,1.3333333333333333,
GRWFRFGASDQAEYGY,4,1,4.0,
GRWNYYGEYDQDNHEY,4,2,2.0,
GRSWQYGFNDQHEYDY,4,3,1.3333333333333333,Rob_3795
GRWNRYGAGYQEDYDY,4,1,4.0,
GRWLRFGYYDQENFDY,4,0,4.0,
GRWDLFGKYDQDNFDY,4,1,4.0,
GRWNRYGANDQAEYSY,4,1,4.0,
GRVWRFGQWYQEEHNY,4,3,1.3333333333333333,Rob_1443
GRWNYYVRDDQENYEY,4,0,4.0,
GRWNRFGQNDQDSYYY,4,0,4.0,
GEWWYLGSSFQCRYWR,4,3,1.3333333333333333,
GRWNYYGFTDQDNYDY,4,1,4.0,
GSWDLFGSFDQDNYEY,4,3,1.3333333333333333,
GRWRYYGAPYQNLYDY,4,2,2.0,Rob_10060
GRWNRYGYYDQDNYDY,4,2,2.0,
GRNLYYGRYDQSEDLY,4,1,4.0,Rob_5950
GLSWRYGYKFQENYWY,4,0,4.0,Rob_8739
GRWWRFGYDEQELYDY,4,2,2.0,
GRWRYYGADDQENYEY,4,3,1.3333333333333333,
GRWWRYGYAYQEEYYY,4,2,2.0,
GRWNRYGFEHQDNFGY,4,0,4.0,
GRWNRYGKADQDNYHY,4,0,4.0,
GRWNRYGANYQDEYSY,4,0,4.0,
GEWFYMGSSRQCRYYR,4,0,4.0,
GRVWRYGLDKQLEYEY,3,1,3.0,Rob_816
GRNEYRGYDDQEEYLY,3,2,1.5,Rob_10612
GRLNRYGAGYQEEYDY,3,0,3.0,
GEWYEFGSSFQCRYPR,3,1,3.0,
GRVWTFGLRWQQEKLY,3,0,3.0,Rob_1643
GFEFRNGSSRQCRYRR,3,2,1.5,
GRWNRFGFEDQDNFDY,3,0,3.0,
GRWNYYGQYSQDGYDY,3,1,3.0,
GRWFSYGQHDQSSYNY,3,0,3.0,
GFYWQYGSSVQMDYEM,3,1,3.0,
GRWNRYGANDQDEHSY,3,1,3.0,
GRWDLFGSFNQDNYEY,3,2,1.5,
GRVNFFGKYEQSLYEY,3,1,3.0,Rob_7974
GRWNRYGFEDQDKFGY,3,0,3.0,
RRWNRYGAGYQEEYDY,3,0,3.0,
GRWNYYGYYEQDGYAY,3,1,3.0,
GRWNRFGHSEQELYDY,3,0,3.0,
GRWDLFGSFDQDNYEC,3,2,1.5,
GEWFYMGSSRQCRYWR,3,1,3.0,
GFEWRMGSSVQMCYHM,3,2,1.5,
GFYWVYGSSLQMEYYM,3,0,3.0,
GRWRHHGPEEQGNYDY,3,0,3.0,
GRWNYFGSGDQDLYEY,3,1,3.0,
GRWYRFGYGDQAEYWY,3,0,3.0,
GRWNYYGNKYQGNYQY,3,2,1.5,Rob_6633
GFCMHYGSSVQDEYHW,3,0,3.0,
GRNEYRGYYGQYDYFY,3,0,3.0,
GRWDLFGSFDQENYEY,3,1,3.0,
GRWNYYGGEDQDNFDY,3,0,3.0,
VRWLHHGPEEQGNYDY,3,0,3.0,
GRCNYYGQYEQENYEY,3,0,3.0,
GRWNYYGYYEQNLYDY,3,0,3.0,
GRWNFYGPFDQNNYEY,3,0,3.0,
GFRRHYGSSVQMEYYM,3,2,1.5,
GRPRYYGYYDQGDYEY,3,2,1.5,Rob_5447
GRWDLFGYYDQENYEY,3,0,3.0,
GRWRYYGEDDQKNYEY,3,0,3.0,
GRNHSYGYQDQGDYEY,3,2,1.5,
GRWNRFGFYDQDNFDY,3,0,3.0,
GRNNRYGFYLQHEYQY,3,2,1.5,Rob_5581
GRWNRYGYVDQDLYEY,3,1,3.0,
GRWNYYGGEDQDSYTY,3,0,3.0,
GHWNYYGYYEQDNYEY,3,0,3.0,
GFIRYYGSSVQMEYQM,3,2,1.5,
GRWNYYGQYEQDEYEY,3,1,3.0,
RRWNRFGKEDQSNYDY,3,0,3.0,
GKTNYLGYSYQGEFYY,3,2,1.5,Rob_3886
GRNNYRGFLLQSEYWY,3,1,3.0,Rob_6167
GRWNYYVESDQDSYKY,3,0,3.0,
GRWYRYGYEYQNEYEY,3,0,3.0,
GRVWRYGYGDQIEYIY,3,2,1.5,Rob_1922
GRNLYRGYENQGEYRY,3,2,1.5,Rob_5421
GRNNFYGYEEQSEYEY,3,2,1.5,Rob_7160
GRPQRYGSDNQDEYLY,3,2,1.5,Rob_3110
GRWNRFVPNDQDEYYY,3,0,3.0,
GRWNRYGESDQLSYSY,3,0,3.0,
GRWNYFGPYDQYNYEY,3,0,3.0,
GRWNRYGESDQELQDY,3,1,3.0,
GHWFLYGSDDQDTYSY,3,0,3.0,
GRWYFYGQGDQINYDY,3,1,3.0,
GRGNYYGYKFQIEYSY,3,1,3.0,Rob_3827
GRSNRYGFYDQDNYDY,3,0,3.0,
GHWNRFGPNDQDSYYY,3,0,3.0,
GRIWIYGGGHQEEYYY,3,1,3.0,Rob_1828
GFCYRYGSSLQMCYEM,3,2,1.5,
GRWNFFGQEDQDQYEY,3,0,3.0,
GRTWRYGFGNQLEYQY,3,1,3.0,Rob_1951
GRWYQYGPYDQDNYTY,3,1,3.0,
GRWSRYGFEDQDNFGY,3,0,3.0,
GRWNRYGSYDQEEYIY,3,0,3.0,
GRWNYYGANDQDEYSY,3,0,3.0,
GRWFKYGASDQALYDF,3,1,3.0,
GEWWKLGSSRQCWYYR,3,1,3.0,
GRWNRYGESDQDNYLY,3,0,3.0,
GRWWRHGGEDQDSYYY,3,2,1.5,
GRWLRYGEYQQYKYSY,3,2,1.5,Rob_9338
GRWNRYGEQDKYNYEY,3,1,3.0,
GRWNFCGQDDQYNYDY,3,1,3.0,
GRWDYYGFTDQDNFEY,3,0,3.0,
GRWNYYGFTDKDNFEY,3,0,3.0,
GRWYKYGPYYQDNYTY,3,1,3.0,
GRWNNFGWYEQDLYDY,3,0,3.0,
GRWFKYGPFDQDNFDY,3,0,3.0,
GRWNYYGQYDQYQYEY,3,0,3.0,
GRVWRFGLYEQEEYFY,3,2,1.5,
GRWYYFGESDQENYEY,3,2,1.5,
GRPLWYGYDSQPRYNY,3,2,1.5,Rob_4048
GKVWRFGYSYQAEHYY,3,0,3.0,Rob_8539
GRWNFYGYYEQLLYDY,3,0,3.0,
GRWDRYGFEDQDNFGY,3,0,3.0,
GRWFRFGSSDQEEYFY,3,0,3.0,
GRWYRWGYYEQTEYGY,3,2,1.5,
GRWNYYGFYEQPEYEY,3,0,3.0,
GRWNYYGPYDQDQYEY,3,0,3.0,
GEYMYFGSSRQCRYYR,3,1,3.0,
GRWRYFGPRDQDNYDY,3,2,1.5,
GRTWNFGFNYQEEYNY,3,0,3.0,Rob_2397
GRWFRYGASDQGEYSY,3,0,3.0,
VRWNYYGGEDQDSYPY,3,0,3.0,
GRWNYYGGEYQDSYYY,3,0,3.0,
GRWFRYGYSDQAEYLY,3,1,3.0,
GRLNYYGYELQHEYEY,3,2,1.5,
GRWNYYGECDQDSYKY,3,1,3.0,
GRWYRYGQEDQDEYEY,3,0,3.0,
GRWNYYGESDHDSYKY,3,0,3.0,
GRWRFYVPQDQENYAY,3,0,3.0,
GFYMFYGSSFQCMYYA,3,2,1.5,
GRVWRYGYYTQDLYSY,3,2,1.5,Rob_9061
GRWCFYGPQDQENYAY,3,2,1.5,
GRWNRYGFEDQVNFDY,3,0,3.0,
GRSWRFGFTSQDEFLY,3,2,1.5,Rob_515
GRWNYYGSYDQDNYDY,3,1,3.0,
GRVYRFGYDYQEEFLY,3,2,1.5,Rob_8891
GRWRYYGEDYQRNYEY,3,0,3.0,
GFEYHYGSSDQMEYYY,3,2,1.5,
GRWWWYGPKDQNRYIY,3,2,1.5,Rob_4426
GRWDLFGSFDHDNYDY,3,0,3.0,
GRNEYYGYYNQTEYQY,3,1,3.0,Rob_10447
GRLDLFGSFDQDNYDY,3,0,3.0,
GRWDYFGSDDQDNYNY,3,1,3.0,
GRWLRHGGHDQDNYLY,3,1,3.0,
GRWLKYGNYEQDNYDY,3,0,3.0,
GRWYRWGYYDQGLYEY,3,0,3.0,
GRSLWYGLEDQDEKDY,3,1,3.0,Rob_1024
GRWNFYVQDEQYNYDY,3,0,3.0,
GRPNFYGYYEQKLYSY,3,2,1.5,Rob_11239
GRWDLFGKYYQDNYEY,3,1,3.0,
GRWFKYGASDQVLYDY,3,0,3.0,
GRWYKYGPYDKDNYTY,3,0,3.0,
GHWNRYGFYDQDNYEY,3,2,1.5,
GRWNRYGANDQDEYLY,3,2,1.5,
GRWCFYGPQDQDNYEY,3,0,3.0,
GRWNYYGFYEHSSYEY,3,0,3.0,
GRWYRYGFEDQDNYDY,3,1,3.0,
GRVLHFGFHTQQEYNY,3,2,1.5,Rob_2277
GFLRYYGSSVQDAYEM,3,1,3.0,
GRWFNYGQSDQDEYDY,3,1,3.0,
GRWDFYGYYEQDLYHY,3,1,3.0,Rob_7884
GRWNYYGGEDQDRYYY,3,0,3.0,
GRWDLFGSYEQDNYEY,3,0,3.0,
GRNWTYGYSDQGAYAY,3,2,1.5,
VRWDLFGKYDQDNYEY,3,1,3.0,
VRWRYYGEDDQRNYEY,3,1,3.0,
GYPYRMGSSLQMEYHM,3,0,3.0,
GRWNYYGQYDKDQYEY,3,1,3.0,
GRWNYYGQYDQDGYKY,3,0,3.0,
GRWYKYGPHDQDNYTY,3,0,3.0,
GRWNRYGFEDQDSYKY,3,0,3.0,
GRWLRYGENQQDSYYY,3,0,3.0,
GRTWRYGSAYQSDQFY,3,2,1.5,Rob_1169
GFCYRMGSSLQMEYHM,3,2,1.5,
GRWNRLGPNDQDSYYY,3,1,3.0,
GRWGLFGSYDQDNYEY,3,0,3.0,
GRWLHHGPEEQSNYDY,3,2,1.5,
GRWWRKGPFDQSNYWW,3,2,1.5,
GRWFRFGADDQAEYQY,3,1,3.0,
GRWWRYGSKDQGNYDY,3,0,3.0,
GRPLRRGFSEQHLYNY,3,2,1.5,
GRWNRYGANDQDEYFY,3,0,3.0,
GFYWAYGSSMQCMYFY,3,0,3.0,
GRWELFGSYDQDNYEY,3,2,1.5,
GRWLRFGYYDQENYEC,3,1,3.0,
GRWNYYGPYDQDNYTY,3,0,3.0,
GRNLYYGYDNQSGDQY,3,1,3.0,Rob_10945
GRWNRYGAGYHEEYDY,3,0,3.0,
GRWNRYGYAYQEEYYY,3,2,1.5,
GRNNYYGYSDQWEYYY,3,1,3.0,Rob_10510
GRWNYYGFYEQDAYYY,3,1,3.0,
GRWDYFGYYDQYNYHY,3,0,3.0,
GRWNFYGHDEQYNYDY,3,0,3.0,
GRWQRFGYYDQENYEY,3,0,3.0,
GLSNVFGYDDQQEYLY,3,2,1.5,Rob_3505
GLWNRYGPTDQENYDY,3,0,3.0,
GRWDLFGSYDQDNYTY,3,2,1.5,
GRWNRYGESDQELYSY,3,1,3.0,
GRTWIHGYEDQIEYRY,3,2,1.5,
GFRMHMGSSVQMEYEY,3,0,3.0,
GRPLWYGRYDQFLYDY,3,2,1.5,Rob_4032
GRCNRYGFDDQDNFGY,3,0,3.0,
GRWNRYGFYDQYNYEY,3,1,3.0,
VRWFKYGPFDQDNYTY,3,0,3.0,
GRWFKYVASDQALYDY,3,1,3.0,
GRWNRYGFEDQENFGY,3,1,3.0,
GRLNYYGERDQENYEY,3,0,3.0,
GRWNRYGFDDQDNFYY,3,0,3.0,
GFLYIYGSSVQWLYEM,3,1,3.0,
GRWNYYGYYEQENYNY,3,0,3.0,
GRNWILGSHYQVEFGY,3,2,1.5,Rob_2642
GFCYHMGSSLQMEYHM,3,2,1.5,
GRWDLFGFEDQDNFGY,3,0,3.0,
GRWNYYGFTDQDNYNY,3,1,3.0,
GRWLRYGGHDQDNYEY,3,1,3.0,
GHWDLFGSYDQDNYDY,3,1,3.0,
GRWNRYRFEDQDNFGY,3,0,3.0,
ERWNRYGFEDQDNFGY,3,2,1.5,
GRWDYFGSIDQNLYNY,3,1,3.0,Rob_8138
ARWNRYGFYDQDNYDY,3,2,1.5,
GRWYRYGFYDQDNYDY,3,0,3.0,
GRWNYFVANDQNNYDY,3,0,3.0,
GRWNRFGPNDRDSYYY,3,1,3.0,
GRWNKFGQDDQFNYLY,3,2,1.5,
GRWRYYGEYEQDNYDY,3,1,3.0,
GPVYKYGYTSQELYHY,3,2,1.5,Rob_8049
GRWNRYGANDQDKYSY,3,1,3.0,
GRWQTYGSLWQAEHYY,3,2,1.5,Rob_968
GRRNRYGFEDQDNFEY,3,0,3.0,
GRWQRYGGHDQGNYDY,3,1,3.0,
GRNNYYGFEEQEEYWY,3,2,1.5,
GRWNRYGFEDQDNFGC,3,0,3.0,
GRWARYGYIDQAEYYY,3,0,3.0,
GFCMHYGSSVQMAYAM,3,2,1.5,
GFYWGYGSSDQMKYYM,3,1,3.0,
GRWNRYGSRDQDEYNY,3,0,3.0,
GRWNYYGGEDQDGYYY,3,0,3.0,
GRWNFYGYYDQDLYSY,3,1,3.0,
GRWRYYGLLEQEEYEY,3,1,3.0,
GRWNRYGFEDQGNFDY,3,0,3.0,
VRWNRYGFDDQDNFGY,3,0,3.0,
GRNLYYGRDRQDEYLY,3,2,1.5,Rob_6018
GFACHYGSSEQMKYYM,3,2,1.5,
GRNLYRGRDGQYEYRY,3,2,1.5,Rob_5708
GHWFRYGQHDQSSYNY,3,1,3.0,
GRWNRYGHSEQHLYEY,3,0,3.0,
GRTWRYGYWYQDDYEY,3,2,1.5,Rob_3577
GRWNYYGQYDQNQYEY,3,0,3.0,
GRWDLFGSFDRDNYDY,3,1,3.0,
GRWNFYGYYEQINHYY,3,0,3.0,
VRWYKYGPYDQDNYTY,3,0,3.0,
GRWDYYGFYEQFDYEY,3,1,3.0,
GRWDLFGKYDKDNYEY,3,1,3.0,
GRWLRYGENQQIRYSY,3,2,1.5,Rob_9183
GRWDLFGSSDQDNYEY,3,2,1.5,
GRWLRYGFYDQDNYDY,3,0,3.0,
GRPNYYGYAEQLNFDY,3,2,1.5,Rob_10765
GFEYRYGSSLQMEYEY,3,1,3.0,
GRWNYYGECDQDNYEY,3,0,3.0,
GRWNYYGYYDQNGYDY,3,0,3.0,
GRWDLFGAYDQDNYEY,3,1,3.0,
GRNLKYGYLQQGEYYY,3,0,3.0,Rob_5227
GRWFKYGASDQNLYHY,3,1,3.0,
GRWNYYGQYDQDQYQY,3,1,3.0,
GRWRYYGEDDKRNYEY,3,1,3.0,
GRWWRYGNEDQDNYCY,3,0,3.0,
GEWYYNGSSFQCRYWR,3,0,3.0,
GRCRYYGEDDQENYEY,3,0,3.0,
GRPLNKGYPEQYLYEY,3,1,3.0,
GRWDLFGSYDQHNYEY,3,0,3.0,
GRNNYHGYNIQGEYHY,3,2,1.5,Rob_10361
GRCNYYGERDQENYEY,3,0,3.0,
GRWNRYGPSDQENYDY,3,0,3.0,
GRWNRYGYYDQENYEY,3,1,3.0,
GRCNRYGEQDQYNYEY,3,0,3.0,
VRWNHFGWYEQDLYDY,3,0,3.0,
GRNRYFGLYKQFEYEY,3,0,3.0,Rob_5529
GRLNYYGYYDQDLYDY,3,0,3.0,
GRWFRYGASDQALYDY,3,1,3.0,
GRWRYYGVNDQDEYEY,3,1,3.0,
GRCNYYGESDQENYEY,3,0,3.0,
GRWYHYGFEDQDNFDY,3,0,3.0,
GRWNYYGFTDQDNFEC,3,0,3.0,
GRWRYYGEDDQRNYYY,3,0,3.0,
GRWFNYGQSDQDQYGY,3,0,3.0,
GRWFKYGPFDQDNYIY,3,1,3.0,
GRWNSYGFDDQDNFGY,3,0,3.0,
GRPNYYGYYEQELFSY,3,1,3.0,Rob_11475
GRPEYYGYNYQWSYGY,3,1,3.0,Rob_10571
GRWLHYGSDYQYNFRY,3,1,3.0,Rob_4136
RRWNRYGANDQDEYSY,3,1,3.0,
GRWLRFGCYDQENYEY,3,1,3.0,
GRWWRYGYSDQDEYEY,3,0,3.0,
GRWNRYGASYQEEYDY,3,0,3.0,
GRVWAYGTDYQLELSY,3,2,1.5,Rob_1292
GREERYGYIYHDNYYY,3,2,1.5,
GLWNFYGQDDQYNYDY,3,0,3.0,
GRWYKYGQYLQDNYTY,3,0,3.0,
GCWNYYGFTDQDNFEY,3,2,1.5,
GRWLRYGYYDQENYEY,3,1,3.0,
GRLLHHGPEEQGNYDY,3,0,3.0,
GRWRYYGEDDQDNYDY,3,1,3.0,
GRWLRYGYEDQDNYYY,3,0,3.0,
GRWNFYGAYEQYLYDY,3,0,3.0,
GRWHFYGSNKQDNYDY,3,0,3.0,
GFCYAYGSSVQMEYYM,3,2,1.5,
GRWNYYGFTDQDNIEY,3,1,3.0,
GRWFSFGQEDQQLYDY,3,0,3.0,
GKWNYYGYYDQDNYKY,3,2,1.5,
GRLNFYGQDEQYNYDY,3,0,3.0,
GRNRSYGDWFQLESKY,3,2,1.5,Rob_2837
GRPYLYGLEEQKNFDY,3,2,1.5,Rob_5251
GRWNRYGFEDQDHFGY,3,1,3.0,
GRCNKFGQDDQFNYQY,3,0,3.0,
GRSMHYGSSDQMMYEM,3,0,3.0,
GRWDLFGSYDQDNYEH,3,0,3.0,
GRWDYFGYYEQYNYYY,3,1,3.0,
GRWNYYGERDQENYEF,3,1,3.0,
GHWNRYGFYDQDSYEY,3,0,3.0,
GSWLRFGYYDQENYEY,3,0,3.0,
GKANYKGFYHQHEYYY,3,1,3.0,Rob_2411
GRWNRYGFSDQSSYYY,3,2,1.5,
GRRNRYGAGYQEEYDY,3,1,3.0,
GRWLRFGYYEQYNYEY,3,1,3.0,
GRWNFYGQYEQSSYEY,3,0,3.0,
GRWNYFGANDQDNYEY,3,2,1.5,
VRWLRYGGHDQDNYLY,3,0,3.0,
GNWNYFGAYEQYLYDY,3,0,3.0,
GEWLYMGSSRQCRYWR,3,2,1.5,
GRNLYFGYEEQDEYFY,3,1,3.0,Rob_5358
GRTWRFGYSYQAEYEY,3,0,3.0,Rob_2331
GFAWHYGSSEQMGYYM,3,0,3.0,
GRWRYYGGNDQDEYEY,3,1,3.0,
GRVWRYGYYDQDLYEY,3,0,3.0,
GRWNHYGFEDQDNFEY,3,1,3.0,
GRVWRYGLYRQLEYQY,3,0,3.0,
GRWNCYGEQDQYNYEY,3,1,3.0,
VRWNRYGEQDQYNYEY,3,0,3.0,
GRWDLVGSYDQDNYEY,3,0,3.0,
GRWNYCGFTDQDNFEY,3,0,3.0,
GRLFKYGASDQALYDY,3,0,3.0,
GFWWYAGSSFQCAYYA,3,2,1.5,
GRWNFYGQDDRYNYDY,3,1,3.0,
GRWLRYGYQDQFEYGY,2,0,2.0,
GRWNFYGQYEQYNYDY,2,0,2.0,
GRWNRYGFYEQANYDY,2,0,2.0,
VRWNYYGEYEQNNYGY,2,0,2.0,
GRWWRYGYDDQDEYYM,2,0,2.0,
GRWDLFGSFDQDNHDY,2,0,2.0,
GRWLRYGYNEQRTYDY,2,1,2.0,
GRVWRYGFWDQWEHDY,2,0,2.0,
GRSWRYGLLLQDAYSY,2,0,2.0,
GRWWRYGPNDQYSYLY,2,1,2.0,
GRWNSYGFEDQDNFEY,2,0,2.0,
GFYWNYGSSMQCWYFY,2,1,2.0,
GRWNYYGGEDRDSYDY,2,0,2.0,
GEWWYFGSSVQMEYEM,2,1,2.0,
GRWHYFVESDQENYEY,2,0,2.0,
GHWFRYGAHDQSSYNY,2,0,2.0,
GRWNRFGCSEQGLYEY,2,1,2.0,
GRWLRFGYYDQDNYLY,2,1,2.0,
RRWNYYGEYDQDNYEY,2,1,2.0,
GCWWWYGPTNQGLYSY,2,0,2.0,
GRWNYFGANDQNNYYY,2,0,2.0,
GRWHRYGFYDQDNYDY,2,0,2.0,
GRWDYYGYYEQALYDY,2,0,2.0,
GRWNSYGFYDQDSYDY,2,0,2.0,
GRWNRYGFFDQDNYEY,2,0,2.0,
GRWNRYGPTDQENYRY,2,1,2.0,
GRWDRFGYGDQESYDY,2,0,2.0,
GRWDRNGAYDQYEYDY,2,0,2.0,
GCWNRYGFEDQDNFEY,2,0,2.0,
GRWNRYGFYDQNNYEY,2,0,2.0,
GRWFRYGASDQAEYGY,2,0,2.0,
GRNNYYGFPDQYEYSY,2,0,2.0,Rob_6158
GRWWKYGALDQDEYEY,2,0,2.0,
GFYWVYGSSMQCLYYY,2,1,2.0,
GRWYRWGYYEQAEYEY,2,1,2.0,
GFFWMWGSSYQCMYFK,2,0,2.0,
GHWHYFGPSDQDNYLY,2,0,2.0,
GRWYRFGGGDQAEYDY,2,1,2.0,
GNWFRYGYYDQGNYSY,2,0,2.0,
VRWYKYGPFDQDNYTY,2,0,2.0,
GFAYRYGSSVQMEYHM,2,0,2.0,
GRWDLFGSFDQDNNEY,2,1,2.0,
GRWRYYGEDDKENYEY,2,1,2.0,
GRLNFYGQNDQYNYDY,2,0,2.0,
GRWYKYGPYDQDNFDY,2,0,2.0,
GFPWKYGYSNQSLYDY,2,1,2.0,
GCWNRYGFYDQDSYEY,2,0,2.0,
GRWYKYGPFDQDSYTY,2,0,2.0,
GRLNRYGFEDQDNFEY,2,1,2.0,
GRWWSYGPKDQLRYDY,2,0,2.0,
GRWNRYGSEDQAEYQY,2,0,2.0,
ERWNYYGEYDQDNYEY,2,1,2.0,
GRNLYYGHPEQYESYY,2,0,2.0,Rob_9820
GRWRYYGARYKDEYEY,2,0,2.0,
GRSYRYGYSDQGEYYY,2,0,2.0,
GRTQYRGYIYQDDYYY,2,1,2.0,Rob_10452
GKWNYFGNDSQDLYEY,2,0,2.0,
GFAMHYGSSVQAAYAM,2,1,2.0,
GRSLNFGLEWQAEKDY,2,1,2.0,Rob_996
GRWWRYGYEDQDNYSY,2,0,2.0,
GRWHKYGPYLQDNYTY,2,0,2.0,
GKWNYYGNSEQLLRYY,2,1,2.0,
GREWRRGFFDQDEYDY,2,1,2.0,
GRWNRYGFEDQENFEY,2,0,2.0,
GRWNRYGFYHQDNYDY,2,1,2.0,
GRWFKYGPFDQDNHTY,2,0,2.0,
GFYWGYGSSMQCMYFY,2,0,2.0,
GRWNRDGFYEQDNYDY,2,0,2.0,
GRLRYYGARDQDEYEY,2,0,2.0,
GRWNRDGFEDQDNFGY,2,0,2.0,
GRGWCYGLFYQLEKEY,2,1,2.0,
GRWNFYGYYYQYQYEY,2,0,2.0,
GRWRYYGASDQDEYSY,2,0,2.0,
GRWNRYGFYDQANYDY,2,0,2.0,
GRNLYYGYEEQYQYYY,2,0,2.0,Rob_10379
GRWFRYGSDLQYNYKY,2,1,2.0,
GYNNYFGYGFQSEYNY,2,1,2.0,Rob_10596
GEWWYQGSSFQCRYWR,2,1,2.0,
GRWNRYGAGYQEEHDY,2,0,2.0,
GRTWRYGFGDQSEYEY,2,1,2.0,Rob_3707
GRPFKYGLIYQDSSGY,2,0,2.0,Rob_5106
GRWLYYGPTDQDNYGY,2,1,2.0,
GNWFRYGYYDQYTYSY,2,0,2.0,
GRWNHFGKEDQSNYDY,2,0,2.0,
GRCNRFGPNDQDSYYY,2,0,2.0,
VRWNYWGYYEQVNHDY,2,0,2.0,
GNPNFWGHYEQELYYY,2,0,2.0,
GRWNYYGEYDQDNYKY,2,1,2.0,
GRCNFYGSYEQENYEY,2,1,2.0,
GRWRCYGEDDQENYEY,2,1,2.0,
GRWWRYGYYDQNEYLY,2,1,2.0,
GRNNYYGYNDQHEYHY,2,1,2.0,Rob_5316
GEWYYVGSSFQCRYYR,2,1,2.0,
GRSNYYGDNSQFNFKY,2,0,2.0,Rob_10903
GRWDYYGFYEQDLYDY,2,1,2.0,
GRWDLCGSFDQDNYEY,2,1,2.0,
GCWWRYGSSEQWNFSY,2,0,2.0,
GAMMYFGSSAQCAYWA,2,1,2.0,
GRWNYYGQYNQDQYEY,2,1,2.0,
GPWNRYGFYDQDNYDY,2,0,2.0,
GRVLTYGADYQEEFFY,2,0,2.0,
GEWWFFGSSRQCEYYR,2,1,2.0,
GRWNRYGFYDQDDYEY,2,0,2.0,
GRGWRFGFGHQLDYEY,2,1,2.0,
GRGNRYGFEDQDNFGY,2,0,2.0,
GRWHLFGSYDQDNYEY,2,0,2.0,
GRPLYYGYNDQSPYEY,2,0,2.0,Rob_10623
GLSWRYGFGGQSEYYY,2,0,2.0,
GRNLYYGYEDQREYQY,2,1,2.0,Rob_9868
GRWQYYGRDVQLLYDY,2,0,2.0,
GEWWFRGSSMQCMYFF,2,0,2.0,
GRVYSKGKKDQSEYDY,2,0,2.0,Rob_3772
VRWRYYGEDDQRNYDY,2,0,2.0,
GPWDYYGSYEQYLYSY,2,1,2.0,
GFCYRYGSSVQMYYEM,2,0,2.0,
GRWFKYGLFDQDNYTY,2,0,2.0,
GRWLRFGAYDQDLYQY,2,0,2.0,
GRCNRYGFEDHDNFDY,2,0,2.0,
GLWNRYGFYEQDNYDY,2,0,2.0,
GCWRYYGANDQDEYEY,2,1,2.0,
GRWNYYGYYEQTSYYY,2,0,2.0,
GRWYRYGPYDQDNYTY,2,1,2.0,
VRWNYYGESDQDSYKY,2,0,2.0,
RFYWIYGSSMQCMYFF,2,1,2.0,
GRWFRYGQHDQSNYNY,2,1,2.0,
GRIWRYGYYEQDSYEY,2,1,2.0,
GRWNRYGEQDQYNFDY,2,0,2.0,
GRWDRFGSYDQDNYDY,2,0,2.0,
GRWHYYGARDQDEYEY,2,0,2.0,
GRNNYRGYYEQRGYEY,2,1,2.0,Rob_7750
GRWNYFGYSFQDLYSY,2,0,2.0,
GRWNRNGFEDQDNFDY,2,0,2.0,
GRSWRFGSGYQAEYDY,2,1,2.0,Rob_1857
GRWNFYGQNDKYNYDY,2,0,2.0,
GRWNRYVFYYQDNYDY,2,0,2.0,
GFYYFMGSSYQCLYFF,2,0,2.0,
GRWNHFGPNDQDSYYY,2,1,2.0,
GRWWRYGPNEQVNYYY,2,1,2.0,
GFAMHYGSSVQWEYDY,2,1,2.0,
GRWCYYGEDDQRNYDY,2,1,2.0,
GRWRFYGPQDHENYAY,2,0,2.0,
GRWNRYGFEDQGNFGY,2,0,2.0,
GFRYHYGSSVQCKYEY,2,1,2.0,
GRVLRYGLDDQDEYDY,2,0,2.0,
GHWNRYGFEDQDNFEY,2,1,2.0,
GRTERYGYNDQAEYHY,2,0,2.0,Rob_10636
GRWNRYGFEDQDNCDY,2,0,2.0,
GRWDLFGKDDQDVYSY,2,1,2.0,
GRCNYFGNYDQDSYAY,2,0,2.0,
GRWWNYGAYDQFEEFY,2,0,2.0,
GRPWRYGYDIQDLYDY,2,0,2.0,
GRWLYYGEDDQENYEY,2,1,2.0,
GRWLRYGYEDQSEYKY,2,1,2.0,
GRWYKYGPYDQDNYTH,2,0,2.0,
GRWYKYGPFDQDNFDY,2,0,2.0,
GRPNYYGYYEQRLYHY,2,0,2.0,
GFNYIYGSSDQWEYEM,2,1,2.0,
GRRRFYGPQDQENYAY,2,0,2.0,
GRNYQYGFVNQNDYQY,2,0,2.0,Rob_5169
GRWNYYGPYDQNNYGY,2,1,2.0,
GRWFLYGSDDQDNYEY,2,0,2.0,
GFCMHYGSSDQMEYYM,2,0,2.0,
GRNNFYGYSEQELYPY,2,1,2.0,Rob_6818
GRNLYYGYDVQKEYRY,2,0,2.0,Rob_5408
VFYWTYGSSMQCLYFF,2,0,2.0,
GHWLRYGYDDQDGYYY,2,0,2.0,
GRWNHFGWYEHDLYDY,2,0,2.0,
GRWYSWGYYEQTEYEY,2,0,2.0,
GRPNYYGYIDQSLYNY,2,0,2.0,Rob_6970
GRWLRYGGTDQSNYEY,2,0,2.0,
GRWNRYGFYERDNYDY,2,0,2.0,
GFSWRYGSSMQCMYFF,2,0,2.0,
GRCNYYGYYEQLNYYY,2,0,2.0,
GRWDLFGSYDQDNYLY,2,0,2.0,
GRWNRYGFYDHDNYEY,2,1,2.0,
GKPWRFGYQDQAEYFY,2,1,2.0,Rob_8563
GRWNFYVQSDQYNYDY,2,0,2.0,
GRWNRYGFEYQDNFEY,2,0,2.0,
GRWYKYGPFDQDDYTY,2,0,2.0,
GRWNRFGYGDQAEYLY,2,0,2.0,
GRWNYYGYYEQAEYQY,2,0,2.0,
GRWFRYGSDLQENYEY,2,0,2.0,
GRWNRYGFYDQHNYDY,2,0,2.0,
GRNNYFGFDLQGEYWY,2,1,2.0,Rob_5178
GRWHKYGSYEQYNYSY,2,0,2.0,
GRPNLYGYYEQVNYGY,2,0,2.0,Rob_7819
GRVWRFGFEGQHEHYY,2,1,2.0,Rob_1431
GRCNYYGYYEQENYTY,2,0,2.0,
GKNWKWGDEQQLELYY,2,1,2.0,Rob_1106
GRWNYYGGEDQDSYPD,2,0,2.0,
GRWFRFGYNEQLLYEY,2,0,2.0,
GRWYKHGPYDQDNYTY,2,0,2.0,
GRPDYFGYYEQDDYEY,2,0,2.0,
GRWNYYGDEDQDSYPY,2,1,2.0,
GKWNRYGYYEQELYDY,2,0,2.0,
GRWDYYGDYEQHNYDY,2,0,2.0,
GRWTRYGFEDQDNFDY,2,0,2.0,
GRWLYFVPEDQDNYLY,2,0,2.0,
GNWNYYGQNDQTNYGY,2,0,2.0,
GRWNRFGPNDQYSYYY,2,0,2.0,
GFCYYMGSSVQMEYYY,2,0,2.0,
GRWYRWGYYDQDEYSY,2,1,2.0,
GRNNYYGYYEQIEYLY,2,1,2.0,Rob_7347
GRWNFYGQDGQYNYDY,2,0,2.0,
GRWNHFGLYEQDLYDY,2,1,2.0,
ERWLRFGYYDQENYEY,2,0,2.0,
RRWLRYGGHDQDNYLY,2,0,2.0,
GRVLRYGNRDQIEYQY,2,0,2.0,
GRWRYYGPEDQYNYYY,2,0,2.0,
GRWNFYGYYDQYLYDY,2,1,2.0,
GRSNQYGGGGQFDYIY,2,1,2.0,Rob_3612
GRWNRYGFYYQDNYEY,2,0,2.0,
GRWNHFGWYEQELYDY,2,0,2.0,
GRWNFYGQDDQHNYDY,2,0,2.0,
GRWCYYGARDQDEYEY,2,0,2.0,
GRWWYYGPYEQFNYDY,2,1,2.0,
GLPWRYGYSDQDLYDY,2,0,2.0,
GRWNRYGAGYQDEYEY,2,1,2.0,
GRLHYFGESDQENYEY,2,0,2.0,
GRWLRFEYYDQENYEY,2,0,2.0,
GRNTYFGYSYQTEYDY,2,1,2.0,Rob_6059
GRWNRYGASEQYLYDY,2,0,2.0,
GRWNRYGFYDQDNDDY,2,0,2.0,
GFAMHMGSSVQMEYYM,2,0,2.0,
GRWYRYGPNEQANYYY,2,1,2.0,
GHWLRYGGHDQDNYLY,2,1,2.0,
GRSWRYGLLLQIEYDY,2,1,2.0,Rob_2761
GRSWKYGGYLQLEYEM,2,0,2.0,
GRWFWFGNSLQCDYYY,2,0,2.0,
GRCNYYGYYEQDNYEY,2,0,2.0,
GFCMHYGSSFQMEYYM,2,1,2.0,
GFEWHYGSSEQMEYEY,2,0,2.0,
GRYFRYGKENQHNEQY,2,1,2.0,Rob_4968
GRWNRYGCEDQDNFGY,2,1,2.0,
GRWDFYGYYDQSLYQY,2,0,2.0,
GRWNYWGYYEQDNYSY,2,1,2.0,
GRWFRFGQEDQQLYYY,2,0,2.0,
GRPWRYGYVDQELYDY,2,1,2.0,Rob_8994
GRWNRYGFEEQDNYEY,2,0,2.0,
GRWWRYGLDDQDLYQY,2,0,2.0,
GHWLKYGNYEQDNYEY,2,0,2.0,
GRWHKYGPYDQDNYTY,2,0,2.0,
GRWNRFGTEDQSNYDY,2,1,2.0,
GFFMFYGSSYQCMYFF,2,0,2.0,
GRWNRFGPNDQDNYQY,2,0,2.0,
GRWNYWGYYEQVNYDY,2,0,2.0,
GRWNYFGVHDQNNYDY,2,0,2.0,
GRLFRYGAHDQSSYNY,2,0,2.0,
GRWNLYGANDQDEYSY,2,1,2.0,
GRWNRYGPADQENYDY,2,1,2.0,
GRWYWWGPTYQNNYYY,2,0,2.0,
GRNNHFGYYEQYQYSY,2,1,2.0,Rob_6311
GFCMHYGSSVQMKYEY,2,0,2.0,
GRWDLFGANDQDEYSY,2,0,2.0,
GRWWRYGAGYQEEYYY,2,1,2.0,
GAWWMAGSSAQCMYYA,2,1,2.0,
GRWWRYGGSFQIEHEY,2,1,2.0,Rob_1579
GRWNYWGYYEQVNHYY,2,0,2.0,
GFYYFLGSNFQCMYFY,2,0,2.0,
GRWCRFGATDQNEYLY,2,1,2.0,
GRWNRYGSYDQDEYTY,2,0,2.0,
GRWNYFGPYDQDNFDY,2,0,2.0,
GRWFKYGASDQDLYHY,2,0,2.0,
GRWDYYGRYEQDDYNY,2,0,2.0,
GRWRYYGYYEQGNYEY,2,1,2.0,
GRWHYFVPSDQDNYLY,2,0,2.0,
GRWNYYGYYDQDLYDS,2,1,2.0,
GRWNRYGFEDHDNFYY,2,0,2.0,
GRTNRFGYDDQDEKEY,2,0,2.0,
GRVNYYGLHLQDEYHW,2,1,2.0,
GRWNYYGLEDQENFSY,2,0,2.0,
GFEYKYGSSLQYKYEM,2,1,2.0,
GRPNFYGYYEQTQYPY,2,1,2.0,Rob_7575
GEWNYFGSSRQCRYWR,2,1,2.0,
GRWNYFGADWQEEYQY,2,1,2.0,
GRWNLYGFYEQDNYDY,2,0,2.0,
GRWDLFGSFDHDNYAY,2,0,2.0,
GRENYFGKYYQDEFSY,2,1,2.0,Rob_186
GRWYRYGYEDQLEYDY,2,1,2.0,
GSWNRYGPTDQENYDY,2,0,2.0,
GRPRSLGYYEQSRYDY,2,0,2.0,Rob_4070
GHNLYRGYEYQSEYTY,2,0,2.0,
GRWNYYGYYEQSLYDY,2,1,2.0,
GFLYCYGSSVQCEYYM,2,1,2.0,
GEWYRLGSSDQMCYEM,2,0,2.0,
GRWYKYGPFDQDNYDY,2,0,2.0,
GRWNRYGFNDQDNYDY,2,1,2.0,
GRWNRFGPDDQDNYIY,2,0,2.0,
GRWNYYGPYEHNDYEY,2,0,2.0,
GRNRYYGFEDQNEYFY,2,0,2.0,
GNWFRFGHYDQDEYLY,2,0,2.0,
GRWLRYGVGYQEEYDY,2,1,2.0,
GRCNYYGPYSQDDYEY,2,0,2.0,
RRWNYYGFTDQDNFEY,2,1,2.0,
GRRRYYGEDDQENYEY,2,0,2.0,
GKSWRHGYEDQYEYGY,2,0,2.0,
GRWNRYGFEDQDEYEY,2,0,2.0,
GRNRYYGFEDQSEYGY,2,0,2.0,
GRWNYYGKYDQDNYEY,2,0,2.0,
GRPNFYGYYEQYEYSY,2,0,2.0,
GRWNFYGYYDQYQYES,2,0,2.0,
GRVNYFGYYEQDLYDY,2,1,2.0,Rob_12356
GRPYSFGELIQFNYSY,2,1,2.0,Rob_5166
GRPYRYGYSIQGNYYY,2,1,2.0,Rob_5686
GRTWRFGYNYQIEYEY,2,1,2.0,Rob_3078
GRWWKHGQYDQLEYDY,2,0,2.0,
GLSWRRGLIYQAEEEY,2,0,2.0,
GQWNRYGAGEQLEYKY,2,0,2.0,
GHWNRYVFEDQDNFDY,2,0,2.0,
GEWWYNGSSRQCMYYR,2,1,2.0,
GRNRYKGYDQQDEYYY,2,1,2.0,
GRSDWHGRDHQYEFHY,2,0,2.0,
GRVNFRGYDDQHTYPY,2,1,2.0,Rob_7807
GRWNFYGQDDQYNHDY,2,0,2.0,
GRLNYYGESDQDSYKY,2,0,2.0,
GRWNYFGEDYQSNYPY,2,0,2.0,
GRWYKYGRYDQDNYTY,2,0,2.0,
GRVWKYGLFDQEEKQY,2,1,2.0,Rob_1738
GFTRFYGYSSQDEYYR,2,0,2.0,
GHWFRYGASDQGEYEY,2,0,2.0,
GRTRYLGKQTQYEYQY,2,1,2.0,Rob_9629
GRPNFYGYYEQSLYKY,2,0,2.0,Rob_12312
GEWWHFGSRRQCRYWW,2,1,2.0,
GRWDYYGELDQRDYIY,2,0,2.0,
GRWNRYGEQDHYNYEY,2,0,2.0,
GRNLYFGYEDQFLYKY,2,1,2.0,
GRWRYYGARDQDDYEY,2,1,2.0,
GRWNYYGEHDQDNYEY,2,0,2.0,
GRWFRYGPTDQDVYDY,2,0,2.0,
GRWFKYGASDQEEYVY,2,1,2.0,
GRWNYYGPTDQDNYDY,2,0,2.0,
GRWNYFGAHDQNNYEY,2,1,2.0,
GRWSFYGSRSQDTYDY,2,1,2.0,
GFPWRFGYSDQKTYGY,2,1,2.0,Rob_8076
GRWNRFGKEDKSNYDY,2,1,2.0,
GRWNHFGWYERDLYDY,2,0,2.0,
GRSYRRGLYQQIEYEY,2,0,2.0,
GRWNYYGYYDQENYEY,2,0,2.0,
GRWNRYGFYGQDNYEY,2,0,2.0,
GRWDLFGSYYQDNYDY,2,1,2.0,
GRWNYYGEYDQDKYEY,2,1,2.0,
GRWFRYGAGEQYLYDY,2,0,2.0,
GRSYRFGYYYQDEYEY,2,1,2.0,Rob_3558
GRNLYYGYDDQLGYEY,2,0,2.0,
GRWNYYGYYYQDLYDY,2,1,2.0,
GRPNYYGYEDQDDYEY,2,0,2.0,
GKPYRYGYRDQALYNY,2,0,2.0,Rob_8375
GRPNYYGKYEQINYEY,2,0,2.0,
GRWWRRGSDYKEELDY,2,0,2.0,
GKWNRFGQEDQVNYYY,2,0,2.0,
GRWNYYGYYEQGEYSY,2,0,2.0,
GRWNYYGSYWQDNYNY,2,0,2.0,
GRWKFYGQDDQYNYDY,2,0,2.0,
GRWNYYGVEDQDSYYY,2,0,2.0,
GRWNRYGFENQDNFGY,2,1,2.0,
GRWDLFGSNDQDNYEY,2,0,2.0,
GRVWSFGLYGQYEFDY,2,0,2.0,
GRNRYYGFEDQNEYEY,2,0,2.0,
VRWDLFGKFDQDNYEY,2,0,2.0,
GRWDFFGNYDQNEYLY,2,1,2.0,
GRWDYYGYYDQDLYQY,2,0,2.0,
GFCRHYGSSVQDIYYM,2,1,2.0,
GRIERYGYNDQAEYHY,2,0,2.0,
GRWNRYGANDQENYDY,2,0,2.0,
GRWWRYGYEDQEEYQY,2,0,2.0,
GRWNRYGYSEQGLYEY,2,0,2.0,
GRNRYYGFEDQYEYYY,2,0,2.0,
GRCNYYGPYDQDNYEY,2,0,2.0,
GCWDYYGFYEQDLYGY,2,1,2.0,
GRWDLFGSYDQDNDEY,2,1,2.0,
GRPEYYGFTLQLEYYM,2,0,2.0,
GRWFSFGSSEQENYRY,2,0,2.0,
GRWNRYGVEDQDNFDY,2,0,2.0,
GRWNRYGAGYQYEYDY,2,1,2.0,
GRWLRYGGHDKDNYLY,2,0,2.0,
GRWNRYGEQDRYNYEY,2,1,2.0,
GRWNRYGFEDQDAYDY,2,0,2.0,
GRWNFYGQEFQEEKSY,2,1,2.0,Rob_2732
GSPFRYGYSDQYNYGY,2,1,2.0,Rob_8125
GRWNYYGEDDQDNYEY,2,0,2.0,
GRMWRYGLYDQDEFFY,2,0,2.0,
GRWDMFGSYDQDNYDY,2,0,2.0,
GHWNRYGEQDQYNYEY,2,1,2.0,
GRWWIYGGGTQLDNNY,2,0,2.0,Rob_2104
GRWNFYGYYEQKNNDY,2,0,2.0,
GRWLRYGGHDHDNYLY,2,0,2.0,
GRNANFGFSYQDDYYY,2,1,2.0,Rob_5573
GRALYYGFSNQWANDY,2,1,2.0,Rob_5851
GRNEYLGYPNQSEYDY,2,0,2.0,Rob_10427
GRWFRYGQHDQSSYDY,2,1,2.0,
GRVRTYGLDEQIEYLY,2,1,2.0,Rob_365
GRWDLFGKLDHDAYDY,2,0,2.0,
VRWNYYGYYEQTGYDY,2,0,2.0,
GRWNFFGEYDQCNYNY,2,1,2.0,
GRWNYFGNYDQDSYNY,2,1,2.0,
GAWLYMGSSAQCAYAA,2,1,2.0,
GFYYYNGSSRQCEYWY,2,0,2.0,
GRWFKYGAGDQELYEM,2,1,2.0,
GRNLYRGFTWQSEYDY,2,1,2.0,Rob_5306
GRWNYYGFYEQDNYDY,2,0,2.0,
GRWNFYGQDEQHNYDY,2,0,2.0,
GRWDPFGSFDQDNYDY,2,0,2.0,
GRWNHYGFYDQDSYEY,2,0,2.0,
GRWNRYRANDQDEYSY,2,0,2.0,
GRWRYYGEDDPENYEY,2,0,2.0,
GRLFRYGQHDQSSYNY,2,0,2.0,
GRVWRYGLWLQDDYSY,2,0,2.0,
GRCNYYGGEDQDSYDY,2,0,2.0,
GRWNRYGPTDQGNYDY,2,0,2.0,
GRWNYYGQYEQTSYYY,2,0,2.0,
GFYYFLGSSRQCRYWW,2,0,2.0,
GRWXLFGSYDQDNYEY,2,0,2.0,
GFMYHYGSSAQMMYAY,2,0,2.0,
GRLNHFGWYEQDLYDY,2,0,2.0,
GHCNRYGFEDQDNFDY,2,0,2.0,
GRWRFYGPRDQENYAY,2,1,2.0,
GRWNRYGAGYQEECDY,2,0,2.0,
GRNLYRGYDYQDEYYY,2,1,2.0,Rob_9726
GRVWRFGLQNQAEYHY,2,1,2.0,
GRWNRFGFEDQDNFGY,2,0,2.0,
GRWKRYGFEDQDNYDY,2,0,2.0,
GRWNFFGSYDQDLYDY,2,1,2.0,
GRWDYYGQYDQYQYGY,2,1,2.0,
GRWNYFGNYDQDSYDY,2,0,2.0,
GRTFEYGYKDQYEYEY,2,0,2.0,Rob_3313
GRWYGYGQDDQFNYDY,2,0,2.0,
GRWLFRGGYEQYLYNY,2,1,2.0,Rob_6204
GRRDLFGSYDQDNYDY,2,0,2.0,
GRPLWWGYEDQILYRY,2,0,2.0,Rob_4192
RRWNFYGQDDQYNYDY,2,0,2.0,
GYNNYYGYEYQSEYEY,2,0,2.0,
GRWFRYGYWEQESYYY,2,0,2.0,
GRWNRYGVGYQEEYEY,2,0,2.0,
GFNMIYGSSVQDEYHM,2,1,2.0,
GCWNRYGPTDQENYDY,2,1,2.0,
GCWLHHGPEEQGNYDY,2,1,2.0,
GRVLRFGFSYQEEYFY,2,1,2.0,Rob_2182
GRNEYYGYYLQYEYLY,2,0,2.0,Rob_10561
GRWDLFGSYAQDNYEY,2,0,2.0,
GRRNYYGETDQSNYEY,2,0,2.0,
GRPNYFGYSWQDNYDY,2,0,2.0,
GRWRYFGPRDQDNYNY,2,1,2.0,
GRWNFYGRDDQYNYDY,2,1,2.0,
GRWWRYGVDDQEEYYY,2,0,2.0,
GRWDFYGQYEQDLFEY,2,1,2.0,
GRWNRYGEGYQEEYDY,2,0,2.0,
GEPNYWGYYEQYLYSY,2,1,2.0,
GRWNYYGQYDQDSYEY,2,0,2.0,
GRWDYYGSDDQDTYSY,2,0,2.0,
GRWDLFGSFGQDNYEY,2,1,2.0,
GRWNYYGEYEQNNYEY,2,1,2.0,
GFYWFYGSSIQCMYFF,2,0,2.0,
GRWQHHGPEEQGNYDY,2,0,2.0,
GRTAYYGYSDQYEYIY,2,0,2.0,
GRWNRFGPNNQDSYYY,2,0,2.0,
GRCNRYGFEDQDNFEY,2,0,2.0,
GRWNYYGRDDQENHEY,2,0,2.0,
GFYCVYGSSMQCLYFF,2,1,2.0,
GRWNYFGSYDQDNYEY,2,0,2.0,
GRWFTYGYSDQDEYYY,2,0,2.0,
GRWKYFGAAGQENYDY,2,0,2.0,Rob_6142
GFEYRYGSSVHMEYPM,2,1,2.0,
GRWNRYGESDQDLYSY,2,0,2.0,
GRNEYFGYSYQEEYLY,2,1,2.0,Rob_9931
GRWFQFGPEDRGNYEY,2,0,2.0,
GRWNYYGRDDHENYEY,2,0,2.0,
GRWRYYVANDQDEYEY,2,0,2.0,
GHWHKYGSYEQYNYNY,2,0,2.0,
GRWNYYGPTYQENYDY,2,0,2.0,
GRANRYGYLYQDDYSY,2,0,2.0,
GRWDLCGKYDQDNYEY,2,0,2.0,
GRNNYYGYNDQDDYLY,2,1,2.0,Rob_6061
GRVWRWGAYEQIEYNY,2,0,2.0,
GRWNRHGPTDQENYDY,2,0,2.0,
GPPNFWGYDDQYLYPY,2,1,2.0,
GRWFKYGASDQTLYDY,2,1,2.0,
GRSLRFGFDQQDEYQY,2,1,2.0,
GRVLYFGSQQQQEEQY,2,1,2.0,Rob_987
GRWNRYGFYEQENYEY,2,0,2.0,
GRVWAYGSGDQIEYEY,2,0,2.0,
GRWNYYGFTDLDNFEY,2,1,2.0,
GEMMYFGSSRQCRYWR,2,1,2.0,
GRWYYYGNYDQDSYAY,2,0,2.0,
GRWLRFGYYGQENYEY,2,1,2.0,
GRWLRFGPDSQHSYSY,2,0,2.0,
GLWNYYGFTDQDNFEY,2,1,2.0,
GRWNYYVQYDQDEYEY,2,0,2.0,
GRWYRWGYYEHTEYEY,2,0,2.0,
ERWNYYGGEDQDSYYY,2,0,2.0,
GRSWIFGSSDQYDYDY,2,0,2.0,
GRWWRYGAQDQCEYRR,2,0,2.0,
GRTWRFVFLDQLEYEY,2,0,2.0,
GRWFKYGASDQAEYGY,2,1,2.0,
GRVWRYGLWDQDEYEM,2,0,2.0,
GRLNYYGPTDQENYDY,2,0,2.0,
GRNNYYGYYDQREYNY,2,1,2.0,Rob_10026
GRWNYYGEYEQSSYDY,2,1,2.0,
GRNNFYGYYEQDGYNY,2,1,2.0,Rob_7195
GFYWCYGSSMQCWYFF,2,0,2.0,
GRWDYYGYYDQDQYEY,2,1,2.0,
GRWLRYGHDDKLNYYY,2,0,2.0,
GFEYRYGSSVQMEYEY,2,0,2.0,
GRWYKYVPDYQENYEY,2,0,2.0,
VNWNYYGYYEQENYTY,2,0,2.0,
GRWNRFGKEDQGNYDY,2,0,2.0,
GRLNRYGFEDLDNFDY,2,0,2.0,
GRWYFWGEDQQDNYDY,2,0,2.0,
GFEMYMGSSVQMEYEM,2,0,2.0,
GRWFYYGPLDQSSYYY,2,1,2.0,Rob_4332
GRNNYYGFKDQGNYDY,2,1,2.0,Rob_5187
GFAMHYGSSMQFLYFF,2,0,2.0,
GKVLHQGKSDQFEYDY,2,1,2.0,Rob_2239
GRPRYYGLNDQSDYLY,2,0,2.0,Rob_5339
GRWNFYGQDDQDNYEY,2,0,2.0,
GRWNYYGQYDQDQYEF,2,0,2.0,
GRNFNYGYWYQQEHEY,2,1,2.0,Rob_3309
GRWNRYGYEDQDNYDY,2,0,2.0,
GRWLRYGAQDQEEYQY,2,1,2.0,
GRPLYYGYGEQRGYTY,2,1,2.0,
GRWNRFGPNDQDNYTY,2,0,2.0,
GRWRYYGEYDQRNYEY,2,0,2.0,
GFCYSYGSSLQWEYEM,2,0,2.0,
GRNRYYGHYSQSEYWR,2,0,2.0,
GRWNRYGFEGQDNFDY,2,0,2.0,
GRWLRFGVDDQDLYQY,2,0,2.0,
GRWNLYEGEEQSDYDY,2,0,2.0,
GFWLYNGSSMQCLYFF,2,1,2.0,
GRWDFYGYCDQSLYDY,2,0,2.0,
GCWFTYGASDQYEFEY,2,0,2.0,
GRWLRFGFEDQDNFDY,2,0,2.0,
GRWRYYGANDQDEYLY,2,0,2.0,
GRWNYYGYAEQLNFDY,2,1,2.0,
GRWNHFVWYEQDLYDY,2,0,2.0,
GRWNFYGSYEHENYEY,2,0,2.0,
GRWNYYGQYEQVNYDY,2,0,2.0,
GRWNRYGFYEQHNYDY,2,0,2.0,
GRVLRFGFRDQDVYDY,2,1,2.0,
GRWNRYGQSDQDLYGY,2,0,2.0,
GRNLRYGYPIQYEYSY,2,1,2.0,Rob_5768
GRWYKYGPFDKDNYTY,2,1,2.0,
GRVWRYGLWDQCRYWW,2,0,2.0,
GRWNFYGSEEQEIYSY,2,1,2.0,
GRWNFYGQDDLYNYDY,2,0,2.0,
GRWNRFGKEDHSNYEY,2,0,2.0,
GHWFKYGPFDQDNYTY,2,1,2.0,
GRWDLFGSDVQGLYDY,2,1,2.0,
GRLWRFGAGDQIEHSY,2,0,2.0,
GFEYRYGSSVQCEYRR,2,1,2.0,
GRWNFYGQDDQYNYNY,2,1,2.0,
GRWFKYGYSDQEEYDY,2,0,2.0,
GRWLRFGYYDQEKYEY,2,1,2.0,
GRVWRFGYWDQNEYSY,2,1,2.0,
GRWDLFGKYDQDKYEY,2,0,2.0,
GRWFRFGYDDQQEYEY,2,0,2.0,
GRWLRYGYDEQDEYEY,2,1,2.0,
GFYWSYGSSMQCLYFY,2,0,2.0,
GRWNRFGPNDHDSYYY,2,0,2.0,
GFFWIWGSSYQCMYYF,2,1,2.0,
GNWWRYGGYQQDNYWY,2,0,2.0,
GRWNYRGDSEQDIYEY,2,1,2.0,
GRWNRFGYSEQCLYEY,2,1,2.0,
GRWFRYGPLNQYEYYY,2,0,2.0,
GRAWRHGFVFQDEYLY,2,1,2.0,Rob_297
GRSWRYGYEDQAEYEY,2,1,2.0,Rob_3202
GLSYRYGYNYQSLYEY,2,1,2.0,Rob_3151
GFAFEYGSSVQWLYEM,2,0,2.0,
GRWNFYGQDEQYNYYY,2,0,2.0,
GRWYKYGPFDQDNHTY,2,0,2.0,
GRCNYYGRDDQENYEY,2,0,2.0,
GRWLHHGPGEQGNYDY,2,0,2.0,
GRWFLYGSYDQDTYSY,2,1,2.0,
GRSWIFGKRWQAEDIY,2,0,2.0,Rob_1233
GRWNCYGAGYQEEYDY,2,1,2.0,
RRWYKYGPFDQDNYTY,2,0,2.0,
GRWLLHGPEEQGNYEY,2,0,2.0,
GRNLYYGYDVQWEYYY,2,1,2.0,Rob_5415
GRWNYYGEYDQDSYEY,2,0,2.0,
GFCMHYGSSDQIEYQY,2,0,2.0,
GRNNRYGFYYQEEYEY,2,1,2.0,
GRWLYFGPYYQDSYVY,2,0,2.0,
GKVWRHGFRYQIEYSY,2,1,2.0,Rob_2718
GRWDLYGSYDQDNYDY,2,0,2.0,
GRWNRYGEQDQHNYEY,2,0,2.0,
GRWHYYGGNIQDTYEY,2,1,2.0,
GRWWRYGNEDQYNYDY,2,0,2.0,
GRWNYYGEYDQDNFGY,2,0,2.0,
GRWNFFGGEDHASYEY,2,0,2.0,
GRWNFYGQDEQYNHDY,2,0,2.0,
GRWNFFGRYEQDYYSY,2,0,2.0,
GRSLRHGSEFQAEGEY,2,1,2.0,Rob_2770
GRTWRFGFEDQEEDYY,2,0,2.0,
GFAMYNGSSFQCRYYR,2,0,2.0,
GRWNRYGFEDQDNFRY,2,0,2.0,
RRWDLFGKYDQDNYEY,2,1,2.0,
GRWFRYGFEDQDNFDY,2,0,2.0,
GFFYYMGSSVQMEYYM,2,0,2.0,
GRVWRYGLFNQDDYKY,2,0,2.0,
GRWYKYGPFDQNNYTY,2,1,2.0,
VRWLRFGPDSQLEYSY,2,0,2.0,
GKWQKYGKPDQNDYYY,2,0,2.0,
GFMYHYGSSLQWLYEM,2,1,2.0,
GRVYRYELYLQYEYEY,2,0,2.0,
GFRYEYGSSDQMEYEM,2,1,2.0,
GKWNYYGKYEQILYDY,2,1,2.0,Rob_6268
GRWLFYGPYEQKDYHY,2,1,2.0,
GRWLRVGYYDQENYEY,2,1,2.0,
GRLNRFGKEDQSNYDY,2,0,2.0,
GRWNRYGFEDQDDFGY,2,0,2.0,
GRWLHHGPEEHGNYEY,2,1,2.0,
GRNNFYGFYEQWEYYY,2,1,2.0,
GRSYRRGQYNQAELEY,2,0,2.0,
GRNLYYGYGGQYEYYM,2,0,2.0,
GRNLYYGYDYQDEYWY,2,0,2.0,Rob_4847
GRWNRFGYYDQENYEY,2,0,2.0,
GRWRYYGNADQIEYLY,2,0,2.0,
GKWNYFGNQWQDLYDY,2,0,2.0,Rob_2874
GRWFKYGASNQALYDY,2,0,2.0,
GRVYRFGFSDQCEYEY,2,1,2.0,
GRWNHYGFTDQDNFEY,2,0,2.0,
GRWDRHGAYDQYEYYY,2,1,2.0,
GRNEYFGYDIQYEYYY,2,1,2.0,Rob_10810
GRWNYFGSSYQSNYNY,2,1,2.0,Rob_9609
GRRYKYGPYDQDNYTY,2,0,2.0,
GKWNRYGAGEQMEYEM,2,1,2.0,
GRWFKYGQFDQDNYTY,2,0,2.0,
GRSYRWGRLYQLSYQY,2,1,2.0,Rob_9168
GRWFNYGEDDQYNYEY,2,1,2.0,
GRWLRFGYYNQENYEY,2,0,2.0,
GRWFQFGPEDHGNYEY,2,0,2.0,
GRWDYYGQYEQREYNY,2,0,2.0,
GRVWSFGQKYQWEYHY,2,0,2.0,
GRWDYYGQYEQLLYNY,2,0,2.0,
GRWNRYGEYDQDNYEY,2,1,2.0,
GRPCFHGYYDQSGYSY,2,0,2.0,
GYNDYLGYRWQFEYYY,2,0,2.0,
GRLNYYGQYEQTSYDY,2,0,2.0,
GRSWRYGLDDQEEYYY,2,1,2.0,
GRWNCYGEYDQDNYEY,2,1,2.0,
GRWFKYGPFYQDNYTY,2,0,2.0,
GRWLWFGEADQFLFEY,2,0,2.0,
GRWFTYGASDQFEYEY,2,0,2.0,
GRWNSYGFYDQDNYEY,2,0,2.0,
GFCMYYGSSVQMEYEM,2,0,2.0,
GRWHRFGFEDQDEYTY,2,0,2.0,
GRNDYYGYYNQAEYLY,2,1,2.0,Rob_11888
GRWNYYGQYDQYEYEY,2,1,2.0,
GLSWRYGFDQQVEYFY,2,1,2.0,
GRWRYYGASDQDSYDY,2,1,2.0,
GRWRYYGEDGQENYEY,2,0,2.0,
GRTWRFGYSDQIEYEY,2,0,2.0,
GRPRYYGYYEQINHDY,2,0,2.0,
GRWNCYGQDDQYNYDY,2,1,2.0,
GRWNYYGPAGQWNYYY,2,1,2.0,
GRWNYYGQYYQDQYEY,2,0,2.0,
RRWNRYGPTDQENYDY,2,1,2.0,
GRSWKYGGYLQLEYEY,2,0,2.0,
GRWNFYGYEDQNLYDY,2,0,2.0,
GRWLRYGHYDQLNYYY,2,1,2.0,
GRWLRFGADDQDLYKY,2,1,2.0,
GRWLWYGGWEQYTYKY,2,1,2.0,Rob_9216
GRWRYFGASDQDEYEY,2,0,2.0,
GRSWRFGLWLQLENLY,2,1,2.0,Rob_1249
GRWNRYGAGYQTEYGY,2,1,2.0,
GLILSYGYPDQQGYAY,2,0,2.0,
GRWNRYGHSEQGLYKY,2,0,2.0,
GKPWRFGYEYQYLYDY,2,1,2.0,Rob_8842
GRTWSFGYSEQEEYLY,2,1,2.0,
GRWNYYGPTDHENYDY,2,0,2.0,
GRWNRYGFEDHDNFEY,2,1,2.0,
GRWNFEGRYEQSEYLY,2,0,2.0,
VRWNRYGFYEQNTYEY,2,0,2.0,
GRNNYYGLYDQIEYWY,2,1,2.0,Rob_10021
GRWFRFGPIQQLNYEY,2,0,2.0,
GRWNFYGFEYQSAYDY,2,1,2.0,
GRWNYYGPYDQDGYEY,2,0,2.0,
GKVWRFGYSDQAEYLY,2,0,2.0,
GRLRYYGEDDQRNYEY,2,1,2.0,
GRWNFYGYYEQDNYDY,2,0,2.0,
VRWNRFGPNDQDSYYY,2,0,2.0,
GCNRNFGYSDQEEYDY,2,1,2.0,
GRWWRYGAIYQFEYFY,2,1,2.0,
GCWYKYGPYDQDNYTY,2,0,2.0,
GRWLWYGADEQSRSSY,2,0,2.0,
GRWNRYGYNDQDEYKY,2,1,2.0,
GRNLRRGFSWQSEYYY,2,0,2.0,
GRSWRYGLLLQDEYHW,2,1,2.0,
