Sequence,Count_binding,Count_nsbinding,Enrichment_factor,ID
GRWNRYGFEDQDNFDY,910394,373995,2.4342410994799395,Rob_7859
GRWNRYGFYDQDNYDY,212877,130238,1.6345229502910057,Rob_7861
GRWNRYGFEDQDNFGY,52706,50612,1.0413735872915515,Rob_7858
GRWNYYGEYDQDNYEY,12907,11726,1.1007163568139178,Rob_11626
GRWNRYGFYDQDSYEY,1973,1405,1.404270462633452,
GRWYRYGFEDQDNFDY,1784,1283,1.3904910366328918,
GRWNYYGYYDQDLYDY,1081,1072,1.0083955223880596,Rob_7964
GRWNYYGRDDQENYEY,753,706,1.06657223796034,Rob_11009
GRWYRWGYYEQVEYEY,600,582,1.0309278350515463,Rob_12117
GRWNRYGFYEQNTYEY,571,534,1.0692883895131087,Rob_6827
GRWNHYGFEDQDNFDY,566,245,2.3102040816326532,
GHWNRYGFEDQDNFDY,472,193,2.4455958549222796,
GRWLKYGNYEQDNYEY,457,433,1.0554272517321017,Rob_7680
GRWNRYGFEDRDNFDY,432,161,2.6832298136645965,
GRWNRYGFDDQDNFDY,392,281,1.395017793594306,
GRWHYFGPSDQDNYLY,367,317,1.1577287066246056,Rob_9875
GRWNYYGPDDQLNYSY,354,316,1.120253164556962,Rob_6121
GRWNFYGFEEQSAYEY,327,324,1.0092592592592593,Rob_11855
GRWNRYGFEDHDNFDY,313,303,1.033003300330033,
GRWNYFGPYDQDNYEY,306,274,1.1167883211678833,Rob_12217
GRWLRFGYYDQENYDY,303,230,1.317391304347826,
GRWNFYGQSDQYNYDY,295,294,1.0034013605442176,Rob_12064
GRWNRYGFEDQDNYDY,293,193,1.5181347150259068,
GRWNYYGGEDQDSYDY,283,260,1.0884615384615384,
GRWLRYGYDDQDGYYY,277,264,1.0492424242424243,
GRRNRYGFEDQDNFDY,250,92,2.717391304347826,
GRWNRYGFYDQDNFDY,250,203,1.2315270935960592,
GRWNYYGFYDQYSYEY,232,203,1.1428571428571428,Rob_11994
GHWNRYGFYDQDNYDY,223,189,1.17989417989418,
GRWNRYGFEDQDNFDF,216,172,1.255813953488372,
GRWNYYGEYDQDNYDY,201,196,1.0255102040816326,
GRWNRYGFEDQYNFDY,186,168,1.1071428571428572,
GRWDYFGRYEQWNYEY,180,133,1.3533834586466165,Rob_6497
GRWNHYGFEDQWEYSY,169,148,1.1418918918918919,
GRWYHYGQTDQSNYYY,164,137,1.197080291970803,Rob_5124
GRWNRYGAGYQEEYEY,160,151,1.0596026490066226,
GCWNRYGFEDQDNFDY,158,42,3.761904761904762,
GRWNRYGFGDQDNFDY,153,67,2.283582089552239,
GRWRYYGARYQDEYEY,139,135,1.0296296296296297,Rob_2308
GRWNYYGPDDQYNYSY,138,137,1.0072992700729928,Rob_6122
GRWNYYGPYEQNDYEY,136,131,1.0381679389312977,Rob_6821
GRWNFYGYYEQELYEY,132,115,1.1478260869565218,Rob_7106
GRWNRHGFEDQDNFDY,131,38,3.4473684210526314,
GRWRYYGSFDQDNYWY,131,123,1.065040650406504,Rob_6523
GRWWRYGADDQEEYYY,124,114,1.087719298245614,Rob_3883
GRWNKYGPDSQDNYSY,122,72,1.6944444444444444,Rob_4666
GRWNHYGFYDQDNYDY,122,85,1.4352941176470588,
GRWHKYGSYEQYNYNY,117,103,1.1359223300970873,Rob_5841
GRWLYYGPTDQDNYEY,116,110,1.0545454545454545,Rob_5569
GRWNYYGYYEQLLYDY,116,110,1.0545454545454545,Rob_6533
GRWNYYGQYEQYSYDY,115,108,1.0648148148148149,Rob_7595
GRWNRYGFEYQDNFDY,113,104,1.0865384615384615,
GRWFYFGPDDQGNYLY,112,99,1.1313131313131313,Rob_5616
GRWNRYGFEDQNNFDY,109,35,3.1142857142857143,
GRWNYYGGEDQASYSY,106,98,1.0816326530612246,Rob_11803
GRWNCYGFEDQDNFDY,103,48,2.1458333333333335,
GRWNRYGFEDQDNLDY,100,35,2.857142857142857,
GRWNRYGFEDQDNFDC,98,27,3.6296296296296298,
GLPDFFGYYEQHNYLY,98,57,1.719298245614035,Rob_6545
GRWFQFGPEDQWNYEY,96,95,1.0105263157894737,Rob_4814
GRWNYYGYYEQENYTY,95,93,1.021505376344086,Rob_11040
GRWNFYGYYEQKNHDY,95,75,1.2666666666666666,Rob_7428
GNWNYYGYYEQENYTY,91,88,1.0340909090909092,Rob_11041
GRWNYYGYYDQLLYDY,88,78,1.1282051282051282,Rob_7965
GRWFNYGEDDQYNYYY,87,70,1.2428571428571429,Rob_4921
GRWRYYGEDEQRNYDY,85,84,1.0119047619047619,
GFYWQYGSSMQCMYFF,84,79,1.0632911392405062,
GRNNRYGFYYQDEYEY,83,45,1.8444444444444446,Rob_744
GRWNFYGQNDQINYDY,82,79,1.0379746835443038,Rob_12066
GRWNFYGQSEQYNYDY,80,77,1.0389610389610389,Rob_12061
GRWNYYGYYEQENYYY,77,63,1.2222222222222223,Rob_12133
GRWFRYGSDLQVNYEY,75,69,1.0869565217391304,Rob_5279
GRWYKYGPDSQENYEY,75,63,1.1904761904761905,Rob_6147
GRWNYYGYYEQLNYYY,72,51,1.411764705882353,Rob_11843
GRWNRFGHSEQGLYEY,71,49,1.4489795918367347,Rob_6444
GRWNFYGYYEQYLYEY,71,61,1.1639344262295082,Rob_6655
GFYWRYGSSMQCLYFF,67,58,1.1551724137931034,
GRWNRYGFYEQDNYEY,67,59,1.1355932203389831,
GRWNYYGYYEQYLYEY,66,64,1.03125,Rob_11157
GRWHYFGESDQENYHY,63,57,1.105263157894737,Rob_9880
GRWYNFGAGDQLNYNY,62,46,1.3478260869565217,Rob_5261
GFYWKYGSSMQCMYFF,62,56,1.1071428571428572,
GRRNRYGFYDQDNYDY,59,31,1.903225806451613,
GRWLWYGESYQLTFKY,57,54,1.0555555555555556,Rob_9062
GRWNYFGQDDQFNYQY,57,45,1.2666666666666666,Rob_5915
RRWNRYGFEDQDNFDY,56,31,1.8064516129032258,
GRWYKYGPFDQDNYSY,54,39,1.3846153846153846,
GFYWNYGSSMQCMYFF,54,43,1.255813953488372,
GRWNFYGYYEQHLYDY,54,40,1.35,Rob_7075
GRNNRYGFESQYEYDY,53,45,1.1777777777777778,Rob_4830
GRWYRFGYDDQEEYWY,53,48,1.1041666666666667,
GRWNRYGFEDQDNIDY,52,22,2.3636363636363638,
GFYWCYGSSMQCLYFF,51,36,1.4166666666666667,
GRWNRYGFYDQDYYDY,51,26,1.9615384615384615,
GRWNYYGYYEQTGYDY,49,42,1.1666666666666667,Rob_7591
GRWDLFGSYDQDNYYY,49,44,1.1136363636363635,
GRWNRCGFEDQDNFDY,49,21,2.3333333333333335,
GRWNLYGFEDQDNFDY,48,27,1.7777777777777777,
GRWDLFGSFDQDNYGY,48,44,1.0909090909090908,
GRWNRYGFEDQDYFGY,47,29,1.6206896551724137,
GRWDYYGDKEQFEYFY,45,23,1.9565217391304348,Rob_12340
GRWWRYGQEDQDEYDY,45,37,1.2162162162162162,
GRWNRYGEQDQDNYYY,45,41,1.0975609756097562,
GRWNRYGANDQDVYSY,44,22,2.0,
GRWNYYGQYDQDNYEY,44,34,1.2941176470588236,
GRWYHYGQTDQSNYWY,44,18,2.4444444444444446,Rob_5125
GLWNRYGFEDQDNFDY,43,13,3.3076923076923075,
GRWNYYGYYEQALYEY,42,38,1.105263157894737,Rob_12354
GRWNRYGSADQEDYNY,41,31,1.3225806451612903,Rob_3896
GRWNHYGFEDQDNFGY,41,31,1.3225806451612903,
GRWNYFGDYEQILYEY,41,26,1.5769230769230769,Rob_12255
GRWNFYGFETQSAYEY,41,35,1.1714285714285715,Rob_12379
GRWNRYGYEEQWEYSY,40,10,4.0,
GRWNYYGYYEQLLYEY,40,35,1.1428571428571428,Rob_6833
GRWNRYGFYDRDNYDY,40,27,1.4814814814814814,
GRWNRYGFYDQDNHDY,39,23,1.6956521739130435,
GFYWEYGSSMQCMYFF,38,31,1.2258064516129032,
GRWNYYGSFDQYNYGY,37,15,2.466666666666667,Rob_7249
GRWNRFGPNDQDSYDY,37,21,1.7619047619047619,
GRWWWYGPDDQDNYIY,36,33,1.0909090909090908,Rob_4429
GRWNYYGYYEQTLYEY,36,27,1.3333333333333333,Rob_6831
GRWNRYGFEDQDNVDY,35,14,2.5,
GRWNRYGFEDQDNFSY,35,19,1.8421052631578947,
GRWDTYGEGDQDNYQY,35,31,1.1290322580645162,Rob_12338
GRWNRYGEQDQYNYDY,35,25,1.4,
GRWNKYGPDSQENYSY,34,27,1.2592592592592593,Rob_6143
GRWDYFGFYEQFEYNY,34,14,2.4285714285714284,
GRWNYYGYWEQILYDY,34,27,1.2592592592592593,Rob_7424
GRWNRYGAGYQEAYDY,34,32,1.0625,
GRWNRYGFYDQNNYDY,34,16,2.125,
GRWDYYGAYEQGNYEY,34,28,1.2142857142857142,Rob_11878
GRWYHYGQTDQINYGY,34,24,1.4166666666666667,Rob_5123
GRWNRYGFENQDNFDY,34,18,1.8888888888888888,
GFYWKYGSSMQCLYFY,33,25,1.32,
GRWNYFGAFDQEEYEY,32,26,1.2307692307692308,Rob_3621
GRWNRFGANDQDEYSY,32,30,1.0666666666666667,
GRWNNFGPNDQQNYSY,32,26,1.2307692307692308,Rob_4802
GRWWRYGPELQDNYYY,31,18,1.7222222222222223,Rob_4026
GRWNRYGFEDQDDFDY,31,14,2.2142857142857144,
GRWNYYGPYEQELYEY,31,24,1.2916666666666667,Rob_6391
GKWFKYGNYDQDNYRY,31,11,2.8181818181818183,Rob_3036
GRWFNYGQSDQDLYGY,31,20,1.55,Rob_8837
GRWNRYGHSEQDLYDY,31,14,2.2142857142857144,
GHWNRYGFEDQDNFGY,31,25,1.24,
GSWNRYGFEDQDNFDY,31,27,1.1481481481481481,
GRTWIYGYTRQSLYEY,30,16,1.875,Rob_3098
GRWSRYGPTDQENYDY,30,26,1.1538461538461537,
GRWFRFGGGDQLEYNY,30,28,1.0714285714285714,Rob_1938
GRWLWRGDRLQYDYIY,30,27,1.1111111111111112,Rob_9071
GRWKRYGFEDQDNFDY,30,15,2.0,
GRWNYYGQYDQDTYDY,30,20,1.5,
GRWNYYGREDQDSYYY,29,24,1.2083333333333333,Rob_11799
GCWNRYGFYDQDNYDY,29,22,1.3181818181818181,
GRWRFYGPQDQDNYEY,29,11,2.6363636363636362,
GRWNRYRFEDQDNFDY,29,14,2.0714285714285716,
GRWNRYGFKDQDNFDY,29,8,3.625,
GRWWRYGQEDQDEYEM,28,27,1.037037037037037,
GRWDFYGAHEQESYDY,27,23,1.173913043478261,Rob_11511
GRWNFYGYDAQREYEY,27,24,1.125,Rob_11368
GRWNRYGFEDQDKFDY,27,15,1.8,
GFYYILGSSFQCMYFY,26,21,1.2380952380952381,
GRWNYYGQYDQDGYDY,26,11,2.3636363636363638,
GEWWKFGSSRQCRYWW,26,8,3.25,
GRWNFYGNYLQFEYNY,26,12,2.1666666666666665,Rob_7137
GFAFCYGSSVQMEYEM,26,9,2.888888888888889,
GRWNRYGFEDQDHFDY,26,8,3.25,
GRWLRYGHLDQLNYTY,25,12,2.0833333333333335,Rob_12027
ERWNRYGFEDQDNFDY,25,6,4.166666666666667,
GFELYMGSSVQMEYYM,25,19,1.3157894736842106,
GFEYYMGSSVQMEYYM,25,20,1.25,
GFYWGYGSSMQCMYFF,24,22,1.0909090909090908,
GRWNFFGEYDQGNYNY,24,22,1.0909090909090908,Rob_12153
GRWNRYGFCDQDNYDY,24,23,1.0434782608695652,
GRWYNFGAYDQLEYNY,24,18,1.3333333333333333,Rob_5263
GRWNYFGAYEQYLYEY,23,13,1.7692307692307692,Rob_11836
GRWNRYGESDQDLYDY,23,17,1.3529411764705883,
GRWNYYGNYDQDSYEY,23,13,1.7692307692307692,
GRWNRYGFYDQDEYLY,23,18,1.2777777777777777,
GRWHRYGFEDQDNFDY,23,16,1.4375,
GRTWRYGYLDQFEYDY,23,17,1.3529411764705883,
GRWNYYGYYDQNLYEY,23,13,1.7692307692307692,Rob_6838
GRWNFYGYYDQSLYDY,23,18,1.2777777777777777,Rob_7057
GRWWRFGATDQIEYWY,22,19,1.1578947368421053,Rob_3487
GRWHYYGSSIQELYDY,22,19,1.1578947368421053,Rob_9740
GRWFRFGSDYQELYEY,22,11,2.0,Rob_8839
GRWNRYGFVDQDNFDY,22,6,3.6666666666666665,
GEWWVFGSSRQCRYWW,22,20,1.1,
GRWNRYGANDRDEYSY,22,10,2.2,
GRWNRYGEYDQDNYDY,22,0,22.0,
GFYWKYGSSMQCLYFF,21,19,1.105263157894737,
GRWLRYGPTDQENYDY,21,19,1.105263157894737,
GRWNCYGFYDQDNYDY,21,17,1.2352941176470589,
GRWLYFGPLDQPSYHY,20,11,1.8181818181818181,Rob_9910
GRWNRYGFYGQDNYDY,20,12,1.6666666666666667,
GRWNRYGFEDRDNFGY,20,13,1.5384615384615385,
GNWNYYGEYEQWLYEY,20,19,1.0526315789473684,Rob_11135
GRWNFYGFETQSTYEY,20,17,1.1764705882352942,Rob_12380
GFYWEYGSSMQCLYFF,20,17,1.1764705882352942,
GRWNYYGYYDQDSYLY,20,19,1.0526315789473684,
GRWLRFGYYDQENYRY,20,6,3.3333333333333335,
GRWNFWGFEEQSLYNY,20,18,1.1111111111111112,Rob_12387
GRGNRYGFEDQDNFDY,20,5,4.0,
GRWNRYGSEDQDNFDY,20,8,2.5,
GRWWKFGQYDQLEYYY,20,13,1.5384615384615385,Rob_2622
GRWNRYGFEHQDNFDY,20,3,6.666666666666667,
GRWNRYGFHDQDNYDY,20,7,2.857142857142857,
GFYWVYGSSMQCWYFF,20,18,1.1111111111111112,
GRWNFYGQSDQDNYDY,20,6,3.3333333333333335,
GRWNRYGFEDQDNSDY,20,11,1.8181818181818181,
GRWNYYGYYEQDNYES,19,12,1.5833333333333333,
GRWNFYGNNDQWDYEY,19,7,2.7142857142857144,Rob_11485
GRWDRYGFEDQDNFDY,19,11,1.7272727272727273,
GRWNRYGSYDQEDYNY,19,17,1.1176470588235294,Rob_3897
GRWNRYGDQDQENFEY,19,17,1.1176470588235294,Rob_6862
GRWNYYGYYEQNSYHY,19,14,1.3571428571428572,Rob_11612
GFALYMGSSVQMEYYM,19,9,2.111111111111111,
GRWYRYGPDDQTGYYY,19,14,1.3571428571428572,Rob_4127
GRWLRYGHDDQLNYDY,18,1,18.0,
GFELHMGSSVQCMYEM,18,16,1.125,
GFYWNYGSSMQCWYFF,18,14,1.2857142857142858,
GRWYRFGYEDQDEYEY,18,7,2.5714285714285716,
GRVWKYGLYYQIEYEY,18,6,3.0,Rob_819
GEWWKKGSSRQCLYYR,18,6,3.0,
GRWWRYGQEDQHEYEY,18,9,2.0,Rob_3144
GRWRYYGEDDQENYES,18,14,1.2857142857142858,
GEWWCFGSSRQCRYWW,18,17,1.0588235294117647,
GFCLYMGSSVQMEYYM,17,10,1.7,
GRWNYYGYYDQTLYEY,17,11,1.5454545454545454,Rob_7987
GRWNRYGFDDQDNYDY,17,2,8.5,
GRVWRFGLWEQIEYEY,17,15,1.1333333333333333,Rob_786
GRWNRYGFYDQDNYNY,17,11,1.5454545454545454,
GRWFRFGQEDQQLYPY,17,11,1.5454545454545454,Rob_5502
GRTWTFGYSEQAEYEY,17,15,1.1333333333333333,Rob_3191
GRWNRYEFEDQDNFDY,17,6,2.8333333333333335,
GRWWRYGQEDQDNYEY,17,14,1.2142857142857142,
GRWNYFGYSEQGLYEY,17,3,5.666666666666667,Rob_6440
GRWYRFGGGDQLEYNY,17,12,1.4166666666666667,Rob_1939
GRVYRYGLGYQIEYLY,17,11,1.5454545454545454,Rob_808
GRWNFYGFSDQYLYEY,17,6,2.8333333333333335,Rob_11522
GRWNRYGFEDQENFDY,16,8,2.0,
GRWNRYGLEDQDNFDY,16,11,1.4545454545454546,
GRWYNFGAGDQLSYHY,16,9,1.7777777777777777,Rob_5272
GRWNRYGFEDQDNFNY,16,8,2.0,
GRWNYYGGWEQENYIY,16,9,1.7777777777777777,Rob_10068
GRWNYWGEYEQELYDY,16,15,1.0666666666666667,Rob_11821
GRWNHFGWYEQDLYEY,16,13,1.2307692307692308,
GRWLRYGAGEQYLYEY,16,12,1.3333333333333333,Rob_1948
GRWFRYGYSDQTEYEY,16,0,16.0,
GRWLWYGPFIQNWYEY,16,10,1.6,Rob_9110
GRWNRYGFYEHDNYDY,16,8,2.0,
GFYWSYGSSMQCLYFF,16,9,1.7777777777777777,
GFYYFMGSSYQCMYYF,16,11,1.4545454545454546,
GRWHRFGYELQDDYDY,16,11,1.4545454545454546,
GRWYHYGQTDQSNYDY,16,13,1.2307692307692308,
GRWHYYGASDQDEYEY,16,12,1.3333333333333333,
GRWNFYGNYLQFEYDY,16,11,1.4545454545454546,Rob_7141
GRNWKYGLKYQIEHVY,16,11,1.4545454545454546,Rob_1219
GRWNIYGNYDQILYEY,16,10,1.6,Rob_11464
GRWNRYGSADQEYYNY,16,15,1.0666666666666667,
GNWFRYGYYEQYLYEY,16,15,1.0666666666666667,Rob_6529
GRWHYFGESDQENYDY,15,9,1.6666666666666667,
GRWLRYGFEDQDNFDY,15,9,1.6666666666666667,
GRWNRYGFEDQHNFDY,15,1,15.0,
GRWWWYGPLYQGLYDY,15,2,7.5,Rob_4364
GRWNRYGYEDQDNFDY,15,3,5.0,
GRWDFYGDYEQDNYDY,15,5,3.0,Rob_11513
GRWFRYGSEYQGQYDY,15,10,1.5,Rob_10394
GRWNYYGFYEQWAYEY,15,11,1.3636363636363635,Rob_7460
RRWNRYGFYDQDNYDY,15,13,1.1538461538461537,
GRWNYYGESDQDSYEY,15,12,1.25,
GRWNHWGDYEQYNYNY,15,14,1.0714285714285714,Rob_12035
GRVNYFGYDSQSLYEY,14,3,4.666666666666667,Rob_7632
GRWNRYGYYEQSEYEY,14,9,1.5555555555555556,
GRWDHYGYYDQSEYDY,14,11,1.2727272727272727,Rob_7064
GRWYNFGAYDQLSYHY,14,12,1.1666666666666667,Rob_5270
GRWLKYGNYEQDNYLY,14,6,2.3333333333333335,Rob_7679
GRWNYYGEYDQDNFLY,14,10,1.4,Rob_12102
GRWNFWGGEDQASYDY,14,4,3.5,
GRWWRYGAAEQDEYYY,14,11,1.2727272727272727,Rob_2296
GRWNRYGFGDQDNFGY,14,9,1.5555555555555556,
GRPNYFGYEEQELYEY,14,2,7.0,Rob_6362
GRWNFYGYYEQGSYAY,14,12,1.1666666666666667,Rob_6423
GRWDLFGNYDQDNYEY,14,13,1.0769230769230769,
GPWNRYGFEDQDNFDY,14,9,1.5555555555555556,
GRTFKYGYDDQEEYDY,14,9,1.5555555555555556,Rob_3696
GRWNRHGFYDQDNYDY,14,10,1.4,
GFYWKYGSSMQCWYFF,13,7,1.8571428571428572,
GRWWKHGQYDQDNYEY,13,5,2.6,
GRWNRYGANDQDEYEY,13,12,1.0833333333333333,
GRVWRYGLYDQYEYWY,13,5,2.6,Rob_350
GRWNYYGYYEQHLYDY,13,8,1.625,Rob_7079
GRWDPFGSFDQDNYEY,13,10,1.3,
GRWNFYGQSEQYNYEY,13,7,1.8571428571428572,Rob_12060
GRVLNFGFGHQWDYFY,13,3,4.333333333333333,Rob_1975
GRWNYYGEYEQFNYGY,13,4,3.25,Rob_11603
GRWYRYGYEDQDTHAY,13,2,6.5,
GFYWKYGSSVQMEYYM,13,8,1.625,
GRAWRYGLSDQDNYDY,13,5,2.6,
GRWNYYGEYEQELYDY,13,12,1.0833333333333333,Rob_11849
GRWYNYGSEFQLNYDY,13,9,1.4444444444444444,
GRWLRYGYLVQEEYYY,13,2,6.5,
GFYWQYGSSMQCWYFF,13,4,3.25,
GRWNYYGQYEQENYPY,13,5,2.6,Rob_11046
GRWDLFGSYDQNNYEY,13,6,2.1666666666666665,
GHWDLFGSFDQDNYEY,12,7,1.7142857142857142,
GFCYYMGSSVQMEYYM,12,9,1.3333333333333333,
GRWNYYGYYEQDSYDY,12,8,1.5,
GRPNLYGYFDQDSYDY,12,11,1.0909090909090908,Rob_6183
GFCMHMGSSVQMGYEM,12,5,2.4,
GRWNRYGFYDQDDYDY,12,7,1.7142857142857142,
GRWNSYGQGDQINYDY,12,9,1.3333333333333333,
GRWNFYGGSLQNDYTY,12,6,2.0,Rob_7926
GRWNRYGFYDQDHYDY,12,2,6.0,
GRWNYYGYYDQYLYDY,12,9,1.3333333333333333,Rob_11991
GRWNYYGSSDQYNYGY,12,7,1.7142857142857142,Rob_7248
GRWNYYGGEDQDSYLY,12,5,2.4,
GRWDYYGYYDQFEYDY,12,7,1.7142857142857142,Rob_7066
GRWNRYGFEDQENYEY,12,8,1.5,
GFCMHYGSSVQMEYYM,12,5,2.4,
GRWNRYGESDQELYEY,12,10,1.2,
GRWDYYGDYEQLNYEY,12,10,1.2,Rob_11872
GRWWRYGYEDQIEYEY,12,9,1.3333333333333333,
GFYWFYGSSMQCLYFF,12,9,1.3333333333333333,
GAWWTFGSSAQCAYWW,12,7,1.7142857142857142,
GFCRYYGSSVQMEYYM,12,5,2.4,
GRWNLYGFYDQDNYDY,12,8,1.5,
GCWNRYGFEDQDNFGY,12,11,1.0909090909090908,
GRWNFYGSYEQENYDY,11,6,1.8333333333333333,
GRWWWLGPTNQGLYSY,11,5,2.2,Rob_4422
GRWNYYGYYDQWLYDY,11,8,1.375,
GRWFRYGASDQGQYDY,11,1,11.0,
GRWDYYGPLEQDNYSY,11,3,3.6666666666666665,
GRVWKYGLEGQLEFEY,11,6,1.8333333333333333,Rob_2816
GRWDYYGEYEQYLFDY,11,7,1.5714285714285714,Rob_11317
GFYYFWGSSFQCMYFY,11,7,1.5714285714285714,
GRVLRFGYWEQELYEY,11,2,5.5,Rob_9411
GRWNRYGFEDQDNCDY,11,4,2.75,
GRWLKYGNYEQDEYLY,11,10,1.1,Rob_7676
GRVWRYGFYNQEEHEY,11,5,2.2,Rob_1507
GRWYFYGPQDQTNYAY,11,7,1.5714285714285714,Rob_5892
GRWNRYGFEDQDSFDY,11,3,3.6666666666666665,
GRVLRYGLHDQDEYEY,11,4,2.75,Rob_197
GRWKRYGFYDQDNYDY,11,6,1.8333333333333333,
GRWWRYGAGYQEEYFY,10,7,1.4285714285714286,Rob_2047
GRWWRFGDSIQERYSY,10,8,1.25,Rob_9406
GRWDYFGFYEQFEYTY,10,5,2.0,Rob_11969
GRWNYYGEYEQILYEY,10,6,1.6666666666666667,Rob_6592
GFAYRYGSSDQMEYEW,10,6,1.6666666666666667,
GFAWHYGSSVQMEYYM,10,3,3.3333333333333335,
GRWNARGEYEQYLYEY,10,6,1.6666666666666667,Rob_11823
GRWDYYGQYEQELYEY,10,3,3.3333333333333335,Rob_7413
GRWLWYGPEDQDRYRY,10,9,1.1111111111111112,Rob_9220
GRVWRWGLFDQLEYEY,10,2,5.0,Rob_912
GRWNFFGDYYQQSYDY,10,5,2.0,Rob_7150
GRWLWLGNRWQGDYLY,10,3,3.3333333333333335,Rob_9425
GRVYRYGLDDQEEYQY,10,7,1.4285714285714286,Rob_2172
GRWYHYGPTDQINYGY,10,4,2.5,Rob_5120
GRWNRHGFEDQDNFGY,10,5,2.0,
GRWNYFGPGDQENYRY,10,2,5.0,Rob_10505
GRVWKNGLYYQLEYYY,10,2,5.0,Rob_854
GRVWQYGFGYQLEYKY,10,9,1.1111111111111112,Rob_1841
GRWYNFGAGDQNSYHY,10,6,1.6666666666666667,Rob_5275
GRWNYFGPYDQDNYDY,10,8,1.25,
GRWNYYGQYDQDVYEY,10,3,3.3333333333333335,
GRVWRHGLWEQSEYYY,10,1,10.0,Rob_219
GRSLYYGYNIQDTYEY,10,8,1.25,Rob_3724
GRWWRYGSDYQEELDY,10,8,1.25,Rob_1485
GEWWSFGSSRQCRYWW,10,4,2.5,
GRWDYYGALWQFEYEY,10,9,1.1111111111111112,Rob_7799
GRWNRYGFEDQDNFDD,10,3,3.3333333333333335,
GRWNRFGYYEQYLYEY,10,4,2.5,
GRWDYYGPHDQTDYNY,10,0,10.0,Rob_7716
GRWNRYGFEAQDNFDY,10,8,1.25,
GRWHYQGEYEQKLHTY,10,7,1.4285714285714286,Rob_2738
GFNWRYGYIDQDEYYY,9,2,4.5,Rob_8426
GRWLRYGELDQLLYEY,9,3,3.0,Rob_9945
GRWNHYGFYEQDNYDY,9,5,1.8,
GRWWRFGATDQIEYLY,9,8,1.125,Rob_3774
GRWSRYGFEDQDNFDY,9,6,1.5,
GRWNYYGEYEQNNYGY,9,8,1.125,Rob_11602
GRWNYYGASSQDDYHY,9,4,2.25,Rob_10081
GRWNYLGQFEQWSYEY,9,3,3.0,Rob_12059
GRNNYYGYEDQSEYKY,9,2,4.5,Rob_10229
GRWDLFGTYDQDNYEY,9,4,2.25,
GRWDYYGPELQDDYAY,9,7,1.2857142857142858,Rob_7095
GRVDYRGYDLQSLYDY,9,8,1.125,Rob_6219
GRSWRYGLDDQDEYEY,9,2,4.5,
GRWNRYGFYDQDNYDC,9,6,1.5,
GFCMYYGSSVQMEYYM,9,4,2.25,
GRGWSYGKLDQYLLDY,9,6,1.5,Rob_1203
GRWYRYGYVDQAEYEY,9,3,3.0,
GRWNYYGNYEQYEYYY,9,0,9.0,Rob_6325
GLWDYYGGYEQRLYSY,9,2,4.5,Rob_12204
GFAEHYGSSEQMMYEY,9,5,1.8,
GRDWSYGLEEQNLHWY,9,8,1.125,Rob_1114
GRWNYYGYYEQYNYPY,9,8,1.125,Rob_6889
GREWIYGKFIQEEYEY,9,7,1.2857142857142858,Rob_3868
GKWYNYGNFDQLEYYY,9,3,3.0,Rob_8924
GRPYRYGYEDQDNYSY,9,5,1.8,Rob_9208
GRWWFYGPDTQWSLHY,9,0,9.0,Rob_4258
GRWNFYGPYDQLNYTY,9,6,1.5,Rob_11595
GRWFRYGASDQGLYDY,9,4,2.25,
GRWNYFGANDQNLYDY,9,6,1.5,Rob_9699
GRWNYYGQYDQDDYDY,9,7,1.2857142857142858,
GHWNRYGFYEQDNYDY,9,2,4.5,
GRWDFFGYDEQNDYKY,9,1,9.0,Rob_11686
GRWWQYGDGYQLEYFY,9,8,1.125,Rob_2042
GRWDYYGDREQNNYEY,9,4,2.25,Rob_11758
GFCLHYGSSEQMEYEM,9,8,1.125,
GRVYRFGFSDQDSYDY,9,4,2.25,
GRWNYFGYYEQSLYEY,9,8,1.125,Rob_11280
GRWYRYGAPQQDAYRY,9,8,1.125,Rob_5992
GEYWMFGSSRQCRYWW,9,8,1.125,
GRWDFYGYYDQSLYDY,8,1,8.0,Rob_7058
GRWNYYGGEDQDSYEY,8,0,8.0,
GRWFRFGADDQLEYEY,8,7,1.1428571428571428,
GFCMHMGSSVQMEYEM,8,3,2.6666666666666665,
GRWHYFGPSDQENYHY,8,4,2.0,Rob_9877
GRWNFYGYYEQYNYPY,8,2,4.0,Rob_6887
GRWRFYGSEEQYLYDY,8,2,4.0,Rob_10563
GEYWCFGSSRQCRYWW,8,5,1.6,
GRWDFFGKYEQWDFEY,8,4,2.0,Rob_11106
GRWWYYGPWDQELYGY,8,7,1.1428571428571428,Rob_3985
GRVYRYGFGYQEDYWY,8,3,2.6666666666666665,Rob_1868
GRWNQFGRTDQLLYDY,8,5,1.6,Rob_10109
GFELLLGSSDQMIYYM,8,5,1.6,
GRWFKYGASDQDEYTY,8,7,1.1428571428571428,
GRWDHYGYYDQSLYDY,8,4,2.0,Rob_7062
GFEWRYGSSEQMEYEM,8,4,2.0,
GEWNYYGHYEQILYKY,8,3,2.6666666666666665,Rob_8002
GRWNYYGSYEQWNYAY,8,4,2.0,Rob_7281
GFYWMYGSSMQCWYFF,8,3,2.6666666666666665,
GRWDFYGSSDQSNYNY,8,2,4.0,Rob_6578
GRWFRFGSSYQENYYY,8,5,1.6,Rob_5690
GRWXRYGFEDQDNFDY,8,5,1.6,
GFMLHYGSSVQWLYEM,8,4,2.0,
GRWYRFGYDDQDEYEY,8,2,4.0,
GRWNRYGFYDQDKYDY,8,7,1.1428571428571428,
GRWNRCGFEDQDNFGY,8,4,2.0,
GRWRYYGANDQDEYIY,8,3,2.6666666666666665,
GLSHYYGFDDQALYQY,8,2,4.0,Rob_3504
GRVWRYGLYDQDEFFY,8,4,2.0,Rob_895
GRWWKYGNSGQIEHFY,8,0,8.0,Rob_1396
GRVDFYGYYEQYNYEY,8,2,4.0,Rob_7734
GRWDYYGWLEQYNYEY,8,6,1.3333333333333333,Rob_7218
GRVWRYGLLEQLEYLY,8,0,8.0,Rob_2247
GRWNYFGHYEQCLYFF,8,6,1.3333333333333333,
GRWYKYGPLYQENYEY,8,4,2.0,Rob_6150
GFAEHYGSSEQMLYEY,8,1,8.0,
GRWDTFGSDDQSNYAY,8,4,2.0,Rob_12331
GRWNYFGAWDQNNYDY,8,4,2.0,Rob_9695
GRWNHWGAYEQYNYEY,8,7,1.1428571428571428,Rob_12033
GRWNYYGQYEQIAYEY,8,4,2.0,Rob_7369
GRWLFYGKYEQILYPY,8,2,4.0,Rob_6686
GRPDYYGYWNQDLKFY,8,0,8.0,Rob_7308
GRWNYFGAYEQDLYDY,8,2,4.0,Rob_7429
GRWDYYGPYIQYDYQY,8,0,8.0,Rob_7092
GRVWRFGLQDQAEYLY,8,2,4.0,Rob_507
GRVWRYGFTDQDDYEY,8,4,2.0,Rob_2828
GFAMYYGSSVQMCYYM,8,2,4.0,
GRWNNYGYPDQALYDY,8,7,1.1428571428571428,Rob_11517
GRWFKYGAGDQENYEY,8,5,1.6,
GRWLRYGESDQSLYEY,8,6,1.3333333333333333,Rob_9949
GRWNRYGFEDQDNYGY,8,6,1.3333333333333333,
GRWLRYGYDDQDEYHY,8,2,4.0,
GRVWRFGLFDQLEYEY,8,5,1.6,Rob_884
GRWFRYGASDQGEYYY,8,0,8.0,
GRPRRWGLLEQYGSFY,8,1,8.0,Rob_4477
GRVDYRGYSEQELYDY,8,6,1.3333333333333333,Rob_6214
GRWDFYGQYEQDLFDY,8,6,1.3333333333333333,Rob_12014
GRVWKNGLEYQYEYYY,8,0,8.0,Rob_864
GRNNYRGFLDQSEYLY,8,5,1.6,Rob_6162
GRPLRYGYNEQRTYDY,8,2,4.0,Rob_4649
GRSWSWGIGDQIELDY,8,2,4.0,Rob_1131
GRSWRHGVYDQLEQLY,8,5,1.6,Rob_1765
GRWNRYGFADQDNFDY,8,1,8.0,
GRWLYYGRYDQIDYDY,8,6,1.3333333333333333,Rob_9713
GRWNRYGQEYQDEYDY,8,6,1.3333333333333333,
GRWNFYGPYDQNNYEY,8,5,1.6,Rob_12272
GRWNLYGYEDQNLYEY,8,6,1.3333333333333333,Rob_12370
GRVWSFGFDDQLEHEY,8,6,1.3333333333333333,Rob_1494
GRWLRFGFRYQDEYEY,7,1,7.0,
GRWLYFGDDIQLNYRY,7,4,1.75,Rob_10183
GRWWRYGREDQELYNY,7,5,1.4,Rob_3336
GFEFKYGYIDQYQYYY,7,2,3.5,Rob_8689
GRWDYFGWYEQFEYTY,7,4,1.75,Rob_11972
GRVWRYGFDDQDEYEY,7,1,7.0,Rob_3102
GRWWRFGADEQQEYYY,7,5,1.4,Rob_3647
GRWNYYGYYDQDNYEY,7,5,1.4,
GRWNRYRFYDQDNYDY,7,6,1.1666666666666667,
GRWNRYGFEDQDNLGY,7,4,1.75,
GRINYYGYYEQYLYDY,7,4,1.75,Rob_12323
GRWYQYGYDYQQEYRY,7,5,1.4,
GRSWRFGLKYQDEYLY,7,3,2.3333333333333335,Rob_512
GRPWQYGYWQQDEYQY,7,4,1.75,Rob_8409
GRWNYFGPNDQDSYYY,7,4,1.75,Rob_9614
GRWNYYGQYEQEVYEY,7,5,1.4,
GRWNRYGFYDLDNYDY,7,0,7.0,
GFCMHYGSSVQMEYYW,7,4,1.75,
GRWNHWGAWEQVLYQY,7,4,1.75,Rob_12044
GFCYRYGSSEQMEYEM,7,1,7.0,
GRWWSFGNYYQGDYQY,7,3,2.3333333333333335,Rob_2844
GFCMHMGSSVQMKYEM,7,1,7.0,
GRWNYYGSDVQGLYDY,7,3,2.3333333333333335,Rob_10055
GRWNYFGPADQYLYKY,7,6,1.1666666666666667,Rob_9843
GFYWRYGSSMQCMYFY,7,4,1.75,
GLYMYNGSSFQCRYYR,7,5,1.4,
GRWFRYGYYEQDLYEY,7,6,1.1666666666666667,
GRWFRFGADDQAEYYY,7,3,2.3333333333333335,
GRWNYYGKYEQISYEY,7,1,7.0,Rob_11665
GRVWRYGLYYQDEYEY,7,4,1.75,Rob_544
GRWWSYGAREQAEYLY,7,5,1.4,Rob_2187
GRWDYYGNYEQFLFEY,7,2,3.5,Rob_12019
GFCWHYGSSDQMEYYM,7,5,1.4,
GLTNTYGFLDQVEYVY,7,2,3.5,Rob_3384
GRWLYYGPEYQFDFLY,7,1,7.0,Rob_9977
GRWNRYGFEDQDNFHY,7,4,1.75,
GRWFRYGQTDQLRFYY,7,4,1.75,Rob_4252
GRWFKYGASDLALYDY,7,5,1.4,
GFCWHLGSSVQMEYEW,7,1,7.0,
GKWNYYGLYEQDLYEY,7,6,1.1666666666666667,Rob_6562
GRWNFYGNYEQIEYDY,7,2,3.5,Rob_6333
GRVWRYGFDYQIEYGY,7,6,1.1666666666666667,Rob_2606
GRWNYFGQFDQYSYEY,7,4,1.75,
GFELHMGSSVQMMYYM,7,4,1.75,
GRINRYGYYEQYQYEY,7,3,2.3333333333333335,Rob_7356
ERWNRYGFYDQDNYDY,7,3,2.3333333333333335,
GRWNRYGFEDQDNFVY,7,6,1.1666666666666667,
GCWDLFGSYDQDNYEY,7,5,1.4,
GRSYRYGFEEQANYSY,7,4,1.75,Rob_2916
GREYRYGLDFQALYRY,7,2,3.5,Rob_4711
GRWNFYGHDDQYNYDY,7,3,2.3333333333333335,
GRWFRYGYVDQDLYEY,7,5,1.4,
GRWNFYGYYDQINYDY,7,1,7.0,
GRWWYFGPYWQLEYSY,7,6,1.1666666666666667,Rob_4513
GFALHWGSSDQMMYYM,7,4,1.75,
GRWLRYGYYDQNDYYY,7,3,2.3333333333333335,
GRWNFWGNSEQFLYEY,7,4,1.75,Rob_12074
GLPYRYGYSDQAEYGY,7,6,1.1666666666666667,Rob_8396
GRWWTYGGKDQLNHEY,7,5,1.4,Rob_1191
GRWNRDGFEDQDNFDY,7,3,2.3333333333333335,
GRWNHYGPTDQENYDY,7,6,1.1666666666666667,
GRWNFYGQNDQYNYEY,7,6,1.1666666666666667,
GRWNRYGFYNQDNYDY,7,1,7.0,
GEWWRFGSSRQCRYWR,7,5,1.4,
GRWNYYGFYDQSDYQY,7,1,7.0,Rob_7780
GRWNRYGYDDQEEYSY,7,4,1.75,
GLSWRHGALDQDLDQY,7,4,1.75,Rob_1227
GKPWVSGYGDQELFNY,7,3,2.3333333333333335,Rob_8951
GFCYRYGSSMQMEYEM,7,5,1.4,
GRWNRYGFEDQNNFGY,7,3,2.3333333333333335,
GRWYRYGPTLQALYDY,7,4,1.75,Rob_8380
GRARYFGQFEQWNYRY,7,6,1.1666666666666667,Rob_5254
GEWMRFGSSRQCRYWR,7,4,1.75,
GRWNFYGSEEQEDYSY,7,4,1.75,Rob_6406
GFYFYNGSSRQCEYYR,7,2,3.5,
GRVWSFGLALQAEFQY,7,3,2.3333333333333335,Rob_585
GRWNYYGPYDQDNYDY,7,5,1.4,
GIPNRYGFYEQFLYDY,7,5,1.4,Rob_11294
GRWLRYGAGYQEEYEY,7,6,1.1666666666666667,
GFAYRYGSSLQMEYEM,7,2,3.5,
GRWLWFGPREQDLYRY,7,5,1.4,Rob_9366
GRNWLYGHDYQTEYYY,7,1,7.0,Rob_5240
GRWNRYAFEDQDNFDY,7,4,1.75,
GRTWRFGFEDQSEYLY,7,3,2.3333333333333335,Rob_3702
GRWWNFGAENQDEYYY,7,5,1.4,Rob_3113
GRIWSFGNWDQYDYQY,6,0,6.0,Rob_800
GFIRYYGSSVQDEYEM,6,1,6.0,
GFCMAYGSSVQMKYEY,6,1,6.0,
GRWNYYGFYEQQEYEY,6,0,6.0,
GLWNRYGFYDQDNYDY,6,2,3.0,
GRVWNFGFREQLEYEY,6,1,6.0,Rob_2674
GRWDYYGYYEQYLYEY,6,3,2.0,Rob_11115
GRWDYYGFYEQELYEY,6,1,6.0,Rob_7416
GRVDFYGYYEQRNYEY,6,0,6.0,Rob_7737
GRWNYYGYDDQYDYDY,6,1,6.0,
GRVYSFGSFYQYEYHY,6,4,1.5,Rob_3127
GRWFKYGPFDQDNYNY,6,3,2.0,
GRWDFYGQYEQDLYSY,6,0,6.0,Rob_12012
GFCWRYGSSVQDEYEW,6,5,1.2,
GRNNYYGFPDQFEYGY,6,0,6.0,Rob_10440
GRWNYFGNYDQDSYYY,6,5,1.2,Rob_7482
GFELHYGSSVQMEYEM,6,1,6.0,
GRWNYYGNYEQVLYKY,6,2,3.0,Rob_6894
GEYWLFGSSRQCRYWW,6,2,3.0,
GRWNYFGQYEQWEYPY,6,1,6.0,Rob_7067
GRWWRFGNDYQIEYIY,6,5,1.2,Rob_3005
GRWNFYGYYEQDLYHY,6,3,2.0,Rob_7881
GRWDYRGYYTQGDYEY,6,1,6.0,Rob_7199
GRWWKYGNSGQFEHFY,6,2,3.0,Rob_1397
GRWNWYGPYFQEEYEY,6,1,6.0,Rob_11962
GRVWAYGGWDQLELEY,6,2,3.0,Rob_1323
GRVWRFGLDDQELYEY,6,4,1.5,Rob_2501
GRWLRYGGGDQYEYLY,6,1,6.0,Rob_1886
GRVRYYGLDDQNEQYY,6,2,3.0,Rob_1188
GRTWRFGYDYQVEYEY,6,1,6.0,Rob_3581
GRWDLFGSFDQDNYEW,6,5,1.2,
GRWNYFGQYDQDNYEY,6,5,1.2,
GFCMYMGSSVQLEYYM,6,3,2.0,
GRWWYFGPDLQKNYYY,6,0,6.0,Rob_4909
GRWDYWGDLWQFEYEY,6,0,6.0,Rob_7803
GRWLRFGYYDLENYEY,6,5,1.2,
GRWWRRGGEYQEELWY,6,3,2.0,Rob_1481
GRWNFFGSYDQDNYLY,6,1,6.0,
GRNAYFGYDDQYEYYY,6,2,3.0,Rob_10698
GFEQHLGSSDQMMYYM,6,0,6.0,
GRWLYKGHYEQRDYEY,6,3,2.0,Rob_6224
GKPWRFGYGDQAEYLY,6,5,1.2,Rob_8568
GAWWVFGSSAQCAYWA,6,2,3.0,
GRWLYFGEELQDSYDY,6,4,1.5,Rob_10706
GRAWRFGLDDQYQYYY,6,4,1.5,Rob_8198
GFMYCYGSSVQWMYEM,6,3,2.0,
GRWLYYGPYYQDTYEY,6,2,3.0,Rob_10029
GRVWRFGYWDQIEYEY,6,1,6.0,Rob_3891
GRWWKFGELNQEEYRY,6,2,3.0,Rob_2981
GRWNSYGQYDQDGYEY,6,1,6.0,
GFPWRFGYADQNEYQY,6,5,1.2,Rob_8160
GRWNRFGNEDQSNYDY,6,5,1.2,
GRWWRYGSSDQDNYEY,6,3,2.0,
GRWDFYGYYEQHLYDY,6,1,6.0,Rob_7609
GRWDLFGSFDQNNYEY,6,4,1.5,
GRWNLYGKDEQSDYDY,6,3,2.0,Rob_7669
GRWNYFGYYEQYLYPY,6,4,1.5,Rob_7969
GFWYYNGSSRQCEYWR,6,0,6.0,
GFALHMGSSDQMMYYM,6,1,6.0,
GRWNRYGFYEQRNYEY,6,2,3.0,
GRTWHYGYNRQDDYEY,6,2,3.0,Rob_3093
GRWWRYGAQDQYEYQY,6,2,3.0,Rob_2370
GFCLYMGSSVQMCYYM,6,3,2.0,
GRWDLFGYIDQYNYDY,6,2,3.0,
GEYWEFGSSRQCRYWW,6,2,3.0,
GRWFKYGASDQALYRY,6,0,6.0,Rob_8619
GRWWFYGPHAQPGYSY,6,4,1.5,Rob_4628
GRCNYYGGEDQDSYYY,6,2,3.0,
GEWWFFGSSVQMEYYM,6,0,6.0,
GRWNRCGFYDQDNYDY,6,1,6.0,
GRWLRFGADDQDQYEY,6,1,6.0,
GRWWYFGPYWQYEYSY,6,3,2.0,Rob_4512
GRQWSYGGTQQIDFEY,6,0,6.0,Rob_382
GRWNYYGSYEQELYEY,6,3,2.0,Rob_6392
GRENYFGKTYQDEFSY,6,1,6.0,Rob_185
GFYFYNGSSLQMCYEM,6,4,1.5,
GRVWSYGFGDQDEHFY,6,3,2.0,Rob_1589
GRVWRYGLFNQDDYNY,6,3,2.0,Rob_226
GFAWHYGSSLQMEYYM,6,4,1.5,
GQWNYFGGYSQDLYEY,6,2,3.0,Rob_12222
GRWLRFGYYDQETYHY,6,1,6.0,
GRWNLFGSYDQDNYEY,6,1,6.0,
GRWDRFGAYTQWNYSY,6,5,1.2,Rob_12075
GRVWRYGLFSQDEYEY,6,3,2.0,Rob_914
GRWWRKGPFDQHNYWY,6,0,6.0,Rob_4051
GKPWIYGKEDQYLYEY,6,1,6.0,Rob_8457
GRTWRFGYNRQDEYEY,6,1,6.0,Rob_2577
GRWLWHGPEDQDLYRY,6,0,6.0,Rob_9223
GRWYKYGPYDQDNYNY,6,4,1.5,
GRWYYYGSDTQELYEY,6,0,6.0,Rob_6400
GRNLRFGYEEQVEYDY,6,1,6.0,Rob_5461
GRWYRFGPQDQNNYDY,6,4,1.5,
GRWNYYGFYDQNDYQY,6,0,6.0,Rob_7781
GRWNYYGEESQDDYFY,6,5,1.2,Rob_10077
GRWNRYGANDQVEYEY,6,1,6.0,
GRWNYYGYYEQYSYEY,5,3,1.6666666666666667,
GRWNRYGCEDQDNFDY,5,1,5.0,
GFRMYYGSSVQMCYYM,5,0,5.0,
GRWWRYGQSFQEWYRY,5,3,1.6666666666666667,Rob_4439
GRPLWFGYEEQDLYEY,5,0,5.0,Rob_9194
GRWDFYGYYEQLNYQY,5,1,5.0,Rob_12015
GEWWMNGSSRQCMYYR,5,1,5.0,
GRVLRFGYKEQELYEY,5,0,5.0,Rob_9410
GRWNRYGFEGQDNFDY,5,1,5.0,
GRWWKYGNYDQFEHFY,5,2,2.5,Rob_1398
GRRNYYGFTDQDNFEY,5,2,2.5,
GRPWRYGYGEQEGYSY,5,2,2.5,Rob_9534
GRWDYWGYYEQVLEEY,5,0,5.0,Rob_11123
GRWWRYGPTDQELYRY,5,4,1.25,Rob_8086
GRWWYYGQEWQYLYRY,5,4,1.25,Rob_4536
GRINYYGYYEQSLYEY,5,0,5.0,Rob_6289
GRSLWFGAQYQLELAY,5,1,5.0,Rob_1174
GRWRYFGNFDQIEYEY,5,4,1.25,Rob_3140
GRWNRYGVGYQEEYDY,5,3,1.6666666666666667,
GRGWRRGFGIQEEDTY,5,3,1.6666666666666667,Rob_1876
GRSLWYGSDYQLEYQY,5,1,5.0,Rob_2768
GRVWRYGLYDQGEFEY,5,1,5.0,Rob_485
GRWNYYGRYDQFLHLY,5,0,5.0,Rob_10794
GMWMYNGSSFQCRYYR,5,2,2.5,
GYMYHMGSSVQMEYEM,5,2,2.5,
GRWTYYGESVQEDYWY,5,4,1.25,Rob_5028
GRWYQYGYETQYLYEY,5,0,5.0,
GRVWRYGLFNQDDYEY,5,1,5.0,Rob_222
GRWNRYGVEDQDNFDY,5,1,5.0,
GRWNRYGDYEQYDYYY,5,0,5.0,Rob_6884
GRWNYYGNGDQGNYWY,5,0,5.0,Rob_10580
GRVWSYGLDQQLEYDY,5,4,1.25,Rob_1632
GRWLLFGPLDQTTYRY,5,0,5.0,Rob_9456
GRWNRYGFEDLDNFGY,5,3,1.6666666666666667,
GEYWIFGSSRQCRYWW,5,3,1.6666666666666667,
GRVNFWGYYEQWLYEY,5,2,2.5,Rob_11241
GRWFNFGGDDQDSYYY,5,4,1.25,
GRVYRLGGDQQELLEY,5,2,2.5,Rob_1553
GRFWRYGNLWQQEYFY,5,3,1.6666666666666667,Rob_2321
GRWDLFGSFDQDNYEC,5,3,1.6666666666666667,
GRSWRFGFYGQNEHEY,5,1,5.0,Rob_1623
GRNNYYGYEAQDEYSY,5,0,5.0,Rob_10549
GRWNRYGSADQDNYNY,5,4,1.25,
GRWDYYGSYEQTSYEY,5,4,1.25,Rob_6490
GFALHLGSSDQMMYYM,5,2,2.5,
GRPRWHGYEEQLLYNY,5,0,5.0,Rob_4585
GRWWRYGSEDQIEYRY,5,2,2.5,Rob_3088
GRWNRYGFEEQDNFDY,5,2,2.5,
GRWNYYGDYEQWNYEY,5,2,2.5,Rob_11752
GRWNYYGEYDHDNYEY,5,4,1.25,
GRWNYWGPYEQGNYTY,5,3,1.6666666666666667,Rob_7828
GRRDLFGSYDQDNYEY,5,3,1.6666666666666667,
GFTRFYGYSDQWEYLY,5,2,2.5,Rob_8576
GRNNYYGYNDQEEYYY,5,1,5.0,Rob_9772
GRWNYYGEYDQYNYEY,5,4,1.25,
GRSWAYGYHDQGEYEY,5,3,1.6666666666666667,Rob_3025
GRWLYYGPQDQHNYEY,5,0,5.0,Rob_10876
GRWYRYGPNDQTGYYY,5,1,5.0,Rob_4128
GRWNRYGPTDQQNYDY,5,4,1.25,
GRWNYRGQYEQILFPY,5,1,5.0,Rob_11528
GRWDLFGPYEQWDYEY,5,2,2.5,Rob_11444
GFYWTYGSSMQCMYFY,5,0,5.0,
GRWWSYGNDYQDEEEY,5,0,5.0,Rob_1817
GRWDYFGAYTQGNYDY,5,4,1.25,Rob_12343
GRWWKFGESKQEEYLY,5,0,5.0,Rob_3417
GRNLYYGYEYQNDYEY,5,0,5.0,Rob_10469
GRWNYYGDYEQFLYEY,5,1,5.0,Rob_7286
GRTWRFGFEDQDEYEY,5,0,5.0,Rob_3171
GRVLWRGYYYQDLYGY,5,0,5.0,Rob_4083
GRVWRYGFEFQEEHEY,5,1,5.0,Rob_1404
GEWWSFGSSRQCRYWR,5,4,1.25,
GAWWYFGSSAQCAYWW,5,1,5.0,
GRWWKYGESLQIEKFY,5,2,2.5,Rob_2631
GRWHYQGEYEQKLEGY,5,4,1.25,Rob_2737
GRELWFGHLYQEERFY,5,0,5.0,Rob_2797
GRWNFYGEYDQDNYEY,5,0,5.0,
GRNNFFGYYEQIEYEY,5,0,5.0,Rob_6735
GRVWRYGYNDQEEYEY,5,2,2.5,Rob_3168
GKPWRYGFDDQYGYSY,5,0,5.0,Rob_8726
GRWWRYGYEDQDNYYY,5,3,1.6666666666666667,
GRWNRYGPTNQENYDY,5,3,1.6666666666666667,
GRWNYYGYYEQENYNY,5,0,5.0,
GRVRYFGYYEQTEYEY,5,2,2.5,Rob_6432
GFEYRYGSSVQMEYEM,5,4,1.25,
GFLYIYGSSVQCEYYM,5,0,5.0,
GFEMFYGSSLQWEYEM,5,1,5.0,
GRWNFYVQDDQYNYDY,5,4,1.25,
GRWNYYGGYDQILYDY,5,0,5.0,Rob_9711
GRVNYRGLESQDEHSY,5,2,2.5,Rob_1697
GRWDLFGSFDLDNYDY,5,4,1.25,
GRSYRLGVHYQEEEAY,5,0,5.0,Rob_2686
GRVWRFGYGYQEEYFY,5,1,5.0,Rob_1915
GRWNYYGPYEQNDYDY,5,1,5.0,
GRWWKFGELNQEEYWY,5,0,5.0,Rob_2983
GRVWKFGKFEQLEYEY,5,0,5.0,Rob_629
GRWNNYGYLDQHLYDY,5,3,1.6666666666666667,Rob_11515
GFRMYYGSSVQMAYYM,5,0,5.0,
GRWNFYGYYEQHLYEY,5,1,5.0,
GRWNRYGESDQELYDY,5,3,1.6666666666666667,
GNWNYFGAYEQYLYEY,5,1,5.0,Rob_11839
GRPNRYGYYEQTLFEY,5,4,1.25,Rob_6960
GRWLHHGPEELGNYDY,5,2,2.5,
GRWDLFGSFDPDNYEY,5,0,5.0,
GRVWRYGLYYQIEYSY,5,1,5.0,Rob_831
GRWDYFGDYEQKSYDY,5,0,5.0,Rob_7152
GRWNYYGGEDQDSYRY,5,3,1.6666666666666667,
GRWFRFGYDDQIEYQY,5,2,2.5,
GNWNYYGPNDQTNYGY,5,4,1.25,Rob_6136
GRWWKHGGRDQEEHYY,5,2,2.5,Rob_1391
GRFWSYGGDEQDDYSY,5,0,5.0,Rob_389
GRWNRYGFNDQDNYDY,5,1,5.0,
GRPLRFGYEDQDTYAY,5,4,1.25,Rob_4086
GFEMHYGSSVQMEYYM,5,2,2.5,
GRWLYFGPYYQDNYDY,5,3,1.6666666666666667,Rob_10712
GRWWLYGPEDQNAYSY,5,1,5.0,Rob_4188
GFAMHYGSSDQMGYEY,5,1,5.0,
GRWYRYGFYDQDNYDY,5,0,5.0,
GFAMYMGSSVQMYYYM,5,4,1.25,
GRWWRKGPFDQNNYWY,5,2,2.5,Rob_4050
GRAWRYGYQDQLEYYY,5,1,5.0,
GRWWRFGNEEQELYEY,5,3,1.6666666666666667,Rob_3853
GRRNYYGEYDQDNYEY,5,1,5.0,
GRVWRYGLYLQLDYEY,5,0,5.0,
GRWWRYGAEQQDRYSY,5,2,2.5,Rob_4101
GRLNNYGGLGQFDYFY,5,0,5.0,Rob_3608
GRPLWYGYEEQNRYYY,5,3,1.6666666666666667,Rob_4459
GRPYLYGFGSQENYYY,5,4,1.25,Rob_5593
GRWWYYGPDGQWKYSY,5,2,2.5,Rob_4038
GRWDLFGKLDQAAYDY,5,0,5.0,Rob_7414
GRWNHYGANDQDEYSY,5,2,2.5,
GRWNFFGEYEQNNYAY,5,1,5.0,Rob_11574
GKVWRYGLDGQYEHTY,5,0,5.0,Rob_1365
GRWFRYGSDLQLNYEY,5,1,5.0,
GRAWKRGDYDQLEYEY,5,3,1.6666666666666667,Rob_181
GFCWHYGSSLQMEYYM,5,3,1.6666666666666667,
GNWDLFGSYYQEIYDY,5,1,5.0,Rob_11500
GRTWIHGYEDQIEYLY,5,1,5.0,Rob_3511
GRWNRYGLTDQENYDY,5,0,5.0,
GRVNYFGYDWQLLYEY,5,2,2.5,Rob_7636
GRWNFFGPYDQLNYLY,5,0,5.0,Rob_11593
GRPLRYGYFEQEHYYY,5,0,5.0,Rob_4483
GRWNYYGEYDLDNYEY,5,2,2.5,
GRWWYYGPDYQQRYHY,5,1,5.0,Rob_4120
GRWWRFGPDTQYRFHY,5,2,2.5,Rob_4197
GFEWRYGSSEQMCYEM,5,0,5.0,
GRWWRYGSEDQAEYRY,5,4,1.25,Rob_3634
GRWWSYGQFDQYEYYY,5,4,1.25,Rob_2446
GRVWRYGLVEQIEYEY,5,1,5.0,Rob_706
GKWNYFGNDWQDLYDY,5,2,2.5,Rob_2875
GRWDLFGEDYQSNYPY,5,2,2.5,Rob_12329
GRWNFYGQYDQDNYDY,5,1,5.0,
GRVYSFGSRYQNEYYY,5,2,2.5,Rob_3131
GRWNFYGDYEQELYEY,5,2,2.5,Rob_7107
GRSFNYGYIYQLEYYY,5,1,5.0,Rob_3570
GRWNRYGANDQDDYEY,5,0,5.0,
GRVWRFGFGDQLEFFY,5,4,1.25,Rob_1892
GRVWRFGFIDQNEYVY,5,0,5.0,Rob_3495
GRWWRYGPNDQYSYPY,5,1,5.0,Rob_4180
GKWYRFGQTDQENYDY,5,3,1.6666666666666667,
GRWNFYGYYDQDLYSY,5,0,5.0,
GRVWRYGLSEQEEYEY,5,1,5.0,Rob_2216
GRVWGFGFGHQIEYSY,5,2,2.5,Rob_1943
GRPLWFGYQNQELHDY,5,0,5.0,Rob_4112
GLSWRFGYGEQITDAY,5,2,2.5,Rob_2110
GFAMHYGSSVQWKYEM,5,2,2.5,
GRVWRFGYGYQEEYLY,5,4,1.25,Rob_1916
GRWNFYGPYAQSNYEY,5,3,1.6666666666666667,Rob_11713
GRNEYFGYEYQNEYEY,5,4,1.25,Rob_10345
GLWMYNGSSFQCRYYR,5,1,5.0,
GRWNRYGFYDQHNYDY,5,0,5.0,
GRWLFYGPLSQDDYYY,5,1,5.0,Rob_11680
GRWFRFGADDQAEYEY,5,2,2.5,
GRWFRFGESYQENYDY,5,2,2.5,
GRWLRYGAGEQDNYEY,5,3,1.6666666666666667,
GRWFNFGNDDQELFQY,5,1,5.0,Rob_8174
GRWNYYGPEDQENFSY,5,2,2.5,Rob_7773
GRWNYYGYYEQRLYEY,5,2,2.5,Rob_11161
GRTWRYGFGDQLEFDY,5,2,2.5,Rob_1911
GRWNFCGQDDQYNYDY,4,0,4.0,
GRPLRFGYSEQIDYTY,4,2,2.0,Rob_4005
GRNNYYGYYEQYEFEY,4,1,4.0,Rob_7885
GRWNYYGNSEQDNYPY,4,2,2.0,Rob_6447
GRWNFYGFETQSTYDY,4,2,2.0,
GEMWKFGSSRQCRYWR,4,0,4.0,
GRVLKYGKWDQEEYDY,4,0,4.0,
GFCLHMGSSVQMEYYM,4,0,4.0,
GRWNFYGEYEQDSHQY,4,2,2.0,Rob_6842
GRWTRYGFEDQDNFDY,4,2,2.0,
GYPEYFGYSLQYLYEY,4,0,4.0,Rob_9935
GEWTYFGSSMQCRYYR,4,1,4.0,
GRWLFYGPYEQSEYDY,4,1,4.0,Rob_11360
GFELHLGSSVQMEYYM,4,3,1.3333333333333333,
GRPYRFGSKDQGLYDY,4,0,4.0,Rob_8463
GRWNYYGPDSQDNYSY,4,2,2.0,
GRVWRYGAGDQAEYSY,4,3,1.3333333333333333,Rob_1990
GEWCYFGSSRQCRYWR,4,3,1.3333333333333333,
GRWWNYGQSLQDLKLY,4,1,4.0,Rob_2661
GRWWRHGSNEQDNLSY,4,2,2.0,Rob_4560
GKWNRYGAGEQDEYNY,4,0,4.0,
GRWNRFGFEDQDNFDY,4,1,4.0,
GRAYIYGYDDQEEYFY,4,0,4.0,Rob_3048
GEWWNFGSSRQCRYWR,4,1,4.0,
GRWNYRGNGDQGNYWY,4,1,4.0,Rob_10579
GFEWHYGSSEQMEYYM,4,2,2.0,
GFWFYNGSSRQCEYRR,4,0,4.0,
GRVNYYGFHLQDEYFY,4,0,4.0,Rob_2566
GRWNYYGEYDQSNYLY,4,0,4.0,Rob_11629
GRWLRYGYYDQFNYEY,4,0,4.0,
GRPWKYGYNDQDLYEY,4,3,1.3333333333333333,Rob_8712
GRSWRFGNKYQDELYY,4,0,4.0,Rob_1154
GRVLWRGYYYQELYGY,4,2,2.0,Rob_4080
GRPLRYGYYFQYDYRY,4,0,4.0,Rob_4288
GRWNYFGYRIQENYEY,4,3,1.3333333333333333,Rob_7650
GRNWRYGFGHQYEYYY,4,3,1.3333333333333333,Rob_1972
GRNNYYGYEYQEEYGY,4,1,4.0,Rob_10301
GRAWSFGGDYQIELEY,4,1,4.0,Rob_1129
GRWHRYGFYDQDNYDY,4,0,4.0,
GRPLYYGYGEQEDYNY,4,0,4.0,Rob_4917
GRWNYYGYYEQDEYEY,4,2,2.0,
GRWNRYGFEDQDKFGY,4,2,2.0,
GRWDNYGSIDQEPYYY,4,3,1.3333333333333333,Rob_12347
GRWDYFGSIDQSLYEY,4,2,2.0,
GRWNRYEFYDQDNYDY,4,3,1.3333333333333333,
GRVWRFGLYDQLEYEY,4,2,2.0,Rob_172
GRAWRFGLDYQLEYEY,4,0,4.0,Rob_2145
GRWNLYGYEDQNLYDY,4,0,4.0,
GRWNRYGANDQDEYYY,4,3,1.3333333333333333,
GHWNRYGAGYQEEYDY,4,0,4.0,
GRPWAWGYEYQLDYSY,4,1,4.0,Rob_9520
GRWWRFGNIFQLEYDY,4,0,4.0,Rob_3904
GRWDYYGPTIQWDYWY,4,0,4.0,Rob_7710
GEWWRLGSSFQCRYWR,4,1,4.0,
GRWWYYGDRYQTNHSY,4,0,4.0,Rob_4894
GRVWRYGLDLQIEYEY,4,0,4.0,Rob_408
GRWYRFGKEDQSNYDY,4,1,4.0,
GRSWRRGFNEQNELSY,4,0,4.0,Rob_1337
GRWQAWGGPYQAEHYY,4,1,4.0,Rob_988
GRWDLLGSYDQDNYEY,4,2,2.0,
GRNLYRGFEIQEEFLY,4,1,4.0,Rob_4763
RRWDLFGSFDQDNYEY,4,2,2.0,
GRWWNFGSRDQLLYEY,4,0,4.0,Rob_3717
GEYWNFGSSRQCRYWW,4,2,2.0,
GRRNFYGQDDQYNYDY,4,3,1.3333333333333333,
GRWLWHGPGDQDFYDY,4,0,4.0,Rob_4168
GRWWRYGYYDQDLYDY,4,0,4.0,
GRTWIYGYGRQSLYEY,4,0,4.0,Rob_3099
GRWWLFGPSDQDSYRY,4,1,4.0,Rob_4294
GFYWCYGSSMQCMYFY,4,0,4.0,
GRAWRFGLEYQLEYYY,4,1,4.0,Rob_2593
GFRAHYGSSDQMLYEY,4,2,2.0,
GRVWLHGLGLQWEKEY,4,3,1.3333333333333333,Rob_1679
GFAWRYGSSVQMEYEM,4,0,4.0,
GRWNYYGGEDQDTYDY,4,3,1.3333333333333333,
GRWLFYGNGLQWDYSY,4,3,1.3333333333333333,Rob_6787
GRVNYYGFEYQFEYFY,4,3,1.3333333333333333,Rob_2189
GRVWRNGLYYQLEYEY,4,0,4.0,Rob_363
GRVWRYGLYYQLEYEY,4,3,1.3333333333333333,Rob_243
GFYWVYGSSFQCMYFY,4,0,4.0,
GRNDYFGYYEQSDHEY,4,1,4.0,Rob_6301
GRWWYFGPDWQSRYNY,4,1,4.0,Rob_4219
GRWDYFGQFDQDNYEY,4,1,4.0,
GRWDYYGAEDQQLYNY,4,1,4.0,Rob_3842
GHWDLFGKYDQDNYEY,4,0,4.0,
GRSWRFGFYGQEEHEY,4,0,4.0,Rob_1625
GRWRYWGYYEQGDYEY,4,0,4.0,Rob_12291
GEWLCFGSSRQCRYWR,4,1,4.0,
GFEYRYGSSVQCMYEM,4,1,4.0,
GCWLRFGYYDQENYEY,4,1,4.0,
GRWNRYGFEDQDNYLY,4,3,1.3333333333333333,
GRWLRYGESDQALYEY,4,1,4.0,Rob_9948
GRWNYYGPELQEDFSY,4,3,1.3333333333333333,Rob_7776
GFPWRFGYSDQKTYYY,4,0,4.0,Rob_8077
GFCMHYGSSDQWEYEY,4,2,2.0,
GFEWRYGSSVQMEYEM,4,1,4.0,
GRWNYYGYYDQGDYEY,4,2,2.0,
GRWNRYGFYHQDNYDY,4,1,4.0,
GRWLYRGPIDQFDFEY,4,1,4.0,Rob_9836
GRWFKAGALDQELYQY,4,0,4.0,Rob_8637
GRWNRYGQYEQINYEY,4,0,4.0,
GRWNFYGYYEQIEYDY,4,2,2.0,
GRNNYFGYEYQYEYYY,4,0,4.0,Rob_10108
GRWNRYGFEDQDNVGY,4,3,1.3333333333333333,
GRWNYYGPYEQLDYLY,4,0,4.0,Rob_5504
GRWWYYGPYDQNKYYY,4,0,4.0,Rob_4279
GFCMYMGSSVQMYYYM,4,0,4.0,
GRWNYYGGYEQRNFDY,4,0,4.0,Rob_12302
GRWNFFGGYYQENYEY,4,3,1.3333333333333333,Rob_11548
GRVLRLGYDYQIDYSY,4,0,4.0,Rob_4290
GRVLKFGFGQQIEYSY,4,0,4.0,Rob_1845
GRVWRLGFDGQEEHYY,4,1,4.0,Rob_1581
GRWFRWGSAIQEEYYY,4,2,2.0,Rob_4920
GRWDRYGFYDQDNYDY,4,2,2.0,
GRWDYYGPSYQLDYNY,4,0,4.0,Rob_7087
GRWLYRGPIDQFDFLY,4,0,4.0,Rob_9835
GFEYRYGSSVQMCYEM,4,3,1.3333333333333333,
GRWNRFGYSEQGLYDY,4,2,2.0,
GRSWRWGFEWQIEYEY,4,1,4.0,Rob_449
GRWNYYGQYDRDQYEY,4,1,4.0,
GRSNTYGYEDQALYEY,4,0,4.0,Rob_3882
GRWNRYGCYDQDNYDY,4,0,4.0,
GFCFEYGSSFQMEYEM,4,0,4.0,
GRWNYYGYYEQFLYEY,4,3,1.3333333333333333,Rob_11155
GRWFKYGGFDQNLYRY,4,2,2.0,Rob_8327
GFMYIYGSSVQWLYEM,4,2,2.0,
GRWWTFGPGEQISYNY,4,0,4.0,Rob_4087
GRWQYRGEYFQEIYDY,4,1,4.0,Rob_11019
GRWLYFGPYWQDSFEY,4,1,4.0,Rob_10372
GRWYRYGPTYQITYNY,4,0,4.0,
GRIPRRGYDDQENYLY,4,3,1.3333333333333333,Rob_9537
GRWDFFGNYDQSEYSY,4,3,1.3333333333333333,Rob_12241
GRWDLFGPYDQDNYEY,4,3,1.3333333333333333,
GRVWRYGKTFQLDYEY,4,0,4.0,Rob_2957
GRWDLFGSYDQENYYY,4,2,2.0,
GRPLKFGYLLQQEYNY,4,1,4.0,Rob_8274
GRTWRYGYNDQLEYEY,4,3,1.3333333333333333,Rob_2574
GPWNRYGFYDQDNYDY,4,1,4.0,
GFEYRYGSSDQMEYEW,4,0,4.0,
GFPWKYGYSTQYLYEY,4,3,1.3333333333333333,Rob_8811
GRWWVYGQWNQELYNY,4,0,4.0,Rob_8430
GRWNHWGEYTQSSYEY,4,1,4.0,Rob_11468
GRVWRYGLDLQIEYDY,4,1,4.0,Rob_289
GRWNRYGESDQGEYEY,4,0,4.0,
GRVYEYGAIWQLDYLY,4,0,4.0,Rob_2603
GFYYFLGSSFQCMYFF,4,0,4.0,
GRWLRYGNYEQTNFEY,4,1,4.0,Rob_6707
GRANYFGLDEQDEYFY,4,2,2.0,Rob_2283
GRWLWFGPTNQYDYLY,4,2,2.0,Rob_8996
GRWWRFGSRDQLLYEY,4,1,4.0,Rob_3056
GRWYRFGQYFQAELDY,4,0,4.0,Rob_1050
GRWRYYGNYDQDNYEY,4,2,2.0,
GVQWKFGYSQQYEYYY,4,1,4.0,Rob_8030
GRWYKYGPSDQDNYTY,4,0,4.0,
GKWLKYGNDEQDLHTY,4,0,4.0,Rob_1077
GRWFKYGEVDQRLYEY,4,0,4.0,Rob_4907
GRTQRWGYYDQEGYEY,4,0,4.0,Rob_6912
GRNNEFGYEDQAEYQY,4,0,4.0,Rob_9816
GRWFRWGYYEQVEYEY,4,0,4.0,
GFEYRYGSSVQMEYEW,4,0,4.0,
GRPLWYGYSIQEFYRY,4,0,4.0,Rob_4224
GRWWRFGAGGQADYLY,4,1,4.0,Rob_1839
GRNFNYGYNNQDEYEY,4,1,4.0,Rob_3188
GRWNRYGYYDQFNYDY,4,2,2.0,
GRINWRGEFNQEQYHY,4,1,4.0,Rob_10365
GRVWRFGFSDQSEYEY,4,0,4.0,Rob_3366
GRVLRYGLNYQIEFEY,4,2,2.0,Rob_331
GRWNYYGYYDQWLYEY,4,3,1.3333333333333333,Rob_7986
GRWWRYGQSFQDLYRY,4,0,4.0,Rob_4440
GFNYIYGSSVQWMYEM,4,1,4.0,
GRWWRYGSLDQDLYRY,4,3,1.3333333333333333,Rob_3115
GRIWRYGYYEQDSYKY,4,0,4.0,Rob_9239
GRWNYYGGYEQWLYEY,4,3,1.3333333333333333,Rob_11133
GFCAHYGSSEQMMYEY,4,0,4.0,
GAWWIFGSSAQCAYWA,4,0,4.0,
GITNYFGYNYQIEYSY,4,3,1.3333333333333333,Rob_3839
GRPNWYGALDQDNALY,4,0,4.0,Rob_4410
GRPWRFGYGIQYGYEY,4,1,4.0,Rob_9327
GRWNYFGAPDQNNYDY,4,2,2.0,Rob_9693
GRWLYYGQNWQYNYHY,4,0,4.0,Rob_5998
GRAWKFGYDDQIEYEY,4,3,1.3333333333333333,Rob_3463
GRWTYYGNYVQEDYFY,4,3,1.3333333333333333,Rob_5025
GRWDYFGAKYQEEYVY,4,3,1.3333333333333333,Rob_2304
GFCMYMGSSVQMAYYM,4,1,4.0,
GRWFRFGASDQNSYSY,4,0,4.0,
GFCMHYGSSVQCKYEM,4,0,4.0,
GRPNYRGYIDQWEYYY,4,0,4.0,Rob_9656
GRWDFFGQYEQNNYQY,4,2,2.0,Rob_11347
GFYWGYGSSMQCLYFF,4,2,2.0,
GRWNHYGEQDQYNYEY,4,0,4.0,
GRWRYYGASDQDSYDY,4,0,4.0,
GRNWRYGFGHQYEYDY,4,1,4.0,Rob_1973
GRWRYYGEDGQENYEY,4,0,4.0,
GRWLYYGHYDQLTHEY,4,0,4.0,Rob_11563
GRWNYYGERDQGNYEY,4,0,4.0,
GAWWLFGSSAQCAYWA,4,1,4.0,
GRWWYNGPEDQDEFWY,4,0,4.0,Rob_5882
GRSWRFGSGYQAEYDY,4,0,4.0,Rob_1857
GRWHYYGSSDQELYEY,4,0,4.0,
GRWNYYGEESQDDYYY,4,3,1.3333333333333333,Rob_10078
GRNNRYGFESQDEYYY,4,2,2.0,
GRWWYFGPYIQVDYWY,4,1,4.0,Rob_4640
GRWWLFGPRDQYRYWY,4,0,4.0,Rob_4196
GHWNYYGEYDQDNYEY,4,3,1.3333333333333333,
GRWNYRGDSEQEEYEY,4,2,2.0,Rob_2869
GRWLFFGPKSQDDYFY,4,3,1.3333333333333333,Rob_11683
GFEWHLGSSVQMEYEW,4,0,4.0,
GRWDLFGKLDQDAYEY,4,0,4.0,
GRVWRYGLYSQIEYYY,4,1,4.0,Rob_756
GFCYIYGSSMQCMYEM,4,2,2.0,
GSWNRYGFEDQDNFGY,4,1,4.0,
GRTWRFGFEDQSEYEY,4,0,4.0,Rob_3701
GKWYRFGQTDQDLYRY,4,2,2.0,Rob_8650
GFAMCYGSSVQMMYEY,4,3,1.3333333333333333,
GRPNYFGLDEQYLYEY,4,0,4.0,Rob_10931
GRWSYYGEELQLDYTY,4,1,4.0,Rob_9722
GRNDFYGYYSQDDYEY,4,0,4.0,Rob_7049
GRWDRHGAYDQYDYDY,4,0,4.0,
GRWWRYGPDYQVDYYY,4,0,4.0,Rob_9311
GRVWNFGLDFQWEQQY,4,1,4.0,Rob_1743
GRWWRYGGEAQDELDY,4,0,4.0,Rob_1239
GFAWRYGSSVQDEYEW,4,0,4.0,
GRWNYYGAYEQFLYEY,4,2,2.0,Rob_7452
GRWNYFGQFYQGTYDY,4,3,1.3333333333333333,Rob_11794
GRWYNFGAGDQYSYHY,4,1,4.0,Rob_5253
GRWNYYGESDQDSYSY,4,2,2.0,
GRWNRWGYYEQVEYEY,4,3,1.3333333333333333,
GRWNWYGPAYQWDYSY,4,2,2.0,Rob_9125
GRSWKYGFDGQADYEY,4,2,2.0,Rob_3997
GRWLYYGPTDQDNYDY,4,2,2.0,
GRWWKFGNKKQDEYSY,4,0,4.0,Rob_3739
GRWNRYGIEDQDNFDY,4,2,2.0,
GRWNYYGRLNQDSYEY,4,1,4.0,Rob_10895
GRWDYFGRYEQYLYDY,4,0,4.0,Rob_7422
GRWNIFGDWEQYLYRY,4,0,4.0,Rob_7165
GRSWRFGSGNQDEFTY,4,3,1.3333333333333333,Rob_1852
GRWNNFGPFDQQNYSY,4,2,2.0,Rob_4803
GRWNFEGRYEQSEYNY,4,0,4.0,Rob_6230
GRPWRYGYLDQLDYQY,4,2,2.0,Rob_8232
GCWDLFGSFDQDNYEY,4,3,1.3333333333333333,
GRVWRFGYDDQIEYEY,4,1,4.0,Rob_3460
GFAMHYGSSVQMMYAM,4,0,4.0,
GRWNYYGFYEQDLYPY,4,3,1.3333333333333333,Rob_7008
GRNNRYGFDDQDEYYY,4,3,1.3333333333333333,
GRWFWYGPYLQEDYNY,4,2,2.0,Rob_4714
GRWNYYGEYEQPLYSY,4,2,2.0,Rob_6895
GFEYRYGSSVQIEYEM,4,0,4.0,
GRWFRYGANDQGEYEY,4,0,4.0,
GRVWRYGLDDQQEYEY,4,0,4.0,Rob_689
GRVLKFGHTFQEEYYY,4,0,4.0,Rob_2300
GRVWRYGYGYQEEYLY,4,3,1.3333333333333333,Rob_1917
GRVFRYGLQEQLEYEY,4,0,4.0,Rob_692
GNSWRFGKDLQYEYEM,4,0,4.0,
GRWDYYGFYEQDLYGY,4,3,1.3333333333333333,Rob_7020
GRWWRFGSSDQQEYYY,4,1,4.0,Rob_3013
GRAWRFGLDDQYQYSY,4,2,2.0,Rob_8197
GRSNNYGGFEQKEYEY,4,0,4.0,Rob_3246
GRWLWRGARYQYDYIY,4,0,4.0,Rob_9069
GRNLHYGHEIQFEYIY,4,2,2.0,Rob_5726
GEWYEWGSSFQCRYWR,4,1,4.0,
GRPWRYGYSDQIEYEY,4,0,4.0,
GRAWHLGSHYQVEFGY,4,2,2.0,Rob_2644
GRWFQFGPEDQLEYEY,4,0,4.0,
GRVYRFGYNYQLDYEY,4,0,4.0,Rob_3441
GRWFRYGASDQDLYEY,4,0,4.0,
GRWNRYGESDQDNYLY,4,0,4.0,
GLYTYFGSSMQCRYYR,4,3,1.3333333333333333,
GAWWTFGSSAQCAYWA,4,3,1.3333333333333333,
GRWFKYGASDQNLYDY,4,0,4.0,
GRWNYYGLYEQDLYEY,4,0,4.0,Rob_7759
GKPWRFGYQDQAEYFY,4,0,4.0,Rob_8563
GRWLWYGGYHQSEKEY,4,0,4.0,Rob_1018
GRWLYYGKYEQILYPY,4,0,4.0,Rob_6685
GREYRYGYDDQFEYWY,4,0,4.0,Rob_3067
GRVWRYGFDNQSEYEY,4,0,4.0,Rob_3459
GRWNRYGFEDQDNIGY,4,3,1.3333333333333333,
GRWFRLGGKFQLEYDY,4,3,1.3333333333333333,Rob_2758
GCWNYYGEYDQDNYEY,4,2,2.0,
GRTWRFGYDYQAEYEY,4,2,2.0,Rob_2334
GQTFKFGFGFQELYHY,4,0,4.0,Rob_2065
GRWDYYGYYEQNLYGY,4,1,4.0,Rob_6257
GFEFKYGYHDQYQYYY,4,0,4.0,Rob_8690
GRPNFYGYYEQDDYEY,4,2,2.0,Rob_7177
GRVWRYGLIDQDEYLY,4,1,4.0,Rob_659
GRSWLRGKLLQDEYYY,4,0,4.0,Rob_702
GRNWRYGFDNQDELWY,4,0,4.0,Rob_5220
GRIPRRGYDEQGNYYY,4,3,1.3333333333333333,Rob_9080
GRQWSYGLWDQIDFEY,4,2,2.0,Rob_379
GRVCNFGFREQLEYEY,3,0,3.0,
GRCNYYGQYDQDGYEY,3,2,1.5,
GRWWRYGSYEQNRYYY,3,0,3.0,Rob_3947
GREWRYGLSYQIQYQY,3,2,1.5,Rob_2160
GRWHYWGPALQYNYRY,3,1,3.0,Rob_5821
GRWFRFGPIQQLNYDY,3,1,3.0,Rob_4313
GRWDLFGSYDLDNYEY,3,0,3.0,
GRWNFFGHYEQDNYSY,3,1,3.0,Rob_11276
GRWNYFGPYEQDLYGY,3,0,3.0,Rob_11573
GRNRYYGFTDQYEYLY,3,1,3.0,Rob_5976
GRWNWFGPWYQQSYYY,3,1,3.0,Rob_9271
GRAWRYGLFDQYEEQY,3,0,3.0,Rob_1722
GLNLRYGGGDQDQYSY,3,2,1.5,Rob_2008
GFYWMYGSSMQCMYFY,3,1,3.0,
GRSWRFGYLEQLEYEY,3,0,3.0,Rob_3749
GRWNRYGYEDQDNFGY,3,0,3.0,
GRSNYYGYYSQYLYEY,3,0,3.0,Rob_6810
GRWWRHGSSEQMEYYM,3,0,3.0,
GRWWRYGENDQEEYSY,3,0,3.0,Rob_3333
GRWNYYGNYEQGNYSY,3,1,3.0,Rob_11899
GRWNYFGDYEQDLYDY,3,0,3.0,Rob_11697
GEWFYMGSSRQCRYYW,3,2,1.5,
GRPLWRGRSDQYEYYY,3,0,3.0,Rob_4567
GLEWRFGKEWQGLYGY,3,0,3.0,Rob_8606
GRDWRYGLVDQDNYLY,3,2,1.5,Rob_2377
GRPNFYGYYEQVLYEY,3,0,3.0,Rob_12147
GRWYFWGEDQQDTYSY,3,2,1.5,Rob_5113
GRSWGLGYEVQKEHSY,3,0,3.0,
GRWNYYGFEDQDNFEY,3,2,1.5,
GFAYRYGSSLQWEYEM,3,1,3.0,
GFAQFYGSSEQMEYEW,3,1,3.0,
GFAYEYGSSEQMEYEM,3,1,3.0,
GRWNYRGQDWQDNLYY,3,0,3.0,Rob_5840
GRWDRYGWYAQWNYPY,3,1,3.0,Rob_6683
GRWDHFGRDEQRNYDY,3,1,3.0,Rob_6557
GRWNYYGRDDQDNYEY,3,1,3.0,
GFCLHMGSSDQMIYYM,3,2,1.5,
GRPLWHGLPEQELYSY,3,1,3.0,Rob_9445
GRWDLFGKFDRDNYEY,3,0,3.0,
GFLYEYGSSVQWMYEM,3,2,1.5,
GRWWRYGGADQLEYDY,3,1,3.0,Rob_2824
GRWNYYGKYEQELFDY,3,0,3.0,Rob_11312
GHWNRYGFEDQDNFYY,3,0,3.0,
GRPLWHGYNEQLLYNY,3,0,3.0,Rob_4386
GRPLQYGLWDQNDELY,3,0,3.0,Rob_4886
GRPWNYGYWDQSEYTY,3,2,1.5,Rob_3319
GRAWRFGFYEQVEYEY,3,0,3.0,Rob_406
GRWRYYGEDEQYEFEY,3,2,1.5,
GRVWRFGYWDQNEYEY,3,1,3.0,Rob_3889
GRWYKYGPFDQDNYTF,3,2,1.5,
GRWNFFGAYEQFDYHY,3,0,3.0,Rob_7889
GRWHVYGSSDQEEYWY,3,1,3.0,Rob_2486
GRWNYYGNYLQEDYFY,3,2,1.5,Rob_5021
GRWNHYGFEDQDNYDY,3,0,3.0,
GFRYRYGSSVQMMYEM,3,0,3.0,
GRPWRYGYQWQSLYEY,3,2,1.5,Rob_4517
GRWNYYGEYDQSLYEY,3,0,3.0,Rob_7990
GFEYHMGSSVQMMYYM,3,0,3.0,
GRWNFYGQDYQYNYDY,3,2,1.5,
GRNQYYGYASQNEYSY,3,0,3.0,Rob_4861
GRNDRYGPYDQSSYRY,3,0,3.0,Rob_6696
GRWFWYGNELQEDYLY,3,0,3.0,Rob_4720
GRPYSFGYADQDLFDY,3,1,3.0,Rob_5626
GKPWHFGSAEQLEYFY,3,1,3.0,Rob_8252
GKVWRYGYEDQAEYYY,3,1,3.0,Rob_8827
GRGWKFGSGYQAEYDY,3,0,3.0,Rob_1858
GRWDVWGYYEQYLFDY,3,2,1.5,Rob_11448
GRIWNFGFRVQIDYYY,3,0,3.0,Rob_9100
GRWNRYGANDQGEYEY,3,0,3.0,
GRINFKGYEEQENYQY,3,0,3.0,Rob_6242
GHWRFYGPQDQENYAY,3,0,3.0,
GLNWRLGYDYQQEYGY,3,1,3.0,Rob_8974
GRVWRYGLHNQDEYYY,3,1,3.0,Rob_235
GRWNYYGAYEQWLHYY,3,0,3.0,Rob_11309
GRWWIYGGGRQELYNY,3,0,3.0,Rob_1992
GRVWKFGLEYQYEYYY,3,0,3.0,Rob_869
GFEWRYGSSEQMAYEM,3,2,1.5,
GRWWRRGDSIQERYSY,3,2,1.5,Rob_9409
GRWNFYGPYHQNNYEY,3,2,1.5,Rob_11722
GRNSYLGYYYQSEKFY,3,0,3.0,Rob_5829
GRWNRYGFYDQDNDDY,3,0,3.0,
GRPNFFGYYEQEDYDY,3,1,3.0,Rob_6908
GRWWYYGNYQQFDYYY,3,0,3.0,Rob_4327
GRWNYFGHYEQSLYDY,3,0,3.0,Rob_6934
GLPDRYGYVYQLEYFY,3,2,1.5,Rob_8963
GRWNRYGLSDQDEYEY,3,0,3.0,
GRVWRFGLYSQIEYWY,3,1,3.0,Rob_754
GFNYKYGSSVQDEYHW,3,0,3.0,
GRVWKFGLEYQAEYWY,3,1,3.0,Rob_876
GRWLYFGPSEQYDYSY,3,2,1.5,Rob_5007
GRTWSYGFYEQIEYEY,3,1,3.0,Rob_2648
GRWNYYGYYEQDDYEY,3,0,3.0,
GLPFRYGYSDQAEYVY,3,0,3.0,Rob_8116
GRWDLLGSFDQDNYEY,3,1,3.0,
GRWDQFGSYDQDNYEY,3,0,3.0,
GRWLYYGQQDQYSYRY,3,0,3.0,Rob_9753
GRVNYYGFHLQGEYFY,3,2,1.5,Rob_2564
GFAMHYGSSVQMLYEM,3,0,3.0,
GRWNYYGSFSQVNYGY,3,0,3.0,
GRNNYYGYDWQEEWQY,3,1,3.0,Rob_10477
GFCCLMGSSVQCKYEY,3,0,3.0,
GRWLRYGGYDQDNYLY,3,1,3.0,
GRWNWRGPLTQDTYHY,3,0,3.0,Rob_9088
GFCYRYGSSVQMEYEW,3,0,3.0,
GRWRYYGQYDQDNYTY,3,0,3.0,
GEWWEFGLSRQCRYWW,3,0,3.0,
GRWNYKGAYDQYNYQY,3,0,3.0,Rob_9686
GKWNYFGNADQDNYYY,3,1,3.0,Rob_3616
GRWNYYGQYEQVNYKY,3,2,1.5,Rob_11336
GRPNFYGYYDQDLYDY,3,0,3.0,Rob_7229
GRWLHYGYYEQYLYEY,3,0,3.0,
GRWNYYGFTDQDKFEY,3,0,3.0,
GRWWKFGELNQEEYSY,3,2,1.5,
GRWLFYGPNEQDLYEY,3,0,3.0,Rob_10759
GLNPRYGSKEQLEHSY,3,0,3.0,Rob_1151
GRWNRYGFYDQDNCDY,3,1,3.0,
GRAYRWGYDQQYEYEY,3,1,3.0,Rob_3360
GRWDYYGDYYQLNYEY,3,0,3.0,Rob_11868
GRWLRYGGTDQSNYLY,3,2,1.5,Rob_4933
GFRMHYGSSDQMKYEY,3,0,3.0,
GRGNFFGYYEQILYEY,3,1,3.0,Rob_11265
GRSNRYGFEDQDNFDY,3,1,3.0,
GRWFRFGSSDQMGYEY,3,0,3.0,
GRWNRFVPNDQDSYYY,3,1,3.0,
GRWNFFGPYEQGLYNY,3,0,3.0,Rob_7345
GRWNFHGNYEQWLYRY,3,0,3.0,Rob_7389
GHWLHHGPEEQGNYDY,3,1,3.0,
GRSWRFGLDNQGEYEY,3,0,3.0,Rob_735
ERWDLFGSYDQDNYEY,3,2,1.5,
GRPEYFGYYGQFEYYY,3,1,3.0,Rob_10913
GRWRYYGANDQDNYSY,3,1,3.0,
GRWNYYGPEYQYDYFY,3,1,3.0,Rob_11015
GRWFYFGPLIQGDYYY,3,0,3.0,Rob_6114
GRPLWYGYDEQDRYSY,3,0,3.0,Rob_4034
GRVWRYGLDSQIEYRY,3,0,3.0,Rob_241
GRWWIYGNSWQAEYSY,3,1,3.0,Rob_3447
GRWRSFGAGGQYEFYY,3,2,1.5,Rob_2081
GRWDLFGSYDQDNNEY,3,1,3.0,
GRTFRYGYLYQLEYDY,3,2,1.5,Rob_2941
GRWWRYGNIFQLEYDY,3,1,3.0,Rob_3903
GRWWRYGLTDQDNYEY,3,1,3.0,
GRTNFFGYYEQYLYEY,3,2,1.5,Rob_11260
GRWNYYGESDQENYYY,3,0,3.0,
GINWRFGYNWQQEFNY,3,1,3.0,Rob_8373
GRWLRFGYSDQNEYLY,3,0,3.0,
GRWDIYGSFEQEENYY,3,1,3.0,Rob_4953
GLTNTYGFLDQVEYWY,3,1,3.0,Rob_3385
GRVWRFGFGDQALYEY,3,2,1.5,Rob_2018
GRWDYYGRNEQEDYSY,3,1,3.0,Rob_7856
GRWDYYGEYEQYLYGY,3,0,3.0,
GRSWRYGLDYQENYEY,3,0,3.0,Rob_562
GRVNFYGYYEQDNYEY,3,0,3.0,Rob_7244
GRWRYYGVNDQDEYEY,3,1,3.0,
GRWNRYGLYEQDNYDY,3,1,3.0,
GRSNFFGYYEQNLYEY,3,2,1.5,Rob_6521
GRNWRYGYDLQYEYRY,3,1,3.0,Rob_8298
GRWWRYGERDQELYRY,3,0,3.0,Rob_8187
GQVNFWGYYEQWLYEY,3,2,1.5,Rob_11980
GRWNYWGNYEQNLYEY,3,0,3.0,Rob_11478
GRWFRFGYSDQDQYDY,3,0,3.0,
GRWNYYGGEDQDSYHY,3,0,3.0,
GRNFYYGYEFQWEWEY,3,2,1.5,Rob_9940
GRWNYYGFWDQNGYAY,3,0,3.0,Rob_7652
GRNLSYGYGYQDEYDY,3,1,3.0,Rob_2582
GRWYRFGYNDQAEYEY,3,0,3.0,
GRWLWRGPLDQVGYDY,3,0,3.0,Rob_4175
GRWLWRGPLDQSGYDY,3,2,1.5,Rob_4173
GRVWRYGLRDQAEYSY,3,0,3.0,Rob_2515
GRPLWYGYEFQDLYRY,3,0,3.0,Rob_3949
GRWDYYGYYDQDLYHY,3,0,3.0,Rob_7744
GRWNFFGDYEQWLYDY,3,0,3.0,Rob_7104
GRPWKRGYEWQYGYEY,3,1,3.0,Rob_9293
GRNWRYGNWNQEEHLY,3,0,3.0,Rob_1582
GRWPWLGGKEQYRYSY,3,0,3.0,Rob_9030
GRWNRYGVEDQDNFGY,3,0,3.0,
GRPNFYGYLQQYEYQY,3,0,3.0,Rob_12398
GRWWHYGSSLQLRYIY,3,0,3.0,Rob_4074
GRTWKYGYEDQLEYWY,3,0,3.0,Rob_2853
GRTWRFGYSDQAEYNY,3,0,3.0,Rob_2340
GRWFQFGPEDQGNYGY,3,1,3.0,
GFATHYGSSAQMLYAY,3,2,1.5,
GRWNHYGAGYQEEYDY,3,1,3.0,
GRSWRFGYYDQENYEY,3,0,3.0,
GFCQFYGSSEQMEYEW,3,2,1.5,
GRNFRKGFEEQYEHHY,3,1,3.0,Rob_4760
GRWWRFGNEDQNSYNY,3,1,3.0,Rob_4183
GRPEYYGYYDQTSYEY,3,0,3.0,Rob_9622
GRPNRYGYYEQRLYEY,3,1,3.0,Rob_11456
GNWFRYGNYEQYLYEY,3,1,3.0,
GRWLQFGYSDQLEYEY,3,1,3.0,
GFRAEYGSSEQMKYYM,3,0,3.0,
GRSWRYGLEQQLEREY,3,0,3.0,Rob_1685
GRWWLFGPEDQNAYSY,3,1,3.0,Rob_4187
GRWDYYGPYEQDQYTY,3,1,3.0,Rob_6486
GRQLWRGYFEQIDYSY,3,0,3.0,Rob_9543
GFEWHYGSSLQMEYYM,3,0,3.0,
GRVWRFGLQKQAEYLY,3,0,3.0,Rob_506
GKWNYYGKYEQILYDY,3,0,3.0,Rob_6268
GRPNFYGYYEQYLYEY,3,1,3.0,Rob_6569
GRWWRYGEKGQELYDY,3,1,3.0,Rob_3619
GAWWYFGSSAQCAYWA,3,0,3.0,
GFCCYYGSSVQMEYYM,3,1,3.0,
GEYMKFGSSRQCRYWR,3,0,3.0,
GRWFRYGASDQGEYEF,3,2,1.5,
GRVYRYGLDYQIEYEY,3,2,1.5,Rob_728
GRVLRYGFDDQYEYYY,3,1,3.0,Rob_2225
GRWFKYGASDRALYDY,3,1,3.0,
GRVWRFGFTDQDDYEY,3,0,3.0,Rob_2835
GRTFSYGYWDQGEYQY,3,0,3.0,Rob_3030
GRENYYGFYAQYEFSY,3,0,3.0,Rob_192
GKPWRFGKQDQELYDY,3,0,3.0,Rob_8824
GRWWYFGPDEQYRFTY,3,0,3.0,Rob_4201
GRWNNFGNWEQYLYHY,3,0,3.0,Rob_7167
GRWNYYGYYEQSLYEY,3,0,3.0,Rob_11281
GRVWRFGADQQEEKEY,3,0,3.0,Rob_1770
GRWWTFGGKDQLNHEY,3,1,3.0,Rob_1189
GRYFRYGLEIQINERY,3,1,3.0,Rob_4974
GRWWRYGYADQDNYNY,3,1,3.0,
GRVWSYGLNDQAEYQY,3,1,3.0,Rob_2235
GRWWRFGYDQQDEFQY,3,0,3.0,
GRWDYFGQYEQSLYDY,3,1,3.0,Rob_7597
GRWDLFGKYDQDNFDY,3,1,3.0,
GEYWDFGSSRQCRYWW,3,0,3.0,
GFCAHYGSSEQMLYEY,3,1,3.0,
GRPNFYGYYDQWEHEY,3,0,3.0,Rob_6354
GRNEYYGYYEQKEKYY,3,0,3.0,Rob_10862
GRAWRFGFEDQSEYLY,3,0,3.0,Rob_3706
GRWNYYGHYDQDQYEY,3,0,3.0,
GYCYCYGSSEQMEYEM,3,0,3.0,
GRWDYFGYYEQYNYHY,3,2,1.5,Rob_7657
GRWNYYGEYDQSNYRY,3,1,3.0,Rob_11630
GFEYRYGSSVQFKYEM,3,0,3.0,
GRINYYGYRDQYLYEY,3,0,3.0,Rob_6376
GEYCMFGSSRQCRYWW,3,0,3.0,
GRINYYGYEEQALYDY,3,1,3.0,Rob_12326
GRWNRYGESDQLEYEY,3,2,1.5,
GRNEFWGYLDQYEYYY,3,0,3.0,Rob_9741
GRWDYWGKEQQYDFNY,3,2,1.5,Rob_7774
GRWNYYGFADQDNFEY,3,0,3.0,
GRPNFYGYYEQELYHY,3,0,3.0,Rob_11472
GRWDHYGYYEQYDYDY,3,2,1.5,Rob_7606
GRWNLYGFYEQDNYDY,3,0,3.0,
GVPRRYGYWDQDNYWY,3,0,3.0,Rob_7525
GRSWRFGLWDQFEYEY,3,2,1.5,Rob_767
GRVLRFGFNDQYEYEY,3,1,3.0,Rob_3408
GRVNRYGFIEQNEYYY,3,1,3.0,Rob_2404
GRWNYFGYYEQGDYEY,3,1,3.0,Rob_12289
GRWLRFGYYDRENYEY,3,1,3.0,
GRWNLYGPYDQTNYLY,3,0,3.0,Rob_11143
GRSWVHGFENQEELYY,3,0,3.0,Rob_1326
GRWDLFESYDQDNYEY,3,0,3.0,
GRWNYFGSSYQSNYNY,3,0,3.0,Rob_9609
GFEYHMGSSVQMEYYM,3,0,3.0,
GRWWNYGDDFQYAHRY,3,0,3.0,Rob_4887
GRSWQYGLLWQDELRY,3,1,3.0,Rob_1138
GRWEQFGPNDQDEHLY,3,0,3.0,Rob_4768
GRWNYYGYYEQSLYDY,3,0,3.0,
GRWNYFGDYEQDLYEY,3,0,3.0,Rob_12251
GRWYKYGPDYQENYDY,3,0,3.0,
GKWWKFGNEYQDLRYY,3,0,3.0,Rob_8680
GSDNYYGYAYQELYKY,3,0,3.0,Rob_2420
GYMFEYGSSVQMDYEM,3,2,1.5,
GRWWYYGPKEQQLYPY,3,1,3.0,Rob_4434
GRTWLFGFEYQLEYEY,3,0,3.0,
GRPNYWGYYEQDDYEY,3,1,3.0,Rob_7100
GRWARYGYDDQDGYYY,3,2,1.5,
GRNHYFGYVQQQEYDY,3,0,3.0,Rob_5674
GRWLRYGESDQDNYQY,3,0,3.0,
GFAYRYGSSLQMMYEM,3,0,3.0,
GRWYKYGPFDQDNYDY,3,2,1.5,
GRGRRYGYENQDRDYY,3,0,3.0,Rob_9496
GNPNFYGYYEQLEYEY,3,0,3.0,Rob_7663
GRWWQYGGSFQGRHYY,3,1,3.0,Rob_4498
GKDFRYGLLDQLEKFY,3,1,3.0,Rob_1683
GFAYRYGSSLQMIYEM,3,2,1.5,
GRAWKFGFELQEEYSY,3,2,1.5,Rob_533
GRWDLFGKFDQDEYDY,3,0,3.0,
GRNLRYGFANQDEYYY,3,0,3.0,Rob_5001
GRWNYYGNYEQNLYEY,3,0,3.0,Rob_11476
GRWNFYGRYEQDNYSY,3,1,3.0,Rob_11926
GRWRRFGYGDQDSYDY,3,0,3.0,
GRNRYYGFSDQYEYLY,3,1,3.0,Rob_5979
ERWNRYGFEDQDNFGY,3,0,3.0,
GRVLRFGFRDQDEYEY,3,2,1.5,Rob_2827
GRNRRFGYGDQDSYDY,3,0,3.0,Rob_6032
GRWRYYGAQDQEEYQY,3,0,3.0,
GSTWRYGYYYQEEYFY,3,0,3.0,Rob_8806
GRTWRVGFFEQLEYEY,3,0,3.0,Rob_3199
GRSFRRGHLSQEERRY,3,1,3.0,Rob_8741
GRSYRFGGDEQDEFSY,3,2,1.5,Rob_306
GRWDYYGNLEQYEYTY,3,0,3.0,Rob_7223
GFCYAYGSSVQMEYYM,3,2,1.5,
GRWFYYGSRVQDTYAY,3,0,3.0,Rob_10260
GRWNFFGRYEQNEYFY,3,0,3.0,Rob_7305
GFAEHYGSSVQMLYEY,3,0,3.0,
GRRRYYGEDDQENYEY,3,1,3.0,
GRVYRFGYRDQDLYEY,3,2,1.5,Rob_3543
GRWNRYGFYDQDNYHY,3,1,3.0,
GFELHYGSSVQDLYYM,3,1,3.0,
GRVYRFGSEYQWEYVY,3,2,1.5,Rob_3119
GRWYQYGYSDQAEYYY,3,0,3.0,
GEWWMNGSSRQCWYYY,3,0,3.0,
GRVYRFGYSYQLDYEY,3,1,3.0,Rob_3439
GEPNYFGYYEQDLYDY,3,2,1.5,Rob_11310
GRAWSFGYLQQEEYEY,3,1,3.0,Rob_2551
GRWDYYGYYEQLLYDY,3,1,3.0,Rob_7331
GRNEYYGYYSQPEYWY,3,0,3.0,Rob_10046
GRWYQYGYDDQYSYGY,3,0,3.0,
GRWDFFGNYDQSEYWY,3,2,1.5,Rob_12240
GRTHRFGYDDQSLYEY,3,0,3.0,Rob_3585
GRVYRFGYQYQLDYEY,3,0,3.0,Rob_3434
GRVWRYGLDDQDEYNY,3,0,3.0,Rob_721
GRINFYGYYEQSLYDY,3,0,3.0,Rob_6883
GLPWRLGYQDQLQYGY,3,2,1.5,Rob_8722
GRNNYFGYGYQWEYLY,3,0,3.0,Rob_9560
GRWNYYGPEYQPDYFY,3,1,3.0,Rob_10074
GRWFNYGASDQDNYLY,3,0,3.0,
GRAWSYGLEYQIEYEY,3,0,3.0,Rob_687
GRWLRYGGHDQDNYDY,3,1,3.0,
GEWWKFGSSRQCRYWR,3,2,1.5,
GRWLYHGKYEQSEYLY,3,0,3.0,Rob_6193
GRNNYYGYDDQYDYTY,3,0,3.0,Rob_12082
GRWNYYGNYSQDDYEY,3,0,3.0,Rob_7497
GRWRSFGNWQQDEYYY,3,1,3.0,Rob_2479
GRPNFFGYYEQWNYEY,3,0,3.0,Rob_11457
GRWNRYGESDQELQDY,3,0,3.0,
GRPLWRGYDDQYRYYY,3,0,3.0,Rob_4056
GRWNYFGYYEQDLYRY,3,0,3.0,Rob_6939
GRNYIYGYDLQEEYRY,3,2,1.5,Rob_8296
GRWNRYGFEDQDHFGY,3,0,3.0,
GRWLYYGQRDQYDYEY,3,0,3.0,Rob_7531
GFCYRYGSSVQCMYEM,3,1,3.0,
GRWYRWGYYEQTEYEM,3,0,3.0,
GRSFSRGLDFQLEHEY,3,0,3.0,Rob_1046
GRNNYFGQYEQYIYEY,3,1,3.0,Rob_6899
GNWFRWGYYEQYQYEY,3,1,3.0,Rob_6770
GFLRYYGSSVQDEYEM,3,0,3.0,
GRWWRRGDLDQNDYLY,3,1,3.0,Rob_3809
GRWNFYGEYEQGNYEY,3,0,3.0,
GRWNYYGYYEQDNYDY,3,1,3.0,
GRPNFFGYYEQVNYEY,3,0,3.0,Rob_12173
GFAYKYGSSMQCMYEM,3,0,3.0,
GRWWWYGPTNQGLYSY,3,2,1.5,Rob_4421
GRWLWYGSSYQQNYDY,3,0,3.0,Rob_9436
GRVWRYGLDAQAEHQY,3,0,3.0,Rob_1747
GRWWRFGAGDQIEHSY,3,0,3.0,Rob_3815
GRWLYFGPYYQDSYDY,3,1,3.0,Rob_10370
GRSYRFGDDEQDEFHY,3,1,3.0,Rob_320
GRWNRYGFYDQDNNDY,3,2,1.5,
GRWLRYGPIDQDRYGY,3,1,3.0,Rob_9472
GRAWRFGYDDQIEYEY,3,0,3.0,Rob_3461
GRWNRYGPTDRENYDY,3,2,1.5,
GRVWRFGYGYQEEYEY,3,0,3.0,Rob_1914
GRWNYYGEYDQDDYEY,3,0,3.0,
GRPNYFGFDEQLLYDY,3,0,3.0,
GRWYKYGPYDHDNYTY,3,1,3.0,
GRNERYGYSIQEEYWY,3,0,3.0,Rob_10163
GRPRLFGYGYQNDYTY,3,0,3.0,Rob_9098
GRNFRYGFEEQSEHQY,3,1,3.0,Rob_4750
GFAMHMGSSVQMEYEM,3,2,1.5,
GRPWRYGYEYQLDYLY,3,0,3.0,Rob_9193
GFNWRYGYHDQDEYNY,3,1,3.0,Rob_8424
GRWNYYGSYWQDNYGY,3,0,3.0,Rob_7257
GKWYRFGALDQWLYEY,3,1,3.0,Rob_8095
GRWWRYGGNSQIEHLY,3,1,3.0,Rob_1476
GRWFRYGAHDQSSYSY,3,0,3.0,
GRWFRYGQHLQSDYNY,3,0,3.0,Rob_5282
GRWDLYGKDYQDNYAY,3,0,3.0,Rob_7689
GRNNFFGKYEQEEYNY,3,1,3.0,Rob_7977
GRPEYFGYPSQLEYNY,3,2,1.5,Rob_10253
GRVWRFGLYEQYEYSY,3,0,3.0,Rob_281
GRWNYYGYYEQENYSY,3,1,3.0,
GRWDLFGSYDQDNYVY,3,0,3.0,
GRPNYYGYYDQSLYGY,3,1,3.0,Rob_6972
GRWNFYGYYEQELYEF,3,0,3.0,
GRWNRYGANDQDEYSH,3,0,3.0,
GRWNYYGQYEQENEEY,3,0,3.0,Rob_12233
GRWYNLVPGDQYDYYY,3,0,3.0,
GRPELFGYPEQDNYFY,3,0,3.0,Rob_9746
GRWWYFGPDTQYLYDY,3,0,3.0,Rob_10179
GRWNYFGGYDQILYDY,3,1,3.0,Rob_9710
GRWDYYGRYEQYLYEY,3,0,3.0,Rob_7418
GRWNRYGESDQELQGY,3,0,3.0,Rob_8270
GRWRYYGYYEQGDYEY,3,1,3.0,Rob_12293
GRPWKLGYSYQYEYLY,3,0,3.0,Rob_8150
GRTNEYGYHEQEEYWY,3,0,3.0,Rob_3020
GRWDFWGDEEQEEYEY,3,1,3.0,Rob_6412
GRTFRYGYLYQLEYEY,3,0,3.0,
GRWDLFGKFDQDNYKY,3,1,3.0,
GRWLRFGPDSQLEYYY,3,0,3.0,Rob_5792
GRWRYYGANDQDAYDY,3,0,3.0,
GRWLRYGYADQDNYNY,3,0,3.0,
GRWDFYGEYEQELYSY,3,0,3.0,Rob_6727
VRWNRYGAGYQEEYDY,3,0,3.0,
GRNLRRGYYEQYEYHY,3,2,1.5,Rob_9994
GRVWIYGNKFQIEYSY,3,2,1.5,Rob_500
GRNLYYGYEDQTEYDY,3,1,3.0,Rob_10665
GRNRYFGYYEQAEYNY,3,2,1.5,Rob_6415
GFCYHYGSSVQMKYYM,3,1,3.0,
GRSWRYGLYYQIEYSY,3,1,3.0,Rob_830
GFAMHAGSSAQMLYAY,3,0,3.0,
GRWLLYGPTEQDNYKY,3,1,3.0,Rob_6039
GRPNYYGYYEQDGYEY,3,0,3.0,Rob_7235
GEWMIFGSSRQCRYWR,3,2,1.5,
GFAYAYGSSVQMEYYM,3,0,3.0,
GFCLHLGSSVQMMYYM,3,1,3.0,
GKWLFRGNQYQLEYGY,3,0,3.0,Rob_2301
GYNYRMGSSEQFMYEM,3,0,3.0,
GRWDLFESFDQDNYEY,3,1,3.0,
GRNLYKGYIYQDEYSY,3,0,3.0,Rob_5416
GRRNYYGGEDQDSYYY,3,2,1.5,
GRWQYFGESDQGLYEY,3,0,3.0,Rob_12206
GFYWYNGSSFQMEYEM,3,0,3.0,
GRWNYYGSEYQNNYEY,3,2,1.5,Rob_11652
GRWNRFGKEDRSNYDY,3,1,3.0,
GRWNYFGPYEQDLYSY,3,0,3.0,Rob_11082
GRWQRYGYAYQGEYYY,3,0,3.0,
GRNLYHGYEEQSEYYY,3,0,3.0,Rob_4962
GFALHYGSSFQMEYYR,3,0,3.0,
GFAWHYGSSEQMGYYM,3,0,3.0,
GLPWRYGYSDQIEYVY,3,0,3.0,Rob_8115
GRWNRFGKEDQSNYYY,3,1,3.0,
GRPYRYGYVDQDLYEY,3,0,3.0,Rob_8919
GRWNLFGSFDQDNYEY,3,2,1.5,
GRWYHYGQFDQSNYLY,3,1,3.0,
GIPNFWGYYEQQLYRY,3,0,3.0,Rob_11847
GRIDFYGYHEQYLYEY,3,0,3.0,Rob_6570
GFRMYYGSSEQMEYEY,3,0,3.0,
GFCMHYGSSVQMKYEM,3,2,1.5,
GRWLWFGNGAQELYSY,3,0,3.0,Rob_9151
GFWMYNGSSAQMMYAY,3,0,3.0,
GRWRYYGGNDQDEYEY,3,0,3.0,
GRPNFYGYYDQSEHEY,3,0,3.0,Rob_6356
GRSLLYGKEVQYEFEY,3,0,3.0,Rob_2705
GREYIYGYDDQEEYSY,3,1,3.0,Rob_3071
GRPFSYGYDNQIEYEY,3,0,3.0,Rob_3081
GRWDLSGSYDQDNYEY,3,2,1.5,
GRSWKFGDDFQWEKIY,3,2,1.5,Rob_1315
GRGNRYGFYDQDNYDY,3,1,3.0,
GRWDFYGYNEQSNYSY,3,2,1.5,Rob_11691
GRWNFYGEYEQDDYYY,3,1,3.0,Rob_11625
GRPNYYGYYEQDLYEY,3,0,3.0,Rob_6851
GRWNFYGPQAQALYEY,3,0,3.0,Rob_11728
GNWNFFGYYEQLNYPY,3,1,3.0,Rob_6505
GFELHWGSSDQMMYYM,3,2,1.5,
GRWLYFGPYEQSDYHY,3,0,3.0,Rob_5014
GRWWNFGSSYQELKQY,3,1,3.0,Rob_8927
GRVWRFGQWYQEEHYY,3,2,1.5,Rob_1440
GRWRSFGNQQQDEYYY,3,2,1.5,Rob_2478
GRSWSYGLDQQDEDEY,3,1,3.0,Rob_937
GRWDYYGFYSQRLYEY,3,0,3.0,Rob_7402
GRWNFFGRYEQDEYFY,3,2,1.5,Rob_7304
GRWWRYGAIDQLEFLY,3,0,3.0,
GRRNYYGQYDQDQYEY,3,0,3.0,
GRWLRYGAYEQENYEY,3,1,3.0,
GFPWRYGYSDQNEYEY,3,0,3.0,
GRWNYYGFYEQPTYEY,2,0,2.0,
GRWNYYGKYEQGNYEY,2,1,2.0,Rob_11943
GRPNWYGYDEQNSYAY,2,0,2.0,Rob_4311
GHWNYYGYYDQDLYDY,2,1,2.0,
GFCYRYGSSDQMCYEW,2,0,2.0,
GRWFRFGSLDQVEHEY,2,0,2.0,Rob_1467
GRWNYYGFYEQDEYNY,2,0,2.0,
GRPLYYGYGEQRGYTY,2,0,2.0,
GRNEYYGYIYQENHFY,2,0,2.0,Rob_9899
GRSWSWGLELQYEYEY,2,1,2.0,Rob_434
GRVFRYGLSNQEEYEY,2,0,2.0,Rob_209
GRSLRWGSEEQIELLY,2,0,2.0,Rob_924
GRVWSFGLQYQLEYEY,2,0,2.0,Rob_329
GRNRRFGYGDQEEYDY,2,0,2.0,Rob_6030
GFCYRYGSSLQMIYEM,2,1,2.0,
GFCMHYGSSRQCRYRR,2,0,2.0,
GRGLWRGYYDQQDYYY,2,1,2.0,Rob_9468
GFAWHYGSCVQMEYYM,2,0,2.0,
GRWNYYGRYEQLLYEY,2,0,2.0,Rob_6457
GRWDLFGSNDQDNYEY,2,1,2.0,
GRWEQFGPNDQSEHLY,2,0,2.0,Rob_4769
GRWNYYGGEDLDSYYY,2,0,2.0,
GRPWSYGLWDQIDFEY,2,0,2.0,
GRWDFRGPKDQDNYGY,2,1,2.0,Rob_6942
GRNWHYGYTLQREYEY,2,0,2.0,Rob_5764
GFCYAYGSSDQMKYYM,2,0,2.0,
GRWWRFGETDQENYEY,2,0,2.0,
GRVWKNGLYYQLEYDY,2,0,2.0,
GRPWRYGYQDQAEYWY,2,0,2.0,Rob_8559
GRVWRYGFSFQEEHEY,2,0,2.0,Rob_1406
GRVWRFGLEDQEEKRY,2,1,2.0,Rob_1776
GRVWKYGLAWQLEFEY,2,1,2.0,Rob_2818
GRANYFGLDEQYLYEY,2,1,2.0,
GRWLYFGPEDQNSYEY,2,0,2.0,Rob_10634
GRPWYRGYENQESYYY,2,0,2.0,Rob_9309
GRWWRYGYDDQDEYYM,2,0,2.0,
GRPWRYGYLDQADYQY,2,1,2.0,Rob_8231
GRWWQYGDGYQLEYYY,2,1,2.0,
GFCFCYGSSEQMFYEM,2,0,2.0,
GRWWKHGGLRQLEHDY,2,0,2.0,Rob_1123
GPWNYYGEYDQWLYPY,2,1,2.0,Rob_7477
GLENRYGYKDQELYRY,2,1,2.0,Rob_3156
GRPLYFGYDVQLDFYY,2,0,2.0,Rob_4402
GRNWKYGYQLQWEYRY,2,0,2.0,Rob_8288
GRWNHFGWYEQDLYNY,2,1,2.0,
GRWNFFGQEDQYNYEY,2,0,2.0,
GRWNWYGPDWQDRRHY,2,1,2.0,Rob_9254
GRWNYYGQYEQPAYEY,2,0,2.0,Rob_7364
GRWNYRGYYEQFLYDY,2,1,2.0,Rob_6645
GSTWRYGYYIQEEYFY,2,0,2.0,Rob_8807
GRVNYRGLRYQYDYEY,2,0,2.0,Rob_2193
GFCWRYGSSVQMEYEM,2,1,2.0,
GRVFNYGLYDQLEFEY,2,0,2.0,Rob_236
GRWHVYGSSDQEEYYY,2,0,2.0,
GNNNYFGYSIQDEYSY,2,1,2.0,
GRTDFFGYYEQYLYEY,2,0,2.0,Rob_7080
GFAMHMGSSVQMMYEM,2,0,2.0,
GFPWRFGFDEQDLYHY,2,0,2.0,Rob_8099
GRWWTYGGWDQLNHEY,2,0,2.0,Rob_1194
GRNNYRGYTVQDEYEY,2,0,2.0,
GRWDYYGWLEQYEYDY,2,0,2.0,
GRSWIYGSDYQAEYES,2,0,2.0,
GRVWRYGYFYQLEYSY,2,0,2.0,Rob_8513
GRWYNYGQVLQYNYRY,2,0,2.0,Rob_4661
GRVWRFGLYEQEEYSY,2,0,2.0,Rob_278
GKWNYRGNADQGEYYY,2,0,2.0,Rob_3526
GPTNRYGYDAQEEYHY,2,0,2.0,Rob_3017
GRWNYYGYAEQLNFDY,2,1,2.0,
GRWNYFGEYEQNNYAY,2,0,2.0,Rob_11939
GRWDYYGYYEQALYEY,2,1,2.0,Rob_12355
GNWDYYGAYEQELYDY,2,0,2.0,
GSWRYLGQEDQNLYKY,2,0,2.0,Rob_2326
GRWQYRGEIFQEIYDY,2,0,2.0,Rob_9576
GRPNFYGYYEQFLYRY,2,0,2.0,Rob_6566
GRNEYYGFYGQYEYYY,2,0,2.0,Rob_6090
GRAFRYGFDYQLLESY,2,0,2.0,Rob_1273
GRWNFYGYYEQLSYGY,2,0,2.0,
GRWDYYGQYEQILYEM,2,0,2.0,
GRVWRKGFDFQLEYYM,2,0,2.0,
GRWWYYGPLSQERYGY,2,0,2.0,Rob_4009
GRPYRYGYEEQNSYYY,2,0,2.0,Rob_9522
GFALHRGSSVQMEYYM,2,0,2.0,
GRVLNYGAYAQLELEY,2,0,2.0,Rob_1319
GRWNYYGEYEQHLYHY,2,0,2.0,Rob_6609
GRWWSFGNYQQVEEEY,2,0,2.0,Rob_1675
GRWLWRGPLDQSHYDY,2,0,2.0,Rob_4172
GREWSFGFTEQIEREY,2,0,2.0,Rob_2929
GRWLYRGPEDQADYSY,2,1,2.0,Rob_9976
GKNWKFGYQYQEVYRY,2,0,2.0,
GRNNYYGYADQEEYYY,2,1,2.0,Rob_9771
GFRQHYGSSDQMGYEY,2,1,2.0,
GRWFNFGPSDQDAYGY,2,1,2.0,Rob_4807
GRAWRFGYIDQNEYEY,2,0,2.0,Rob_3595
GRWFRFGASYQENYGY,2,1,2.0,
GRWQYRGEYLQEIYDY,2,0,2.0,Rob_11022
GRWQYFGKYEQIPYYY,2,0,2.0,Rob_6684
GRWDFYGQYEQDLYDY,2,1,2.0,Rob_12013
GFCYHYGSSDQMEYYM,2,0,2.0,
GRWWRFGFVDQDNYEY,2,1,2.0,
GRWDLFGSSDQDNYEY,2,0,2.0,
GRAWRYGYVDQLEYEY,2,0,2.0,Rob_3289
GLSWRFGGSAQEEYPY,2,0,2.0,Rob_8323
GEWWRFGYDYQDEFLY,2,0,2.0,
GRWDYYGQYEQSSYEY,2,1,2.0,Rob_6451
GRWWRFGQRYQELFEY,2,0,2.0,Rob_8911
GRWNYFGRYDQIDYEY,2,0,2.0,Rob_7326
GRNLYFGFPSQSEYYY,2,0,2.0,Rob_5458
GRWDYFGSYEQWNYNY,2,0,2.0,Rob_11744
GRNEYRGYLYQSEYQY,2,1,2.0,Rob_10666
GRNEYFGYESQYEYQY,2,0,2.0,Rob_10951
GRWWYFGPDTQYLYEY,2,0,2.0,Rob_10178
GEWMIFGSSVQMEYYW,2,0,2.0,
GRNEYYGYVDQDEYSY,2,0,2.0,Rob_9900
GRWDLFGSFDQENYYY,2,0,2.0,
GRPLWWGADDQSFSRY,2,1,2.0,Rob_4363
GRWNFFGDYEQELYDY,2,0,2.0,Rob_7105
GFCYRMGSSVQMAYYM,2,1,2.0,
GRNLYFGADDQYELQY,2,0,2.0,Rob_10691
GRWYNFGAGDQVSYPY,2,1,2.0,Rob_5257
GKTWRFGYRDQAEYLY,2,0,2.0,Rob_8566
GRWWRFGPEDQQTYSF,2,0,2.0,
GRWHRYGPLNQWDYPY,2,1,2.0,Rob_5346
GRQWRYGFEDQDEYYY,2,0,2.0,
RRWNYYGEYDQDNYEY,2,1,2.0,
GRVWSYGLDEQIEYEY,2,0,2.0,Rob_412
GRWLFFGPYDQYNYSY,2,1,2.0,Rob_4745
GRNQYYGYEAQDEYNY,2,0,2.0,Rob_10551
GRWWRFGSTYQELYEY,2,0,2.0,Rob_8908
GRWDTFGQGDQDNYQY,2,0,2.0,Rob_12336
GRWNYYGEELQDDYFY,2,1,2.0,Rob_10076
GRWLCYGYDDQLNYYY,2,0,2.0,
GRPLLYGYDWQDLYPY,2,0,2.0,Rob_3960
GRWDYYGWYDQYGYAY,2,0,2.0,
GRDWRYGFWGQHEHEY,2,0,2.0,Rob_1607
GANNYYGYAEQYEYGY,2,0,2.0,Rob_6869
GFEQHLGSSDQMIYYM,2,0,2.0,
GRWRYYGANDQDEYQY,2,0,2.0,
GRWWYFGPDLQSNYYY,2,1,2.0,Rob_4910
GFWYHYGSSEQMEYYM,2,0,2.0,
GRWWNFGPGSQDRYYY,2,0,2.0,Rob_3943
GRWRYYGHSLQELYDY,2,1,2.0,Rob_6405
GRNEYFGYYEQDEYNY,2,0,2.0,Rob_10263
GRSFRYGYEDQYEYYY,2,0,2.0,Rob_8789
GRVWRYGLWQQEEYGY,2,1,2.0,Rob_541
GFCMAYGSSDQMKYEY,2,0,2.0,
GRWNYYGQYDQDQYQY,2,1,2.0,
GRWNFYGQGDQYNYDY,2,1,2.0,
GKWNRFGQEDQANYIY,2,0,2.0,
GRWWYYGPWDQELYKY,2,1,2.0,Rob_3984
GRWNIFGDWEQYLYDY,2,0,2.0,
GRWYHWGYYEQTEYEY,2,0,2.0,
GEYLYNGSSRQCMYYM,2,0,2.0,
GFYWIYGSSMQCMYFY,2,0,2.0,
GRWDYFGYYEQYLYDY,2,0,2.0,Rob_7601
GRWNFYGQDDLYNYDY,2,0,2.0,
GPVWRFGFEDQLEQFY,2,1,2.0,Rob_1593
GRWDLFGSYGQDNYDY,2,0,2.0,
GRVWRYGLRDQLEYEY,2,0,2.0,Rob_635
GRNYAYGYELQEEYRY,2,0,2.0,Rob_8291
GFCMHYGSSDQMLYEM,2,1,2.0,
GFCYEYGSSVQMEYYM,2,0,2.0,
GRSWQFGLTFQEEQEY,2,0,2.0,Rob_1652
GLPDFFGYYDQHNYLY,2,0,2.0,
GRWNRYGAGYQYEYDY,2,0,2.0,
GRWWYFGPLTQSSYYY,2,1,2.0,Rob_4599
GRNWHYGYYLQREYEY,2,0,2.0,Rob_5766
GRWWYFGPNQQWNYRY,2,1,2.0,Rob_3967
GRWNRYGFYDQDTYSY,2,0,2.0,
GRAYRFGLDEQDEFSY,2,0,2.0,Rob_308
GRVWRFGLDAQIEYEY,2,0,2.0,Rob_556
GRPFSYGYLDQSEYNY,2,0,2.0,
GRSLWFGGSYQLEYQY,2,0,2.0,
GRWNRYGFKDQDNFGY,2,0,2.0,
GEYMYNGSSFQCRYYR,2,0,2.0,
GRWNYFGGEYQRSYSY,2,1,2.0,Rob_11095
GPTWIYGYGDQDNHYY,2,1,2.0,Rob_8260
GRWNRYGFEDQIEYEY,2,0,2.0,
GRAWRFGYGDQLEYEY,2,0,2.0,Rob_1984
GRWLYFGSGDQDLYDY,2,1,2.0,Rob_7656
GLPNFYGTYEQNLYEY,2,0,2.0,Rob_12319
GRWDYFGPVAQYQYPY,2,0,2.0,Rob_11668
GRPEYYGYQDQSHYEY,2,0,2.0,Rob_10621
GRTWRFGYNDQIEYEY,2,0,2.0,Rob_3846
GEWWGFGSSRQCRYWR,2,1,2.0,
GFCYHYGSSVQCKYEY,2,0,2.0,
GNWNYYGCYEQENYTY,2,0,2.0,
GRWYRYGPGAQYRYDY,2,0,2.0,Rob_4305
GRWLQYGGYEQINYGY,2,0,2.0,Rob_6201
GRWNRFGPNDQDEYSY,2,1,2.0,
GEWWMNGSSRQCLYYR,2,1,2.0,
GRVWRYGLYEQFEYIY,2,1,2.0,Rob_292
GFRMHNGSSEQMMYEM,2,0,2.0,
GRWNRYGYYEQELYDY,2,0,2.0,
GRSWSYGYGDQEEYSY,2,0,2.0,Rob_2775
GEWYVFGSSFQCRYPR,2,0,2.0,
GRVWRFGLQDQAEYVY,2,0,2.0,
GLPFRYGYYDQAEYEY,2,0,2.0,
GRWLRYGYYDQDNYDY,2,0,2.0,
GFMLHYGSSLQWLYEM,2,0,2.0,
GRNRYKGYDQQDEYWY,2,0,2.0,Rob_5449
GRSWRYGLYDQDLYQY,2,1,2.0,Rob_664
GRWNFYGPYDQLNYQY,2,0,2.0,
GRNNYFGYEYQDEYGY,2,0,2.0,Rob_10106
GRWWRFGELNQEEYRY,2,1,2.0,Rob_2980
GRWLYRGPEEQADYIY,2,0,2.0,Rob_9974
GRWYRWGYYEQAEYEY,2,0,2.0,
GRVWRYGLDDQDVYDY,2,0,2.0,
GRWRWLGSADQNSYSY,2,0,2.0,Rob_9482
GRWLYYGQTEQFNFNY,2,1,2.0,Rob_10133
GRWNYFGAPDQNNYNY,2,0,2.0,Rob_9691
GRWNRYGPTDQDSYYY,2,0,2.0,
GRWNFYGQYEHLNYEY,2,0,2.0,
GRNLYFGFRFQYEYDY,2,0,2.0,
GFAYRMGSSVQMEYYM,2,0,2.0,
GFRWHYGSSDQMMYYM,2,0,2.0,
GRVWRFGLVGQEEHLY,2,0,2.0,Rob_1750
GRWNYFGYSEQGLYDY,2,1,2.0,
GRWDLFGSYNQDNYEY,2,0,2.0,
GRWDYYGKYEQYLHEY,2,1,2.0,Rob_11374
GRWNRFGKEDQSNYGY,2,0,2.0,
GRWDYFGQYEQYLYNY,2,0,2.0,Rob_6877
GRPNSYGFYDQEEYNY,2,0,2.0,Rob_3379
GNWWRYGAYEQDEYIY,2,0,2.0,Rob_8202
GFYWEYGSSMQWEYYY,2,0,2.0,
GRNHYYGLNEQWESIY,2,0,2.0,Rob_5050
GRWLYRGNLEQELYSY,2,1,2.0,Rob_10682
GRWNFFGQSWQDDKQY,2,0,2.0,Rob_8394
GFAEHYGSSEQMKYEY,2,0,2.0,
GFYWQYGSSVQMEYYM,2,0,2.0,
GRWLWFGPDDQYKYYY,2,0,2.0,Rob_9054
GNWFRYGYYDQGNYSY,2,0,2.0,
GRWRYYGEGDQRNYEY,2,0,2.0,
GRWNYFGAYEQDLYGY,2,0,2.0,Rob_11842
GRVNYYGLRDQWEYEY,2,0,2.0,Rob_2198
GRSWRRGYYEQDTYSY,2,1,2.0,Rob_9553
GNWDYFGDYEQYLERY,2,1,2.0,Rob_6713
GRNLYFGYEDQEEYQY,2,1,2.0,Rob_10878
GFLYFMGSSYQCMYYA,2,0,2.0,
GRWDYFGYYEQAQYHY,2,0,2.0,Rob_7660
GRWWRRGGEYQEELDY,2,1,2.0,Rob_1482
GRWLRYGNYEQHDFEY,2,0,2.0,Rob_7493
GRWTRYGFYDQDNYDY,2,1,2.0,
GFYYILGSSFQCMYYY,2,0,2.0,
GRTWRFGYRDQEEYEY,2,0,2.0,Rob_2230
GEYLYNGSSRQCEYYR,2,0,2.0,
GRWWSFGNDDQVEEEY,2,0,2.0,Rob_1673
GHWNHFGWYEQDLYDY,2,0,2.0,
GFACEYGSSDQMKYYM,2,0,2.0,
GRWLKYGNYEQEEYKY,2,0,2.0,Rob_6498
GRWFRFGASDQAEHEY,2,0,2.0,Rob_1457
GRWNFYGYEDQNLYPY,2,0,2.0,Rob_12373
GRPNYFGYDDQYSYEY,2,0,2.0,Rob_5661
GRPDYYGYWNQDLKYY,2,0,2.0,Rob_7307
GFCYRYGSSVQCEYEM,2,0,2.0,
GFCMYMGSSVQMCYYM,2,1,2.0,
GFWYYCGSSFQCRYWR,2,0,2.0,
GYMYRMGSSEQFMYEM,2,0,2.0,
GFEFRNGSSRQCRYYR,2,0,2.0,
GRNLYFGASIQDESLY,2,0,2.0,Rob_10909
GRWWRFGSRDQHLYEY,2,0,2.0,Rob_3055
GRNLQYGYEFQYEYSY,2,0,2.0,Rob_5235
GRWWYFGPEDQDEYWY,2,0,2.0,Rob_5653
GRSWIFGKRWQAEDIY,2,0,2.0,Rob_1233
GRWDYFGKYEQYLYDY,2,0,2.0,Rob_7156
GRWNYWGYYEQRLYEY,2,0,2.0,Rob_11164
GFCMHYGSSEQWKYEM,2,0,2.0,
GRTYRYGKIDQYEYYY,2,1,2.0,Rob_3779
GRWYRFGYGDQAEYWY,2,0,2.0,
GRSWSYGLWDQVEKSY,2,1,2.0,Rob_1746
GNWNYFGYYEQGLYRY,2,1,2.0,Rob_6536
GRWWRYGGNDQIEHLY,2,0,2.0,Rob_1474
GFPWRFGYGDQLQYGY,2,1,2.0,Rob_8069
GRWDYYGNDDQDLYNY,2,1,2.0,Rob_8143
GRSLWYGLKWQEEHEY,2,0,2.0,Rob_1007
GRWFRFGQEDQQLYLY,2,0,2.0,
GRSWKYGFDKQADYEY,2,1,2.0,Rob_3991
GRVWRFGYDDQFEYEY,2,0,2.0,Rob_3786
GRWLHYGGYYQIEYEY,2,0,2.0,Rob_2836
GRWFYYGPTYQYEYRY,2,1,2.0,Rob_5364
GRPDYYGYDDQFDYIY,2,0,2.0,Rob_11053
GRVYRYGLYLQYEYEM,2,0,2.0,
GRWFRYGYIDQDEYYY,2,0,2.0,
GRVYRFGFSDQYEYEM,2,0,2.0,
GEWNYFGHYEQKLYKY,2,1,2.0,Rob_8004
GRWNYYGGLDQSLYDY,2,0,2.0,Rob_10366
GRVWKYGLFDQIEYEY,2,0,2.0,Rob_643
GRWDYFGQFDQDNYGY,2,0,2.0,
GRPYRFGYKDQAEYRY,2,0,2.0,
GRWNRYGFYGQDNFDY,2,0,2.0,
GRVYRYGYNDQEEYEY,2,0,2.0,Rob_3167
GFYWRYGSSMQCLYFY,2,1,2.0,
GKPNWFGYLQQDEYQY,2,0,2.0,Rob_8773
GRVWRYGFGYQIEYEY,2,1,2.0,Rob_1869
GRILWNGYYEQYDYSY,2,0,2.0,Rob_4212
GRWLRFGQSIQDLFHY,2,1,2.0,Rob_9353
GRVLRYGNRDQIEYLY,2,0,2.0,Rob_2600
GFAYEYGSSVQMKYYM,2,0,2.0,
GRWNYRGGEYQRDYSY,2,0,2.0,Rob_11102
GRSWKFGPLDQANYEY,2,0,2.0,
GRWLRFGPYIQEGYLY,2,1,2.0,Rob_4088
GNADYKGLFDQENYAY,2,1,2.0,Rob_6615
GRSWRYGLYNQLELQY,2,0,2.0,Rob_1498
GRSNNYGGLGQFDYIY,2,0,2.0,Rob_3610
GRWLRYGHDDQLEYDY,2,0,2.0,
GRCNRYGFYDQDNYEY,2,1,2.0,
GNNWRYGYEEQGEYRY,2,1,2.0,Rob_8152
GEWMKFGSSRQCRYWR,2,1,2.0,
GFYWTYGSSLQCWYFF,2,0,2.0,
GKSWRYGYWEQESYYY,2,0,2.0,Rob_8314
GRWWQHGREIQGTYDY,2,0,2.0,Rob_5435
GRWLWYGSSHQEELDY,2,0,2.0,
GRTWRYGYDYQSDYEY,2,1,2.0,Rob_3579
GFERHYGSSVQMEYEM,2,0,2.0,
GKPWLYGYDDQLLYEY,2,0,2.0,Rob_8154
GRWWRYGYEDQTEYYY,2,0,2.0,
GRNLYYGYDSQNEYEY,2,0,2.0,Rob_5383
GFEYRYGSSVQMMYEM,2,1,2.0,
VRWNRYGFEDQDNYSY,2,0,2.0,
GRNLHYGHEEQFEYIY,2,0,2.0,Rob_5728
GNPWRFGLHEQEEYEY,2,0,2.0,
GLPNYYGYSIQEDYYY,2,0,2.0,Rob_8497
GRWLWYGPDVQIAYPY,2,0,2.0,Rob_9518
GRNDRYGPYDQSNYRY,2,0,2.0,Rob_6694
GFCRYYGSSVQMEYEM,2,0,2.0,
GRVWNFGFSTQLEYYY,2,0,2.0,Rob_2434
GRWLYYGSNWQLNYAY,2,0,2.0,Rob_5807
GRPYRYGYSDQDLYEY,2,1,2.0,Rob_8717
GRLDFFGSYEQDGYRY,2,0,2.0,
GRNYYLGYGDQNGYYY,2,1,2.0,Rob_5393
GRVNYRGLNSQDEHDY,2,1,2.0,Rob_1693
GRVWRYGLDAQAEHFY,2,0,2.0,Rob_1749
GRVWRYGYGLQLEYYM,2,0,2.0,
GRWWRFGNWEQWNYEY,2,0,2.0,Rob_328
GFCAEYGSSDQMKYYM,2,0,2.0,
GRNLYFGADDQYEYQY,2,0,2.0,Rob_10692
GRNLRFGYEEQVEYEY,2,0,2.0,
GRVWSFGLRVQAEYEY,2,0,2.0,Rob_583
GRWNYRGQYEQWLYRY,2,0,2.0,Rob_7381
GFAMCYGSSDQMMYEY,2,0,2.0,
GRNLRYGFSIQYEYEY,2,0,2.0,Rob_4852
GFRMHYGSSDQMMYEY,2,0,2.0,
GRWNWFGSYDQTDYEY,2,1,2.0,Rob_7441
GRWWRYGNEDQYNYDY,2,0,2.0,
GSWRYYGEDDQRNYEY,2,0,2.0,
GRPNYYGYSDQHDYRY,2,0,2.0,Rob_6276
GRWDLFGSFDLDNYEY,2,0,2.0,
GFCQCYGSSDQMKYEY,2,1,2.0,
GRWDFYGHYLQYNYEY,2,1,2.0,Rob_11731
GRVWRYGLYLQLEYEY,2,1,2.0,Rob_251
GRTWRHGFSDQIEYQY,2,0,2.0,Rob_3327
GRWNYYGEHDQENYEY,2,1,2.0,
GRWRYYGANDRDEYEY,2,1,2.0,
GRWLRFGDYQQYRYHY,2,1,2.0,Rob_9342
GLSNYYGYYEQDLYDY,2,0,2.0,Rob_11216
GRWNRYGERDQYNYEY,2,1,2.0,
GRNLYYGHYEQIEFYY,2,0,2.0,Rob_9824
GRWWRYGPHEQANYYY,2,0,2.0,Rob_4023
GRVWKFGLYYQEEYSY,2,0,2.0,Rob_775
GFATHYGSSVQMMYEY,2,0,2.0,
GEWLTFGSSRQCRYWR,2,1,2.0,
GRNWRYGYLYQDEYDY,2,0,2.0,
GYQYRMGSSDQFLYEM,2,0,2.0,
GRWLYFGPYDQASYEY,2,0,2.0,Rob_12208
GRYFRYGLEIQINELY,2,1,2.0,Rob_4972
GRWHYYGSSDQEVYDY,2,0,2.0,
GRVHRYGKVYQLDYEY,2,0,2.0,Rob_2960
GRPNYRGYIDQWEYSY,2,1,2.0,Rob_9655
GRVWKFGLNNQAEYYY,2,0,2.0,Rob_781
GRWTYFGPRDQDNYHY,2,1,2.0,Rob_5134
GRWFKYGASDQDLYNY,2,0,2.0,
GRWYLYGPDDQDNYIY,2,0,2.0,
GRTWRFGFEDQEEDYY,2,0,2.0,
GEWWYKGSSFQCRYWR,2,0,2.0,
GRWWRLGSDYQEELDY,2,0,2.0,Rob_1484
GRWNRYGSYDQDNYDY,2,0,2.0,
GRWNFYGPYDQNNYYY,2,0,2.0,Rob_12275
GPGWRFGYYSQDLHKY,2,0,2.0,Rob_8366
GRWWRYGPRDQELYRY,2,0,2.0,Rob_8186
GFAQHWGSSDQMMYYM,2,1,2.0,
GRWWYNGPEDQDEHWY,2,0,2.0,Rob_5883
GKWWRRGESDQIEYIY,2,1,2.0,Rob_3000
GRVWRYGLYQQLEYFY,2,0,2.0,Rob_899
GRNQYYGYPDQYEYWY,2,0,2.0,Rob_10349
GRVWRYGFGDQDDYLY,2,1,2.0,Rob_1861
GRPDYYGYDDQYDYYY,2,0,2.0,Rob_11059
GRWLWHGPITQESYYY,2,0,2.0,Rob_9513
GFCMHYGSSVQMEYHM,2,0,2.0,
GRVWRYGFDFQIEHHY,2,0,2.0,Rob_1437
GRWNFYGPFYQNNYEY,2,1,2.0,Rob_11717
GRWDFFGPYEQYLYEY,2,0,2.0,Rob_12306
GRPLWHGYYEQESYYY,2,1,2.0,Rob_4085
GRWDYYGDYEQNNYEY,2,0,2.0,Rob_11757
GRVWNLGLWSQDEYWY,2,0,2.0,Rob_838
GRAYRYGYEWQYDYEY,2,1,2.0,Rob_3746
GMWTYFGSSMQCLYFF,2,0,2.0,
GRVLRFGFGFQEEYSY,2,0,2.0,Rob_2177
GRVWRYGFGDQLEYSY,2,0,2.0,Rob_1934
GRTNYFGYNWQGEFQY,2,0,2.0,Rob_3282
GKSWRVGFEFQEEKYY,2,0,2.0,Rob_1352
GEWMIFGSSMQCWYFF,2,0,2.0,
GRSWLYGYGLQLEYQY,2,0,2.0,Rob_3700
GRWNRYGPTDQDNFDY,2,1,2.0,
GRWDYYGPHDQWDYNY,2,0,2.0,Rob_7715
GRVWKFGFGDQGLYGY,2,1,2.0,Rob_2088
GRWLYYGGRDQDEYSY,2,0,2.0,Rob_10648
GRWHYYGDFYQLNYRY,2,0,2.0,Rob_10599
GLPNFFGYYEQHNYLY,2,0,2.0,
GRWYRFGDHDQFRYIY,2,0,2.0,Rob_9368
GRWRYFGPEDQDNYLY,2,0,2.0,
GRTWRAGYIDQIEYEY,2,0,2.0,Rob_3664
GRWNRYGANDQDNYSY,2,0,2.0,
GRIDFYGYYEQWLHLY,2,1,2.0,Rob_11704
GFYWVYGSSMQMEYYM,2,0,2.0,
GRWLYYGNQWQNNYYY,2,1,2.0,Rob_10408
GFEMHYGSSVQMEYYR,2,0,2.0,
GRDNFYGYYEQEEYFY,2,0,2.0,Rob_6991
GRPNYFGYYDQELYDY,2,1,2.0,Rob_7314
GRSLIYGYEDQLEYEY,2,1,2.0,Rob_2896
GRVWRFGYIDQLEFGY,2,0,2.0,Rob_8017
GRWNYFGGEYQGSYSY,2,0,2.0,Rob_11094
GRWFRYGSDLQVNYDY,2,0,2.0,
GRWWSFGQYQQYEYSY,2,0,2.0,Rob_216
GRNWKYGYSLQWEYRY,2,0,2.0,Rob_8289
GRPFYFGYNGQDDYSY,2,0,2.0,Rob_9781
GRNNYRGYEFQKEDLY,2,0,2.0,Rob_10091
GRWDLFGKFDKDNYEY,2,0,2.0,
GRAWRFGFAYQLEFSY,2,0,2.0,Rob_520
GRWDLFGKYDQDNHEY,2,0,2.0,
GRWLFYGPNEQSLYEY,2,0,2.0,Rob_10758
GRVWRFGLYAQIEYEY,2,1,2.0,Rob_324
GFEWRNGSSRQCRYYR,2,0,2.0,
GRSWIYGDFYQEEYYY,2,0,2.0,Rob_2920
GFAMHYGSSEQWKYEM,2,0,2.0,
GRWRDYGEDDQENYEY,2,0,2.0,
GRWDYYGEYEQHLYQY,2,0,2.0,
GRVFRYGLFDQIEYQY,2,1,2.0,Rob_372
GRWQYHGDSDQYDYLY,2,0,2.0,Rob_10286
GRWRYYGEDDQRNFEY,2,0,2.0,
GFEYRYGSSVQMEYYM,2,1,2.0,
GNPDYYGYKDQDLYNY,2,0,2.0,Rob_6867
GFRRYYGSSVQMEYYM,2,0,2.0,
GFCQAYGSSVQMMYEY,2,0,2.0,
GRNWRFGKHDQADKFY,2,1,2.0,Rob_1208
GRSWRYGYEDQLEYEY,2,0,2.0,Rob_3200
GRWYKYGPYDQDNYIY,2,0,2.0,
GRNWRYGFLDQEEYRY,2,0,2.0,Rob_575
GPWNRYGFYEQDNYDY,2,0,2.0,
GFLLHYGSSVQWMYEM,2,0,2.0,
GRWWYYGPLWQERYTY,2,0,2.0,Rob_4007
GRWWRFGNYDQYDYQY,2,1,2.0,Rob_2843
GRWWTFGSYGQDNFSY,2,0,2.0,Rob_3942
GRNEYFGYDIQYEFYY,2,0,2.0,Rob_10811
GRWLYYGEEDQELYRY,2,1,2.0,Rob_10976
GRWNYFGRYEQYLYPY,2,1,2.0,Rob_6652
GRPNYYGYYEQELFHY,2,0,2.0,Rob_11474
GRPLWRGYDDQYRYRY,2,1,2.0,Rob_4055
GRWRYYGEDDQENCEY,2,0,2.0,
GRWDLFGSFDQEQYYY,2,0,2.0,
GRPLYRGFADQSSYDY,2,1,2.0,Rob_5564
GRWNYYGNYEQWNYDY,2,0,2.0,Rob_6514
GRWNYYGYYEQDSYQY,2,0,2.0,
GFAYHYGSSDQMKYYM,2,0,2.0,
GRWRYYGEDDQKNYEY,2,1,2.0,
GRPNFYGKYEQPLYSY,2,0,2.0,Rob_7554
GRPNFYGYYEQILFEY,2,0,2.0,Rob_11104
GFNMIYGSSVQDEYHM,2,1,2.0,
GRWLYHGKYDQSEYLY,2,1,2.0,Rob_6191
GRWNFYGPYYQSSYEY,2,1,2.0,Rob_11711
GRPNYYGYVDQQLYPY,2,0,2.0,Rob_10119
GKWWRYGAGDQELYKY,2,0,2.0,Rob_2066
GRWNYYGFYDQNGYAY,2,1,2.0,Rob_7651
GRWDYYGEYDQDNYEY,2,0,2.0,
GRWLWYGPTSQLRYSY,2,0,2.0,Rob_9334
GNWDYFGRYEQYLERY,2,0,2.0,Rob_6711
GRPLWRGYETQQLRYY,2,0,2.0,Rob_4210
GRGWKRGDYDQFEYYM,2,0,2.0,
GMYMYNGSSFQCRYYR,2,1,2.0,
GRPNFFGYTDQYNYEY,2,0,2.0,Rob_12135
GRVWRFGYGHQDEFFY,2,0,2.0,Rob_1894
GRWLWYGGDDQYSYSY,2,0,2.0,Rob_9025
GFAMHAGSSVQMMYAY,2,0,2.0,
GRWNFWGGEDQDNYYY,2,1,2.0,
GRPLWLGYPDQYWYRY,2,1,2.0,Rob_4095
GRSYRYGSEDQEELQY,2,0,2.0,Rob_1128
GLDNYYGYAYQELYKY,2,1,2.0,Rob_2421
GRLFRFGSSYQENYYY,2,0,2.0,
GRPNFFGYYEQRLYPY,2,0,2.0,Rob_11399
GRVWRYGLHSQDEYSY,2,0,2.0,
GRWNRYGAGYQEKYDY,2,0,2.0,
GRVWRYGLDDQDAYDY,2,1,2.0,
GRLDYRGYYEQFDYEY,2,1,2.0,
GRPYRYGLEEQENFRY,2,0,2.0,Rob_5246
GRWKLFGQDDQDLYKY,2,0,2.0,Rob_4657
GRWLFFGPYDQDNYDY,2,0,2.0,
GGWNRYGFEDQDNFDY,2,1,2.0,
GFRMHNGSSDQMKYEY,2,0,2.0,
GRWWYFGPEEQEEYYY,2,0,2.0,
GRVWRYGFGYQLEHEY,2,1,2.0,Rob_1608
GRWTWRGADNQYRYWY,2,0,2.0,Rob_9528
GRWLWYGGWDQYTYKY,2,0,2.0,Rob_9217
GRWNYYGQYEQDEYEY,2,0,2.0,
GRWNYYGEYDQDQYEY,2,0,2.0,
GRWNYYGPYEQHLYHY,2,1,2.0,Rob_6975
GRWNYYGNYEQNNFEY,2,1,2.0,Rob_11891
GFYWSYGSSEQMEYYM,2,0,2.0,
GRWNRYGHSEQDLYEF,2,0,2.0,
GRNLYFGYPEQFEYYY,2,1,2.0,Rob_10380
GRPNYWGYSLQGLYGY,2,1,2.0,Rob_11335
GCYLFRGYDYQSDYNY,2,0,2.0,
GRWLFYGPYEQKDYYY,2,0,2.0,Rob_11367
GRVWRWGAYEQIEYGY,2,0,2.0,
GRWWRYGPDFQGRYIY,2,1,2.0,Rob_4254
GLPWIFGYPGQELHNY,2,0,2.0,Rob_8189
GRVWRYGQGDQIEYIY,2,0,2.0,Rob_1921
GFYWTYGSSEQWEYEY,2,0,2.0,
GLSWRWGSYGQYEQYY,2,0,2.0,Rob_2766
GRWNFYGGSLQNDYDY,2,0,2.0,Rob_7925
GRWYRFGGGDQDEYEY,2,0,2.0,
GRPLWYGYDDQVSRHY,2,0,2.0,Rob_4613
GRWHLFGSYDQDNYEY,2,0,2.0,
GRWLRYGGGDQDQYSY,2,0,2.0,
GRNNYYGYYEQDEYEY,2,0,2.0,Rob_7563
GRWWRFGATDHIEYLY,2,0,2.0,
GRWWRFGPDAQELHYY,2,1,2.0,Rob_4445
GRWWRYGSIFQLEYEY,2,0,2.0,Rob_3474
GRSWRYGFDGQEDYEY,2,0,2.0,Rob_4002
GFAMHYGSSVQMLYAM,2,0,2.0,
GFMLHYGSSVQWMYEM,2,1,2.0,
GRWRYYGDDDQENYEY,2,1,2.0,
GKWQKYGKPDQNEYYY,2,0,2.0,Rob_8546
GRWNRYGESEQDLYSY,2,0,2.0,
GRWNYWGYYEQNEYEY,2,0,2.0,
GRVWKFGLNFQAEYWY,2,0,2.0,Rob_877
GRVWRYGLWDQIEYQY,2,0,2.0,
GKWWIFGNTDQAEYSY,2,0,2.0,Rob_2140
GRWRYYGEDYQRNYEY,2,1,2.0,
GEWWYLGSSFQCRYWR,2,1,2.0,
GLSLYHGFDYQSEYLY,2,0,2.0,Rob_2610
GRWYSHGAYDQAEYLY,2,0,2.0,
GPWWSFGDSDQGEYFY,2,0,2.0,
GRCNRYGFEDRDNFDY,2,0,2.0,
GRSYRFGQYNQAELDY,2,1,2.0,Rob_1052
GRWKRYGFEDQDNFGY,2,1,2.0,
GKSWKFGLSFQIEELY,2,0,2.0,Rob_1044
GIPWNYGYNYQLEYYY,2,1,2.0,Rob_8374
GRWWLFGPGYQNLYRY,2,0,2.0,Rob_4645
GRWLRYGYEDQDNYYY,2,0,2.0,
GRPDYFGYYEQDDYWY,2,0,2.0,Rob_6458
GRNNYYGYEDQGEYEY,2,0,2.0,
GYMYCYGSSVQMEYEM,2,1,2.0,
GQPWIYGYDDQLLHYY,2,1,2.0,Rob_8694
GRWDYYGPSIQYNYEY,2,0,2.0,
GRWYRFGYSDQDEYTY,2,1,2.0,
GRWWRLGAGDQEEYSY,2,0,2.0,Rob_2366
GRWDLFGKLDQDSYEY,2,0,2.0,
GRWLYRGELDQELYSY,2,0,2.0,
GRNNYYGYYEQEEYEY,2,0,2.0,Rob_7562
GRWNYYGQYDQDEYEM,2,0,2.0,
GRWDRYGSNNQYNFAY,2,0,2.0,Rob_9132
GRPWRLGYEYQDRYGY,2,0,2.0,Rob_9545
GRWNYYGYDDQENYQY,2,0,2.0,
GRTWSYGYDDQVEYIY,2,1,2.0,Rob_3583
GRWEFYGDYEQYLYQY,2,0,2.0,Rob_6454
GRWNYYGEYDQNNYHY,2,0,2.0,Rob_11600
GRWNFYGSYEQNLYEY,2,0,2.0,
GRWDYYGKDSQDNYAY,2,1,2.0,Rob_7691
GRWWYFGRDTQALYEY,2,0,2.0,Rob_10176
GRWDLFGIYDQDNYEY,2,1,2.0,
GRPNYWGYLKQSLYRY,2,0,2.0,Rob_11638
GRNNRYGFYYQDEYDY,2,0,2.0,
ERWRYYGEDDQENYEY,2,1,2.0,
GRWNYYGQYEQYNYEY,2,0,2.0,
GRSWSFGFHDQLEFHY,2,0,2.0,Rob_716
GRWNRYGFEDQDNYYY,2,0,2.0,
GDWTYFGSSMQCRYYR,2,0,2.0,
GRWNFYGYYDQYEYEY,2,0,2.0,
GRWNLYGKDEQSDYSY,2,1,2.0,Rob_7670
GRWLCFGAGNQEEYDY,2,0,2.0,
GYNNYYGYEYQSEYGY,2,1,2.0,Rob_10720
GRSWLRGKGLQDEYYY,2,0,2.0,Rob_703
GRWNYFGEYEQYSYYY,2,0,2.0,Rob_11780
GRPWRFGYISQSGYSY,2,1,2.0,Rob_9092
GFWMYNGSSRQCEYYY,2,0,2.0,
GRWNYYGPLDQGNHWY,2,0,2.0,Rob_10525
GRNLYRGFYLQDEYYY,2,0,2.0,Rob_6064
GRVWSYGLDYQYEYEY,2,0,2.0,Rob_904
GRWEQYGPNDQPNHLY,2,1,2.0,Rob_4771
GFNYHMGSSVQMEYHM,2,0,2.0,
GRWWRFGSEEQELYEY,2,0,2.0,Rob_3858
GRWNYYGQYEQEEYSY,2,0,2.0,
GRWLYYGPDGQELYSY,2,1,2.0,Rob_5650
GRWWHYGPYNQSRYIY,2,0,2.0,Rob_4077
GRLWRFGYDYQLGFHY,2,0,2.0,Rob_8026
GRSWRYGSGEQIEYQY,2,0,2.0,Rob_1908
GRWNYWGPYEQYNYYY,2,1,2.0,Rob_7822
GLNWRLGYDYQQEYRY,2,1,2.0,Rob_8969
GRWLYFGPSEQGLYGY,2,0,2.0,Rob_10343
GRTNWFGYWEQLSYQY,2,0,2.0,Rob_9073
GRNAYYGYLNQNDYLY,2,0,2.0,Rob_9674
GFLLHYGSSLQWLYEM,2,1,2.0,
GRVNFYGYYEQFLYDY,2,0,2.0,Rob_12248
GRWWTFGQNDQYTYHY,2,0,2.0,Rob_4013
GEWYYNGSSFQCRYWW,2,1,2.0,
GREYIYGYDYQEEYEY,2,1,2.0,Rob_3073
GRTAYYGYSDQYEYEY,2,0,2.0,Rob_3668
GRVWRYGQGDQIEHSY,2,0,2.0,
GRWNKYGGGYQIEFEY,2,0,2.0,Rob_2020
GRWRYYGEYEQGTYRY,2,1,2.0,Rob_12298
GRNEYFGYSYQEEYLY,2,0,2.0,Rob_9931
GRSWRYGGDNQEELEY,2,1,2.0,Rob_1541
GFEWHYGSSEQMCYYM,2,0,2.0,
GRTYRFGYHWQVEYEY,2,0,2.0,Rob_3555
GRWDLFRSYDQDNYEY,2,1,2.0,
GRNFRFGYRYQGEYQY,2,1,2.0,Rob_10000
GRWWRYGNDDQDNYGY,2,0,2.0,
GRNLRFGYEEQVEYLY,2,1,2.0,Rob_5462
GRPWRYGYLFQEEYYY,2,0,2.0,Rob_8167
GFLYIYGSSDQWLYEM,2,1,2.0,
GRWNRNGFEDQDNFDY,2,0,2.0,
GRWNFHGNYEQWLYEY,2,0,2.0,
GRWNRYGFEYQDNFYY,2,0,2.0,
GFRMHNGSSVQMMYEM,2,0,2.0,
GRWNFYGAYEQVLFEY,2,0,2.0,
GFCYHMGSSVQCKYEY,2,0,2.0,
GRCNYYGEYDRDNYEY,2,0,2.0,
GRNRRYGYSDQAEYYY,2,1,2.0,Rob_4817
GRWFWYGPYLQENYQY,2,0,2.0,Rob_4712
GRWWQYGAGDQELYKY,2,0,2.0,Rob_2068
GRTWRFGYVEQAEYNY,2,1,2.0,Rob_3912
GRPNYFGYPDQELYDY,2,1,2.0,Rob_7316
GRWWYYGQEFQYLYRY,2,0,2.0,Rob_4535
GRVWRNGLTGQYEYEY,2,0,2.0,Rob_356
GRWNYWGDYEQYLYGY,2,1,2.0,
GRWNHFGPNDQDSYYY,2,1,2.0,
GRAWRYGFYLQDEYLY,2,0,2.0,Rob_294
GRWDLFGKFDQENYYY,2,0,2.0,
GRWLWKGSEYQESHYY,2,1,2.0,Rob_9371
GRGWVFGSDNQEELVY,2,0,2.0,Rob_1331
GRTFNYGYLDQYEYEY,2,0,2.0,Rob_3317
GFAYRYGSSLQMYYEM,2,1,2.0,
GEWYSQGSSFQCRYWR,2,0,2.0,
GFCAHYGSSDQMLYEY,2,0,2.0,
GRWLYYGGADQDLYDY,2,1,2.0,Rob_5951
GEWYRFGSSFQCRYYR,2,0,2.0,
GRWNRFGLNDQDSYYY,2,0,2.0,
GRWLRYGYYEQYNYTY,2,0,2.0,
GRWNFYGKDEQSDYSY,2,0,2.0,Rob_7671
GFFAYYGSSVQACYAM,2,1,2.0,
GRWNFYGYYEQYSYDY,2,1,2.0,
GRNQYFGYEIQHNYQY,2,0,2.0,Rob_9922
GEWWYNGSSRQCMYYR,2,0,2.0,
GRWNYYGQYYQDQYEY,2,0,2.0,
GFACHYGSSVQMAYYM,2,0,2.0,
GRVRAYGLDDQNEQYY,2,1,2.0,Rob_1186
GRWFRFGSSEQETYRY,2,0,2.0,Rob_5843
GRAWTFGFELQEEYSY,2,1,2.0,Rob_531
GRWDRAGYYEQDLYFF,2,0,2.0,
GRVWRHGFRYQEDHDY,2,0,2.0,Rob_1428
GFWFYAGSSMQCAYYA,2,0,2.0,
GFAYYMGSSVQMAYYM,2,0,2.0,
GRTQSYGYDQQEEYRY,2,0,2.0,Rob_2363
GRSWSYGFDYQIEYEY,2,0,2.0,Rob_302
GRWYLFGSYDQDNYDY,2,0,2.0,
GRWDYFGSDDQNLYNY,2,0,2.0,Rob_8139
GRWFWYGPYLQEDYQY,2,0,2.0,Rob_4713
GRWNYWGQYEQYNFPY,2,1,2.0,Rob_11449
GRWWRYGESEQELQGY,2,0,2.0,Rob_8269
GRWNFFGDSDQENERY,2,0,2.0,Rob_12286
GRWYRWGYYEQTEYDY,2,0,2.0,
GFAMHYGSSDQMMYEM,2,1,2.0,
GFAYRYGSSDQMCYEW,2,0,2.0,
GRWWRFGPNDQYLYQY,2,0,2.0,Rob_4222
GRVWRSGLWDQDEYFY,2,0,2.0,Rob_890
GRWNYYGNYEQVNYKY,2,1,2.0,Rob_11544
GRGFSYGYYDQAEYEY,2,0,2.0,Rob_3672
GLSWRFGVWEQDLTRY,2,1,2.0,Rob_2832
GRAYRFGGDEQDEFSY,2,1,2.0,Rob_307
GRVNYYGFYEQITYDY,2,0,2.0,Rob_11920
GRNDYYGYDEQYEYEY,2,0,2.0,Rob_7112
GKTWRFGKVDQNLYDY,2,0,2.0,Rob_8204
GRWLWRGARLQYDYIY,2,1,2.0,Rob_9070
GRWYRYGSDYQEELRY,2,0,2.0,Rob_1490
GRWLFYGPYEQKDYDY,2,1,2.0,Rob_11365
GRWYRFGDYYQLRYIY,2,0,2.0,Rob_9387
GRNNYYGLEWQYEYSY,2,1,2.0,Rob_6176
GRNWHYGYTLQAEYEY,2,0,2.0,Rob_5763
GRWRFYGPQDHTNYAY,2,0,2.0,
GRRNRYGANDQDEYSY,2,1,2.0,
GLSQRFGFLEQHLYSY,2,0,2.0,Rob_3105
GFEYRYGSSVQMEYPM,2,1,2.0,
GRWNRYGFEDQDNFGC,2,0,2.0,
GPVWRFGFDDQDEKYY,2,1,2.0,Rob_1597
GRWDYFGFYEQDLYPY,2,0,2.0,Rob_7011
GRWNYYGYDDQEQYLY,2,0,2.0,
GRWNRYGGWEQENYDY,2,1,2.0,
GRWYRRGSEEQDNYRY,2,0,2.0,
GRPEYRGYDWQWEYLY,2,0,2.0,Rob_10038
GRWWRHGASDQGLYHY,2,1,2.0,Rob_8474
GRWDFFGRYEQWSYDY,2,0,2.0,
GFCYRYGSSLQMCYEM,2,0,2.0,
GKPWRYGFDDQYLYQY,2,0,2.0,Rob_8725
GRNYRYGFYDQSAYQY,2,0,2.0,Rob_5748
GEYCRFGSSRQCRYWR,2,0,2.0,
GRNLYYGYKIQDEYGY,2,0,2.0,Rob_10157
GEMWRFGSSMQCLYFF,2,0,2.0,
GRSWTYGNYDQEEGLY,2,0,2.0,Rob_2618
GRWNYYGYYDQDLYQY,2,0,2.0,
GRWWRYGNEDQYLYDY,2,1,2.0,Rob_4133
GRWLHHGPEERGNYDY,2,1,2.0,
GRNLYRGYYEQIEDYY,2,0,2.0,Rob_9826
GRWNRYGSYEQNTYDY,2,0,2.0,
GRWYRWGFEDQDNFDY,2,0,2.0,
GRINYYGYYEQHDYGY,2,0,2.0,Rob_6764
GRTWRYGYWDQIEYIY,2,0,2.0,Rob_2870
GRWWRFGNSDQIEYNY,2,0,2.0,Rob_3002
GRWYRCGYYEQTEYEY,2,1,2.0,
GRWWKYGALDQNEYEY,2,1,2.0,Rob_3547
GFPLRYGYDDQGGYYY,2,0,2.0,Rob_8285
GRWTYYGEYVQEDYFY,2,1,2.0,Rob_5026
GFCAHYGSSEQMLYDY,2,0,2.0,
GKPWRYGYDDQYGYYY,2,0,2.0,Rob_8728
GRWNYFGANDQDNYEY,2,0,2.0,
GFYWKYGSSVQMEYEM,2,0,2.0,
GRWNFYGQDDQDNYDY,2,0,2.0,
GRSWKYGFVYQGEYEY,2,0,2.0,Rob_610
GRVWRYGLKDQLEYEY,2,1,2.0,Rob_424
GRWWRHGSNEQDNLYY,2,1,2.0,Rob_4561
GRWLRYGYIDQQLYDY,2,0,2.0,
GRWHFYGSNTQDNYAY,2,0,2.0,Rob_6134
GFMLHRGSSVQWLYEM,2,0,2.0,
GRNEYFGYETQFEYLY,2,0,2.0,Rob_9893
GEWWTMGSSRQCFYYR,2,0,2.0,
GRWNYFGYYEQLDYAY,2,0,2.0,Rob_6923
GFYWGYGSSDQMKYYM,2,0,2.0,
GRNNLYGYAEQQDYDY,2,0,2.0,Rob_12161
GRPNYLGYIDQWEYYY,2,1,2.0,Rob_9657
GRWLWYGPYSQIRYQY,2,0,2.0,Rob_4399
GRWRHYGEDDQRNYEY,2,0,2.0,
GRWYNFGPFDQRNYSY,2,0,2.0,Rob_4805
GRWDYYGPEYQGDYAY,2,0,2.0,Rob_7098
GRWNYYGEHDQDNYEY,2,0,2.0,
GRWNRYGFYEQDNHDY,2,1,2.0,
GRWNYYGNYLQDSYAY,2,1,2.0,Rob_7486
GRTYKFGFGDQDEYHY,2,0,2.0,Rob_2026
GRWNRCGPTDQENYDY,2,0,2.0,
GRWNYYGQYEQELYDY,2,0,2.0,
GRNERYGYAYQYEYYY,2,0,2.0,Rob_10670
GFRYRYGSSDQMEYEM,2,1,2.0,
GRTWRFGYGDQIEYEY,2,0,2.0,Rob_3844
GRWDYYGAYEQYNYEY,2,1,2.0,Rob_12023
GHWWKHGQYDQLEYYY,2,0,2.0,
GQWNYYGYYEQYEFEY,2,0,2.0,
GRWTWYGPSIQELYGY,2,1,2.0,Rob_9143
GRVWRFGLWDQEEYLY,2,0,2.0,Rob_822
GRSLWFGANEQIEYAY,2,1,2.0,Rob_2805
GEWNRFGSSRQCRYWR,2,1,2.0,
GRNLYFGYEEQDEYFY,2,1,2.0,Rob_5358
GRWNRYGYEDQTLYRY,2,0,2.0,
GRWDYYGRYEQENYEY,2,1,2.0,Rob_6496
GRWLRYGQKDQTSYDY,2,0,2.0,
GRWNFWGRYDQDLYDY,2,1,2.0,Rob_11140
GRVLRYGLHDQLEKEY,2,0,2.0,Rob_1705
GRTWRYGFFYQLEYEY,2,0,2.0,Rob_3196
GFYWVYGSSDQMLYEM,2,0,2.0,
GLPLYYGYDLQGQYDY,2,0,2.0,Rob_5396
GRNLYYGHENQGEYIY,2,0,2.0,Rob_5723
GRWNYYGNYVQSSYEY,2,0,2.0,Rob_11550
GRTWRYGYNYQDEYEY,2,1,2.0,Rob_3574
GRVWSRGLFEQLEYFY,2,0,2.0,Rob_401
GRWWFFGPLDQWNHSY,2,0,2.0,Rob_4468
GRWLYRGPLYQLDYWY,2,1,2.0,Rob_10624
GRWNYFGEYEQYSYHF,2,0,2.0,
GFCYRYGSSLQMMYEM,2,1,2.0,
GRWDYYGSDDQNLYNY,2,1,2.0,Rob_8140
GRPNYFGYYEQDDYEY,2,0,2.0,Rob_7302
GRWNYFGEYEQYNERY,2,1,2.0,Rob_12107
GRNDFYGPYEQTLYPY,2,1,2.0,Rob_7131
GRVWRYGLLQQLEYFY,2,1,2.0,Rob_898
GRWDYRGYGEQSDYEY,2,0,2.0,Rob_7210
GRWWRYGSTYQDLYQY,2,0,2.0,Rob_8929
GNWDYYGAYEQYQYSY,2,0,2.0,Rob_12357
GRWYKYGPDYKENYEY,2,0,2.0,
GFYWCYGSSMQCWYFF,2,0,2.0,
GFYYFMGSSYQCMYYY,2,0,2.0,
GRVLWRGYYFQELYSY,2,1,2.0,Rob_4079
GRIPRRGYDEQGNYHY,2,0,2.0,
GRWDLFGSYYQDNYDY,2,0,2.0,
GRWLRYGENWQGRYYY,2,0,2.0,Rob_9187
GRWDYFGPVEQYQYPY,2,0,2.0,Rob_11667
GRTWRYGYADQSEYHY,2,0,2.0,
GFAMHAGSSVQMAYAY,2,1,2.0,
GRVKTYGAGWQDEYHY,2,0,2.0,
GRWNRYGFEDQDNFDH,2,1,2.0,
GRPWIYGKEDQSLYEY,2,0,2.0,Rob_8453
GRNHYFGYAQQFEYDY,2,1,2.0,Rob_5670
GRWNYYGDAYQYLYDY,2,0,2.0,Rob_6639
GRWQSWGGYWQAEHLY,2,1,2.0,Rob_963
GRWLRFGAEDQNLRGY,2,0,2.0,Rob_5796
GFEQHMGSSVQMEYYM,2,1,2.0,
GRVWRFGQWYQEEHDY,2,1,2.0,Rob_1442
GRWLRYGYGHQAEYGY,2,0,2.0,
GRSWNYGFNYQIEYEY,2,1,2.0,Rob_457
GRWNRYGFEDQDEYQY,2,0,2.0,
GFCAHYGSSVQMAYDY,2,0,2.0,
GRWNCFGKEDQSNYDY,2,1,2.0,
GRTWRYGFGWQLEYQY,2,0,2.0,Rob_1880
GRVWRYGLDYQEEYEY,2,0,2.0,Rob_570
GRWLYFGPDNQWEHYY,2,0,2.0,Rob_4948
GRWDTFGSGDQSNYHY,2,0,2.0,Rob_12335
GRPLRFGFDGQYNYEY,2,1,2.0,Rob_5677
GRPNYFGYYEQSLYSY,2,0,2.0,Rob_11237
GRAWKYGYDFQIEYEY,2,0,2.0,Rob_2451
GRWWRYGENDQESYDY,2,0,2.0,
GRWWRYGLSDQDEYEY,2,0,2.0,
GRVNSYGYSDQLEYEY,2,0,2.0,Rob_2989
GRTWRFGFEDQYLYEY,2,0,2.0,Rob_3405
GRSWIYGSFQQDEYFY,2,0,2.0,Rob_422
GRGWRYGFGWQLEYLY,2,0,2.0,Rob_2013
GRNEYYGRQIQWESEY,2,0,2.0,Rob_9992
GEYWNFGSSRQCLYWW,2,0,2.0,
GREWIYGKKYQLEYEY,2,0,2.0,Rob_2236
GRTWRFGYSDQAEYYY,2,0,2.0,Rob_2341
GRINFYGYYDQYLFEY,2,1,2.0,Rob_6753
GRWNFYGQYDQYNYDY,2,1,2.0,
GRVWRFGLYFQKEYEY,2,0,2.0,Rob_522
GRNRLFGYSDQEEYDY,2,0,2.0,Rob_6026
GEYMEFGSSRQCRYYR,2,0,2.0,
GKSWRFGLKDQILDDY,2,1,2.0,Rob_1257
GRPNYYGYSDQYDYRY,2,1,2.0,Rob_6274
GFRRHYGSSVQDEYYM,2,1,2.0,
GRSWKFGFHDQLEFDY,2,0,2.0,Rob_633
GRNNYYGYEIQINYDY,2,0,2.0,Rob_9648
GRVNYYGYYEQELYDY,2,0,2.0,Rob_7528
GRVWRFGLYEQIEYSY,2,1,2.0,Rob_552
GRSWRWGFEDQIEYEY,2,0,2.0,Rob_450
GRNEYYGYYNQEDYQY,2,0,2.0,Rob_10449
GRSNFFGYYEQNGYRY,2,1,2.0,Rob_6986
GRWLYFGPSEQSDYHY,2,0,2.0,Rob_5012
GRWWRYGEKNQELFEY,2,0,2.0,Rob_3472
GFCAHYGSSEQMKYYM,2,0,2.0,
GRWDLFGSFDQDHYEY,2,1,2.0,
GRWNRYGYNDQDEYKY,2,1,2.0,
GRWDLFGKYDQDNYEW,2,1,2.0,
GFAMHYGSSDQWEYEY,2,1,2.0,
GRWLRFGDYEQYLYDY,2,1,2.0,Rob_6251
GRSFNYGLSLQELHLY,2,0,2.0,Rob_993
GFAWRYGSSVQMEYEY,2,0,2.0,
GRWNRFGKEDRSNYEY,2,1,2.0,
GRWNYFGRYEQSLYPY,2,0,2.0,Rob_6650
GFPWRFGYPNQYEYSY,2,0,2.0,
