Sequence,Count_binding,Count_nsbinding,Enrichment_factor,ID
GRWDLFGSYDQDNYEY,2025453,4363,464.2340132936053,Rob_6732
GRWDRHGAYDQYEYDY,1486048,3444,431.4889663182346,Rob_11197
GRWDLFGSFDQDNYEY,1485929,2969,500.481306837319,Rob_6731
GRWDLFGKYDQDNYEY,985000,2795,352.4150268336315,Rob_6728
GRWDFYGAFEQESYDY,590192,1836,321.45533769063184,Rob_11510
GRWDLFGKLDQDAYDY,541438,4336,124.87038745387454,Rob_7408
GRWDLFGKFDQDNYEY,381954,1503,254.12774451097803,Rob_6730
GRWDLFGKDDQDAYSY,252581,1348,187.3746290801187,Rob_7404
GRWDFYGAHEQESYDY,213782,743,287.72812920592196,Rob_11511
GRWNRYGFEDQDNFDY,193297,2949,65.54662597490675,Rob_7859
GRWDLFGSYDQRNYEY,167988,1018,165.01768172888015,Rob_6745
GRWDLFGKLDQAAYDY,164574,3032,54.279023746701846,Rob_7414
GRWDHYGYYDQSEYDY,109625,836,131.1303827751196,Rob_7064
GRWNRYGAGYQEEYDY,104252,799,130.47809762202755,Rob_1995
GRWDLFGKLDQDAYSY,96109,1257,76.45902943516309,Rob_7405
GRWNFYGSYEQENYEY,75945,1040,73.02403846153847,Rob_7537
GRWDYYGEGDQYNYEY,75925,2823,26.89514700673043,Rob_7553
GRWDLFGSYDQDNYDY,73667,21,3507.9523809523807,
GRWDNYGSSDQEPYYY,58764,1118,52.56171735241503,Rob_12346
GRWNFYGGYEQENYEY,54010,1878,28.759318423855166,Rob_7534
GRWNRYGFEDQDNFGY,43685,1341,32.576435495898586,Rob_7858
GRWDLWGEYEQRNYEY,41529,512,81.111328125,Rob_6996
GRWNRYGFYDQDNYDY,40804,1641,24.865326020719074,Rob_7861
GRWDYYGYYDQFEYDY,31494,1127,27.944986690328307,Rob_7066
GRWDLFGKYDQDNYDY,30618,17,1801.0588235294117,
GRWDLWGEYEQRAYEY,26566,1985,13.38337531486146,Rob_6965
GRWDFYGDYEQDNYDY,26515,947,27.99894403379092,Rob_11513
GRWDLFGSFDQDNYDY,25918,38,682.0526315789474,
GRWDRHGAYDQYEYEY,25787,77,334.8961038961039,
GRWDYYGYYDQSEYDY,21230,1535,13.830618892508143,Rob_7065
GRWDLFGKFDQDNYDY,17887,18,993.7222222222222,
GRWNRFGKEDQSNYDY,17069,1632,10.458946078431373,Rob_11860
GRWDLFGSYDQDNYEM,15245,12,1270.4166666666667,
GRWDKYGSSFQDEYDY,14818,35,423.37142857142857,Vsig4_WT
GRWNFYGQDDQYNYDY,13003,856,15.190420560747663,Rob_12063
GRWYRWGYYEQTEYEY,11664,1142,10.213660245183888,Rob_12116
GRWDFYGAFEQESYEY,11162,21,531.5238095238095,
GRWNYYGGEDQDSYYY,9952,923,10.782231852654387,Rob_11800
GRWNYYGGEDQASYSY,9412,717,13.126917712691771,Rob_11803
GRWDLFGKLDQDAYEY,8975,39,230.12820512820514,
GRWDYYGYIEQSTYKY,7079,699,10.127324749642346,Rob_6583
GRWFRYGAHDQSSYNY,6124,365,16.778082191780822,Rob_5289
GRWDLFGSYDHDNYEY,5976,1,5976.0,
GRWDLFGKFDQDNYKY,5538,0,5538.0,
GRWDLFGSFDQDGYDY,5503,15,366.8666666666667,
GRWDYYGEGDQYNYDY,5393,22,245.13636363636363,
GRWDRHGAYDQDEYGY,4900,0,4900.0,
GRWDLFGGEEQSNYHY,4675,0,4675.0,
GRWDRHGAYDQYEYYY,4367,2,2183.5,
GHPLYRGTEYQWDFSY,4273,0,4273.0,
GRWDLFGKDDQDAYNY,4083,0,4083.0,
GRWNFYGSYEQENYDY,4015,0,4015.0,
GRWDLFGSYDQDNYGY,3951,0,3951.0,
GRWDHYGYYEQYLYDY,3681,1,3681.0,
GRWDLFGKYDHDNYEY,3458,0,3458.0,
GHWDRHGAYDQYEYDY,3449,1,3449.0,
GRWDRHGAYDQYEYVY,3354,13,258.0,
GRWDLFGKLDQAAYEY,3287,52,63.21153846153846,
GRWDYFGFYEQFEYNY,3258,1,3258.0,
GRWDLFGYIDQYNYDY,3105,0,3105.0,
GRWDYYGFYEQSLYPY,3102,3,1034.0,
GRWDYYGYGEQDNYDY,2969,24,123.70833333333333,
GRWDLFGKFDQDLYEY,2775,0,2775.0,
GRWDLFGSFDQDNYGY,2586,11,235.0909090909091,
GEWWGFGSSRLCRYWW,2568,0,2568.0,
GRWDNYGSSDQESYYY,2567,5,513.4,
GRWDRHGAYDQYEYNY,2527,0,2527.0,
GRWDLFGSFDQYNYEY,2457,2,1228.5,
GRWDLFGSFDQDNYEM,2345,0,2345.0,
GRWDLFGSYDQYLYEY,2309,0,2309.0,
GRWDLFGSFDQDYYEY,2224,12,185.33333333333334,
GRWDRHGAYDQYEYEM,2176,8,272.0,
GRWDNYGSSDQELYDY,2148,0,2148.0,
GRWDLWGEYEQRAYDY,2044,67,30.507462686567163,
GRWDLFGSFDQDNYAY,1993,0,1993.0,
GRWDLFGSDVQGLYDY,1912,0,1912.0,
GRWDLFGKFDQENYEY,1877,0,1877.0,
GRWDLFGSYDQDNYYY,1856,0,1856.0,
GRWDFYGAHDQDNYEY,1833,0,1833.0,
GRWDLFGSYDQENYLY,1829,0,1829.0,
GRWNYYGFYDQNEYYY,1808,13,139.07692307692307,
GRWDLFGKYDQYNYGY,1805,0,1805.0,
GRWDLFGKDDQDAYTY,1783,0,1783.0,
GRWDRHGAYDLYEYDY,1723,25,68.92,
GFYWKYGSSVQMEYYM,1678,64,26.21875,
GRWDRHGAYDQYEYYM,1672,12,139.33333333333334,
GRWDRHGASDQYEYDY,1672,0,1672.0,
GRWDLFGSFDQDNYSY,1619,0,1619.0,
GRWDLFGSFDQDLYEY,1523,0,1523.0,
GRWDLFGNLDQDAYDY,1504,29,51.86206896551724,
GRWDHHGAYDQYEYDY,1473,3,491.0,
GRWFRYGASDQGEYDY,1456,14,104.0,
GRWDLFGKYDQDNYKY,1407,0,1407.0,
GRWDYYGAYDQVEYDY,1404,0,1404.0,
GRWDFYGAHEQESYEY,1396,25,55.84,
GRWDRHGAYDQYEYRY,1383,0,1383.0,
GRWDYYGAYDQDEYPY,1376,0,1376.0,
GRTWRFGFNDQYDYKY,1358,0,1358.0,
GRWDFYGAFEQESYYY,1345,28,48.035714285714285,
GRWDFYGAFEQELYDY,1324,0,1324.0,
GRPYRFGYKDQAEYRY,1324,0,1324.0,
GRWWRYGYEDQAEYEY,1322,0,1322.0,
GRWDLFGKFDQHNYEY,1280,0,1280.0,
GRWDRHGAYDQYEYYR,1266,9,140.66666666666666,
GRWDLFGKLDQDEYDY,1227,14,87.64285714285714,
GRWDLFGKLDQDSYSY,1220,1,1220.0,
GRWDNYGSSDQEPYDY,1193,0,1193.0,
GRWDLFGKYDQDNYGY,1173,20,58.65,
GRWDLFGKLDQDAYNY,1133,45,25.177777777777777,
GRWDLFGKFDQDEYDY,1132,0,1132.0,
GRWDRHGAYDQYEYHY,1116,0,1116.0,
GRWDYYGYYDQNEYSY,1110,0,1110.0,
GRWDHYGYDDQYEYYY,1109,0,1109.0,
GRWDRHVAYDQYEYDY,1099,4,274.75,
GRWDRNGAYDQYEYDY,1081,1,1081.0,
GRWDYYGYSDQAEYTY,1072,0,1072.0,
GRWDLFGSYDQDNYNY,1037,0,1037.0,
GRWDLFGKFDQENYYY,1023,0,1023.0,
GRWNFYGGYEQENYDY,1003,27,37.148148148148145,
GNWDYFGSEYQESYNY,1002,0,1002.0,
GRWWRYGYSDQIEYDY,996,1,996.0,
GNWDYFGSEYQESYDY,988,28,35.285714285714285,
GRWYRYGYDDQLEYEY,976,0,976.0,
GRWDFYGAHEQDNYEY,964,9,107.11111111111111,
GRWDLFGSYDRDNYEY,945,2,472.5,
GRWDRHGAYDQHEYQY,942,0,942.0,
GRWDLFGKLDQDVYDY,934,4,233.5,
GRWDLFGKLDQAEYEY,934,10,93.4,
GRWDLFGNYDQDNYEY,932,0,932.0,
GRWWRYGYDDQLEYEY,931,0,931.0,
GRWDLFGKYDQDNYYY,926,10,92.6,
GRWDLFGSFDQDNYKY,925,0,925.0,
GRWDCHGAYDQYEYDY,911,31,29.387096774193548,
GRWDNYGSSVQDEYHW,904,0,904.0,
GRWDLFGKYEQYTYGY,889,0,889.0,
GRWDFYGADEQESYDY,876,0,876.0,
GRWDHYGYYDQSEYEY,854,26,32.84615384615385,
GRLDLFGSYDQDNYEY,851,0,851.0,
GRWDLFGGEEQSNYDY,851,0,851.0,
GRWDLFGSFDRDNYEY,851,3,283.6666666666667,
GRWDYYGPYEEYTYSY,845,0,845.0,
GRWDFYGAFEQDSYDY,844,0,844.0,
GRWDLFGKLDQASYDY,841,0,841.0,
GRWDLFGSYDQNEYEY,839,0,839.0,
GRWDLFGKDDQELYQY,829,0,829.0,
GRWWRYGQEDQDEYDY,808,35,23.085714285714285,
GRWDLFGSYDQENYYY,807,0,807.0,
GRFWSYGGWDQYDYYY,806,0,806.0,
GRWNRYGFYDQDSYEY,803,30,26.766666666666666,
GRWYRWGYYEQVEYDY,798,0,798.0,
GRWDLFGSYYQDVYDY,793,15,52.86666666666667,
GFELLLGSSDQMIYYM,772,0,772.0,
GRLDRHGAYDQYEYDY,762,2,381.0,
GRWDNYGSSDQELYRY,757,0,757.0,
GNWDYFGSEYLESYDY,752,0,752.0,
GRWDLFGSYDQYNYEY,751,3,250.33333333333334,
GRWDRHGVYDQYEYDY,748,1,748.0,
GRWDRHGAYDQYEYKY,744,0,744.0,
GEYWLFGSSHQEELEY,733,16,45.8125,
GRWDYYGWYDQYGYAY,730,0,730.0,
GRWDLFGKLDQDAYYY,726,2,363.0,
GRWDLFGKYDQDNYEW,724,0,724.0,
GRWDLFGYLYQLEYEY,723,0,723.0,
GRWDRHGAYYQYEYDY,708,1,708.0,
GRWDLFGKLDQNAYDY,701,0,701.0,
GRWDLFGKLDQAEYDY,692,0,692.0,
GRWDFYGAHEQGSYDY,687,1,687.0,
GRWDLFGYDDQIEYEY,683,0,683.0,
GRWDLFGSFDQDNYQY,680,0,680.0,
GRWDRHGAYDQYDYDY,679,0,679.0,
GRWDYYGPLEQDNYSY,668,0,668.0,
GRWDYYGSDDQDTYSY,667,0,667.0,
GRWDLFGSYDQETYKY,663,0,663.0,
GRWWRFGQRDQDNYNY,659,0,659.0,
GRWDLFGKYVQDNYEY,653,0,653.0,
GRWDYYGAYDQDDYLY,652,8,81.5,
GRWNRYGFYDQDNYEY,650,17,38.23529411764706,
GRWDRHGANDQYEYDY,645,0,645.0,
GRWDLFGSFDQEQYYY,645,0,645.0,
GRWDRHGAYDEYEYDY,636,0,636.0,
GRLDLFGSFDQDNYEY,634,0,634.0,
GFEWRYGSSVQMEYYM,632,34,18.58823529411765,
GRWDLFGKLDHDAYDY,631,1,631.0,
GRWWRYGYEDQIEYEY,629,0,629.0,
GRWDRHGAYDQYEYDF,625,0,625.0,
GFYWQYGSSMQCRYWW,620,3,206.66666666666666,
GRWDLFGKDDQDEYEY,618,0,618.0,
GRWDLFGSYDQDYYEY,616,0,616.0,
GHWDLFGSYDQDNYEY,615,0,615.0,
GRWRYYGANDQDEYDY,613,15,40.86666666666667,
GRVWRYGLDLQLEYKY,609,19,32.05263157894737,
GNWDYFGSEYQENYEY,602,0,602.0,
GRWDLFGSYYQDNYEY,592,2,296.0,
GRWDLFGSYDQDNYKY,587,0,587.0,
GRWDRHGAYDHYEYDY,586,0,586.0,
GRWDLFGGEEQSSYDY,584,0,584.0,
GRWDLFGKFDQDNYNY,583,0,583.0,
GRWNFYGSYEQEEYEY,583,0,583.0,
GRWDLFGSFDHDNYEY,580,1,580.0,
GRWDPFGSYDQDNYEY,571,1,571.0,
GRWDLFGSFDQDNYYY,570,0,570.0,
GRWDLFGSYDQRNYDY,569,7,81.28571428571429,
GRWYRYGYVDQAEYEY,561,0,561.0,
GRWDYYGDYYQLNYDY,553,31,17.838709677419356,
GRWDNYGSSDQELYQY,550,0,550.0,
GRWDRHGAYDQYEYSY,547,34,16.08823529411765,
GRWRRYGYSDQIEYDY,530,0,530.0,
GRTWLFGFEYQLEYEY,517,0,517.0,
GRWNHYGFEDQWEYSY,509,0,509.0,
VRWDLFGSYDQDNYEY,505,1,505.0,
GRWDLFGKYDQENYEY,500,0,500.0,
GRWDLFGSYGQDNYEY,497,1,497.0,
GRWDRHGAYDQYEYGY,492,0,492.0,
GRWDLFGKLDQDAYDF,491,0,491.0,
GRWDRHGAYDQFEYEY,480,13,36.92307692307692,
GRWNFYGSYEQELYDY,476,17,28.0,
GRWDLFGSHDQDNYEY,474,1,474.0,
GRLDLFGKYDQDNYEY,471,3,157.0,
GRWDLFGKLDQDAYGY,468,0,468.0,
GRAWRYGFYLQETYPY,458,0,458.0,
GRWDRHGAYDQIEYLY,454,0,454.0,
GHWDLFGSFDQDNYEY,451,2,225.5,
GRWNRYGYDYQEEYDY,444,0,444.0,
GRAWKYGSDFQIELNY,443,10,44.3,
VRWDLFGSFDQDNYEY,443,4,110.75,
GRWDFYGASEQESYDY,443,0,443.0,
GRWDPFGSFDQDNYEY,442,1,442.0,
GRWDLFGTYDQDNYEY,441,0,441.0,
GFEYEYGSSDQFKYYM,437,0,437.0,
GRWDNYGSSDQEEYYY,435,0,435.0,
GFAYRYGSSLQMYYEY,431,0,431.0,
GRWDLFGKYEQYNYSY,424,0,424.0,
GRCDRHGAYDQYEYDY,421,2,210.5,
GRWDYYGYDDQYDYYY,418,11,38.0,
GRWDLFGSYDQRNYRY,417,0,417.0,
GRWLYYGPYEQENYMY,415,0,415.0,
GRWDLFGKDDQDVYSY,414,1,414.0,
GRWDLWGEYEQDLYDY,414,0,414.0,
GRWWRFGYSDQAEYDY,413,11,37.54545454545455,
GRWDLFGKYDQYNYEY,413,9,45.888888888888886,
GRWDRHGAYDQYEYFY,409,1,409.0,
GRWDLFGKLDQEEYDY,406,0,406.0,
GRWDRHGSYDQYEYDY,405,0,405.0,
GRWNRYGANDQDVYSY,403,0,403.0,
GRWDLFGKFDQDNYGY,403,0,403.0,
GRWDLRGASEQYLYEY,401,0,401.0,
GLWDRHGAYDQYEYDY,401,0,401.0,
GRCDLFGSYDQDNYEY,397,0,397.0,
GRWDLFGSFDQENYYY,395,0,395.0,
GCWDLFGSYDQDNYEY,393,33,11.909090909090908,
GRWNLYGKDDQNEYDY,393,0,393.0,
GRWDHYGYYDQSEYDF,387,26,14.884615384615385,
GRWNFYGAYEQYLYDY,382,1,382.0,
GRWFRYGSSDQMEYEM,381,1,381.0,
GFYLKYGSSMQCMYFF,378,28,13.5,
GRWDNYGSGDQEPYYY,375,0,375.0,
GRWDYYGANDQDEYSY,374,0,374.0,
GRWDLFGSCDQDNYEY,369,1,369.0,
GRWNFYGSYEQSNYEY,368,0,368.0,
GRWDYYGYYDQYQYEY,361,0,361.0,
GRWDLFGSYDQENYEY,361,0,361.0,
GRWDFYGVFEQESYDY,359,2,179.5,
GRWYRYGFEDQDNFDY,357,0,357.0,
GRNNYYGYEIQINYEY,357,9,39.666666666666664,
GRSFRYGYEDQYDYYY,354,0,354.0,
VRWDRHGAYDQYEYDY,353,0,353.0,
GRWDLFGSYDQRNYKY,351,2,175.5,
GRWDLFGKVDQDAYDY,349,0,349.0,
GRWDRHGAYDQYGYDY,346,0,346.0,
GRWDHYGYYDQSEYYR,345,0,345.0,
GRWDRHGAYHQYEYDY,345,0,345.0,
GRWDLFGSYDKDNYEY,344,0,344.0,
GRVYRYGLDDQEEYDY,341,27,12.62962962962963,
GRWDLFGKLDQDEYEY,337,0,337.0,
GHWDLFGKYDQDNYEY,337,0,337.0,
GRPNYYGYYGQSLYGY,336,0,336.0,
GCWNYYGNYLQEDYFY,336,0,336.0,
GRWDLFGKYDQDKYEY,334,0,334.0,
GRWDFYGAHEQESYAY,334,0,334.0,
GRWDLFGSFYQDNYEY,331,13,25.46153846153846,
GRWDFYGAFDQDSYEY,329,0,329.0,
GRCDLFGSFDQDNYEY,328,1,328.0,
GRWDLFGSYDQDNYVY,327,0,327.0,
GRWWYFGPEDQYEYGY,327,0,327.0,
GRWDYYGANDQDEYEY,327,0,327.0,
GRWDFYVAFEQESYDY,324,0,324.0,
GRWDLFGSYDQDNYEW,323,0,323.0,
GRWDRHGAHDQYEYDY,321,0,321.0,
GRWDLFGSYEQDNYFY,318,0,318.0,
GRWDRHGAYDQYDYEY,316,18,17.555555555555557,
GRWDLFGKLDRDAYDY,316,1,316.0,
GRWNRYGFEDQDSYYY,313,0,313.0,
GRWYLFGSYDQDNYEY,311,0,311.0,
GRWDLFGSYDQDNHEY,309,2,154.5,
GRVWKHGLYSQDEYRY,306,1,306.0,
GRWDFYGAFEQDNYEY,305,0,305.0,
GRWDLFGKDDQAAYSY,303,0,303.0,
GRWNRYGYDDQEEYFY,302,0,302.0,
GRWDLFGKYDQYEYEY,301,0,301.0,
GRPNYYGFSYQLEYEY,300,8,37.5,
GRWDLFGKLDQVAYDY,297,3,99.0,
GRWDLFVKYDQDNYEY,293,2,146.5,
GRWNYYGERDQYLYDY,293,15,19.533333333333335,
GRWDFYGAFEQNNYDY,290,0,290.0,
GRWDYYGAYDQDDYQY,286,6,47.666666666666664,
GRWNYYGGEDQDSYDY,285,2,142.5,
GRWWQHRREEQGTYDY,284,0,284.0,
GRWDYFGYYEQHEYGY,283,0,283.0,
GRWDLFGSYDPDNYEY,282,0,282.0,
GRWDLFGKLDQAEYEM,282,0,282.0,
GRWDLFGKYDQDNHEY,282,2,141.0,
GRWFKYGYSDQDNYLY,282,0,282.0,
GRWDRFGYGDQESYDY,282,0,282.0,
GRWDFYGVYEQSNYDY,281,0,281.0,
GEWWGFGSSMQCMYFF,279,3,93.0,
GRWDLFGSFDQDNYNY,279,0,279.0,
GRWDRHGAYDKYEYDY,278,1,278.0,
GRWYRHGAYDQYEYDY,277,0,277.0,
GRWNYYGYYDQGEYRY,277,0,277.0,
GFLYIYGSSVQCEYYY,276,1,276.0,
GRWDYYGFYEQFEYDY,275,0,275.0,
GRWNRYGFYDQDSYDY,273,0,273.0,
GRWDHYGYYDQTEYDY,271,0,271.0,
GRWDNYGSSDQEPYHY,271,0,271.0,
GRWWRYGQYDQHEYDY,271,20,13.55,
GRWWRYGADDQEEYDY,270,0,270.0,
GRWDLFGKLDQYAYDY,269,2,134.5,
GRWDNYGSSDQELYSY,269,0,269.0,
VRWDLFGKYDQDNYEY,267,1,267.0,
GRWDFFGNYDQSEYYY,266,8,33.25,
GRWDYYGAYDQKEYTY,266,0,266.0,
GRWNYYGYFDQQEYDY,265,0,265.0,
GRNDYYGYEEQYEYYY,264,0,264.0,
GRWNHFGDSEQDLYDY,262,8,32.75,
GNWDYYGAYEQELYFY,261,0,261.0,
GRWDLFVSYDQDNYEY,261,2,130.5,
GRIERYGYNDQAEYHY,260,0,260.0,
GRWNYYGFYDHNDYDY,260,1,260.0,
GRWDLFGKYDRDNYEY,259,0,259.0,
GRWYRFGYDDQEEYWY,258,0,258.0,
GRWDLFGSFDKDNYEY,256,1,256.0,
GRNNYYGYSYQCMYFF,255,0,255.0,
GRWDRHGAYDQHEYDY,253,1,253.0,
GRWDLFGSYDQRNYGY,253,0,253.0,
GRWYFYGAFEQESYDY,252,21,12.0,
GRWDLFGSYDQDDYEY,252,0,252.0,
GRWNYYGSYEQNDYYY,251,14,17.928571428571427,
GRWDLFGSFDQDNYEW,249,0,249.0,
GRWDLFGSYDQDNNEY,249,0,249.0,
GRWNFFGYDAQIEYDY,247,0,247.0,
GRWDLFGSFDQALYEY,247,0,247.0,
GRWDSHGAYDQYEYDY,246,0,246.0,
GRWDFYGAFEQESYGY,245,0,245.0,
GFCMYMGSSVQLEYYM,243,0,243.0,
GNWDYYGGYEQHLYEY,241,0,241.0,
GRWYLFGSFDQDNYEY,240,1,240.0,
GRWDYYGSYEQTSYDY,239,7,34.142857142857146,
GRWDRHGAYDQYEYAY,238,0,238.0,
GRWDLRGGSIQDLYDY,238,0,238.0,
GRWDLFGSYDQNNYEY,238,1,238.0,
GRWDLFGSFDQDNHEY,235,1,235.0,
GRWNFYGSYEQDNYEY,234,0,234.0,
GRWDRHGAYDRYEYDY,227,0,227.0,
GRWNFYGYYEQDEYEY,227,0,227.0,
GRWDLFGKLDQAEYNY,226,0,226.0,
GRLDLFGKLDQDAYDY,226,3,75.33333333333333,
GRWDRHGAYDQDNYEY,225,0,225.0,
GRWDLFGNLDQAAYDY,225,1,225.0,
GRWNYYGFYDQSTYQY,224,0,224.0,
GRWDYYGEGDQYSYDY,222,0,222.0,
GRWNFYGGHEQENYEY,220,1,220.0,
GRWDLFGKLDQDSYEY,220,7,31.428571428571427,
GRWDRHGAYDQDSYEY,217,0,217.0,
GRINYYGYRDQALYFY,215,0,215.0,
GRWDLFGKYYQDNYEY,215,1,215.0,
GRWDYYGWYEQTSYDY,215,0,215.0,
GRRDLFGSYDQDNYEY,212,1,212.0,
GRWNYYGEYDQDNYDY,211,0,211.0,
GRWDFYGAFERESYDY,210,2,105.0,
GLSWSFGGLCQEEYLY,210,0,210.0,
GRWDLFVSFDQDNYEY,209,0,209.0,
GKWNRFGQEDQESYYY,209,0,209.0,
GCWDRHGAYDQYEYDY,207,1,207.0,
GRWDLFGSYDQGNYEY,207,0,207.0,
GRWDNYGSSDQDLYNY,207,0,207.0,
GRWFRFGADDQAEQEY,204,0,204.0,
GRCDLFGKYDQDNYEY,203,2,101.5,
GRWDLFGKYDQDSYAY,203,0,203.0,
GRLDFYGAFEQESYDY,201,2,100.5,
GRVWRFGYGYQEEYYY,201,10,20.1,
GRWFRYGYEDQLEYEY,200,0,200.0,
GRWDLFGKLDQAVYDY,199,1,199.0,
GNWFRYGYYDQDTYSY,199,2,99.5,
GRWERFGGALQETYSY,199,9,22.11111111111111,
GRNLNYGYEDQYEYRY,197,0,197.0,
GRWNYYGQYEQSNYDY,196,0,196.0,
GRWDMFGSYDQDNYEY,196,0,196.0,
GFCCYYGSSVQMEYYY,195,0,195.0,
GRWDLFGSYDQDLYHY,195,0,195.0,
GRWDRHGAYDQDEYEY,194,0,194.0,
GRELRFGYNQQDEYQY,194,0,194.0,
GRWNFYGQHDQYNYDY,194,0,194.0,
GRWNFYGGYEQSEYEY,193,0,193.0,
GRWDFYGAFEQESYSY,190,0,190.0,
GRWLWRGPLDQDGYEY,190,0,190.0,
GRWDNYGSSDQELYGY,189,0,189.0,
GRWDRHGAYEQVLFDY,189,13,14.538461538461538,
GFYWRYGSSAQCAYWW,188,0,188.0,
GRWDRYGAYDQYEYDY,188,0,188.0,
GKWTYFGSSMQCRYYY,186,0,186.0,
GRWDNYGSSDQDLYHY,186,0,186.0,
GCWDLFGSFDQDNYEY,186,0,186.0,
GRWNFYGGYEQTSYEY,186,0,186.0,
GRVLRFGFRDQIEYEY,186,0,186.0,
GNWDYFGSEYQESYSY,184,0,184.0,
GRWDFYGAFEQVSYDY,184,0,184.0,
GRWWRFGDYIQESYHY,183,0,183.0,
GRWDLFGKYDKDNYEY,181,0,181.0,
GHWDLFGKLDQDAYDY,180,1,180.0,
GRWNRYGHSEQDEYDY,179,0,179.0,
GRWNRYGSYDQAEHEY,178,0,178.0,
GRWNHYGANDQDEYSY,177,1,177.0,
GRWDLFGKFDRDNYEY,177,2,88.5,
GRWDLFGSFDQNNYEY,177,0,177.0,
GRWDLFGKCDQDNYEY,177,0,177.0,
GRRDRHGAYDQYEYDY,177,0,177.0,
GHWDFYGAFEQESYDY,175,0,175.0,
GRWNHFGWYEQSGYDY,175,0,175.0,
GRWNFYGSYEQENYEC,175,0,175.0,
GRWDLFGKYDQENYYY,174,0,174.0,
GRWNLFGSYDQDNYEY,174,0,174.0,
GRWHVYGSSDQEEYSY,173,0,173.0,
GRWDLFGKFDQVNYDY,173,0,173.0,
GREWRFGLSYQIEYQY,173,0,173.0,
GLSLRYGAWSQAEYKY,172,0,172.0,
GRWDHYGYVDQSEYDY,171,0,171.0,
GFAMHMGSSVQMAYAY,171,0,171.0,
GRWFKYGPFDQDNYWY,171,0,171.0,
GRWDLFGKYDQELYEY,170,0,170.0,
GRCDFYGAFEQESYDY,170,2,85.0,
GRWDYYGYREQGDYDY,170,9,18.88888888888889,
GRWDFYGAFEQKSYDY,169,0,169.0,
GRWDLFGLYDQDNYEY,169,0,169.0,
GRLDLFGKFDQDNYEY,167,0,167.0,
GKTWRYGYNHQDEYYY,167,0,167.0,
GRWDLFGSYDQDNFEY,167,0,167.0,
GRWDPFGKYDQDNYEY,167,0,167.0,
GRWNFYGRYEQDGYSY,167,0,167.0,
GRWDFFGYEYQEEYGY,166,0,166.0,
GRVWNFGLEYQYEYLY,166,0,166.0,
GRWLFRGYDYQSDYSY,166,0,166.0,
GRRDFYGAFEQESYDY,166,0,166.0,
GRNLYYGYHQQDEYDY,165,0,165.0,
GRWQFYGYYEQPLFDY,165,0,165.0,
GRWDLFGSYEQDTYYY,165,0,165.0,
GRWWTFGAGWQDDYPY,164,0,164.0,
GRWDFYGDYEQDNYEY,164,3,54.666666666666664,
GRWDLFGSLDQDNYEY,164,3,54.666666666666664,
GRWWCYGAGYQEEYFY,164,5,32.8,
GRWDRWGYYYQYNYYY,163,0,163.0,
GRNLNYGSELQWEYWH,162,0,162.0,
GRNLYYGFEDQNEYNY,160,1,160.0,
GRWDRHGEYDQYEYDY,160,0,160.0,
GRWDLFGSYDQCNYEY,160,1,160.0,
RRWDLFGSYDQDNYEY,159,0,159.0,
GRWDYYGVGDQYNYEY,158,0,158.0,
GRWDLRGYGEQDNYEY,154,0,154.0,
GRWYRYGPNDQTGYDY,154,0,154.0,
GRWDFYGAHEQESYYY,154,3,51.333333333333336,
GRNRRFGYADQHEYQY,154,0,154.0,
GRWDNYGSSDLEPYYY,154,0,154.0,
VRWDFYGAFEQESYDY,154,1,154.0,
GRVRAYGLDDLNEQYY,154,0,154.0,
GRWDLFGKLDQDAYEM,151,0,151.0,
GFYYIWGSSFQSLYNY,151,0,151.0,
GRWNRYGANDRDEYSY,149,1,149.0,
GRWDFYGAFEQESYHY,148,0,148.0,
GRWDLFGSYEQYNYAY,148,0,148.0,
GRWDYYGAEDQQEYDY,148,0,148.0,
GRWDNHGSSDQEPYYY,147,0,147.0,
GRWDLLGSYDQDNYEY,147,0,147.0,
GRWNRYGEQDQYNYDY,147,0,147.0,
GRWDLFGKLDQAAYNY,147,3,49.0,
GLSWRRGLNYQAEEDY,147,0,147.0,
GRWDYYGPYDQWDYNY,146,0,146.0,
GRVWRFGLQEQLEYYY,146,0,146.0,
GEWCTRGSSRQCLYYR,146,0,146.0,
GHWDLFGKFDQDNYEY,145,4,36.25,
GCWDLFGKYDQDNYEY,145,0,145.0,
GRWNFYGAFEQESYDY,144,0,144.0,
GRSWSYGFSDQSEYEM,144,0,144.0,
GEWWQYGSSMQCMYFF,143,2,71.5,
GRWDRHGAYNQYEYDY,143,1,143.0,
GRRDLFGSFDQDNYEY,143,0,143.0,
GKWNRFGQEDQAEYGY,143,0,143.0,
GRWNYYGYYEQYEYDY,142,2,71.0,
GRCLYYGPDDQNLHDY,142,2,71.0,
GRWDRHGACDQYEYDY,140,1,140.0,
GRWDMFGSFDQDNYEY,139,0,139.0,
GRWDLFGSYDQYEYDY,139,0,139.0,
GRWDLFGKFDQTNYAY,139,0,139.0,
GRWDYYGAYDQENYQY,138,0,138.0,
GRWDLYGSYDQDNYEY,138,0,138.0,
GRWDLFGPSDQENYHY,138,0,138.0,
GLWMYNGSSFQCRYWR,138,0,138.0,
GRWDLFGSFDLDNYDY,138,0,138.0,
GRWDLFGKFDQYNYEY,137,0,137.0,
VRVWNFGFSYQLEYYY,137,1,137.0,
GRTWRFGFEYQPDYEY,137,0,137.0,
GRNLSKGYPDQSEYCY,136,0,136.0,
GRWNRYGFEDQDNFDF,136,0,136.0,
GNWNYYGAYEQGNYSY,136,0,136.0,
GFYMFWGSSVQMCYYM,134,0,134.0,
GRWDFYGYYDQSEYSY,134,0,134.0,
GPVWRYGYEDQAEYYY,134,0,134.0,
GRWNRYGQEYQDEYDY,134,0,134.0,
GRWDYYGAYDQEDYEY,133,0,133.0,
GRWDLFGSFDQYGYRY,133,0,133.0,
GRWYLFGKYDQDNYEY,133,1,133.0,
GRWDYYGAYDQDEYLY,133,0,133.0,
GRWDLFGSFDQYLYDY,133,0,133.0,
GRWFHFGPENQWNYEY,133,0,133.0,
GRWDLFGSYDQRLYDY,132,0,132.0,
GRNLYFGASDQYDYEY,132,0,132.0,
GRWNRYGGEDQDSYYY,132,0,132.0,
GRWDLFGKLDRAAYDY,132,4,33.0,
GRWDLFGSYDQRNYYY,131,0,131.0,
GRWNRYGFDDQDNFDY,131,3,43.666666666666664,
GNSWIYGALVQIELEY,131,0,131.0,
GRWDLFGKLDQAAYDF,130,0,130.0,
GRPLRFVYEDQDTYAY,130,0,130.0,
GRNNYYGYYEQWEYDY,130,9,14.444444444444445,
GHSWRYGYDLQDEYEY,130,0,130.0,
GECWDFGSSRQCRYWR,129,0,129.0,
GRWDLFGKYDQDNYEC,129,0,129.0,
GRVWRYGFGDQLNYWY,128,0,128.0,
GRWDLFGKLDQDVYSY,128,3,42.666666666666664,
GLSYRYGFYQQLEYFY,128,0,128.0,
GRWFRFGADDQAEYEY,128,7,18.285714285714285,
GRWDYYGFYEQIEYSY,127,0,127.0,
GRWNRHGAYDQYEYDY,127,0,127.0,
GRWRYYGNHDQTEYEY,126,0,126.0,
GRWDLFGSYDQDNYAY,126,0,126.0,
GRAWNFGFAYQMEYEW,126,0,126.0,
GRWDYYGAYDQEEFEY,125,0,125.0,
GRWDLFGKDDRDAYSY,125,0,125.0,
GRINYYGYYEQYLSDY,125,0,125.0,
GRVLYRGYDWQWEYLY,125,0,125.0,
GRCDLFGKLDQDAYDY,125,0,125.0,
GRWDYYGNYEQYLYDY,125,0,125.0,
GRPNRYGYYDQSEYDY,125,0,125.0,
GKPWVFGKEDQFLYDY,124,0,124.0,
GRWDFYGSSSQDNYDY,124,0,124.0,
GKWWRYGNEDQDLYSY,124,11,11.272727272727273,
VFATHYGSSVQMKYEY,124,0,124.0,
GRWLRYGGGDQYEYFY,123,0,123.0,
GRWNLFGSFDQDNYEY,123,0,123.0,
GRTWLRGYSDQGEYYY,123,0,123.0,
GRWDLWGEYEQRAYKY,123,1,123.0,
GRWDLFGKFDHDNYEY,123,0,123.0,
GRNFNYGAEVQGNFKY,123,1,123.0,
GRWDLFGKLDQYEYDY,122,0,122.0,
GGWNYYGQYEQELYEY,122,0,122.0,
GRWDLFGSYDQRNYEM,122,0,122.0,
GRPNFYGYYEQHLYYY,122,1,122.0,
GRNEYYGYEYQKEYEY,122,0,122.0,
GRWDLFGKDDHDAYSY,121,0,121.0,
GRWDLFGKYDQDNYSY,121,0,121.0,
GFWWYNGSSFQDELYY,120,0,120.0,
GRWDLWGEYEQLNYEY,119,0,119.0,
GRWNRYGFEDQDNYEY,119,0,119.0,
GRVNYYGYSDQDDYRY,119,0,119.0,
GRWLWRGSIYQQDYYY,119,0,119.0,
GGWDYYGYYEQWLYNY,119,1,119.0,
GRWDLFGKYDQDAYSY,119,1,119.0,
GRWDLFGSSDQDNYDY,119,0,119.0,
GRWNYYGQYEQVNYDY,119,0,119.0,
GPVLRFGFEDQLEQFY,119,0,119.0,
GRWDRHGAYDQDEYLY,118,0,118.0,
GRWWNHGQSFQDEKLY,117,0,117.0,
GRWDLFGSFDQDDYEY,117,0,117.0,
GSWDLFGSYDQDNYEY,117,0,117.0,
GRWDFYGSFEQESYDY,117,0,117.0,
GFYWQYGSSFQCMYFF,116,0,116.0,
GRNLYYGYEEQYNYYY,116,9,12.88888888888889,
RRWDLFGSFDQDNYEY,116,0,116.0,
GRWDLFVKLDQDAYDY,116,4,29.0,
GRWFRYGFSDQYEYEY,116,0,116.0,
GRWDLFGLFDQDNYEY,115,0,115.0,
GRWWRYGYDDQHEYQY,115,0,115.0,
GRANFFGYYEQNLYRY,115,0,115.0,
GPAWRFGFDYQLEYQY,114,1,114.0,
GRVWKYGFLYQEEYYY,114,0,114.0,
GRWDFYGAFEHESYDY,114,0,114.0,
GRWDLWGEYEQRNYDY,114,0,114.0,
GRWDFYGSSDQSNYSY,114,1,114.0,
GRWYHYGQTDQSNYNY,114,0,114.0,
GRWDHYGYYDQSEYYY,113,2,56.5,
GRPDRFGQYEQDLYEY,113,0,113.0,
GRVWHYGSADQTEYNY,113,0,113.0,
GRTWRAGSDDQIEYEY,112,2,56.0,
GRWDLFGKYDQNNYEY,112,1,112.0,
GRWNRYGVGYQEEYDY,111,1,111.0,
GRWDLFGSFDLDNYEY,111,0,111.0,
GRWDLFGKPDQDAYDY,111,1,111.0,
GRVWRFGLDQQIEYYY,110,0,110.0,
GRWWRYGYEDQTEYYY,110,0,110.0,
GRWDRHGAYDQYNYSY,110,0,110.0,
GRWDYYGYSDQSEYYY,110,0,110.0,
GRWDLFGKLDQDAYTY,110,0,110.0,
GRWNFYGQHEQLNYEY,110,0,110.0,
GRWDLFGSYDQHNYEY,110,0,110.0,
GRWNHYGFEDQDNFDY,110,1,110.0,
GRNLLRGFSIQYEYLY,109,0,109.0,
GRWNRYGADYQEEYDY,109,1,109.0,
GRPWQYGYLHQENYLY,109,0,109.0,
GRWDNYGSIDQEQYYY,109,0,109.0,
RRWDRHGAYDQYEYDY,109,1,109.0,
GRWDLFGSYNQDNYEY,108,3,36.0,
GRWDYWGKEQQYEYNY,108,0,108.0,
GRWWRFGYRDQAEYLY,108,0,108.0,
GRWDRHGAYDQYKYDY,108,1,108.0,
GRWNRYGFEDQYNFDY,107,1,107.0,
GRWWRYGLNKQLEFEY,107,0,107.0,
GRWNFYGPQAQNLYDY,107,0,107.0,
GFYWHYGSSDQMEYYM,107,0,107.0,
GRWDYYGYYDQWNYDY,107,0,107.0,
GFAWHYGSSLQDEYEY,106,0,106.0,
GRWDRHGAYDQNEYLY,106,0,106.0,
GRWDLYGSFDQDNYEY,105,0,105.0,
GRWDLFGKYDQDNYEM,105,0,105.0,
GRWYRYGPLNQSLYRF,105,0,105.0,
GRWNYYGYYEQDSYDY,105,0,105.0,
GRWNLFGKYDQDNYEY,105,0,105.0,
GRWNRFGNEDQSNYDY,105,1,105.0,
GRWNYFGYYDQTDYEY,104,0,104.0,
GRWDLFGKYDQDEYSY,104,0,104.0,
GRWDRHGAYDQDEYDY,104,1,104.0,
GRSWRFGFYGQEEHEF,104,0,104.0,
GRWNFYGSYEQSEYHY,103,0,103.0,
GRWDLFGKLDQDSYDY,103,1,103.0,
GRWDLFESFDQDNYEY,103,0,103.0,
VRWDLFGKLDQDAYDY,103,1,103.0,
GRNGYYGYLNQSEYLY,103,0,103.0,
GRVWRFGLLDQIEYRY,102,0,102.0,
GRVWRFGLQDQAEYRY,102,1,102.0,
GRWDLFGSYVQDNYEY,102,0,102.0,
GRWWYYEPDEQFAHYY,102,0,102.0,
GRSWRRESLYQLEDQY,102,1,102.0,
GRWDLFGKYGQDNYEY,101,1,101.0,
GRWDPFGKLDQDAYDY,101,2,50.5,
GRWDYYGAYDQAEYEY,101,0,101.0,
GRWYQYGYDDQDEYYY,101,0,101.0,
GRWDLWGEYEQCAYEY,101,9,11.222222222222221,
GRLDLFGKDDQDAYSY,100,2,50.0,
GRWDLFGKYDQTLYEY,100,0,100.0,
GHWNRYGFEDQDNFDY,100,0,100.0,
GRWWRFGFRDQAEYLY,100,0,100.0,
GRWDLFGSYDQDLYRY,100,0,100.0,
GRWDYFGYYEQTEYEY,99,0,99.0,
GLWDLFGSFDQDNYEY,99,0,99.0,
GRWDVFGKDDQDAYSY,99,0,99.0,
GRWLWYGSSYQQNLEY,99,0,99.0,
GRVNFYGYYEQNLYEY,99,0,99.0,
GRNEYYGYSYQLVFDY,99,0,99.0,
GRWDLFGKLDQAAYEM,99,8,12.375,
GRPEYYGYNDQSHCEY,98,0,98.0,
GRWDLFGPYDQDNYEY,98,1,98.0,
GRWDYYGYYDQSEYFY,98,0,98.0,
GRWWRYGQEDQDEYEM,98,0,98.0,
GRRDLFGKYDQDNYEY,98,2,49.0,
GRWDLFGKFDQYSYRY,98,0,98.0,
GRWYFYGAHEQESYDY,98,0,98.0,
GRWDFYVAHEQESYDY,97,0,97.0,
GRWDRHGAYDQYEHDY,97,0,97.0,
GRWYLFGKLDQDAYDY,97,0,97.0,
GRWRYFGNFDQSLYEY,96,0,96.0,
GRSWRFGYSDQLTYEY,96,1,96.0,
GRWDYYGFSEQFDYDY,96,0,96.0,
GRWNFYGSYEQVNYEY,96,0,96.0,
VRVWRYGLDLQIEYEY,96,0,96.0,
GRWDLFGKLDQDNYEY,95,0,95.0,
GRWDRFGSYDQDNYEY,95,0,95.0,
GRTYRYGYDEQDEYEM,95,0,95.0,
GRWDLWGEYDQKLYEY,95,0,95.0,
GRWDLFGKYDQINYGY,95,0,95.0,
GRWNFFGGEDQASYDY,95,5,19.0,
GFTRFYGYLSQYEYDY,95,0,95.0,
GRPLRFGFDGQYGYGY,94,0,94.0,
GRVWRYGPDSQHSYRY,94,0,94.0,
GRWWRYGSNDQIEYDY,94,0,94.0,
GRWNFYGYYEQIEYDY,94,0,94.0,
GRWDLRGDSEQEEYEY,93,0,93.0,
GRSYIFVYNHQQEYDY,93,0,93.0,
GFYWFYGSSMQCMYYY,93,9,10.333333333333334,
GRWWRFGDSDQRNYAY,93,0,93.0,
GRWDLFRSYDQDNYEY,92,0,92.0,
GRPNFWGYDDQYLYDY,92,0,92.0,
GRWNRYGAGHQEEYDY,92,0,92.0,
GRWDLFVKFDQDNYEY,92,0,92.0,
GRWDYYGAHEQYLYDY,92,1,92.0,
GQWWSFGDSDQGEYEY,92,0,92.0,
GRWDLFGKDDQDNYEY,91,0,91.0,
GRGTYRGRAEQEEYYY,91,0,91.0,
GRWWRFGFEDQSEYLY,90,0,90.0,
GRCDLFGKFDQDNYEY,90,0,90.0,
GRWDLFGNFDQYEYEY,90,0,90.0,
GQWWSFGDSDQGEYDY,90,0,90.0,
GRWNYYGGEYQYDYFY,90,0,90.0,
GRNERFGYHYQLEYEF,90,0,90.0,
VFLYFMGSSYQCMYYQ,90,8,11.25,
GRWDLFGSYDQDHYEY,90,1,90.0,
GRWDFYGAFEQERYDY,89,0,89.0,
GRWDLFGKHDQDNYEY,89,1,89.0,
GRPNHYGYYDQANYVY,89,0,89.0,
GRWDLWGEYEQRVYEY,88,3,29.333333333333332,
GRTWRFGYIDQAEHYY,88,0,88.0,
GRPRSLGYYEQSLHDY,88,0,88.0,
GRWDLFGSYDQYNYTY,88,0,88.0,
GRWNYYGDYEQWQYHY,87,0,87.0,
GRWDRYGGEDQASYSY,87,0,87.0,
GRWNHWGDYEQYNYDY,87,0,87.0,
GRWNSYGFEDQDNFDY,87,1,87.0,
GFEWHYGSSDQAEYEY,87,0,87.0,
GRSRTFGLYDQTLYEY,87,0,87.0,
GRWDRAGYYEQFLYDY,87,0,87.0,
GRWDLFGKLDHAAYDY,86,1,86.0,
GRWFNYGEDDQYNYDY,86,0,86.0,
VRWDLFGKFDQDNYEY,86,0,86.0,
GRWDRHRAYDQYEYDY,86,0,86.0,
GHWDLFGKDDQDAYSY,86,0,86.0,
GCPYRYGYSDQGNYSY,86,0,86.0,
GRWDLFGKLDQAEYTY,86,0,86.0,
GRWDYYGQYEQYLYHY,86,0,86.0,
GRWDTFGSGDQSNYLY,85,0,85.0,
GRWDLHGAYDQYEYDY,85,0,85.0,
GRTWHLGYGDQGEYEY,85,0,85.0,
GREWRFGYTLQNEYYY,85,0,85.0,
GRWDLFGSFDQDKYEY,85,2,42.5,
GFYWVYGSSLQCWYFF,85,0,85.0,
GRWDYYGSDDQDLYKY,85,0,85.0,
GRKWRWGYNEQDEYEY,84,0,84.0,
GRWDLFGKLDQDAYQY,84,0,84.0,
GRWDRRGAYDQYEYDY,84,0,84.0,
GLSWSFGGSWQEEYDY,84,0,84.0,
GRWNRYGYADQNEYDY,84,0,84.0,
GRTFRYGNYFQEEYDY,84,0,84.0,
GRAWKYGYDFQIEYQY,83,4,20.75,
GRWWRYGYSDQIEYNY,83,0,83.0,
GRWDYYGPSDQDLYDY,83,0,83.0,
GRTWRFGFEDQDDYEY,83,0,83.0,
GRWDFCGAFEQESYDY,82,0,82.0,
GRWWRYGYEDQAEYYY,82,0,82.0,
GRWYQYGYWDQHEYDY,81,0,81.0,
GRWNFYGNYEQENYEY,81,0,81.0,
GRTWRFGFEDQNDYEY,81,0,81.0,
GRWNYYGYYEQYEYQY,81,8,10.125,
GRWDRHGAYDQREYSY,81,0,81.0,
GRPLWYGYSIQEFYHY,81,8,10.125,
GRWDHYGYYDQGEYQY,81,0,81.0,
GRNWRYGSSMQCLYFY,80,0,80.0,
GRWDLFGSYDQDNYEC,80,0,80.0,
GRWDFYGYYDQNEYEY,80,0,80.0,
GSWDLFGSFDQDNYEY,80,0,80.0,
GEWYSVGSSFQCRYWH,80,0,80.0,
GRSWNFGFSDQYEYVY,80,0,80.0,
GRLDLFGSYDQRNYEY,80,0,80.0,
GRWDLYGAFEQESYDY,80,0,80.0,
GRVWRFGQWYQDEFGY,80,0,80.0,
GRWDLYGKYDQDNYEY,79,0,79.0,
GRWDRHGAYDQCEYDY,79,0,79.0,
GRWDHYGYYDQSEYTY,79,0,79.0,
GRWDNYGSIDQEPYDY,79,1,79.0,
GNWDYFGSEYQESYRY,79,0,79.0,
GRWDLFGPFDQDNYEY,79,0,79.0,
GRWNRYGFEDHDNFDY,79,5,15.8,
GRWFKYGASDQSEYDY,79,1,79.0,
GRWNYYGPDDQTNYAY,78,0,78.0,
GRWNRYGFEDRDNFDY,78,0,78.0,
GRWWKFGELNQEEYSY,78,0,78.0,
GRNANFGFSYQYDYYY,78,0,78.0,
GRNQYYGFPEQHEYYY,77,0,77.0,
GRPLWNGYSWQFDYEY,77,0,77.0,
GNWNYYGYYDQLLYYY,77,0,77.0,
GRPNYYGYYEQYTYKY,77,0,77.0,
GFAWRYGSSMQCMYFF,77,1,77.0,
GRWWRFGETDQYEYYY,77,0,77.0,
GRWDNYGSSDQDLYDY,76,0,76.0,
GCWDLFGKFDQDNYEY,76,0,76.0,
GRWDFYGAFEQESHDY,76,0,76.0,
GRWDFYGAFEQESYDF,76,6,12.666666666666666,
GRWDRHGAYDQYECDY,76,0,76.0,
GRWDYWGPYEQYQYEY,76,0,76.0,
GRWDLFGKFDKDNYEY,76,1,76.0,
GRWDRHGAYDQYQYDY,75,1,75.0,
GRWDLFGIYDQDNYEY,75,0,75.0,
GRWHYYGSSDQELYEY,74,0,74.0,
GRWDYYGSYEQIEYEY,74,0,74.0,
GRNNYYGYYEQNDYDY,74,0,74.0,
GRWDLFGKDDQYAYSY,74,1,74.0,
GRWDLFGKYDQDDYEY,74,0,74.0,
GRWDNYGSSEQMMYEY,74,0,74.0,
GHWDFYGAHEQESYDY,73,0,73.0,
GRWDLFGSYDQDLYEY,73,0,73.0,
GRVWRYGLDIQEGYEY,73,0,73.0,
GRWDRHGAYGQYEYDY,72,0,72.0,
GRWDLFGKLDQDTYDY,72,1,72.0,
GCWDLFGKLDQDAYDY,72,1,72.0,
GRWDRHGAFDQYEYDY,72,0,72.0,
GRWNYYGEYDQGNYLY,72,1,72.0,
GRWYRYGYDDQQEYQY,72,0,72.0,
GRWDLFGSFEQYNYNY,72,0,72.0,
GRWNFYGRYEQTLYEY,72,0,72.0,
GRWDLFGSYDQDAYSY,71,0,71.0,
GRWNYYGKYEQINYDY,71,0,71.0,
GRWDFYGAHEQYLYDY,71,0,71.0,
GRLDFYGAHEQESYDY,71,0,71.0,
GRWDHYGYYDHSEYDY,71,1,71.0,
GRHLYFGADDQYELQY,71,0,71.0,
GRWDFYGAFEQYEYYY,71,0,71.0,
GRWDQFGSYDQDNYEY,71,2,35.5,
GRVNFYGYYEQHLYDY,71,6,11.833333333333334,
GRWNRYGAGYQEEYYM,70,0,70.0,
GFPWRFGYSDQNEYRY,70,0,70.0,
GRNNYRGSDYQGDQHY,70,0,70.0,
GRWNYYGFDDQQEYYY,70,0,70.0,
GRWDLFGKLDKDAYDY,70,1,70.0,
GRWDLFVKDDQDAYSY,70,0,70.0,
GRWDMFGKYDQDNYEY,70,0,70.0,
GRWDLFESYDQDNYEY,70,0,70.0,
GRLDLFGKLDQAAYDY,70,0,70.0,
GRPPWQGAFQQDLYNY,70,0,70.0,
GFMRYYGSSVQMKYYM,69,0,69.0,
GRWNYYGHYSQSEYWY,69,0,69.0,
ERWDLFGSYDQDNYEY,69,1,69.0,
GRWDNYGSSDQMMYEY,69,0,69.0,
GRWDLRGDSDQQLYDY,69,0,69.0,
GLPWIYGYRAQADYFY,69,0,69.0,
GRWNYYGPDDQYNYYY,68,0,68.0,
GRWDRHGAYDQYEYDC,68,0,68.0,
GRPLWYGYRLQGGYDY,68,2,34.0,
GLWDLFGKYDQDNYEY,68,1,68.0,
GRWNRYGAGFQEEYDY,68,0,68.0,
GRWNYFGGYSQDLYEY,68,0,68.0,
GRAWRYGYDEQGLYDY,68,0,68.0,
GRWDNYGSSDQALYEY,68,0,68.0,
GRWDLFGSFDQYEYEY,67,0,67.0,
GRWARYGYSDQYEYEY,67,0,67.0,
GRVWRFGFGYQDEYPY,66,0,66.0,
RRWDLFGKYDQDNYEY,66,0,66.0,
GRWDLFGKLDQDAHDY,66,0,66.0,
GRVWRYGLYDQGEFQY,66,0,66.0,
GRCNRYGFEDQDNFDY,66,1,66.0,
GRWDNYGSIDQELYRY,66,0,66.0,
GNWDYFGSEYQESYHY,66,0,66.0,
GRGRRYGYGDQDLLSY,66,0,66.0,
GFAEHYGSSVQMLYQY,66,0,66.0,
GRWNYYGYEEQSEYEY,66,1,66.0,
GEWWYFGSCRQCAYWW,66,0,66.0,
GLWDLFGKLDQAAYDY,66,0,66.0,
GREWRFGYTDQALYDY,65,2,32.5,
GRWLWWGAELQIEYQY,65,0,65.0,
GRPNYFGFDEQSLYDY,65,0,65.0,
GEWWCFGSSRQCEYYR,65,6,10.833333333333334,
GRCDFYGAHEQESYDY,65,0,65.0,
GRWNRYGFEDQDNFEY,65,0,65.0,
GEWWNFGSSRQCLYWR,65,4,16.25,
GRWDPFGSYDQRNYEY,65,0,65.0,
GRWNYWGYYEQDNYSY,65,0,65.0,
GRWDYYGARYQDEYEY,65,0,65.0,
GRWGRHGAYDQYEYDY,65,1,65.0,
GRWWRYGFSDQYDYLY,65,0,65.0,
GRWDLFGSFDQYLFDY,65,0,65.0,
GSWDRHGAYDQYEYDY,65,0,65.0,
GRWDRHGAYDQYEYQY,64,0,64.0,
GRWDLLGSFDQDNYEY,64,0,64.0,
GRNNYYGYDYQKEYSY,64,0,64.0,
GRWYLFGKFDQDNYEY,64,0,64.0,
GRWDYYGAYEQTLYDY,64,0,64.0,
GRWPYRGEADQSLYSY,63,0,63.0,
GRTLRYGAHLQEEYNY,63,0,63.0,
GRWDLFGSFDQDSYEY,63,0,63.0,
GRWDLFGKFDQDNHEY,63,0,63.0,
GRWDLFGSYDQDSYEY,63,0,63.0,
GRWDFYGAYDQYEYDY,63,0,63.0,
GRSLRYGSWFQEELQY,63,0,63.0,
GRWNYYGFYDQNEYEY,63,2,31.5,
GFPWRYGYYEQTEYEY,63,0,63.0,
GRWDFYGAYEQESYDY,62,0,62.0,
GRWDLFGNLDQDAYSY,62,0,62.0,
GRWDLFGSFDQGNYYY,62,0,62.0,
GRWDLFGKLDRDAYSY,62,1,62.0,
GCWDFYGAFEQESYDY,62,1,62.0,
GHVWRFGFWLQAEHYY,62,1,62.0,
GRWNYYGEYDQSNYDY,62,0,62.0,
GRWDYFGQFDQHTYDY,61,0,61.0,
GRWDLFGKFYQDNYEY,61,0,61.0,
GRWNRYGAGYKEEYDY,61,1,61.0,
GRWNYYGYYEQGDYPY,61,0,61.0,
GRNNYHGYNIQGEYQY,61,0,61.0,
GFPWRYGYFDQLEYEY,61,0,61.0,
GRWDLWGEYEQCNYEY,61,1,61.0,
GRWNRYGYLYQLEYDY,61,0,61.0,
GRNNYYGYNDQHEYYY,61,0,61.0,
GRWDLFGSIDQDNYEY,61,6,10.166666666666666,
GRWDLFGKLDQDEYGY,60,0,60.0,
GRSWRPGVYYQLEQLY,60,0,60.0,
GRPLWYGYSTQVDYSY,60,0,60.0,
GPPWIYGKENQNLYRY,60,0,60.0,
GFPWRFGYGYQYEYHY,60,0,60.0,
GRWDVFGKLDQDAYDY,60,0,60.0,
ERWDLFGSFDQDNYEY,60,0,60.0,
GRVWRYGLSYQQEYPY,59,4,14.75,
GRLNRYGFEDQDNFDY,59,0,59.0,
GRWDRHGAYDQSEYWY,59,0,59.0,
GRWARYGSDDQDTYSY,59,0,59.0,
GRWNRYGFEDQDNYDY,59,1,59.0,
GRWDLFGSFGQDNYEY,59,0,59.0,
GRWRYYGEDDQRNYSY,59,0,59.0,
GRWNYYGEYDQDNYNY,59,0,59.0,
GAWWIFGSSAQCAYYM,59,0,59.0,
GFEFRNGSSRQCRYRR,58,0,58.0,
GFWYYNGSSRQCMFWR,58,0,58.0,
GRWNYYGYNQQDEFEY,58,0,58.0,
GRVWYKGKYYQQEYKY,58,0,58.0,
GRPLSYGYPDQQGYEY,58,0,58.0,
GRWDLFGKYDQETYEY,58,0,58.0,
GRRDFYGAHEQESYDY,58,0,58.0,
GRWNHYGAGYQEEYDY,58,0,58.0,
GRWDLFGSFDPDNYEY,58,0,58.0,
GRWDRFGSFDQDNYEY,58,1,58.0,
GEYWIFGSSAQCAYWA,58,0,58.0,
GRWDLFGSYDQDAYDY,58,0,58.0,
GRWDFYGAHEPESYDY,58,0,58.0,
GRWDLFGSYYQRNYEY,57,3,19.0,
GRWNYYGFYEQDAYHY,57,0,57.0,
GRWDMFGKLDQDAYDY,57,0,57.0,
GRWNYFGQFYQSEYFY,57,0,57.0,
ERNHYFGYHQQYEYDY,57,0,57.0,
GRWDFYGAHERESYDY,57,1,57.0,
GRWNFYGYYEQENYEY,57,1,57.0,
GRNNYYGYTIQEESEY,57,0,57.0,
GRVLRYGYEYQALYRY,57,0,57.0,
GLWNYYGPYEQYLFDY,57,2,28.5,
GRWNRYGFYDQDYYDY,57,0,57.0,
GRNNYFGYYDQIGYSY,57,0,57.0,
GRWDFYGAFEQESFDY,57,0,57.0,
GEWWTFGSSMQCMYFF,56,0,56.0,
GLWDLFGKLDQDAYDY,56,0,56.0,
GRWDRHGAYDQFEYYY,56,0,56.0,
GRWHRYGFEDQDNFDY,56,0,56.0,
GRWWRYGFGDQLEYSY,56,0,56.0,
GRPLWRGYDEQDLYAY,56,0,56.0,
GRNLLRGFDAQYEYRF,55,0,55.0,
VRWNRYGFEDQDNFDY,55,0,55.0,
GRWDNYGSSDQEPYFY,55,0,55.0,
GRRDLFGKLDQDAYDY,55,0,55.0,
GRPWLRVYNNQETYNY,55,1,55.0,
GRWDLFGSFDQDNYEC,55,0,55.0,
GRWDFYGYYEQELYEY,55,0,55.0,
GRWWRFGFTYQEEYLY,55,0,55.0,
GRWDLFGSFNQDNYEY,54,1,54.0,
GRGWRFGFGWQLEYLY,54,0,54.0,
GRWDLFGKDDQDAHSY,54,0,54.0,
GHWDLFGSYDQRNYEY,54,0,54.0,
GRWNRYGACYQEEYDY,54,0,54.0,
GFRYHYGSSMQCMYFF,54,0,54.0,
GLVWRYGLTYQLEYEY,54,0,54.0,
GRNNYLGYEIQHEYFY,53,0,53.0,
GRWDLFGSFDQDHYEY,53,0,53.0,
GRWDLFGKDYQDAYSY,53,0,53.0,
GRWDRHGAYDQWDYEY,53,0,53.0,
GFRMHYGSSVQMEYYM,53,1,53.0,
GRWELFGSYDQDNYEY,53,0,53.0,
GRWDLFGKYDQDNYRY,53,0,53.0,
GRTWRFGFEDQSEYQY,53,1,53.0,
GRWNYFGQYEQWEYLY,53,4,13.25,
GFRCAFGSSVQMEYYM,53,0,53.0,
GRWDLWGEYEQRAYEM,53,0,53.0,
GRWDLFGKFDQDNYSY,53,0,53.0,
GRWWRYGNNDQYLYQY,53,0,53.0,
GRWWRFGYEDQNEYEY,53,0,53.0,
GRWFRYGASDQWKYEY,53,0,53.0,
GRLDLFGKLDQDAYSY,53,2,26.5,
GRWDLFGSFDQDEYAY,53,0,53.0,
GRNLYYGFGEQDEDEY,52,0,52.0,
GRWRYYGEDGQRNYEY,52,0,52.0,
GRWCYFGSGYQERFNY,52,0,52.0,
GFRLHYGSSVQDEYYM,52,0,52.0,
GRWNRYGAGYREEYDY,52,0,52.0,
GRWDLFGKDDQDAYRY,52,0,52.0,
GRWDLFGKFDQNNYEY,52,0,52.0,
GFCYRYGSSDQFKYEM,52,0,52.0,
GRWDPFGKFDQDNYEY,52,2,26.0,
GYNNYYGYDYQLEYEY,52,0,52.0,
GEWMRFGSSRQFRYWR,51,0,51.0,
GRNNYYGLENQEDYDY,51,0,51.0,
GRWDFYGEFEQESYDY,51,0,51.0,
GRNNFFGKYEQEEYSY,51,0,51.0,
GRSLRHGHGQQAEHLY,51,1,51.0,
GRPNGRGYYDQGLYEY,51,0,51.0,
GRWDFYGAFEQESYNY,51,1,51.0,
GRWDLFGKLDQDEYNY,51,1,51.0,
GRWDLFGSYDRRNYEY,51,0,51.0,
GHWDHYGYYDQSEYDY,50,0,50.0,
RRWDFYGAFEQESYDY,50,0,50.0,
GRWLYYGGHDQDEKEY,50,0,50.0,
GRWDLFEKLDQDAYDY,50,0,50.0,
GRWDRHGAYDQYVYDY,50,0,50.0,
GPWDFYGESVQSDYEY,50,0,50.0,
GRCDLFGKDDQDAYSY,50,0,50.0,
GRWNRYGADDQYEYLY,50,0,50.0,
GEWWMLGSSMQCLYFF,50,0,50.0,
GNWNYYGYYDQLQYYR,50,0,50.0,
GRWDFYGSSSQDSYDY,50,0,50.0,
GRWDLFRKYDQDNYEY,50,0,50.0,
GRWDLFGKLDLDAYDY,49,0,49.0,
GRWNRYGFYDQENYRY,49,0,49.0,
GRVLRYGLDDQDEFFY,49,1,49.0,
GRWDLFGKLDQATYDY,49,2,24.5,
RRSLNFGYIDQEEYGY,49,0,49.0,
GRWDYRGYGEQYDYEY,49,0,49.0,
GRWNYYGDKYQGNYYY,49,0,49.0,
GFCRYYGSSDQMEYEW,49,0,49.0,
GRWDFYGAHEQESYHY,49,0,49.0,
GFAYYMGSSYQCMYYF,49,0,49.0,
GRWDLYGKLDQDAYDY,49,1,49.0,
GRWWRLGVGDQEEYSY,49,1,49.0,
GNWDYFGSEYQEEYSY,48,0,48.0,
GRWNYFGSYSQYLYEY,48,0,48.0,
GFCLYMGSSVQMYYYM,48,1,48.0,
GRWDLFGKLDHDAYSY,48,0,48.0,
GRWLYYGGADQDLYRY,48,0,48.0,
GHWNRYGAGYQEEYDY,48,1,48.0,
GRWDYFGDYEQQLYDY,48,0,48.0,
GRWNLFGKLDQDAYDY,48,1,48.0,
GRWDNYGSSVQMEYYM,48,0,48.0,
GRWNRYGYDDQEEYSY,48,0,48.0,
GRVWRFGLEQQLEREY,48,0,48.0,
GRWDYYGNDDQDEYLY,48,0,48.0,
GRWDQFGSFDQDNYEY,48,0,48.0,
GRWDLLGKYDQDNYEY,48,0,48.0,
GRWNRWGYYEQVEYEY,48,0,48.0,
GRWRYYGASDQDAYDY,48,0,48.0,
GRWDLFGYQYQLDYEY,48,0,48.0,
GFYWHYGSSVQMKYEY,47,0,47.0,
GRVDFRGYYEQWEYEY,47,0,47.0,
GEMMVFGSSRQCLYFF,47,0,47.0,
GRWDLFGSSDQDNYEY,47,0,47.0,
GRNLYYGYDDQQNYPY,47,0,47.0,
GRWDLFGSYDLDNYEY,47,0,47.0,
GRWWRFGYHDQWEYDY,47,0,47.0,
GLPDRYGYVDQFEYPY,47,0,47.0,
GFAYRYGSSDQMEYHY,47,0,47.0,
GLPNFFGYYEQYLYDY,47,0,47.0,
GRVWRFGLQKHAEYLY,47,0,47.0,
GFAAHYGSSEQMMYDY,47,1,47.0,
GRWFTYGVSDQYEYEY,47,1,47.0,
GRPELFGYPEQDNYYM,47,0,47.0,
GRWLWRGPLDQVGYDF,47,0,47.0,
GRWDLFGKLDQEEYEY,47,0,47.0,
GRWDLFGTLDQDAYDY,47,0,47.0,
GRWDRHGTYDQYEYDY,47,2,23.5,
GRCDLFGKLDQAAYDY,46,0,46.0,
GRWWRYGSEDQAEYEY,46,1,46.0,
GRTWRYGYQDQMLYEY,46,0,46.0,
GEPNYFGYYEQYLYEY,46,0,46.0,
GFFAYYGSSYQCMYFF,46,0,46.0,
GRVWNYGFDFQLEYEY,46,0,46.0,
GRWFRFGADDQAEYYY,46,0,46.0,
GFAMHYGSSEQWGYDY,45,2,22.5,
GRWNLFGKFDQDNYEY,45,0,45.0,
GRWNYYGYDDQLEYEY,45,0,45.0,
GRRNRYGFEDQDNFDY,45,1,45.0,
GRWDHYVYYDQSEYDY,45,0,45.0,
GRWDYYGEYEQDSYDY,45,0,45.0,
GRWDMFGKFDQDNYEY,45,0,45.0,
GRWDLRGYSEQYLYEY,45,2,22.5,
GRSNRYGYLYQLEYKY,45,1,45.0,
GHWDYYGRYEQYDYEY,45,1,45.0,
GRWYRWGYYEQLEYDY,45,0,45.0,
GRWNRYVAGYQEEYDY,45,0,45.0,
GRPLRYGYYFQYDYHY,44,2,22.0,
GRWDLFRSFDQDNYEY,44,0,44.0,
GRSWVYGSEDQNEGQY,44,2,22.0,
GRWDYFGQFDQDNYEY,44,0,44.0,
GRWDLYGKFDQDNYEY,44,0,44.0,
GRWYRFGYEDQDEYEY,44,0,44.0,
GRWTYYGEYVQEDYYY,44,2,22.0,
GRWNFHGNYEQWLYEY,44,0,44.0,
GLNNYWGYYEQYVYDY,44,0,44.0,
GRWDRHGAYDQFEYRY,44,0,44.0,
GHPNFWGYGEQEEYHY,44,0,44.0,
GRLDHYGYYDQSEYDY,44,0,44.0,
GRWDLRGYSDQYLYDY,44,0,44.0,
GRWYYYGEGDQYNYEY,44,3,14.666666666666666,
GRVNYFGYYEQSEYDY,44,0,44.0,
GSWDLFGKYDQDNYEY,44,0,44.0,
GKWNRYGANDQDEYSY,44,0,44.0,
GRNNFYGYYEQYEYHY,44,0,44.0,
GRWFRWGYYEQVEYEY,44,0,44.0,
GRWDLFGKYDQDAYDY,44,0,44.0,
GRWDLFGKYDQDNYNY,43,0,43.0,
GRWDLWGEYEQRNYGY,43,0,43.0,
GRWDLFGSYDQTDYEY,43,0,43.0,
GNWFRYGYYEQYLYFY,43,0,43.0,
GLWDLFGKFDQDNYEY,43,0,43.0,
GRLDLFGSYDQDNYDY,43,0,43.0,
GRWWRYGSEDQAEYDY,43,0,43.0,
GRVLRFGLDYHIEYEY,43,1,43.0,
GRCDLFGSYDQRNYEY,43,0,43.0,
GRWWRYGAQDQDEYEM,43,0,43.0,
GPWDSYGGYEQDLYSY,43,0,43.0,
GRWDFYGAHEQGEYDY,43,0,43.0,
VRWDFYGAHEQESYDY,43,0,43.0,
GRWNRYGFEYQDNFDY,43,0,43.0,
GRWWRYGSGDQEEYLY,43,1,43.0,
GRWDLFGKLDQDLYDY,43,3,14.333333333333334,
GRWDYRGYGEQMKYEY,43,0,43.0,
GRWDLFGKLDQGAYDY,43,0,43.0,
GRWDLFGKYDQEGYAY,42,0,42.0,
GRWDCYGAFEQESYDY,42,0,42.0,
RRWDLFGKFDQDNYEY,42,0,42.0,
GRWLNYGPTYQDDYEY,42,0,42.0,
GRWDFYGSCDQSNYNY,42,0,42.0,
GRWWRFGYGDQAEYDY,42,0,42.0,
GHWDLFGKLDQAAYDY,42,2,21.0,
GRWNYYGGEDQDSYFF,42,0,42.0,
GFEWHWGSSVQMEYWM,42,0,42.0,
GRWNRYGFGDQDNFDY,42,0,42.0,
GRWDLFGKLDQAEYRY,42,0,42.0,
GFYWGYGSSMQCRYWR,42,0,42.0,
VRWDLFGKDDQDAYSY,42,0,42.0,
ARAWRFGYGWQLEYEY,42,0,42.0,
GRWDLFGKLDQDAYDC,42,0,42.0,
GRWNRYGAGYQEEYTY,41,0,41.0,
GRNWRFGYDDQGEYYR,41,0,41.0,
GRAWRFGYPDQNEYES,41,0,41.0,
GRWNRYGFEDLDNFDY,41,0,41.0,
GRWDLFGKYNQDNYEY,41,0,41.0,
GRWDLFEKYDQDNYEY,41,0,41.0,
GRVLRFGYWEQELFEY,41,0,41.0,
GRSLWFGAQYLLELAY,41,0,41.0,
GRWNYYGGEDQDSYHY,41,0,41.0,
GRWDFYGAFEQENYDY,41,0,41.0,
GRWDYYGEGNQYNYEY,41,1,41.0,
GRWDYFGQYYQDEYEY,41,0,41.0,
GRWWRYGFDDQYEYYY,41,0,41.0,
GLVWKFGLEYQYEYYY,41,0,41.0,
GRWDLFGKYDQYEYDY,41,0,41.0,
GFWYYNGSSVQCCYYM,41,0,41.0,
GRWDYYGAYDQYDYEY,41,0,41.0,
GFEWHYGSSDQMCYEW,40,3,13.333333333333334,
GRCNFYGSYEQENYEY,40,0,40.0,
GLPLWYGYEEQYLYDY,40,0,40.0,
GRWDLFGKDDQDEYSY,40,0,40.0,
GRWDHYGYYDQSEYNY,40,0,40.0,
VRWDLFGKLDQDAYSY,40,0,40.0,
GLWDFYGAFEQESYDY,40,2,20.0,
GRWFRFGSLDQVEHNY,40,0,40.0,
GRWNTYGNYEQNDFEY,40,0,40.0,
GRWNRYGANDQNEYSY,40,0,40.0,
GRWFLLGSDDQDTYNY,40,0,40.0,
GRWDYYGECDQYNYEY,40,3,13.333333333333334,
GRWNYCGSEDQIEKDY,40,1,40.0,
GRWDFYGAHEHESYDY,40,0,40.0,
GRWDLRGDSDQIEYDY,40,0,40.0,
GCWDLFGKDDQDAYSY,40,0,40.0,
GRWDPFGKDDQDAYSY,39,1,39.0,
GRWDLFGSVDQDNYEY,39,1,39.0,
GRWDYYGEYEQSNYPY,39,0,39.0,
GRWLRYGYADQVQYGY,39,2,19.5,
GRWYRYGYNYQEEYLY,39,0,39.0,
GFYWRYGPNDQYSYPY,39,0,39.0,
GRWFRFGFSDQVEYDY,39,0,39.0,
GRWNFWGNSEQFLYGY,39,0,39.0,
GRWFRFGSSVQMLYEY,39,0,39.0,
GRWFRYGAHDQSSYSY,39,0,39.0,
GRWFRYGYHDQGEYNY,39,0,39.0,
GRTWRYGYNNQSEYFF,39,0,39.0,
GRWDLFGSYDQDNCEY,39,0,39.0,
GRRNFYGSYEQENYEY,39,0,39.0,
GRWDFYGSSDQMEYYM,39,0,39.0,
GRWDLFGKLDQYAYSY,39,1,39.0,
GFPWRYGSYYQWNYDY,39,0,39.0,
GRWDLFGKYDQDHYEY,39,0,39.0,
GRWDFYGAREQESYDY,39,0,39.0,
GRWRYYGANDQDNYEY,38,0,38.0,
GRNLYYGYGGQYEYEY,38,0,38.0,
GRWNLFGALQQIEYDY,38,0,38.0,
GRWLWYGPEDQDELSY,38,0,38.0,
GRTWRFGYSYQAEYDY,38,0,38.0,
VRWDHYGYYDQSEYDY,38,1,38.0,
GRWDLFGQYDQDNYEY,38,2,19.0,
GNWDYFGSEYQESYQY,38,0,38.0,
GRVLRYGYYDQAEYWY,38,0,38.0,
GANNYFGYAEQYEYEY,38,0,38.0,
GRWDLSGSYDQDNYEY,38,0,38.0,
GRWKRYGASFQEDYYY,38,0,38.0,
GRWNFFGVYDQNNYSY,38,0,38.0,
GRAWRFGFADQELYQY,38,0,38.0,
ERWDRHGAYDQYEYDY,38,0,38.0,
GRWDYYGFYDQDLYEY,38,0,38.0,
GRWFRFGADDQAEYSY,38,0,38.0,
GRRDLFGKFDQDNYEY,38,1,38.0,
GRWDLFGKYDQDSYEY,38,0,38.0,
GRWDLFGKDVQDAYSY,38,0,38.0,
GRPPPRGYTEQQNFTY,38,0,38.0,
GRWDLFGSHDQRNYEY,37,1,37.0,
GEWWGFGSSYQCMYFF,37,0,37.0,
GFCPHYGSSVQMKYEY,37,0,37.0,
GRWAFYGSSDQSNYNY,37,0,37.0,
VRWDLFGSYDQRNYEY,37,2,18.5,
GRINYYGYYSQSLYDY,37,0,37.0,
GRPLWHGYSEQYLYDY,37,0,37.0,
RRWDLFGKLDQDAYDY,37,0,37.0,
GREWIYGKGEQFDYRY,37,0,37.0,
GRWDLFGSFDQDAYDY,37,0,37.0,
GRWDLFGSYDQDEYAY,37,0,37.0,
GRTWRFGYWDQFEYYM,37,0,37.0,
GRWDLFGQLDQDAYDY,37,0,37.0,
GRWDYYGQGDQYNYEY,37,0,37.0,
GRWDLFGKLNQDAYDY,37,0,37.0,
GRWNRYGFEDQDNFGF,37,0,37.0,
GRWNFRGFEEQSLYSY,37,0,37.0,
GRWDRHGAYDQYNYEY,36,0,36.0,
GRWNYYGGEDQESYWY,36,0,36.0,
GRNEYYGFYGQYDYKY,36,0,36.0,
GRWNSYGAGYQEEYDY,36,0,36.0,
GCWDYFGQYEQYLYNY,36,0,36.0,
GRWDLFGKFDQDDYEY,36,0,36.0,
GRWLYRGRIDQEDFDY,36,0,36.0,
GRWNRYGYEDQLEYDY,36,0,36.0,
GRWYLFGKDDQDAYSY,36,0,36.0,
GRNYYFGFRYQPEYDY,36,0,36.0,
GRWNYYGYYEQKLYFY,36,0,36.0,
GNWDYFGSEYQEEYRY,36,0,36.0,
GRVYRYGFYAQEELEY,36,0,36.0,
GGWDKYGGYEQQLYPY,36,0,36.0,
GCWNRYGFEDQDNFDY,36,1,36.0,
GRWNHYGFYDQNQYDY,36,0,36.0,
GRWTYFGPKDQDNYFY,36,0,36.0,
GEYWYNGSSEQMMYEY,36,0,36.0,
GHWDYYGEGDQYNYEY,35,0,35.0,
GRTDYYGYYEQGDYHY,35,0,35.0,
GRWDYYGRYEQDDYKY,35,0,35.0,
GRTAYYGYSDQYEYIY,35,0,35.0,
GRWNYYGAYEQGNYEY,35,2,17.5,
GRWELFGKYDQDNYEY,35,0,35.0,
GRWNRYGFEDPDNFDY,35,0,35.0,
GRWNYYGYYEQIQYDY,35,0,35.0,
GRWNRYGAGYQEEYNY,35,0,35.0,
GRNQYYGFENLEEYWY,35,0,35.0,
GRWWRYGYYDQNEYLY,35,0,35.0,
GRWDLFGKLDQDAYDS,35,0,35.0,
GRWDRYGPYTQYTYDY,35,0,35.0,
GRWWRFGDYEQYDYLY,35,0,35.0,
GRWDYYGRYEQSSYEY,35,1,35.0,
GRLDYYGEGDQYNYEY,35,0,35.0,
GRWDRHGAYDQYQYGY,35,0,35.0,
GRWLWYGPNVQIAYPF,35,0,35.0,
GRWLWRGPENQRHYDY,35,0,35.0,
GRWNRYGFEDQDNYSY,35,0,35.0,
GRWDLFGKLDQDEYEM,35,0,35.0,
GRWNYYGFEDQWEYSY,35,0,35.0,
GRWDFYGYYVQSLYDY,35,0,35.0,
GRTYRFGYNDQAEYQY,34,0,34.0,
GRCDYYGEGDQYNYEY,34,1,34.0,
GRAWKFGYDDQIEYDY,34,0,34.0,
GHWLRYGQKGQTSYDY,34,0,34.0,
GRWNRYGFEDKDNFDY,34,0,34.0,
GFPWRYGYHEQDEYKY,34,0,34.0,
GRWDLFGSFDQRNYEY,34,0,34.0,
GRWDLFGSYDKRNYEY,34,0,34.0,
GFRMHFGSSDQMQYEY,34,0,34.0,
GRNDFRGYYSQDDYEM,34,0,34.0,
GRWDLFGKFGQDNYEY,34,0,34.0,
GRWWWYGPDDQDNYNY,34,0,34.0,
GRWNFFGQYYQQSYYY,34,1,34.0,
GFRMCYGSSDQMMYYM,34,0,34.0,
GRWDLFGNDQQIEYDY,34,0,34.0,
GRWDFYGAFEQGSYDY,34,0,34.0,
GRWYNYGSSDQEPYYY,34,1,34.0,
GRINYYGEYDQDLYHY,34,0,34.0,
GRWNLFGKDDQDAYSY,34,0,34.0,
GRWDYYGYYDQSEYEM,33,0,33.0,
GRWLYYGPYRQDNYAY,33,0,33.0,
GFWLYNGSSRQDRYPR,33,0,33.0,
GRWDLFGSYGQRNYEY,33,1,33.0,
GRWDFCGAHEQESYDY,33,2,16.5,
GRWDYYGAFEQESYDY,33,0,33.0,
GRIWRYGYDEQGQYDY,33,0,33.0,
GRSYRLGLYQQIEYPY,33,0,33.0,
GRWDRYGFSLQHEYDY,33,0,33.0,
GRLNFYGPFYQNNYEY,33,0,33.0,
GFYWKYGSSIQWEYLY,32,0,32.0,
GRWNHWGNYEQYNYNY,32,0,32.0,
GRWDLFGKDDQDAYSH,32,0,32.0,
GRWFKYGASDQALYHY,32,0,32.0,
GRNLTYGYSDQYEYLY,32,0,32.0,
GRWFRYGASDQAEYEY,32,0,32.0,
VRWDLFGKLDQAAYDY,32,0,32.0,
GRWDLFGSFDQYEYDY,32,0,32.0,
GSWDFYGAFEQESYDY,32,0,32.0,
GRWDFFGSYEQDGYTF,32,0,32.0,
GRWDNYGSSDQEPYIY,32,0,32.0,
GFIRYYGSSVQMEYEW,32,0,32.0,
GEWWQFGSSRQCRYWY,32,0,32.0,
GRYRYFGFHFQLEYEY,32,0,32.0,
GRWWRYGQEDQHEYDY,32,0,32.0,
GRINFRGFYDQYNYDY,32,0,32.0,
GRWFNFGGDDQDSYYY,32,0,32.0,
GFYWFYGSSMQCMYEM,32,0,32.0,
GRWNRYGFYDQDNYYY,32,2,16.0,
GFLRYYGSSVQDDYEM,32,0,32.0,
GKPWRYGLYSQDLYSY,32,0,32.0,
GRWWHYGYEDQINYAY,32,0,32.0,
GRWDRFGKYDQDNYEY,31,0,31.0,
GFYWFYGSSFQCRYYR,31,0,31.0,
GRWDLFVKLDQAAYDY,31,0,31.0,
GEYWLFGSSRQCAYWA,31,0,31.0,
GRWNCYGFEDQDNFDY,31,1,31.0,
GRAWRFGFWGQHEHPY,31,0,31.0,
GRWDFYGAFEQEGYDY,31,0,31.0,
GRNLYYGYSGQYEYQY,31,0,31.0,
GRVNYYGLRDQYEYEY,31,0,31.0,
GRPLYKGFLDQWNYSY,31,0,31.0,
GRWDLFGKLDQVAYSY,31,0,31.0,
GRWDLSGKYDQDNYEY,31,0,31.0,
GKVWRFGFEWQDDYDY,31,0,31.0,
GHWDLFGKLDQDAYSY,31,1,31.0,
GRWNFYGGYEQDNYEY,30,1,30.0,
GRWFRFGSDSQELYEY,30,0,30.0,
GRWDRHEAYDQYEYDY,30,0,30.0,
GRWDRYGPYNQYTYDY,30,0,30.0,
GRNLNYGGLSQLEYEM,30,0,30.0,
GFDYRYGSSMQMIYEM,30,1,30.0,
GRNEYFGYSYQNEYDY,30,0,30.0,
GRTFSYGYDYQQEYEY,30,0,30.0,
GRWDLFGKDDQDSYSY,30,0,30.0,
VRWDYYGEGDQYNYEY,30,0,30.0,
GRAWRFGYWDQIEYWY,30,0,30.0,
GRWYRHGSEEQDNYSY,30,0,30.0,
GRWDLWGEYEQRLYEY,30,0,30.0,
GRWDNYGSSDQEPYEY,30,0,30.0,
GRWDYWGKEQQYDYDY,30,0,30.0,
GRWNYYGFEDQGEYYY,30,0,30.0,
GRWYHHGPTDQINYSY,30,0,30.0,
GRWDYYGYDDQYDYAY,30,0,30.0,
GLSWRFGYSDQWDYFY,30,0,30.0,
GRWDYYGAYDQDNYLY,30,0,30.0,
GRSYRLGLYQQMMYAY,30,0,30.0,
GRWLYRGELDQDLYQY,30,0,30.0,
GRWNYFGAFDQEEYGY,30,2,15.0,
GRWDLRGDSDQDLYEY,30,0,30.0,
GRVLNYGFDFQLEHAY,30,0,30.0,
GRPLYYGPYEQFNYDY,30,0,30.0,
GRWLYFGPSEQEHYHY,30,0,30.0,
GRWYLFGSYDQRNYEY,30,0,30.0,
GRWDLFGKPDQAAYDY,30,2,15.0,
GRTYRFGYHWQLEYEY,29,0,29.0,
GFPWKFGYRLQAEYFY,29,0,29.0,
GRWDFYGAFELESYDY,29,0,29.0,
GREWIYGKFIQEEYYY,29,0,29.0,
GRWDFYGAFGQESYDY,29,0,29.0,
GRNNYRGYIFQEEDSY,29,0,29.0,
GRWELFGSFDQDNYEY,29,0,29.0,
GRWWRYGPWDQESYEY,29,1,29.0,
GRAWRFGFADQAEYSY,29,0,29.0,
ERWDLFGKYDQDNYEY,29,0,29.0,
GRWDLFGKDGQDAYSY,29,1,29.0,
GRWDLFGKYDQYSYEY,29,0,29.0,
GRWDFYGAFEQESYAY,29,0,29.0,
GRWDLLGKLDQDAYDY,29,0,29.0,
GRWDNYGSSDREPYYY,29,0,29.0,
GRNEYRGLYQQYEYFY,28,0,28.0,
GRWDLFGKLDQDVYEY,28,0,28.0,
GRWYRYGGHDQDNYLY,28,0,28.0,
GRWDRHGAFEQESYDY,28,0,28.0,
GFWYYKGSSFQCRYWY,28,0,28.0,
GRWDLFGSYDRDNYDY,28,0,28.0,
GRWWRYGSLDQVEYNY,28,0,28.0,
GEGNYFGYYEQYLYNY,28,0,28.0,
GRPNFKGYDEQELYDY,28,0,28.0,
GRWDHYGYYDQSEYEM,28,0,28.0,
GRWDLFGSYDQYNYDY,28,0,28.0,
GRWNFYGQDDQYNYEY,28,0,28.0,
GRWDFYGSHEQESYDY,28,0,28.0,
GRWNYKGARDQANYPY,28,0,28.0,
GRPWRYGYLDQADYHY,28,0,28.0,
GRWNYYGGEDQDSYLY,28,0,28.0,
GRWDLFGSYDQYNYGY,28,0,28.0,
GRWDLFGKLDQDACDY,28,0,28.0,
GRWNFYGAHEQESYDY,28,0,28.0,
VRWLYYGPDYQQRYTY,28,0,28.0,
GRWDLFGTFDQDNYEY,28,0,28.0,
GRWLWFGPHEQLSYYM,28,0,28.0,
GRWDLFGKDDKDAYSY,28,0,28.0,
GRWNHFGWYEQYLYEY,27,0,27.0,
GRWWRYGERDQDEYLY,27,0,27.0,
GRWNFYGSYEQDNFDY,27,0,27.0,
GRWDYYGGGDQYNYEY,27,1,27.0,
GRWWRFGGGDQLEYNY,27,0,27.0,
GRWLWFVPDDQDKYYY,27,1,27.0,
GRWDFYGANEQESYDY,27,0,27.0,
GRTWRFGFEYQLEYGY,27,0,27.0,
GRWNFYGCYEQENYEY,27,0,27.0,
GRWCRFGATDQNEYLY,27,0,27.0,
GRCDHYGYYDQSEYDY,27,0,27.0,
GHWNFYGSYEQENYEY,27,0,27.0,
GFYWRYGSSVQDEYHW,27,0,27.0,
GPWDLFGKLDQDAYSY,27,0,27.0,
GRVWRFGLYEQEEYFY,27,1,27.0,
GRWYKYGPFDQDNYNY,27,0,27.0,
GRWWRFGFADQAEYDY,27,0,27.0,
GRWDYYGYSFQSEYEY,27,0,27.0,
GRWNRYGFEDRDNFGY,27,1,27.0,
GRWQTYGGVWQAEHLY,27,0,27.0,
GRWDLFGSFDQDNLEY,27,0,27.0,
GRTLRKGYGGHLEYFY,27,0,27.0,
GFYWMYGSSMQCRYYR,27,0,27.0,
GRWNRYGFEDQNNFDY,27,0,27.0,
GRGWRYGFGWQQEYGY,27,0,27.0,
GRWDYYGYYEQYLYAY,27,0,27.0,
GRWDLFGKDDQDAYDY,27,0,27.0,
GAWNLFGNLWQDLYPF,27,0,27.0,
GFARHYGSSVQMEYEY,27,0,27.0,
GRTWRYGYFNQDEYFY,27,0,27.0,
GRNNYYGYDYQKEYDY,27,0,27.0,
GRWDNYGSSDQEQYYY,26,0,26.0,
GRWWRHGASDQGLYYY,26,1,26.0,
GRVWRYGLSDQYEYDY,26,0,26.0,
GRWDLVGSYDQDNYEY,26,0,26.0,
GRWDFYGEHEQESYDY,26,0,26.0,
GRWDLYGKDDQDAYSY,26,0,26.0,
GRWNHYGFYDQDNYDY,26,0,26.0,
GFWLYNGSSRQCMYWR,26,0,26.0,
GRWDLFGSYYQDNYDY,26,1,26.0,
GLWDLFGKDDQDAYSY,26,0,26.0,
GRWDLFGKYDQRNYEY,26,0,26.0,
GRNWRYGYEYQYEYEY,26,0,26.0,
GCWDFYGAHEQESYDY,26,0,26.0,
GRWDLFGSYDQDNFDY,26,0,26.0,
GRVWRFGLHEQEEYYR,26,0,26.0,
GRCDLFGKLDQDAYSY,26,0,26.0,
GRWDHYGYYEQELYDY,26,0,26.0,
GRWDLFGKLDPDAYDY,26,0,26.0,
GRNNFFGYYDQYNYRY,26,0,26.0,
GRWDFYGSSDQSSYNY,26,0,26.0,
GFELHLGSSVQMEYYR,26,0,26.0,
GRNWRYGYEYQDEYNF,26,0,26.0,
GRWNHYGFEDQDNFGY,26,0,26.0,
GRWLRYGHDDQLEYDY,26,0,26.0,
GRNLSKGYPDQSEYYF,26,0,26.0,
GRRNRYGAGYQEEYDY,26,0,26.0,
GRWDLFGGEEQSNYEY,26,0,26.0,
GRWDLFRKLDQDAYDY,26,0,26.0,
GRVWRYGPDYQPTYRY,26,0,26.0,
GRWYRFGKEDQSNYDY,26,0,26.0,
GRWYRFGGGDQLEYYY,26,0,26.0,
GFWSYNGSSRQCEYRR,26,0,26.0,
GRWFNYGQSDQDEYDY,26,0,26.0,
GRWNRYGFEDQDNLDY,26,0,26.0,
GRTWRFGYSDQAEYLY,26,0,26.0,
GRPNYYGYSDQEGYRY,26,0,26.0,
GRWNYYGPELQEDFSH,25,0,25.0,
GRWWRYGYNEQDEYNY,25,0,25.0,
GLSNVFGYDDQWEYPY,25,0,25.0,
GRWDLFGSYDHRNYEY,25,0,25.0,
GRWNCYGAGYQEEYDY,25,1,25.0,
GRWDLFGSFDQHNYEY,25,0,25.0,
GRTWRYGSEFQGQYDY,25,0,25.0,
GFRWHYGSSDQMEYEM,25,0,25.0,
GRVNYFGYYEQDLFDY,25,0,25.0,
GRPWQYGYWYQAEYDY,25,0,25.0,
GRWFYYGPDDQSSYYF,25,0,25.0,
GNPFRFGFLDQAEYHY,25,0,25.0,
GRWDLFGKLDQAACDY,25,1,25.0,
GCTWRFGYSDQDDYAY,25,0,25.0,
GRWDLFGKYDQDGYLY,25,0,25.0,
GRWDRFGKLDQDAYDY,25,1,25.0,
GRTWRYGYGHQDEYSY,25,0,25.0,
GRWDYYGEGDQYNYEF,25,0,25.0,
GRNQYYGYYYQLEYHY,25,2,12.5,
GFYWVYGSSEQHKYEM,25,0,25.0,
GRWFRYGYNWQQEFNY,25,0,25.0,
GRWDLFGKLDQDEYSY,25,0,25.0,
GRWDFYGACEQESYDY,25,0,25.0,
GRWNFYGSYEQENYSY,24,0,24.0,
GRCNRYGAGYQEEYDY,24,0,24.0,
GRANFFGYYEQCLYFF,24,0,24.0,
GAWWSFGSSRQCRYWR,24,0,24.0,
GRVNYFGYSEQWLYEY,24,0,24.0,
GEWWHFGSRRQCRYWW,24,0,24.0,
GRNRYLGFDDQLEYEY,24,0,24.0,
GRSLRFGFDQQDEYQY,24,0,24.0,
GRWDFYGAHEQESHDY,24,0,24.0,
GRWNRYGFEDHDNFGY,24,0,24.0,
GRWLQFGYEFQYEYSY,24,0,24.0,
GRWERHGAYDQYEYDY,24,0,24.0,
GRLNRYGAGYQEEYDY,24,0,24.0,
GFCWHYGSSEQMVYYM,24,0,24.0,
GRWDLFGSCDQRNYEY,24,0,24.0,
GRWNRYGAYDQYEYDY,24,0,24.0,
GRLNFYGSYEQENYEY,24,0,24.0,
GRWDLFGKLDQTAYDY,24,0,24.0,
GRWDLFGSFDQDAYSY,24,0,24.0,
GRENYNGKYYQAEFSY,24,0,24.0,
GRWPWYGPSYQETYRY,24,0,24.0,
GRPNYWGYYDQSLYEY,24,0,24.0,
GRWDHYGYYDQDNYEY,24,1,24.0,
GRWDLFGKLDLAAYDY,24,0,24.0,
GRWDHHGAYDQYEYEY,24,0,24.0,
GRWDLWGEYEQRNYKY,24,0,24.0,
GRRNFYGGYEQENYEY,24,1,24.0,
GRWDLFGSNDQDNYEY,24,0,24.0,
GRWDLFGSYDHDNYDY,24,0,24.0,
GSWDLFGKFDQDNYEY,24,0,24.0,
GRWDHYGYYYQSEYDY,24,0,24.0,
GLWDYYGRYEQTTYEY,24,0,24.0,
GRNNYFGYYEQGDYGY,24,0,24.0,
GRVWRYGFYDQEEHEY,24,0,24.0,
GRWNYYGFYEQGLYEY,24,0,24.0,
GRWFKYGASDQEEYDY,24,0,24.0,
GRCNRYGFEDQDNFGY,24,1,24.0,
VRWDLFGSYDQDNYDY,24,0,24.0,
GRWDPHGAYDQYEYDY,24,0,24.0,
GRWDFYGALEQESYDY,24,0,24.0,
GRWNRYGPIEQWNYDY,23,0,23.0,
GRWNFYGGYDQDNYQY,23,0,23.0,
GRWDLFGSYHQDNYEY,23,0,23.0,
GRWDLFGSFDQDNYTY,23,0,23.0,
GFPWRFGYGDQLLYEY,23,0,23.0,
GTSNYYGAWDQNLYFF,23,0,23.0,
GRWDYFGRYEQWSYDF,23,0,23.0,
GFYWTYGSSVQCKYEY,23,2,11.5,
GNWFRFGYEEQYEYQY,23,0,23.0,
GRSWNYGFTYQIEYYY,23,0,23.0,
GRWDYFGDYEQYDYDY,23,0,23.0,
GRWWRYGNWDQYLYDY,23,1,23.0,
GFAWHYGSSDQLEYYY,23,0,23.0,
GRWDLFGSFDQDNCEY,23,0,23.0,
GFPWHYGYPYQSEYEY,23,0,23.0,
GRWNFYGGYEQENYQY,23,0,23.0,
GRWDLRGDSEQWLYEY,23,0,23.0,
GRWWRYGPEDQYAYEY,23,0,23.0,
GRWDLFGKLDQAAHDY,23,0,23.0,
GRWNYFGYGIQNLYEY,23,0,23.0,
GRWDLFGKLDQDAYIY,23,1,23.0,
GRWLWYGPIIQNWYEY,23,0,23.0,
GHWNRYGFEDQDNFGY,23,1,23.0,
GRWDLWGEYEQRAYIY,23,0,23.0,
GRWNFWGNYEQYLYEY,23,0,23.0,
GRWLYRGPEEQAEYNY,23,0,23.0,
GRWDLFGSYDQDIYEY,23,1,23.0,
GRWDFYGTFEQESYDY,23,0,23.0,
GKPWRFGYHDQWEYDS,23,0,23.0,
GRWDFYGQRDQDNYSY,23,1,23.0,
GRRNYYGAYEQYLFDY,23,1,23.0,
GRWDLFGLYDQRNYEY,23,0,23.0,
GRWDFHGAFEQESYDY,23,0,23.0,
GRNLYRGRDGQYEYAY,23,0,23.0,
GRTYRYGYNWQIEYEY,23,0,23.0,
GRNYRFGYPEQKEYDY,23,0,23.0,
GRWYRFGYNDQAEYEY,23,0,23.0,
GEWMYNGSSFQCRYYH,23,2,11.5,
GPWDLFGSYDQDNYEY,23,0,23.0,
GRLNYYGYTEQETYVY,23,0,23.0,
GCVYSFGSFYQIEYLY,23,1,23.0,
GFFMFYGSSYQCLYYM,23,0,23.0,
GRWDLFGSYDQDEYEY,23,0,23.0,
GRWWRYGYDDQYEYNY,23,0,23.0,
GFPWRYGYNDQYDYQY,23,0,23.0,
GRWDYYGFHEQQNYEY,23,0,23.0,
GHWDLFGSYDQDNYDY,23,0,23.0,
GRWDRYGLDYQIEYEY,23,0,23.0,
GRWDRAGYYEQDLFDY,23,0,23.0,
GRWWRFGNSDQIEYSY,23,0,23.0,
GRSDLFGSYDQDNYEY,23,1,23.0,
GRNWRYGYGNQAEYEY,23,1,23.0,
GRWWRYGPYDQNSYRY,23,0,23.0,
GRWDPFGKLDQAAYDY,23,1,23.0,
GEWWRFGYNNQDEYIY,23,0,23.0,
GRPNYYGYDDQRLYGY,23,1,23.0,
GFYYIWGSSFQLEYQY,23,0,23.0,
GRWDLFGQFDQDNYEY,23,1,23.0,
GRWDTFGSGDQSNYQY,22,0,22.0,
GRWDFYGAFDQDNYEY,22,0,22.0,
GRWDLCGSFDQDNYEY,22,0,22.0,
GRWNRHGFEDQDNFDY,22,0,22.0,
GRWNRYGQEDQDSYRY,22,0,22.0,
GRWDRAGYYDQELYDY,22,0,22.0,
GRWDLFGKLYQAAYDY,22,1,22.0,
GRWNYYGGLYQAEYEY,22,1,22.0,
GRWNYYGFYEQPLYNY,22,0,22.0,
VRWNRYGAGYQEEYDY,22,0,22.0,
GRWNYYGPYDQINYGY,22,0,22.0,
GRGNRFGYSDQELYRY,22,0,22.0,
GRNNYYGYEAQDNYEY,22,0,22.0,
GEWYKWGSSRQCRYWR,22,0,22.0,
GRSWIFGSSDQYDYDY,22,0,22.0,
GRWDLFGKLDQAAYGY,22,0,22.0,
GRSWKYGDTYQLEREY,22,0,22.0,
GRWNFYGSYEQENYKY,22,1,22.0,
GRWDLFGKLDQAEYEW,22,0,22.0,
GRWFRYGYSDQTEYEY,22,0,22.0,
GRNEYYGYYFQEDYQY,22,0,22.0,
GMYMYNGSSRQCEYRR,22,0,22.0,
GRGDLFGSFDQDNYEY,22,0,22.0,
GRNQYYGFPEQDEYCY,22,0,22.0,
GRWNYYGYYEQTLSEY,22,0,22.0,
GRWDHYGYYDRSEYDY,22,0,22.0,
GRPWLYGYEYQDRYGY,22,0,22.0,
GRWFYYGPGYPGEYLY,22,0,22.0,
GFAMYMGSSEQMEYEM,22,0,22.0,
GRWDRHGAYEQESYDY,22,0,22.0,
GRWDLLGKFDQDNYEY,22,1,22.0,
GRWNYYGAYEQHLYDY,22,0,22.0,
GRWNYYGNHEQRNYDY,22,0,22.0,
GRWDLCGSYDQDNYEY,22,0,22.0,
GRNMYYGYDYQDEYSY,22,0,22.0,
GRWDLFGKQDQDAYDY,22,0,22.0,
GRWNRYGHSEQDLYDY,22,0,22.0,
GRWGLFGSYDQDNYEY,22,0,22.0,
GRPLWLGYEEQPLYEY,22,0,22.0,
GPWLYFGERLQGHFEY,22,0,22.0,
GRWHLFGSYDQDNYEY,21,0,21.0,
GRWQYYGNEQQASYYY,21,0,21.0,
GRCNFYGGYEQENYEY,21,0,21.0,
GRWDLFGSFDQDNFDY,21,0,21.0,
GRWDLFGKFDQDKYEY,21,0,21.0,
GRWDLFVSYDQRNYEY,21,0,21.0,
GRWNFYGSHEQENYEY,21,0,21.0,
GRWFYFGPLIQGDYEY,21,0,21.0,
GRWDYYGYYAQSEYDY,21,0,21.0,
GRWDRHGAYDQYEYIY,21,0,21.0,
GRWNRYGANDQVEYEY,21,0,21.0,
GRWNRYGFEDQDNIDY,21,0,21.0,
GPVWRFGFEDQLEQFF,21,0,21.0,
GRNEYFGLEWQDEHHY,21,0,21.0,
GRWWRYGAGDQAEYDY,21,0,21.0,
GRPQYRGYIDQGEYRY,21,0,21.0,
GRWNRYGAGYHEEYDY,21,0,21.0,
GRVWRYGFGYQIEYHY,21,0,21.0,
GRVWRYGYYDQEDYEY,21,0,21.0,
GRWDRNGAYDQYEYEY,21,0,21.0,
GRWLKYGYYEQVNYSY,21,0,21.0,
GRWDLFRKFDQDNYEY,21,0,21.0,
GRWDFYGAHEQERYDY,21,0,21.0,
GRWNYYGQYDQDQYDY,21,0,21.0,
GCWDLFGSYDQRNYEY,21,0,21.0,
GRPNYYGYEDQDEHSY,21,0,21.0,
GRWNYYGYYEQNEYNY,21,0,21.0,
GRWDLFGSYDQDNYQY,21,0,21.0,
GRWDPFGKLDQDAYSY,21,0,21.0,
GRWDLFGSYDQRNHEY,21,0,21.0,
GNWRYWGSLDQTLYLY,21,1,21.0,
GEMLIFGSSDQMKYEY,21,0,21.0,
GFPWRYGYHSQDEYSY,21,0,21.0,
GFCQYYGSSMQMEYEM,21,0,21.0,
GRWFRFGADDQAEYDY,21,0,21.0,
GRWNYYGPYDQSKYYY,21,0,21.0,
GRWNYFGNFDQYEYDY,21,0,21.0,
GRWDFYGAFEQESYDC,21,0,21.0,
GRWLYYGRYDHIDYDY,21,2,10.5,
GRWNRYVFYDQDNYDY,21,0,21.0,
GRWDFYGYYEQDNYDY,21,1,21.0,
GRWNFYGFEDQDNFDY,21,0,21.0,
GRNLYFGYEDQEEYSY,20,0,20.0,
GCWDLFGKLDQAAYDY,20,0,20.0,
GRWNYYGYYDQDSYDY,20,0,20.0,
GRRDLFGKDDQDAYSY,20,0,20.0,
GEWMYNGSSFQCLYYR,20,0,20.0,
GRNLYYGYDHQYEYYY,20,0,20.0,
GRWLYRGESDQCLYFF,20,0,20.0,
VRWDNYGSSDQEPYYY,20,0,20.0,
GRWDLFGSFDRDNYDY,20,0,20.0,
GRWELFGKLDQDAYDY,20,0,20.0,
GRNWYFGNWIQSEYLY,20,0,20.0,
GRWWRHGGEDQDSYYY,20,0,20.0,
GRPNFWGYYEQYLYRY,20,0,20.0,
GRWDLFEKFDQDNYEY,20,0,20.0,
GPWDYYGPSYQFDFLY,20,0,20.0,
GRWDLFGKDDQDAYGY,20,0,20.0,
GRNLYFGFEEQIEYQY,20,0,20.0,
GRNNYYGYNDQVNYPY,20,0,20.0,
GRTWRYGYSDQDDYRY,20,1,20.0,
GRPTWRGYYEQEQYFF,20,0,20.0,
GRNNRYGFYSQDEYYY,20,0,20.0,
GRWDYYGYNEQSNYSY,20,1,20.0,
GRWNLYGSYEQENYEY,20,0,20.0,
GRWDLFGKLDQEAYDY,20,0,20.0,
GRWDPFGSYDQDNYDY,20,0,20.0,
GRWDLYGAHEQESYDY,20,0,20.0,
GRGLWRGYEFQIDYDY,20,0,20.0,
GFCYHMGSSVQDLYYM,20,0,20.0,
GFYWAYGSSIQYEYYY,20,0,20.0,
GRWYRYGSDYQEEYEY,20,0,20.0,
GKPWRYGYEYQNEYWY,20,0,20.0,
GRWDMFGKDDQDAYSY,20,0,20.0,
GRWDLFGTLDQAAYDY,20,0,20.0,
GRWNYYGYYEQREYEY,20,0,20.0,
GRPNYYGYYEQDNYPY,20,0,20.0,
GRWNFYVSYEQENYEY,20,1,20.0,
GRPNKYGFFDQRLYEY,20,0,20.0,
GRWNYYGSSDQMEYEM,20,0,20.0,
GRWWRFGASDQYEYFY,20,0,20.0,
GRWDFYGWEDQYNHDY,20,1,20.0,
GRWNFYGSYEQENYYY,20,0,20.0,
GRWDLFGTDDQDAYSY,20,1,20.0,
GRVYRYGLDDQEEYPY,20,1,20.0,
GRWFRYGFDDQDEYEY,20,0,20.0,
GRPNYYGYSDQLEYEY,20,0,20.0,
GRWDHYGYCDQSEYDY,19,0,19.0,
GRWDRHGADDQYEYDY,19,0,19.0,
GRWDYYGAYDQYEYDY,19,0,19.0,
GRWDYFGQYEQSLYEY,19,0,19.0,
GFTMHYGSSVQMMYAY,19,1,19.0,
VRWWRYGPDYQVDYYY,19,1,19.0,
GRNHYFGYSDQSEYYY,19,0,19.0,
GHWDYYGYYDQFEYDY,19,0,19.0,
GRPNFWGYGEQEEYGY,19,0,19.0,
GCWQYFGRDDQVNYPY,19,0,19.0,
GRWDLFGKLDPAAYDY,19,0,19.0,
GRWNYFGDYEQDLYYY,19,0,19.0,
GRNFRYGFEEQSEYRR,19,0,19.0,
GFCTHYGSSVQMMYFF,19,0,19.0,
GRIQYKGNDDQDEFSY,19,0,19.0,
GRWDPWGEYEQRNYEY,19,0,19.0,
GRWLWYGSTSQLRYSY,19,1,19.0,
RRWDFYGAHEQESYDY,19,0,19.0,
GRWDLFGSFDQDNNEY,19,0,19.0,
GRWDRHGAYDQESYDY,19,0,19.0,
GRNLLFGYEYQEEYHY,19,0,19.0,
GRWNYYGFYEQYLYSY,19,0,19.0,
GRWDLFGKLDQDAHSY,19,0,19.0,
GRWDFYGAHEQKSYDY,19,0,19.0,
GRQNYYGYLDQGEYYY,19,0,19.0,
GFFRYYGSSEQEEYQY,19,0,19.0,
GRWWRFGFGDQLEFFY,19,0,19.0,
GRWDQFGKLDQDAYDY,19,0,19.0,
GRWNSYGNYEQNLYEY,19,0,19.0,
GRWWYYGPLDQNKYHY,19,1,19.0,
GRWDLFGKLGQDAYDY,19,1,19.0,
GRNHYYGFETQREYDY,19,0,19.0,
GRWNRYGFEDQYNFGY,19,0,19.0,
GHWNFYGGYEQENYEY,19,1,19.0,
GRWDFYGAFEKESYDY,19,1,19.0,
GRWGLFGSFDQDNYEY,19,0,19.0,
GRCLWYGGWDQYTYKY,19,0,19.0,
GRWFKYGASDQALYEY,19,0,19.0,
GRTWKYGFEIQDLYEY,19,0,19.0,
GRWDLFGSYDQRHYEY,19,1,19.0,
GFCWHYGSSVQMEYEW,19,0,19.0,
GRWFRYGYSDQAEYGY,19,0,19.0,
GRVLRYGYYEQIEYDY,19,0,19.0,
GEWWTRGSSFQCMYFY,19,0,19.0,
GRPNFYGYYEQNTYDY,19,0,19.0,
GRWNFFGKYDQNLYEY,19,0,19.0,
GKNWKYGYQYQEEYYY,19,1,19.0,
GRNNYYGYLDQIDYEY,19,0,19.0,
GRWWRFGYDDQAEYYY,19,0,19.0,
GRTWRYGLRDQGELWY,18,0,18.0,
GKVWRYGFGHQELYDY,18,0,18.0,
GRWDYYGQYEQLLYEF,18,0,18.0,
GRWFRYGYSDQIEYDY,18,0,18.0,
GRWDLFGSYDQTRYKY,18,0,18.0,
GRWDLFGKDDQDTYSY,18,0,18.0,
GEWMKFGSSRQCRYWH,18,0,18.0,
GRWDLFGKYDQDSYYY,18,0,18.0,
GLWNYWGNYEQYLYEY,18,0,18.0,
GRWDFYGAFKQESYDY,18,0,18.0,
GFEMHYGSSEQMEYYM,18,0,18.0,
GRSDLFGSFDQDNYEY,18,0,18.0,
GRTWSFGYWEQEEYEY,18,0,18.0,
GRWDLFGKDDQDAYIY,18,0,18.0,
GNWEYYGYYDQNNYQY,18,0,18.0,
GRWARYGYSDQIEYDY,18,0,18.0,
GRSLWYGSDYQLEYHY,18,0,18.0,
GRWNYYGQFDQYGYDY,18,0,18.0,
GRNLRYGFAYQDEYEY,18,0,18.0,
GRWYRYGYEDQYDYEY,18,0,18.0,
GRWDLFGILDQAAYDY,18,0,18.0,
GRWFRYGASDQGEYYM,18,0,18.0,
GRWYYYGYYDQFEYDY,18,1,18.0,
GRWNRYGSYDQEEYIY,18,0,18.0,
GRWNRYGFEAQDNFDY,18,0,18.0,
GRWLYFGPSEQNDYYY,18,0,18.0,
GRWNYYGQYDQDGFEY,18,0,18.0,
GRWDLFEKLDQAAYDY,18,0,18.0,
GFCYAYGSSDQYNYGY,18,0,18.0,
GRWYHYGDFYQINYQY,18,0,18.0,
GRWDLFGKMDQDAYDY,18,0,18.0,
GRWWSFGPEDQDEYQY,18,0,18.0,
GRWNRFGYNDQEEYEY,18,0,18.0,
GRWWRFGQTDQIEYEY,18,0,18.0,
GRWDLWGEYEQRAYVY,18,0,18.0,
GRWNRYGFEDQDYFGY,18,0,18.0,
GRWDYYGWYEQYLYDY,18,0,18.0,
GRWDLFGKFDLDNYEY,18,0,18.0,
GRWDYYGYQEQDEYDY,18,0,18.0,
GRWNFYGPYTQSDYEY,18,0,18.0,
GRWDYFGQFDQQEYYY,18,0,18.0,
GRWNYYGNYDQYSYTY,18,0,18.0,
GRWDLFGKDDQDACSY,18,0,18.0,
GRNYYYGYEDQNEYCY,18,0,18.0,
GRWDYYGYYEQYDYEY,18,1,18.0,
GRCNRYGFYDQDNYDY,18,0,18.0,
GRWNFFGQEDQYNYEY,18,0,18.0,
GRWYRFGYSDQAEYLY,18,0,18.0,
GRWYGYGQDDQFEYTY,18,1,18.0,
GRWDLFGKIDQDNYEY,18,0,18.0,
RRWDLFGKDDQDAYSY,18,0,18.0,
GLWDLFGSYDQRNYEY,18,0,18.0,
GRWDYYGDYEQLHYEY,18,0,18.0,
GRWDFYGAFEQEIYDY,18,0,18.0,
GRWYQYGYELQNEYYY,18,0,18.0,
GRWDLVGSFDQDNYEY,18,0,18.0,
GRWDNYGYYDQSEYDY,18,0,18.0,
GRWDFFGQYEQNNYSY,18,0,18.0,
GRWWRFGNYDQYDYYY,18,0,18.0,
GLPWRYGYSDQAEYDY,18,0,18.0,
GRWNFYGSYEQDGYDY,18,0,18.0,
GFYMFYGSSVQMEYEM,17,0,17.0,
GRVYRYGYYYQEEYSF,17,0,17.0,
GRWNYFGDYEQYLYDY,17,1,17.0,
GRPNYYGYYEQDDYKY,17,1,17.0,
GRGLRYGVFYQIEYEY,17,0,17.0,
GRWDLFGKPDQDAYSY,17,0,17.0,
GRWLKYGNYEQDGYGY,17,0,17.0,
GRWDLLGEYEQRNYEY,17,0,17.0,
GRVWRFGLYEQEEYQY,17,0,17.0,
GRWDLFGKYDQDNCEY,17,0,17.0,
GRWNYRGPTDQEEYYY,17,0,17.0,
GRWDRHGAYDQMMYEY,17,0,17.0,
GRWFQFGPEDQELYRY,17,0,17.0,
GFAMHYGSSVQMAYGY,17,0,17.0,
GFLRYYGSSVQDEYDY,17,0,17.0,
GRNRYFGFHFQDEYDY,17,0,17.0,
GRDEYFGYDEQEEYNY,17,0,17.0,
GRPRWYGLDWQLEYEY,17,0,17.0,
GRWDYYGRYEQREYEY,17,0,17.0,
GRWHYYGLSDQDNYLY,17,0,17.0,
GRNLYYGYYQQDEYVY,17,0,17.0,
GRWNYYGYYEQNLYDY,17,0,17.0,
GRWNRCGAGYQEEYDY,17,0,17.0,
GRWDRHGAYDQYEYDH,17,1,17.0,
GFCYEYGSSEQMLYEY,17,0,17.0,
GRIWRYGYNYQDEYEY,17,0,17.0,
GRWYFYGDYEQDNYDY,17,0,17.0,
GRWDLFGKLDQDTYSY,17,0,17.0,
GRWNHYGYYDQSEYDY,17,0,17.0,
GEYWVFGSSRQCRYSW,17,0,17.0,
GRWNYFGYNEQDNFRY,17,0,17.0,
GRWWYYGPWDQENYEY,17,0,17.0,
ARVWSFGLANQAEFQY,17,0,17.0,
GRWDLFGSYDQDNYES,17,0,17.0,
GRWFRYGASDQVEYEY,17,0,17.0,
GRWNFYGSYVQENYEY,17,0,17.0,
GRWNRYGANDQGEYDY,17,0,17.0,
GRWYNFGAGDQLEYEM,17,0,17.0,
GRWPYFGASGQENYDY,17,0,17.0,
GKWNYFGDYEQWNYRR,17,0,17.0,
GFCLHWGSSYQCMYFF,17,0,17.0,
GRVWRYGYSDQAEYGY,17,0,17.0,
GRWNRYGAVYQEEYDY,17,0,17.0,
GRWDLFGSCDQDNYDY,17,0,17.0,
GRWDLFGSYEQENYEY,17,0,17.0,
GRNNYWGYYEQYAYHY,17,0,17.0,
GRWFRFGADDQLEYEY,17,0,17.0,
GRWDYYGEGDQYNYEW,17,0,17.0,
GSWDLFGKLDQDAYDY,17,0,17.0,
GRGWCYGLFYQLEKEY,17,1,17.0,
GNWNYFGNDWQDLYDY,17,0,17.0,
GRSLRFGFDLQIEYEY,17,0,17.0,
GRNLSYGYYDQEEYWY,17,0,17.0,
GRYNRYGPYDQNSYRF,17,0,17.0,
GRWDLFGKLDQYRQPY,17,0,17.0,
GRPNFRGYTDHELYYY,17,0,17.0,
GRPNKYGFFDQRLYYY,17,1,17.0,
GRNWRYGLFDQVEKLY,17,0,17.0,
GRWLYYGQGDQLEYFY,17,0,17.0,
GRWDLFGKDDQYEYSY,17,0,17.0,
GRNEYRGYEDQQEYFY,17,0,17.0,
GEYLRFGSSRQCRYYR,17,0,17.0,
GRWDLFGKDDQNAYSY,17,1,17.0,
GRWLWYGPETQECYRY,17,0,17.0,
GRWDRHGSYDQDNYEY,17,0,17.0,
GRWNYYGYWEQILYVY,17,0,17.0,
GRWDLFGILDQDAYDY,17,0,17.0,
GRGDRHGAYDQYEYDY,17,0,17.0,
GKPWRYGLYSQDLYEY,17,1,17.0,
GRWDRHGAYEQYEYDY,17,0,17.0,
GFERYYGSSVQDEYFY,17,0,17.0,
GRVWRYGLQDQSDYSY,17,0,17.0,
GRNLYYGFDAQSDYEY,17,0,17.0,
GRNDYYGYYEQWEYDY,17,0,17.0,
GRWNRYGFDDQDNFGY,17,0,17.0,
GRWDNYGSRDQEPYYY,17,0,17.0,
GRWRYYGAPYQYLYDY,17,0,17.0,
GLWDFYGAHEQESYDY,17,0,17.0,
GRNNYYGYYEQSEYSY,17,0,17.0,
GRSWSYGLNDQAEYQY,17,0,17.0,
GRWWRYGYSDQAEYDY,17,0,17.0,
GFYWEYGSSEQMEYDM,17,0,17.0,
GCWNRYGAGYQEEYDY,17,0,17.0,
GRNEYYGYPDQFEYRY,17,0,17.0,
RKPWRYGFDDQYLYQY,16,1,16.0,
GRVWRFGLEDQEEYRY,16,0,16.0,
GRWDYFGQFDQFNYDY,16,1,16.0,
GNWNYWGSYDQESYNY,16,0,16.0,
GRLDLWGEYEQRNYEY,16,0,16.0,
GRWYRYGSRDQEDYNY,16,0,16.0,
GRWLYFGNYEQWLYDY,16,0,16.0,
GRWDLFGSFDQGNYEY,16,0,16.0,
GRWDLFGSHDQDNYDY,16,0,16.0,
GRPNYYGYDYQRLYEY,16,0,16.0,
GRWFKYGASDQIEYNY,16,0,16.0,
GRWDRHGAYDQYAYDY,16,0,16.0,
GFELHRGSSLQMEYEM,16,0,16.0,
GRWGLFGKYDQDNYEY,16,0,16.0,
GRWDFFGNYDQKNYSY,16,0,16.0,
GRWDLCGEYEQRNYEY,16,0,16.0,
GRSWNYGLYYQLEYDY,16,0,16.0,
GRVWRFGLYEQEEYTY,16,0,16.0,
GFCEHYGSSEQMKYYM,16,0,16.0,
GRWYRFGYSDQAEYDY,16,0,16.0,
GRVWRYGLDFQLEKTY,16,0,16.0,
GRWDHYGYYEQGLFDY,16,0,16.0,
GRIWKFGFHDQLEFNY,16,0,16.0,
GFAMHYVSSVQWKYEY,16,0,16.0,
GRWRYYGASDQNEYDY,16,0,16.0,
GRWDFYGAFDQESYDY,16,0,16.0,
GRWNFFGSYDQDDYQY,16,0,16.0,
GRVYRFGFSDQANYEY,16,0,16.0,
GRWNFFGYYEQYLYPY,16,0,16.0,
GRWLYFGPSEQDLYSY,16,0,16.0,
GRWQYYGDDDQNLHDY,16,0,16.0,
GRWFRYGYADQDNYNY,16,0,16.0,
GRWSFFGSLDQEEYDY,16,0,16.0,
GRWDFYGAHEQDSYDY,16,0,16.0,
GRWDRHGAYDQYEYDD,16,0,16.0,
GRWDRHGAYDQSEYFY,16,0,16.0,
GRWDYYGSDDQNQYNY,16,0,16.0,
GRWWRYGYTYQEEYYY,16,0,16.0,
GRSWRYGYNDQAEYWY,16,0,16.0,
GRWDYYGEGDQYNYKY,16,0,16.0,
GRTNWFGYWEQLTYLY,16,1,16.0,
GLPFRYGYSDQNDYDY,16,0,16.0,
GRPWRYGYQDQELYQY,16,0,16.0,
GRNLFYGYEYQLDYEF,16,0,16.0,
GRNLSYGYGYQDLYSY,16,0,16.0,
ERWDLFGKLDQDAYDY,16,0,16.0,
GRWDLFGKYDQHNYEY,16,0,16.0,
RRWDLFGSYDQRNYEY,16,0,16.0,
GRWQYYGERYQQLYHY,16,0,16.0,
GFPWKYGYSLQDEYEY,16,0,16.0,
GFCMCYGSSVQMIYYM,16,0,16.0,
GRWDYYGYYDQSEYNY,16,0,16.0,
GRWNFYGSYDQDNYEY,16,0,16.0,
GRSWRFGLDDQELYEY,16,0,16.0,
GRWWRYGGYDQLEYYM,16,0,16.0,
GRVWRKGFDYQIEYQY,16,0,16.0,
GRVWQYGFGYQDEYFF,16,1,16.0,
GRVYRFGFSDQSEYSY,16,0,16.0,
GRWDLFGKFDQDAYDY,16,0,16.0,
GRNLYYGRDHQYEYHY,16,1,16.0,
GRWDYYGPSYQLDYFY,16,0,16.0,
GRWNRYGFEDQDNFQY,16,0,16.0,
GRNNYRGFLLQSEYHY,16,0,16.0,
GRWDHYGYYDQIEYDY,16,0,16.0,
GRVWRFGFGEQIEYEY,16,0,16.0,
GFAWRYGSCEQMEYEM,16,1,16.0,
GRWNRYGYEEQWEYSY,16,0,16.0,
GRWLYYGPQDQHNYDY,16,0,16.0,
GRPNFFGYTDQHIYEY,16,0,16.0,
GFYWIYGSGEQIEYKY,16,0,16.0,
GFCLHYGSSFQIEYYM,16,0,16.0,
GFYSIWGSSFQCMYFY,16,0,16.0,
GRPLWRGYDYQYSYSY,16,0,16.0,
GRWWRYGFSLQHEYDY,16,0,16.0,
GRWLKYGSYDQDEHGY,16,0,16.0,
GFMMYYGSSVQDEYEY,16,0,16.0,
GRARQYGYEQQENYTY,16,0,16.0,
GFAMHYGSSVQMYYYM,16,1,16.0,
GRWYRWGYYEQTEYEF,16,0,16.0,
GRWLYRGPIDPFDFEY,16,0,16.0,
GRWDQFGKYDQDNYEY,16,0,16.0,
GKVWRFGYEDQGLYEY,16,0,16.0,
GRWLYFGPEDQNSYGY,16,0,16.0,
GRWDCYGAHEQESYDY,16,1,16.0,
GRVWRFGLWDQLEYPY,16,1,16.0,
GFCWHKGSSVQMEYYM,16,0,16.0,
GRWDLFGKGDQDAYSY,16,0,16.0,
GRPEYYGYDNQRSYHY,16,0,16.0,
GRWDLFGSYEQDNYEY,16,0,16.0,
GRWNYYGSYVQGLYEY,16,0,16.0,
GLPFRYGYQDQFEYGY,16,0,16.0,
GRSQRFGLDFQDEYEY,16,0,16.0,
GRWDLFGKYDQNLYEY,16,0,16.0,
GPWDRHGAYDQYEYDY,16,0,16.0,
GRWDYYGYYDQNNYEY,16,0,16.0,
GPWHYFGAYTQDLYTY,16,0,16.0,
GRPNFFGYYEQFDFDY,16,0,16.0,
GEWWLFGSSRQCLYWR,16,0,16.0,
GRWNFYGGYEQENYAY,16,0,16.0,
GRNRRFGYSDQDQYEY,16,0,16.0,
GRWDYYGAHEQESYDY,16,0,16.0,
GRVNYYGYYTQSNYEY,16,0,16.0,
GRLDNYGSSDQEPYYY,15,0,15.0,
GRWDHYGYYDQREYDY,15,0,15.0,
GRNNYYGLEWQSEYWY,15,0,15.0,
GKSWKTGSGDQEDYWY,15,0,15.0,
GRWDRHGAYDQEEYEY,15,0,15.0,
GEWWQFGSSRQCEYYR,15,0,15.0,
GRVLKFGFSDQGEYEY,15,0,15.0,
GRWYRYGAGYQEEYDY,15,0,15.0,
GRWLYYGGRDQAEYSY,15,0,15.0,
GRWNFFGRYEQILYDY,15,0,15.0,
GFCTHYGSSVQMEYYM,15,0,15.0,
GRWLWYGPGLQLDYYY,15,1,15.0,
GFCRYYGSSVQDLYYY,15,0,15.0,
GRTFRFGYIDQFEYYY,15,0,15.0,
GRNNYFGYIGQYEYAY,15,0,15.0,
GRVWRYGLHSQDLYDY,15,0,15.0,
GEYWMMGSSRQCWYYH,15,0,15.0,
GRNLYYGYDYQDELYY,15,0,15.0,
GRVLTYGATTQDEYYY,15,0,15.0,
GRSFIYGNWTQEEYHY,15,0,15.0,
GLSWKYGGEEQFEYFY,15,0,15.0,
GRWDYWGYDDQFDYIY,15,0,15.0,
GFAMHAGSSDQMMYYM,15,0,15.0,
GLTQYYGYDNQEEYFY,15,0,15.0,
GRWFNYGASDQAEYDY,15,0,15.0,
GEYMYNGSSRQCEFRR,15,0,15.0,
GLNLKYGGGDQGLYEY,15,0,15.0,
GRCWRFGFAYQLEYDY,15,0,15.0,
GFLYFMGSSDQMMYYM,15,0,15.0,
GRWNYYGYYEHNSYHY,15,1,15.0,
GRGDLFGSYDQDNYEY,15,0,15.0,
GRVWKYGFGLQNEYGY,15,0,15.0,
GRWNFFGPYEQGLYSY,15,0,15.0,
GRWNFYGEYEQDNYQY,15,1,15.0,
GRNLYFGYSYQDEYKY,15,0,15.0,
GRWNNYGYLDQHLYDF,15,0,15.0,
GFYFYNGSSRQCEYYC,15,0,15.0,
GRNWTYGYSDQYEYYM,15,0,15.0,
GRWLYYGNYDQWLYNY,15,0,15.0,
GRTWRYGLWDQIEYEY,15,0,15.0,
GRWNFFGDSDQSDERY,15,0,15.0,
GRWDCHGAYDQYEYEY,15,0,15.0,
GEWWFMGSSRQDRYPR,15,0,15.0,
GRWNRYGFEDQDNFDC,15,0,15.0,
GRTNYYGYLSQYEYEY,15,0,15.0,
GRNLYVGYEYQDEYNY,15,0,15.0,
GRLDLFGSYDQDNYEM,15,0,15.0,
GRNEYFGYYEQDEYFF,15,1,15.0,
GRNFYYGEPWQWEYYY,15,1,15.0,
GRTWRYGFFEQLEYGY,15,0,15.0,
GFCMHVGSSVQMEYEM,15,1,15.0,
GRWDFFGYNEQSNYEY,15,0,15.0,
GRWWRYGYDDQQEYQY,15,0,15.0,
GRWNYYGGEDQDGYDY,15,0,15.0,
GEWYSLGSSFQCRYWH,15,0,15.0,
GFEMHYGSSVQMAYYM,15,0,15.0,
GRWDNYGSIDQSNYHY,15,0,15.0,
GRVWRYGLDLQKEYDY,15,0,15.0,
GRWDLFGKFDQDHYEY,15,0,15.0,
GRWNLYGFEDQDNFDY,15,0,15.0,
GRRDLFGSYDQRNYEY,15,0,15.0,
RRNNYRGYYEQLGYEY,15,0,15.0,
GFAEHYGSSEQMMYDY,15,0,15.0,
GEWWKLGSSRQCLYYH,15,0,15.0,
GRWNYYGEYFQGNYYY,15,0,15.0,
GRWNYFGNELQELRRY,15,0,15.0,
GRWWSYGPINQLEYEY,15,0,15.0,
GFATHYGSSVQMMYDY,15,0,15.0,
GRWNYYGEEGQYCYEY,15,0,15.0,
GRNHYYGYALQEEYPY,15,0,15.0,
GRNDYRGATWQGEEQY,15,0,15.0,
GRTWRYGYHDQQLYNY,15,0,15.0,
GRPLWRGAEDQLLYSY,15,1,15.0,
GRWWKHGQYDQLEYLY,15,0,15.0,
GRWQFYGRYEQNVYSY,15,0,15.0,
GRVWNYGYLFQQEYEY,15,0,15.0,
GRWDLSGSFDQDNYEY,15,0,15.0,
GEYWEFGSSVQMEYYM,15,0,15.0,
GRWNYYGQYDQDNYEY,15,0,15.0,
GRWDLFGSFEQDNYEY,15,0,15.0,
GRWLRYGHDDQQSYKY,15,0,15.0,
GEWYRCGSSFQCRYWH,15,0,15.0,
GRWNFFGQSWQDAKQY,15,0,15.0,
GRWNYYGPYRQDNYEY,15,1,15.0,
GFPWSFGYWDQEDYYY,15,1,15.0,
GRVYRYGLDDQEEYNY,15,0,15.0,
GRVRYFGYYEQTEYKY,15,0,15.0,
GRWNYYGGWEQENYEY,15,0,15.0,
GRWNYYGSYEQWTYDY,15,0,15.0,
GRWWRFGLDDQDEYEY,15,0,15.0,
GRWYLFGKLDQDAYSY,15,1,15.0,
GRWDLFGSYDQSNYEY,15,0,15.0,
GRVNYYGFEYQFEYYY,15,1,15.0,
GRWNFYGRYEQDAYKY,15,0,15.0,
GFYWNYGSSMQCRYWW,15,0,15.0,
GRVLWHGHHNQDRYHY,15,0,15.0,
GRPFSYGYYEQQQYEY,15,0,15.0,
GRWDYYGEGDRYNYEY,15,0,15.0,
GRWNNYGSSDQEPYYY,15,0,15.0,
GRWDLFGSYDQDNYED,15,0,15.0,
GRWDLFGKYDQGNYEY,15,0,15.0,
GRPLRSGYWEQESYYM,15,0,15.0,
GEWYSFGSSFQCRYWW,15,0,15.0,
GKWYRFGALDQNLYEY,15,1,15.0,
GRWNYFGYSEQEDYHY,15,0,15.0,
GRWYRWGYYEQTEYYY,15,0,15.0,
GRNLYYGFDYQSEYDY,15,0,15.0,
GRWWQHGREIQGTYEY,15,0,15.0,
GRNLYYGYGYQIEYIY,15,0,15.0,
GEYMRFGSSRQCEYEM,15,0,15.0,
GRPNYYGYSDQYSYHY,15,0,15.0,
GRWXLFGSYDQDNYEY,15,0,15.0,
GRPNWYGYDQQPDYNY,15,0,15.0,
GRNSYYGYDSQQEYYM,15,0,15.0,
GNWDYFGSEYQETYRY,15,0,15.0,
GRWLYYGGRDQDMYYM,15,0,15.0,
GRPLWLGYGDQSLYCY,15,0,15.0,
GRWNYFGYDDQSLYEY,15,0,15.0,
GRWDYRGYIEQFDYGY,15,0,15.0,
GRELRYGYNSQYEYYY,15,0,15.0,
GRNHYFGYAQQYEYEY,15,0,15.0,
GRRDLFGKLDQAAYDY,15,1,15.0,
GRVWRFGLYEQELQGY,15,0,15.0,
GRPNYFGYEEQELYGY,15,0,15.0,
GFYLHRGSSEQMLYEY,15,0,15.0,
GFPWIYRYGDQAEYWY,14,0,14.0,
GRNNYYGYSDQMEYEM,14,0,14.0,
GPTNRYGYDYQEPYYY,14,0,14.0,
GRVYRFGLNYQGEYDY,14,0,14.0,
GRWDFFGAFEQESYDY,14,0,14.0,
GRAWRYGLSDQDNYDY,14,1,14.0,
GRTWRYEYLEQIEYEY,14,0,14.0,
GRPNYYGYDNQLGYFY,14,0,14.0,
GRLDLFGKYDQDNYDY,14,0,14.0,
GFLYCYGSSEQMAYEW,14,0,14.0,
GRNLYYGYDVQWEYDY,14,0,14.0,
GFAYHMGSSVQMMYEY,14,0,14.0,
GRVWKNGLYYQDDYDY,14,0,14.0,
GFPYRYGYIDQNLYEY,14,0,14.0,
GPWDLFGSFDQDNYEY,14,0,14.0,
GFYWKYGSSMQCLYWR,14,0,14.0,
GRWDLFGKLDQDAYPY,14,0,14.0,
GRVWRYGLHSQDEYFY,14,1,14.0,
GFYLHYGSSLQWMYEY,14,0,14.0,
GRWNYYGNYEQYEFEY,14,0,14.0,
GFCFHYGSSEQMEYYM,14,0,14.0,
RRWEQFGPNDQDEHLY,14,0,14.0,
GNNNYYGYAEQHDYGY,14,0,14.0,
GRWDYYGEGYQYNYEY,14,0,14.0,
GNSLWYGFELQLEYEY,14,0,14.0,
VRAYRWGYDQQYEYEY,14,0,14.0,
GFCMHYGSSDQSEYDY,14,0,14.0,
ERWDFYGAFEQESYDY,14,0,14.0,
GRCNFFGYDAQIEYEY,14,0,14.0,
GRWGRYGSDDQDEYFY,14,0,14.0,
GRVWRFGLDDQSSYNY,14,0,14.0,
GRNNYFGYKYQQEYYY,14,0,14.0,
GRWNYRGDEEQSEYEY,14,0,14.0,
GRWNRYGYYEQSEYEY,14,0,14.0,
GKWNRFGQEDQANYDY,14,0,14.0,
GFAMHYGSSDQWKYKY,14,1,14.0,
GRWLRYGGYDQILYDY,14,0,14.0,
GRPNYYGYEEQSEYYY,14,0,14.0,
GRWNYYGDYEQFEYDY,14,0,14.0,
GRTCRFGYEDQSEYEY,14,0,14.0,
GRWDHYGAYDQYEYDY,14,0,14.0,
GRWNYYGPYEQTLYSY,14,0,14.0,
EPWFRYGYYEQDLYEY,14,0,14.0,
GRWDFYGAFEQESCDY,14,0,14.0,
GRVWSFGLANQAEFHY,14,0,14.0,
GFYLHRGSSVQCLYFF,14,0,14.0,
GRWLYYGGNYQESYEY,14,1,14.0,
GRPDFFGYYEQDDYNY,14,0,14.0,
GRSWRYGPSFQEWYRY,14,1,14.0,
GRWDHYGYYEQDLYPY,14,0,14.0,
GKWWRYGYNDQLEYEY,14,0,14.0,
GRNNYYGYTIQSEYRY,14,0,14.0,
GRWLIYGNWDQAEYKY,14,0,14.0,
GRWLWYGSRQQWRYGY,14,0,14.0,
GRNLYYGYDEQREYFY,14,0,14.0,
GLNLYYGHYEQIESYY,14,0,14.0,
GFCYYMGSSVQMVYYM,14,0,14.0,
GRPNYFGLDEQENYDY,14,0,14.0,
GRWDLFGSYDQSEYDY,14,0,14.0,
GREWIYGSFDQAEFDY,14,0,14.0,
GEWWHFGSSRQCLYYR,14,1,14.0,
GRWDLFGPQDQTGYFY,14,0,14.0,
GRIRWFGFSDHNLYSY,14,0,14.0,
GEWWTLGSSRQCMYYH,14,0,14.0,
GFYMFWGSSRQCRYWR,14,0,14.0,
GRWWWIGPSDQFNDLY,14,0,14.0,
GEWWGFGSSRQCRYWL,14,0,14.0,
GRWDKYGSSFQDEYYY,14,0,14.0,
GRWKNHGDIIQDNDDY,14,0,14.0,
GRWLYFGPIEQSDYRY,14,0,14.0,
GRWDHYGYYDQSKYDY,14,0,14.0,
GRWDLFGSYDQRDYEY,14,1,14.0,
GRWNYRGSEYQIEKDY,14,0,14.0,
GRNWRFGLFDQLEYEY,14,0,14.0,
GEYWEFGSSRHCRYWW,14,0,14.0,
GRPWQYGYWQQDEYAY,14,0,14.0,
GRPLWYGYDEQLSRQY,14,0,14.0,
GRWNRYGFEDQDNYNY,14,0,14.0,
GFYFYNGSSRQGEYYY,14,0,14.0,
GRVWRYGLFNQDEYDY,14,0,14.0,
GRSWLRGNFLQDEYYY,14,0,14.0,
GRLWRFGYIDQLELAY,14,0,14.0,
GRWDFYGSSDQSEYEY,14,0,14.0,
GPWKYFGAAYQDNYDY,14,0,14.0,
GRAWRYGYDYQFEYEY,14,0,14.0,
GRWWRYGQEDQHEYYY,14,0,14.0,
GRWNYYGAESQDDYLY,14,0,14.0,
GRWTYYGNYLQEEYYY,14,0,14.0,
GHWDLWGEYEQRNYEY,14,0,14.0,
GRWDLFGKDNQDAYSY,14,0,14.0,
GRPLKYGNLDQILYVY,14,0,14.0,
GRSWRFGSGNQDEYYY,14,0,14.0,
GFPWRYGYQDQDEYDY,14,0,14.0,
GRPLYRGYIEHEDYWY,14,0,14.0,
GFYWKYGSSVQWAYAM,14,0,14.0,
GLWDYWGYYEQVLEEY,14,0,14.0,
GRVWRYGLYDQFLYDY,14,0,14.0,
GRTWTFGYSDQAEYLY,14,0,14.0,
GFPWRFGFWLQSEHYY,14,0,14.0,
GRIDFYGYHEQDLYSY,14,0,14.0,
GRSWRFGSYFQEEYEY,14,0,14.0,
GRWDRHVAYDQYEYEY,14,0,14.0,
VRWNFYGRYEQDNYYY,14,1,14.0,
GRVNYRGRYEQEEYEY,14,0,14.0,
GFAYHYGSSEQMKYEY,14,0,14.0,
GFCRYYGSSVQMEYEY,14,1,14.0,
GRWDFYGAFEPESYDY,14,0,14.0,
GRVLRYGLYDQYEYDF,14,0,14.0,
GRTAYYGYSDQYEYNY,14,0,14.0,
GFCAEYGSSEQMMYEY,14,0,14.0,
GRFWNYGSYDQGNYNY,14,0,14.0,
GKWWRYGAWDQGLEYF,14,0,14.0,
GRWNFYGSYEQGNYEY,14,1,14.0,
GGWDRYGGYEQGLYRY,14,0,14.0,
GKTNWFGYEYQLEHEY,14,0,14.0,
GRWLRYGEYEQPEYEY,14,0,14.0,
GRWWYYGPFDQDNYTY,14,0,14.0,
GRVWRYGLYYQLEYYY,14,0,14.0,
GRWNYFGEYEQYSYAY,14,0,14.0,
GRWDLFGKYDLDNYEY,14,0,14.0,
GRWFRYGYSDQAEYLY,14,0,14.0,
GRSDFYGYYEQSEYGY,14,0,14.0,
GRWNYYGYYDQNLYYY,14,1,14.0,
GRWDLYGSYDQRNYEY,14,0,14.0,
GRNQYFGYDEQYEYFY,14,0,14.0,
GRVWRFGKYVQYEYSY,14,0,14.0,
GCPNYYGYYDQDLYRY,14,0,14.0,
GRNEYFGYASQWEYHY,14,0,14.0,
GRWDLFGRFDQDNYEY,14,0,14.0,
GRPNYLGYIDQWEYYR,14,0,14.0,
GFARHNGSSHQMEYYM,14,0,14.0,
GLDWIYGSGYQSEYDY,14,1,14.0,
GRLNFYGGYEQENYEY,14,0,14.0,
GRNLNYGSELQEEYYY,14,0,14.0,
GRAWRFGLQYQLEYEM,14,0,14.0,
GRNWRYGYGYQDEFFY,14,0,14.0,
GRWLFYGYSIQDDYEY,14,0,14.0,
GRWFRYGQHDQSSYSY,14,0,14.0,
GRWDLFGKYDQYTYSY,14,0,14.0,
GRWDLCGKYDQDNYEY,14,0,14.0,
GRWWRHGYEDQYEYSY,14,0,14.0,
GRWDYFGFYSQDEYYY,14,0,14.0,
GEMMMFGSSLQMEYEM,14,0,14.0,
GRWLYRGPSDQAEYTY,14,0,14.0,
GEWQYNGSSCQCRYYH,14,0,14.0,
GRWWRRGPDYQAEYYY,14,0,14.0,
GFRYHYGSSDQMKYYL,14,0,14.0,
GRWDLFGSYDQDNYSY,14,0,14.0,
GNVNFWGYYEQWLYTY,14,0,14.0,
GRNYSYGYYDQEEYIY,14,0,14.0,
GRWNFHGNYEQWLYRF,14,0,14.0,
GRWDNYGSSDQEPYKY,14,0,14.0,
GRTFRYGYLYQEEYQY,13,0,13.0,
GRWNFYGGYEQENYRY,13,0,13.0,
GRTLRYGYLDQMEYEM,13,0,13.0,
GRWLVYGRGLQDLYRY,13,0,13.0,
GRWCNYGQILQDEKLY,13,0,13.0,
GAYWMFGSSRQCRYWW,13,0,13.0,
GRPLWRGYYEQHLYDY,13,0,13.0,
GRWNYYGDNYQWSYGY,13,0,13.0,
GRWERFGGYLQENYQY,13,0,13.0,
GFWRYYGSSVQMMYEM,13,0,13.0,
GRWWSFGNDDQMEYEW,13,0,13.0,
GRVWRYGGDEQDNFDY,13,0,13.0,
VRWNFYGSYEQENYEY,13,0,13.0,
GRWDLFGSFDQYNYDY,13,0,13.0,
GRSWRFGSYFQYEYEY,13,0,13.0,
GRWLYFGPYYQDSYAY,13,0,13.0,
GRWLYYGRRDQWNFSY,13,0,13.0,
GEWWIFGSSDQMEYYM,13,0,13.0,
GRNWYYGGNDQYNYDY,13,0,13.0,
GRWLFYGEEEQELYKY,13,0,13.0,
GRWDRHGAYEQLNYEY,13,0,13.0,
GFEYHMGSSVQMAYYM,13,0,13.0,
GRSWNYGFTYQIEYRY,13,0,13.0,
GRSDRHGAYDQYEYDY,13,0,13.0,
GRWDFYGYYDQFEYDY,13,0,13.0,
GFEMHYGSSDQIEYGY,13,0,13.0,
GRVWRFGLRYQIDYEY,13,0,13.0,
GLWNRYGFEDQDNFDY,13,0,13.0,
GRNWHYGHDVQSEYEY,13,0,13.0,
GRWNFYGAYDQYLFDY,13,0,13.0,
GRVLRFGFSDQYEYDY,13,0,13.0,
GFWNWYGPNDQNNYHY,13,0,13.0,
GRPLWHGYKDQYGYHY,13,0,13.0,
GRWDLFGQDDQDAYSY,13,0,13.0,
GRNWRYGNYQQEDYFY,13,0,13.0,
GRSWKYGFKEQIEYDY,13,0,13.0,
GRWKLFGPDDQDLYEY,13,0,13.0,
GRWWHYGDYEQLEYFY,13,0,13.0,
GFWYYNGSSRQCWYWH,13,1,13.0,
GRWDYYGQFDRYNYNY,13,0,13.0,
GRWFKYGYSDQEEYDY,13,0,13.0,
GRNQYYGKPIQYEYWY,13,0,13.0,
GRWHYFGANNQENYHY,13,0,13.0,
GRWDLFGKLDQNAYSY,13,0,13.0,
GRNEYYGYEDQTEYLY,13,0,13.0,
GFYYFWGSSFQSLYNY,13,0,13.0,
GFCCEYGSSDQMKYEM,13,0,13.0,
GRWNYRGGEYQEELDY,13,0,13.0,
GRVWGYGFKDQEEYYY,13,0,13.0,
GRVWRYGLSDQAEYGY,13,0,13.0,
GLPWHYGYDWQYKYYY,13,0,13.0,
GKPSSFGYREQIEYAY,13,0,13.0,
GRPFSYGYYRQIEYKY,13,0,13.0,
GEWYSLGSSFQCRYWW,13,0,13.0,
GCWFRYGQHDQSSYNY,13,0,13.0,
GRWDNYVSSDQEPYYY,13,0,13.0,
GRVWRYGLYLQMEYQM,13,0,13.0,
GRVWRFGLFSQLEYNY,13,0,13.0,
GHPNYLGYLEQRDYSY,13,0,13.0,
RRWNFYGSYEQENYEY,13,0,13.0,
GRPLYYGYGEQELYEY,13,0,13.0,
GRWNYYGEYNQYDYEY,13,0,13.0,
GRVWSYGLTNQGEYEW,13,0,13.0,
GRWLWHGPGDQDLYSY,13,0,13.0,
GRAYRFGYEDQYEYYY,13,0,13.0,
GRWWYYGPDEQFAHEY,13,0,13.0,
GRWNYYGPDDQYLYRY,13,0,13.0,
GRVWRYGYSDQLEREY,13,0,13.0,
GRVFRYGKTFQPDYPY,13,0,13.0,
GRPRWYGLSDQYDFKY,13,0,13.0,
GRWNYFGSYAQVDFLY,13,0,13.0,
GREWRYGKFYQYEYAY,13,0,13.0,
GRWDLFGSFDQDEWDY,13,0,13.0,
GRWHLFGKYDQDNYEY,13,0,13.0,
GRWDLFGKLYQDAYSY,13,1,13.0,
GHSYRRGQYNQAELDY,13,0,13.0,
GRSWRFGYNDQDEYEY,13,0,13.0,
GFAMYYGSSDQWKYEY,13,0,13.0,
GRWYQYGYDYQQEYRY,13,0,13.0,
GRWLSYGPEYQFDFLY,13,0,13.0,
GRWDYYGFYEQTSYDY,13,0,13.0,
GRWNFYVQDDQYNYDY,13,0,13.0,
GRWFRFGASDQAEYDY,13,0,13.0,
GRWHRYGPQDQWDYDY,13,0,13.0,
GRWRYFGPFYQGDFLY,13,0,13.0,
GRWYLFGSYDQDNYDY,13,0,13.0,
GRVWRYGLGDHLEKSY,13,0,13.0,
GRVWKNGLYYQLEYEY,13,0,13.0,
GEWWVFGSSRQCRYCW,13,0,13.0,
GRVWRFGLYNQLEYSY,13,0,13.0,
GRYNTYGGVDQFEYIY,13,0,13.0,
GRWNRFGPNDQDSYDY,13,0,13.0,
GRPFNFGYEDQSEYQY,13,0,13.0,
GRNHYYGYASQNEYDY,13,0,13.0,
GRNEYYGYDDQWEYEY,13,1,13.0,
GRWDLFGSYDQMDYEM,13,0,13.0,
GRLRYYGYNDQDIYDY,13,0,13.0,
GRWDNYGSSYQEPYYY,13,0,13.0,
GRVLNYGAYAPLELEY,13,0,13.0,
GLSFRYGYEDQDSYKY,13,0,13.0,
GRVWHFGLEYQEEYDY,13,0,13.0,
GRWNFFGNYYQDLYPY,13,1,13.0,
GFVYRMGSSVQMEYHM,13,0,13.0,
GFAQAYGSSVQMEYYM,13,0,13.0,
GRWDYYGALWQFEYEM,13,0,13.0,
GRLEYHGYIYQYGYHY,13,0,13.0,
GRWFYYGPGYQGEYQY,13,0,13.0,
GRNQFYGYVNQGDYQY,13,0,13.0,
GRWDLFGSFDQESYDY,13,0,13.0,
GRWWVYGRGLQDLYDY,13,0,13.0,
GEWYSQGSSFQCRYYR,13,0,13.0,
GRWWTFGPEYQDTYDY,13,0,13.0,
GRPNLYGYFDQDSYYY,13,1,13.0,
GKPLWWGYEQQDEYYY,13,0,13.0,
GRPLWYGYGNQLEYWY,13,0,13.0,
GRPNYYGYNLQYNYGY,13,0,13.0,
GYNNYYGYEYQSEYTY,13,0,13.0,
GRWDLFGKFDQDSYEY,13,0,13.0,
GRWLKYGSYEQDDYFY,13,0,13.0,
GRVWMFGLNNQAEYYY,13,0,13.0,
GREWRYGKFYQYEYYY,13,0,13.0,
GRWNYFGQYDQYEYDY,13,0,13.0,
GFIGVMDQACSACTFY,13,0,13.0,
GRNWRYGLGYQEEYWY,13,0,13.0,
GFYWRYGYLSQEEYYY,13,0,13.0,
GRVWRFGLDGQIEYKY,13,0,13.0,
GRVWRWGAYEQIEYDY,13,1,13.0,
GRWDYFGQYEQYLFEY,13,0,13.0,
GRWDCYGEGDQYNYEY,13,0,13.0,
GRWQFYGYYEQYNYEY,13,0,13.0,
GRWDFYGLSSQDNYNY,13,0,13.0,
GFYLHRGSSVQMEYEM,13,0,13.0,
GLWYRYGPQYQSDYLY,13,0,13.0,
GRWDLFVKLDQDAYSY,13,0,13.0,
GRWWRYGAIDQLEYNY,13,0,13.0,
GRSWRYGLDDEDEYDY,13,0,13.0,
GRWDRHGAYDQFEYTY,13,0,13.0,
GRVWRFGLYEQIEFEY,13,0,13.0,
GRWDLFGSYDQNQYEY,13,0,13.0,
GRTWRYGYYEQYEFEY,13,0,13.0,
GRWYSFGPLDQMLYEY,13,0,13.0,
GRWDNYGSIDQEPYEY,13,0,13.0,
GRIWRYGDYEQLLYDY,13,0,13.0,
GRWLYYGRRDQADYKY,13,0,13.0,
GRNLYYGHDSQYEYFY,13,0,13.0,
GRWWRFGYSDQNEYQY,13,0,13.0,
GFYWQYGSSMQCLYYF,13,0,13.0,
GFARHYGSSVQMMYEY,13,0,13.0,
GRSWRYGYDLQIDYDY,13,0,13.0,
GRWDLFGSDDQDNYEY,13,0,13.0,
GRWDYYGDYEQRLYLY,13,0,13.0,
GLPWKYGYQDQDLYSY,13,0,13.0,
GRPLWRGEEEQSTYSY,13,0,13.0,
GRILWRGYSDQDLYPY,13,0,13.0,
GRWWWLGPTTQGLYSY,13,0,13.0,
GRWDLFGSFDQDNYEH,13,0,13.0,
GRWDFYGAHEQESYDC,13,0,13.0,
GRSLLDGLLFQLESGY,13,0,13.0,
GSWNRYGFEDQDNFDY,13,0,13.0,
GEWLYMGSSRQCRYCR,13,1,13.0,
VRWNRYGFEDQDNFGY,13,0,13.0,
GRWNFCGSYEQENYEY,13,0,13.0,
GSWDFYGAHEQESYDY,13,0,13.0,
GRPNLYGYYEQYNYPY,13,0,13.0,
GRWYSFGPLDQANYDY,13,0,13.0,
GRWDMFGSYDQDNYDY,13,0,13.0,
GRNHSYGYQQQGEYYM,13,0,13.0,
GRVYRYGFGYQEDYEY,13,0,13.0,
GRVYKYGKWYQLEYYM,13,0,13.0,
GRPNFFGYSEQYEYSY,13,0,13.0,
GRGNFFGYYEQYLYKY,13,0,13.0,
GRWNYFGAVYQCLYFF,13,0,13.0,
GRWDHYGYYDKSEYDY,13,0,13.0,
GFAYHMGSSVQCKYDY,13,1,13.0,
GRNEYFGYSAQLEYDY,13,1,13.0,
GRVWRFGLDDQAEYQY,13,0,13.0,
GCWNYFGQDDQFNYQY,13,0,13.0,
GLPNFYGFYEQEEHYY,13,0,13.0,
GRPYLYGYEEQNSYYY,13,0,13.0,
GRVYRFGFSDQNEYEY,13,0,13.0,
GNWNYYGQSEQYNYEY,13,0,13.0,
GRNNFYGFYEQRNYEY,13,0,13.0,
GFCYYMGSSVQMEYYI,13,0,13.0,
GLSWRHGALDQYLDQY,13,1,13.0,
GRNLYYGYGDQQEYDY,13,0,13.0,
GRVWKYGLDFQEEYEY,13,0,13.0,
GFIWRNGSSDQMLYEY,13,0,13.0,
GRPNYYGYYEQELYPY,13,0,13.0,
GRNNRYGFEGQYEYEY,13,0,13.0,
GLDWIYGSGYQIEYDY,13,0,13.0,
GRWNRFGKEDQSNYAY,12,0,12.0,
GFAMHYGSSVQMMYYM,12,1,12.0,
GRWLYFVPSLQENYRY,12,1,12.0,
GRWNFYGGYEQKNYEY,12,0,12.0,
GRWDLFGKYDPDNYEY,12,0,12.0,
GRTLRFGYGDQDEYLY,12,0,12.0,
GRWWKHGCRDQEEHYY,12,0,12.0,
VRWDLWGEYEQRNYEY,12,0,12.0,
GRWNYYGLWGQWNYDY,12,0,12.0,
ARWDLFGSYDQDNYEY,12,0,12.0,
GRPWRLGYEYQDRYSY,12,0,12.0,
GRWLWFGPTWQYEYSY,12,0,12.0,
GRVWRYGLREQDDYDY,12,0,12.0,
GRNERYGYAYQGEYLY,12,0,12.0,
GNSWRFGYDLQYEFYY,12,0,12.0,
GRWDYYGVYEQPNYEY,12,1,12.0,
GRWNRYGVNDQDEYSY,12,1,12.0,
GRWDFFGAHEQESYDY,12,0,12.0,
GRWNYYGPHDQWDYTY,12,0,12.0,
GFYWNYGSSMQCMYEY,12,0,12.0,
GRVFRYGKTFQLDYDY,12,0,12.0,
GRWLYYGVDDQSNKEY,12,0,12.0,
GRWNFYGSYERENYEY,12,0,12.0,
GEWWYMGSSRQCMYFY,12,0,12.0,
GRWWKYGSYDQFEEYY,12,1,12.0,
GRWDLFGKDDQGAYSY,12,0,12.0,
GRWNFYGNDAQREYGY,12,0,12.0,
GLDWIYGSSVQCEYYM,12,0,12.0,
GFAMHYGSSEQWEYGY,12,0,12.0,
GRFNYYGYYDQYLYDY,12,0,12.0,
GRLDLFGSFDQDNYDY,12,0,12.0,
GRWNFYGSNAQREYEY,12,0,12.0,
GRWNYYGEYDQSLYDY,12,0,12.0,
GRWNRYGFESQYEYDY,12,0,12.0,
GRWWWYGPTNQDLYSY,12,0,12.0,
GREQYYGKDSQENYDY,12,0,12.0,
GRSLWYGKTEQDAYEY,12,0,12.0,
GRPRYFGYEDQWEYHY,12,0,12.0,
GRWDYYGEGDQWNYDY,12,0,12.0,
GRSWIYGNWFQLEYEY,12,0,12.0,
GRWDLFRKDDQDAYSY,12,0,12.0,
GRWDHYGYYDQSEYGY,12,0,12.0,
GRNWGWGFNPQLGYGY,12,0,12.0,
GLSEQYGYSDQDNYLF,12,0,12.0,
GRWSLFGSLDQHQYEY,12,0,12.0,
GRWDYYGFYEQDLYSY,12,1,12.0,
GEWWYNGSSRQCWYYC,12,1,12.0,
GRGDLFGKLDQDAYDY,12,0,12.0,
GRWDLSGKFDQDNYEY,12,0,12.0,
GRPNFFGYYEQRTYDY,12,0,12.0,
GRWFYYGSSYQEQYQY,12,0,12.0,
GRWDLFGKLDQAAYRY,12,0,12.0,
GKWFRYGSEFQGEYEY,12,0,12.0,
GRWWRYGYHDQYEYEY,12,1,12.0,
GRTWRVGFFEQLEYKY,12,1,12.0,
GRWQYWGPSKQWDYYY,12,0,12.0,
GRWNFYGYYEQGGYEY,12,0,12.0,
GKPWHFGSAYQLEYYM,12,1,12.0,
GRVLRFGFTDQDDYEY,12,0,12.0,
GRWDLFGKLDQSAYDY,12,0,12.0,
GFLYEYGSSDQWLYEY,12,0,12.0,
GRWDNYGSIDQEPYIY,12,0,12.0,
GRWDFYGSSSQDNYEY,12,0,12.0,
GRWDYYGDYEQPNYDY,12,0,12.0,
GRGWRYGAYFQEEHHY,12,0,12.0,
GCVWRYGFSFQEEHEY,12,0,12.0,
GRNNYYGYEYQYEYFY,12,0,12.0,
GRWDYYGFYEQELYSY,12,0,12.0,
GRNLYYGFPEQSDYYY,12,0,12.0,
GRVWRYGLYDQDLYQY,12,0,12.0,
GRIWRSGYYEQDSYDY,12,0,12.0,
GLSWRFGFTNQEEYQY,12,0,12.0,
GRNNYRGYTVQMEYEM,12,1,12.0,
GRWWWLGPTNQGLYAY,12,0,12.0,
GRWDYYGQFDQYNYSY,12,0,12.0,
GRNLYYGSGYQWESDY,12,0,12.0,
GRWDLFASFDQDNYEY,12,0,12.0,
GPTWRYGYYYQEDYEY,12,0,12.0,
GEYWVFGSSRQCRYYW,12,0,12.0,
GRPNWFGYQDQELYEY,12,0,12.0,
GRWQYFGETDQSLYEY,12,0,12.0,
GRWDLWVEYEQRNYEY,12,0,12.0,
GRWNYFGGALQETYAY,12,0,12.0,
GFYLYNGSSRQCMYWR,12,0,12.0,
GRPNYWGYLEQYLYHY,12,0,12.0,
GRPRFRGYYDQYGYEY,12,0,12.0,
GRNNYFGFHLQGEYHY,12,0,12.0,
GLPWRYGYSDQIEYIY,12,0,12.0,
GFYWQYGSSLQCLYFF,12,0,12.0,
GRWYRYGYEDQLEYDY,12,0,12.0,
GRSDFYGAFEQESYDY,12,0,12.0,
GRNNYRGYYDQNLYEY,12,0,12.0,
GFAMCYGSSVQMEYSM,12,0,12.0,
GRPNYFGYYEQDGYEY,12,0,12.0,
GCWWRYGPDFQGRYIY,12,0,12.0,
VRSWRRGFNEQNELSY,12,1,12.0,
GRVWRYGLTDQEEYDY,12,0,12.0,
GHWNYFGKYDQFLYDY,12,0,12.0,
GEWWTFGSSMQCLYFF,12,0,12.0,
GFYWNYGSSEQMYYEM,12,0,12.0,
GRVWRFGNEEQELYEY,12,0,12.0,
GRSRTFGLSDEYEHEY,12,0,12.0,
GRPWFQGYFLQYLYEY,12,0,12.0,
GRAWRYGLFDQEEYYY,12,0,12.0,
GHWDLFGKYDQDNYDY,12,0,12.0,
GRNRYRGYVIQKEYYY,12,0,12.0,
GRWDYYGRYEQTNYDY,12,0,12.0,
GFYWIYGSSDQMMYEY,12,1,12.0,
GRSKYLGQEYQLNYRY,12,0,12.0,
VRWNFYGGYEQENYEY,12,0,12.0,
GPSWNFGFTDQIEYEY,12,0,12.0,
GRWWYFGPDEQYHFTY,12,0,12.0,
GRPYRYGLSYQQEYLY,12,0,12.0,
GKPYSFGYRDQIEYAY,12,0,12.0,
GRWNYYGYYDQLQYYY,12,0,12.0,
GRNEYFGYLDQDIYYY,12,0,12.0,
GYNNYYGYSDQHDYHY,12,0,12.0,
GRWNYYGSEYQNNYDY,12,0,12.0,
GFRWRYGLDYQENYEY,12,0,12.0,
GRWDLFGSYDRDNYEM,12,0,12.0,
RRPEYYGYYDQYEYWY,12,0,12.0,
GRVWRFGADEQQEYYY,12,0,12.0,
GRSKYFGQEYQGNYYY,12,0,12.0,
GRWWYFGCDTQALYEY,12,0,12.0,
GRWWRYGPRDQLLYGY,12,0,12.0,
GRCDLFGSYDQDNYDY,12,0,12.0,
GRWDYYGAYEQYLYHY,12,0,12.0,
GFYWSYGSSRQCRYYR,12,0,12.0,
GRTNYFGYNYQLEYEW,12,0,12.0,
GPVWRFGFEDQLEYEY,12,0,12.0,
GFLLHRGSSVQWMYEY,12,0,12.0,
GRWWAYGPDYRSRYSY,12,0,12.0,
GRNEYFGYLDQYSYEY,12,0,12.0,
GRWDLWGEYEQYTYSY,12,0,12.0,
GFWNYYGPYEQNDYEY,12,0,12.0,
GRNNYYGYEVQAEYNY,12,0,12.0,
GRELRYGYEAQYEYLY,12,0,12.0,
GRRDFYGDYEQDNYDY,12,0,12.0,
GRDWRYGLVDQDNYPY,12,1,12.0,
GRWQHFGRDDQVNYLY,12,0,12.0,
GRWNYFGQSWQSDKHY,12,0,12.0,
GLSLRYGYSEQDEYYY,12,0,12.0,
GRNEYFGYAYQYDYEY,12,0,12.0,
GRVWRYGLYDQYEYCY,12,0,12.0,
GRVWRYGLFDQEEYSY,12,1,12.0,
GRNEYFGYYEQDEYSY,12,0,12.0,
GRWNYYGDFYQLGDHY,12,0,12.0,
GNWNYYGYYDQLQYHY,12,0,12.0,
GRVWRYGPHEQANYYY,12,0,12.0,
GGWDRYGSYEQWQYPY,12,0,12.0,
GRSWRYGLLLQIEYRY,12,0,12.0,
GRWNRYGSGYQEEYDY,12,0,12.0,
GRWWLYGNYDQLGFHY,12,0,12.0,
GRWNYFGDYEQELYEY,12,0,12.0,
GRWNFFGGEDQASYKY,12,0,12.0,
GFCEYYGSSVQMEYDY,12,0,12.0,
GRWLYYGQRDQSRYQY,12,0,12.0,
GRNWTYGYSDQFMYEM,12,0,12.0,
GRWLYLGELDQYLYEY,12,0,12.0,
GFYWAYESSMQCMYFF,12,1,12.0,
GRYWRYGLDYQLEKEY,12,0,12.0,
GPSWRYGFSDQSNYFF,12,0,12.0,
GNWFKFGNSMQCMYFF,12,0,12.0,
GRPNFYGYYEQWEHDY,12,0,12.0,
GSWDLFGKLDQAAYDY,12,0,12.0,
GEYLYFGSSRQCEYRR,12,0,12.0,
GFEMYYGSSMQIEYEY,12,0,12.0,
GRVWKYGLFDQIEYDY,12,0,12.0,
GRWLFRGYDYQSDYDY,12,0,12.0,
GRNYYYGYGDQYDYTY,12,0,12.0,
GRWWRYGSDYQDLYHY,12,0,12.0,
GRTWRYVYNIQDTYEY,12,0,12.0,
GRVYRRGFDDQDEHYF,12,0,12.0,
GRNDFYGPYTQTLYRY,12,0,12.0,
GRWDYYGYYDQFEYNY,12,0,12.0,
GRNYYFGFRYQPEYSY,12,0,12.0,
GRWQWYGPVDQELYQY,12,0,12.0,
GRNIRYGYYEQELYDY,12,0,12.0,
GRVWRYGLHSQDEYYF,12,0,12.0,
GEMMMFGSSRQCRYRR,12,0,12.0,
GFARHYGSSFQMEYYM,12,0,12.0,
GRWNFYGFEEQSSYEY,12,1,12.0,
GRWDYYGEGDQDNYEY,12,0,12.0,
GFYLHRGSSEQMKYYM,12,0,12.0,
GEWWTFGSSMQCMYEM,12,0,12.0,
GRPWKYGKSYQEEYRY,12,0,12.0,
GRNEYYGYSYQEEYQY,12,0,12.0,
GRWNFFGPYDQILYEY,12,0,12.0,
GRPDYRGFYDQHEYNY,12,0,12.0,
GRNHYFGHDTQIEYEY,12,0,12.0,
GRSYRYGLWLQIEYSF,12,0,12.0,
GRVWRFGLFSQLEYEM,12,0,12.0,
GVPLYYGTYEQYLYDY,12,0,12.0,
GRPNFFGYYEQHNYYY,12,0,12.0,
GRWLYRGPYEQWQYRY,12,1,12.0,
GKTWRYGGYDQLEYDY,12,0,12.0,
GRWARYGYIDQAEYYY,12,0,12.0,
GRWDMFGSYDQRNYEY,12,0,12.0,
GFEYRYGSSMQMEYYM,12,1,12.0,
GTPNRYGYYEQLGYPY,12,0,12.0,
GRNLRYGKLDQDEYQY,12,1,12.0,
GRWNYYGNGLQNEYDY,12,0,12.0,
GRVYSFGSFYQIEYDY,12,0,12.0,
GRWDLWGVYEQRAYEY,12,0,12.0,
GRVNYYGFHLQASYEY,12,0,12.0,
GRNNYYGYEVQREYEY,12,0,12.0,
GRYQLHGPYDQYSYRY,12,0,12.0,
GFWYYMGSSFQYRYPR,12,1,12.0,
GFCMHYGSSVQMLYEY,12,0,12.0,
GFAYAYGSSVQMMYEY,12,0,12.0,
GRVRTYGLDEQIEYQY,12,0,12.0,
GRWDLFGKFDQDAYSY,12,0,12.0,
GKWWRYGEREQIEYLY,12,0,12.0,
GRWNRYGFYYQDNYDY,12,0,12.0,
GRWDLFGKLEQEAYEY,12,0,12.0,
GRPRYYGYNDQDIYDF,12,0,12.0,
GGWDYYGYYEQNLYQY,12,0,12.0,
GFYWMYGSSVQMMYEY,12,0,12.0,
GEYWKNGSSRQCRYRR,12,0,12.0,
GRNNFWGYYEQRTYEY,12,0,12.0,
GRWDFYRAFEQESYDY,12,0,12.0,
GRWWLFGPRDQYRYLY,12,0,12.0,
GRSWKYGGDYQEELVY,12,0,12.0,
GCWWRFGQNYQYNHYY,12,0,12.0,
GRWDYYGAGDQYNYEY,12,0,12.0,
GRNLYFGFPSQNEYEY,12,0,12.0,
GRWLKYGNYEQDEYRY,12,0,12.0,
GRWDFYGAHEQESYNY,12,0,12.0,
GEWMLFGSSFQCRYPR,12,0,12.0,
GRTLYRGYEDQANYRY,12,0,12.0,
GFCRPYGSSVQDMYYM,12,0,12.0,
GRWNYYGFYEQYLYQY,12,1,12.0,
GFTLHYGSSVQMEYEM,12,0,12.0,
GRWLRFGQSIQDLYYY,12,1,12.0,
GFWWYNGSSEQMEYEM,12,0,12.0,
GRWDLFGKLEQDAYNY,12,0,12.0,
GRWWNFGYNYQYEYFY,12,0,12.0,
GRAWRFEYWDQIEYQY,12,0,12.0,
GRWDRHGAYDQFEYDY,12,0,12.0,
GRWHLFGSFDQDNYEY,12,0,12.0,
VEWWKLGSSRQCWYYR,12,0,12.0,
GRWWRYGADDQEEYQY,12,0,12.0,
GRNNFYGYYLQTEYDY,12,0,12.0,
GRWWRFGDTIQERYNY,12,0,12.0,
GPWNYWGPYEQGNYVY,12,0,12.0,
GRGQRYGYYQQDEYDY,12,0,12.0,
GRWNYYGYYDQTEYDY,12,0,12.0,
GRVYRFGSSDQDEYQY,12,0,12.0,
GGVWRFGLSDQYEHFY,12,0,12.0,
GKVLRVGYEYQLEYYY,12,0,12.0,
GRPLWRGYVEQSLYEY,12,0,12.0,
GRWDRHGAYDQRNYEY,12,0,12.0,
GRWYNFGAGDQLNYSY,12,0,12.0,
GRWNRYGAGYQEECDY,12,0,12.0,
GRNEYFGYDIQYEYSY,12,0,12.0,
GRWNYYGPIVQEDYSY,12,0,12.0,
GRWDYYGDLWQFEYSY,12,0,12.0,
GRILWRGKNDQDNFEY,12,0,12.0,
GRINRYGYYEQYQYEM,12,0,12.0,
GFRMHNGSSDQMMYEF,12,0,12.0,
GRNFNYGYNNQDEYYY,12,0,12.0,
GRWLYHGFEIQEEFLY,12,0,12.0,
GEWRAFGSSRQCRYWR,12,0,12.0,
GRAWTYGLDQQLEKLY,12,0,12.0,
GRILWRGYWDQVDYFY,12,0,12.0,
GLALRYGHTIQDLYRY,12,0,12.0,
GRWFYYGPDDQSNYDY,12,1,12.0,
GLSWKYGYTFQGEYHY,12,0,12.0,
GRNLYYGYPYQYEYQY,12,0,12.0,
GRWDNYGSSDQEPYYR,12,0,12.0,
GFYWMYGSSMQCLYYR,12,0,12.0,
GRPNYHGREYQNEYDY,12,1,12.0,
GRGDFYGAFEQESYDY,12,0,12.0,
GPTNRYGFDAQEEYHY,12,0,12.0,
GVPRYWGYDDQPGYNY,12,0,12.0,
GRWDLFGSFDQETYSY,12,0,12.0,
GRAWRFGLDYQLEYDY,12,0,12.0,
GRWNYYGSSEQFKYYM,12,0,12.0,
GRWDLFGSYDQDNYEH,12,0,12.0,
GRWRYFGYYEQPLYSY,12,0,12.0,
GREWRYGGIFQLEYEY,12,0,12.0,
GGWWRFGPDTQYRFHY,12,0,12.0,
GRWDLFGKLNQAAYDY,12,0,12.0,
GRVWKYGLAWQFEYDY,12,0,12.0,
GEMMLFGSSAQCAYWA,11,0,11.0,
GRPSWQGAFQQDLYSY,11,0,11.0,
GFAWRYGSSFQDEYEY,11,0,11.0,
RRWDHYGYYDQSEYDY,11,0,11.0,
GRWFKYGASDQDEYTY,11,0,11.0,
GFYWRNGSSRQCRYYH,11,0,11.0,
GRSNRYGLSDQWTKYY,11,0,11.0,
GRVNYFGYDGQLEYYY,11,0,11.0,
GKSWRYGFYRQDELRY,11,0,11.0,
GYNFRLGYRWQYEYIY,11,0,11.0,
GEYMRYGSSVQMEYEM,11,0,11.0,
GRPWTFGFTDQIEYDY,11,0,11.0,
GRWDRQGAYDQYEYDY,11,0,11.0,
GRSWRHGVYDQLEYLY,11,0,11.0,
GRWDLFGKFDQYNYDY,11,0,11.0,
GRGYIYGYNGQYEHEY,11,0,11.0,
GRTWRYGYHDQVEYYY,11,0,11.0,
GRNNFYGYYEQSNYEY,11,0,11.0,
GFCLHTGSSDQMEYYM,11,0,11.0,
GRWLRFGDYEQYLYNY,11,1,11.0,
GRAWRSGFVDQYDFYY,11,0,11.0,
GRWLYRGPEDQALYEY,11,0,11.0,
GEWWVFGSSMQCMYFF,11,1,11.0,
GRWNFFGDYEQWEYLY,11,1,11.0,
GRVNYYGYLYQLEYRY,11,0,11.0,
GRWDHYGYYGQSEYDY,11,0,11.0,
GRPWRFGYRDQAEYLY,11,0,11.0,
GEWWNFGSSRQCRYYW,11,0,11.0,
GFPWRYGYNDQLEYSY,11,0,11.0,
GRWDYFGQYEQRLYHY,11,0,11.0,
GRPNYYGYYEQDLYRY,11,1,11.0,
GFARYYGSSVQMEYEI,11,0,11.0,
GRWWYYGLEDQYLYRY,11,0,11.0,
GFYWIYGSSMQCWYYY,11,0,11.0,
GRWWRYGSEDQQEYLY,11,0,11.0,
GRWDTRGYRVQGEYEY,11,1,11.0,
GRWWRYGYYDQFNYDY,11,1,11.0,
GRWNFYGNNDQWDYDY,11,0,11.0,
GSWLWFGAREQYRYTY,11,0,11.0,
GRANYWGHDDQYEYQY,11,0,11.0,
GRVWRYGLWDQEEYEY,11,0,11.0,
GRSWTPGKGLQDEYYY,11,0,11.0,
GRNLYYGLKNQFDYIY,11,0,11.0,
GRNLYYGSRYQWEYEY,11,0,11.0,
GRTWRFGFDEQAEYDY,11,0,11.0,
GRVNFYGYYEQMEYEM,11,0,11.0,
GRPLRYGYYEQDGYAY,11,0,11.0,
GRWNYFGHYEQRLYRY,11,0,11.0,
GRWNYRGDSEQWEHEY,11,0,11.0,
GRPNYYGESDQYSYKY,11,0,11.0,
GRSWRFGYSDQHEYEY,11,0,11.0,
GRVWSRGLFLQLAYEM,11,0,11.0,
GRWLRYGAGEQRLFEY,11,0,11.0,
GRWWRYGYNYQDEYWY,11,0,11.0,
GRSLHFGYSGQYEYLY,11,0,11.0,
GRPNYFGYYEQIEYEY,11,1,11.0,
GRINFYGYYEQEQYSY,11,0,11.0,
GFAWHYGSSDQSEYEY,11,0,11.0,
GRWNYFGYYEQLNYPY,11,0,11.0,
GRVDFYGYYDQSSYKY,11,0,11.0,
GRWWLFGPRDQYRYSY,11,0,11.0,
GRWDLFEKLDQDAYSY,11,0,11.0,
GFWWYNGSSRQSEYSY,11,0,11.0,
GFCLHKGSSVQIEYSY,11,0,11.0,
GFEFRNGSSRQCRYWW,11,0,11.0,
GRNLYYGYDEQSEYYR,11,0,11.0,
GFPWRFGYGDQFEFQY,11,0,11.0,
GEWFYNGSSRQCRYWW,11,0,11.0,
GEWYEWGSSFQCRYYR,11,0,11.0,
GRWDFYGRDIQGLYDY,11,0,11.0,
GEWYRFGSSFQCRYYH,11,0,11.0,
GRWWRYGAIYQIEYSY,11,0,11.0,
GRWDYFGQSEQMEYEM,11,0,11.0,
GFYWRYGYNDQLEYDY,11,0,11.0,
GRWWLYGAQYQLEYEY,11,0,11.0,
GRPLWYGYHEQNDYEY,11,0,11.0,
GRVWHFGYDDQQLYSY,11,0,11.0,
GRGWRYGYTDQGEYEY,11,0,11.0,
GRNDFYGPYSQTQYPY,11,0,11.0,
GRTWRWGYWDQRLYQY,11,0,11.0,
GKPNKFGYGQQYEYSY,11,0,11.0,
GRWWRYGYGYQEEYLY,11,0,11.0,
GRPRYFGRDAQQNYTY,11,0,11.0,
GLSWKFGFGVQDEYWW,11,0,11.0,
GRNNFFGYYEQIEYYM,11,0,11.0,
GRWNYFGPDWQSRYLY,11,0,11.0,
GRVRSFVYTDQEEYEY,11,0,11.0,
GRVWRFGLFSQKEYGY,11,0,11.0,
GRSNYYGKDDQDEYIY,11,0,11.0,
GRNYFFGFNYQPEYYY,11,0,11.0,
GRNNYHGYYDQYEYYY,11,0,11.0,
GRPNFRGYYEQYEPEY,11,0,11.0,
GRWNWRGLLLQDTYSY,11,0,11.0,
GRTWRFGHGFQLEYNY,11,0,11.0,
GFWLYNGSSYQCMYFQ,11,0,11.0,
GRVDYRGYSEQELYRY,11,0,11.0,
GRWWRYGLLDQIEYWY,11,0,11.0,
GRVWRYGFDYQAEYHY,11,0,11.0,
GRVWRLGLDYQMMYEY,11,0,11.0,
GFACAYGSSDQINYGY,11,0,11.0,
GRWNYFGLEEQDTYDY,11,0,11.0,
GRNEYYGYSYQLVYEY,11,0,11.0,
GRPNYYGYYEQDLYAY,11,0,11.0,
GRPNYYGSPNQLEYYY,11,0,11.0,
GRWDFYGAFEQYEYDY,11,0,11.0,
GRWFRYGLLYQYNYSY,11,0,11.0,
GRWWSFGASDQYEYFF,11,0,11.0,
GRWLFYGSNEQSLYEY,11,0,11.0,
GRWNNFGYPDQALYEY,11,0,11.0,
GEWWVFGSSVQMEYYM,11,0,11.0,
GRNWHYGYSLQKEYQY,11,0,11.0,
GRPYLYGFGSQEGYPY,11,0,11.0,
GFAMAYGSSMQCMYFF,11,1,11.0,
GNWNYWGAFEQDLFSY,11,0,11.0,
GRNNYYGYYEQKLYKY,11,0,11.0,
GRWLWRGARLQYDYLY,11,0,11.0,
GRPNHYGFEDQTEYNY,11,0,11.0,
GRWWFYGPGEQQLYGY,11,0,11.0,
GFIWRNGSSVQMAYAY,11,0,11.0,
GRADYKGLFDQDNYWY,11,0,11.0,
GRNNYYGYYDQREYDY,11,0,11.0,
GRWWRYGAQDQYEYSY,11,0,11.0,
GRWDLRGDSEQQGYAY,11,0,11.0,
GRWDYFGDYEQTLYKY,11,0,11.0,
GEPNYFGYYEQYYYYY,11,0,11.0,
GKWNYYGLYEQDLYQY,11,0,11.0,
GLSYRYGYNYQSPYEY,11,0,11.0,
GEWMKFGSSRQCWYYR,11,0,11.0,
GEWWTMGSSRQCRYYR,11,0,11.0,
GRWYYFGADDQTNYRY,11,0,11.0,
GFMYPYGSSDQWLYEM,11,0,11.0,
GRWLWYGPETQELYRY,11,0,11.0,
GLANYYGYNWQDDYRY,11,1,11.0,
GNVWRYGYHDQDEYNY,11,0,11.0,
GRWQWYGSQWQENYYY,11,1,11.0,
GQNNFFGYYEQNEYNY,11,1,11.0,
GRVWRYGYSDQIEYRY,11,1,11.0,
GRWNRYGAGYQKEYDY,11,0,11.0,
GRWFSFGAGQQQAYHY,11,0,11.0,
GFCQCYGSSDQMLYEY,11,0,11.0,
GRVWKFGFDFQEEHDY,11,0,11.0,
GRWDFFGPYEQYLYGY,11,0,11.0,
GRSYTYGYDYQLEYDY,11,1,11.0,
GRWLRYGYHDQDEYEY,11,0,11.0,
GRWHYYGGEYQYDYYY,11,1,11.0,
GKNYRFGFKDQAEHFY,11,0,11.0,
GRWNFFGEYDQDNYEY,11,0,11.0,
GRWNNFRNWEQSLYHY,11,0,11.0,
GFCQYYGSSLQLEYEW,11,0,11.0,
GRWLYYGEYDQYNFLY,11,0,11.0,
GRWNYYGPLEQTDYNY,11,0,11.0,
GRTWKYGYEYQLEYYY,11,0,11.0,
GRWWRYGPWYQESYDY,11,1,11.0,
GRWNYFGNDQQIEYKY,11,0,11.0,
GFRMYYGSSVQMYYEM,11,0,11.0,
GFEYHMGSSVQMEYHM,11,0,11.0,
GRVWNFGFREQMEYYM,11,0,11.0,
GRVLRFGFRDQDDYLY,11,0,11.0,
GCWDHYGYYDQSEYDY,11,0,11.0,
RRNLRYGFADQSEHGY,11,0,11.0,
GEWWLFGSSRQCRYRW,11,1,11.0,
GRWNYYGADWQEEFDY,11,0,11.0,
GRWDRHGAYDQYGYEY,11,0,11.0,
GRNERYGYDEQSEYYY,11,0,11.0,
GRSWRFGYSDQYEYSY,11,0,11.0,
GRWRFYGRYEQDLYRY,11,0,11.0,
GRWLYFGPEDQNNYPY,11,0,11.0,
GRVWRFGLDNQGEYKY,11,0,11.0,
GQNDRYGFSDQSGYQY,11,0,11.0,
GFARYYGSSVQMEYDY,11,1,11.0,
GFWLYNGLSRQCEYRR,11,0,11.0,
GPWLYYGRRDQNDYDY,11,0,11.0,
GEYWMFGSSRQCAYPA,11,0,11.0,
GRPLRFGYYQQDSYFY,11,0,11.0,
GRTYTYGYSYQEEYDY,11,1,11.0,
GRVWRFGLYDQYEYDY,11,0,11.0,
GRWWYFGDDYHIAKRY,11,1,11.0,
GRNLYRGYDYQDEYHY,11,0,11.0,
GKTNWFGYEYQLEYEY,11,0,11.0,
GRWDLFGSYDQDNDEY,11,0,11.0,
GRWPRYGPSYQWDYLY,11,0,11.0,
GRNEYFGYETQFEYFY,11,0,11.0,
GKPWVSGYGDQELFKY,11,0,11.0,
GRWELFGKDDQDAYSY,11,0,11.0,
GRPWRYGYGEQEGYSF,11,0,11.0,
GRPNFWGYGEQEEYSY,11,0,11.0,
GEWFYNGSSRQCMYYH,11,0,11.0,
GRWWRFGASDQQSYRY,11,0,11.0,
GFRMHNGSSEQTLYEM,11,0,11.0,
GFCQAYGSSEQMKYEY,11,0,11.0,
GFRMHNGSSDQMNYEM,11,0,11.0,
GNWDYYGEYEQGNYEY,11,1,11.0,
GAPNFYGYYEQRNYDY,11,0,11.0,
GRWNFYGEYEQNSHRY,11,0,11.0,
GFRTHYGSSDQMLYYY,11,0,11.0,
GRWDHYGYYEQDLYDY,11,0,11.0,
GRWWRFGASDQYEYEY,11,0,11.0,
GRVWSFGLRVQMEYEW,11,0,11.0,
GRWNFFGPSDQLNYDY,11,0,11.0,
GIPWRYGYFDQGRYLY,11,0,11.0,
GFFWVWGSSMQCLYFF,11,0,11.0,
GRWWRYGSQDQELYDY,11,0,11.0,
GRNRRFGYGDQDQYDF,11,0,11.0,
GFLLHRGSSMQMMYEM,11,0,11.0,
GREWRFGYYEQDDYHY,11,0,11.0,
GEMLCFGSSRQCRYWW,11,0,11.0,
GRWDLFGKYDQDNFDY,11,0,11.0,
GRWLYYGQRDQMMYEY,11,0,11.0,
GRWDYYGDGDQYNYEY,11,0,11.0,
GRWFKYGAGDQELYDY,11,0,11.0,
GRANFYGYYEQSLYEY,11,0,11.0,
GRWHYQGEYEQDLYGY,11,0,11.0,
GRVWRYGLLQQLEYFF,11,0,11.0,
GRPNFYGYYEQSEYEY,11,0,11.0,
GEYWRFGYNYQEGFHY,11,0,11.0,
GRPLWFGYPEQAEYEY,11,0,11.0,
GRWDLFGAYDQYEYDY,11,0,11.0,
GKVLRWGYSDQDEYLY,11,0,11.0,
GRINRYGYYEQYQYKY,11,0,11.0,
GRWDLFGKFDQDNYYY,11,0,11.0,
GRQWIYGGDWPGEYLY,11,0,11.0,
GRWDFYGAFEQECYDY,11,0,11.0,
GRWHYYGEYEQGTYRY,11,1,11.0,
GRWDFFGSYEQDGYDY,11,0,11.0,
GMEYHYGSSDQMEYYM,11,0,11.0,
GRNNLFGSYEQEEYDY,11,0,11.0,
GRINRYGYYEQFQYDY,11,0,11.0,
GRWNYFGPYDQDNYKY,11,0,11.0,
GCWDLFGSYDQDNYDY,11,0,11.0,
GRVWRFGLLEQYEYGY,11,0,11.0,
GRWQYYGRDVQLLYDY,11,0,11.0,
GRNLQIGYEFQYEFEY,11,0,11.0,
GRWNYFGDYEQIEYDY,11,0,11.0,
GRWFRYGASDQGEYYY,11,0,11.0,
GRTNIFGYYEQYLYEY,11,0,11.0,
GRNPYFGYPEQNEYYY,11,0,11.0,
GKVLRLGYEYQLEYEY,11,0,11.0,
GRTFSYGYDYQLEYDY,11,1,11.0,
GRVWSFGLGQQLEYDY,11,0,11.0,
GEWWYRGSSRQCLYYC,11,0,11.0,
GRWDYFGQYEQKLYHY,11,0,11.0,
GYMYCYGSSEQMKYEY,11,0,11.0,
GRVNFFGKYEQPLYSY,11,0,11.0,
GRVWRWGLFDQLEYSY,11,0,11.0,
GRNEYRGYDDQDEYEY,11,0,11.0,
GRWDFYGYNEQSNYGY,11,0,11.0,
GRWDLFGKLDKDAYSY,11,0,11.0,
GMWMYNGSSFQCMYFY,11,0,11.0,
GRSWNYGFNYQIEYHY,11,0,11.0,
GRNDYWGYYEQFEYLY,11,0,11.0,
GRWDLFGSYDKDNYDY,11,0,11.0,
GLWWRYGGEAQDELDY,11,0,11.0,
GRTWRFGYDYQAEYYY,11,1,11.0,
GFYWQYGSSMQCEYYR,11,0,11.0,
GEYTYFGSSMQCRYWR,11,0,11.0,
GRWLYYGPRDQQLYEY,11,0,11.0,
GRWLYRGYEYQYEYGY,11,0,11.0,
GFYYFMGSSFQCMYYR,11,0,11.0,
GRWNFFGEYEQELYGY,11,0,11.0,
GCWLYYGPSFQENYEY,11,1,11.0,
GRWDLFGKFDPDNYEY,11,0,11.0,
GRNGYRGFQPQEEYDY,11,0,11.0,
GRWFRFGSSDQAEYDY,11,0,11.0,
GRWWRYGAQYHIEYNY,11,0,11.0,
GRWNYFGQLDQTLYDY,11,0,11.0,
GRVYRYGYLDQGEYEY,11,1,11.0,
GEYCRFGSSRQCRYWH,11,0,11.0,
GRWWNYGALDQNLYFY,11,0,11.0,
GRNNYFGGYKQWEYSY,11,0,11.0,
GNVWRYGYGYQIEYHY,11,0,11.0,
GPNNYYGLENQSEYYY,11,0,11.0,
GRINFYGYYEQRLYEY,11,0,11.0,
GLTLRRGYDLQNQYYY,11,0,11.0,
GRGWRQGTYDLDLLEY,11,0,11.0,
GRWNFYGGYEQENYNY,11,0,11.0,
GRSLRYGFEQQLENDY,11,0,11.0,
GRWYRYGYDEQYEYEY,11,0,11.0,
GRWWLFGSIYQELFEY,11,0,11.0,
GRWWRYGYGEQGLYHY,11,0,11.0,
GREWSYGYDDQNAYSY,11,0,11.0,
GRWDFYGYYEQGEYSY,11,0,11.0,
GRWNSFGNYEQFLYEY,11,0,11.0,
GRWWYYGPQDQHNYEY,11,0,11.0,
GRWLWYGSSVQMDYEM,11,0,11.0,
ERWDLFGKDDQDAYSY,11,0,11.0,
GRNLYFGYSAQLEYEY,11,0,11.0,
GRWRYFGNFDQIEYDY,11,0,11.0,
GRWDYYGRYEQYLYNY,11,0,11.0,
GRWNFYGQDDQYNYYY,11,0,11.0,
GRNNYFGSYEQEEYSY,11,0,11.0,
GFCSHMGSSVQMMYYM,11,0,11.0,
GRWDLFGKYDQYNYDY,11,0,11.0,
GRPLRRGFSEQHLYGY,11,0,11.0,
GKWNYYGYYEQGTYEY,11,0,11.0,
GFSWRYGSSMQCLYFF,11,0,11.0,
GKVWRFGYRYQQNYDY,11,0,11.0,
GPTWRYGYWYQEEYNY,11,0,11.0,
GRTWRVGFFEQLEYTY,11,0,11.0,
GRVWRYGAIDQLEYQY,11,0,11.0,
GRWLYFGPSEQSEYLY,11,0,11.0,
GLSWSFGGSWQEEHWY,11,0,11.0,
GEYWVFGSSAQCAYWW,11,0,11.0,
GRVWRYGLYLQLEYEM,11,0,11.0,
GRNFRFGYRYQGEYHY,11,0,11.0,
GFAEHYGSSDQMMYEM,11,0,11.0,
GRTDFFGYYEQYEYEY,11,0,11.0,
GRWNLFGALQQYEYYY,11,0,11.0,
GRWNYYGYYEQSDYHY,11,0,11.0,
GRGWKFGSGYQAEYPY,11,0,11.0,
GRWDYYGEGDQYNYGY,11,0,11.0,
GEMMIFGSSRQCRYWW,11,0,11.0,
GEPNFWGYYEQYLYRY,11,0,11.0,
GRWDFFGNYDQNEYSY,11,0,11.0,
GRILWRGYSDQDLYDY,11,0,11.0,
GRWWRYGYDGQVEYEY,11,0,11.0,
GRTWRYGYHDHVEYEY,11,0,11.0,
GFYYFMGSSYQQNYDY,11,0,11.0,
GRWWKYGNIDQYEYNY,11,0,11.0,
GRWWRYGSEDQLEYEY,11,0,11.0,
GRWNFFGSYEQFDYQY,11,0,11.0,
GRSLYFGPDIQYNYSY,11,0,11.0,
GRWWQYGSLDQDLYSY,11,0,11.0,
GRWLWFGPHEQIEYDY,11,0,11.0,
GKWWRFGYYDQNQYQY,11,0,11.0,
GRPNLFGYYEQQLYSY,11,0,11.0,
GRWDQFGKFDQDNYEY,11,0,11.0,
GRNNYYGYYIQEEYDY,11,0,11.0,
GRWNFYGPYEQTLYNY,11,1,11.0,
GRVNFYGYYEQQLYDY,11,1,11.0,
GRWDYYGPLDQWDYWY,11,0,11.0,
GRIWRYGYFEQDSYKY,11,0,11.0,
GRTFRYGFSIQDEYNY,11,0,11.0,
GRNRLFGYSDQDDYAY,11,0,11.0,
GLSWRFGYGDQYLFEY,11,0,11.0,
GEWWQFGSSRQCWYWR,11,0,11.0,
GFPWRFGYADQHEYIY,11,0,11.0,
GRWDYRGYGEQDDFEY,11,0,11.0,
GRVWKYGLYSQDEYRY,11,0,11.0,
GRVYSFGSFYEIEYHY,11,0,11.0,
GRVWKFGFDFQEEYDY,11,0,11.0,
GEYLYNGSSFQCMYFY,11,0,11.0,
GFWLRFGQSTQDLFHY,11,0,11.0,
GRPWLYGYDDQYSYEY,11,0,11.0,
GRWNFYGQNDQYLYDY,11,0,11.0,
GRNEYYGYYEQEEYDY,11,1,11.0,
GRWDFYGAHEQENYDY,11,0,11.0,
GPWFRYGYYEQDEYFY,11,0,11.0,
GRWLTYGNYYQLEEEY,11,0,11.0,
GRWWHYGPDSQWRYKY,11,0,11.0,
GEWWYYGPDGQWKESY,11,0,11.0,
GRGLWRGYEDQIDYDY,11,0,11.0,
GRWWRHGPSEQGRHSY,11,0,11.0,
GRWHYYGSSIQELYEY,11,0,11.0,
GRWLRYGELDQLLYEW,11,0,11.0,
GRWLYYGPIDQLNYSY,11,0,11.0,
GRPEYFGYPDQYNYSY,11,0,11.0,
GRWNRYGAGYQEEYFY,11,0,11.0,
GSWKYSGNAQQDENEY,11,0,11.0,
GRLNYFGELEQNLLNY,11,0,11.0,
GRVWSYGLEQQIEFEY,11,0,11.0,
GRWDRHGAYDQYLYQY,11,0,11.0,
GCWNFYGGYEQENYEY,11,0,11.0,
GRGNYYGYYEQGAYGY,11,0,11.0,
GLSWRFGFGVQDEYQY,11,0,11.0,
GFWFRNGSSRQCEYRR,11,0,11.0,
GRPNYWGYASQIDYIY,11,0,11.0,
GRWLYWGPQDQEEYFY,11,0,11.0,
GRPNYYGYNDQQEYYY,11,0,11.0,
GRVYSFGSFYQMEYYM,11,0,11.0,
GRWDYYGYYDHSEYDY,11,1,11.0,
GRWWAYGPDYHSRYGY,11,0,11.0,
GRPPWRGYTEQHDYLY,11,0,11.0,
GRNNRYGYYEQELYFF,11,0,11.0,
GRWDLFGSYDQDNHDY,11,0,11.0,
GRWLYFGPLDQTSYRY,11,0,11.0,
GRWNRYGFYDQYNYDY,11,0,11.0,
GRSWRFGYSDQAEHDY,11,1,11.0,
GFMYHRGSSVQMMYEY,11,0,11.0,
GRWWRYGQEDQDNYEY,11,0,11.0,
GRWWRFGNEEQELYKY,11,1,11.0,
GRWYRFGSSMQMIYEM,11,0,11.0,
GRWNYFGPEEQDTYYY,11,1,11.0,
GRWNYYGSFDQYNYEY,11,0,11.0,
GRVYSFGSFYQIEYLY,11,0,11.0,
GRVWRWGAYEQIEYIY,11,0,11.0,
GRWWRYGDYDQALYDF,11,0,11.0,
GRPNFYGYYEQDLYEY,11,1,11.0,
GRWEFYGDYDQYLYQY,11,0,11.0,
GRVWKFGFGDQGLYEY,11,0,11.0,
GFRMYYGSSVQMEYQY,11,0,11.0,
GFWRRYGYDDQDGYYY,11,0,11.0,
GFEMYMGSSVEMEYYM,11,0,11.0,
GLPWRYGYSDQIVYGY,11,0,11.0,
