Sequence,Count_binding,Count_nsbinding,Enrichment_factor,ID
AIRWNGVETY,3548216,4427,801.4944657781793,Rob_6729
AIGWDGEYTY,929712,1740,534.3172413793103,Rob_11197
AIKWNGYYTY,838231,2231,375.7198565665621,Rob_11510
AIRWNGDYTY,823973,1647,500.2871888281724,Rob_6742
AIRWNGSATY,735514,1998,368.1251251251251,Rob_7404
AIRWNGVSTY,564076,559,1009.0805008944544,Rob_6728
AIGWDGGYTY,529572,751,705.155792276964,Rob_11198
AIRWNGDETY,490798,953,515.00314795383,Rob_6741
AIRWNGSFTY,342840,1729,198.28802776171196,Rob_7409
AIRPFGLETY,96418,555,173.72612612612613,Rob_1995
AINWNGKYTY,89810,4456,20.154847396768403,Rob_7535
AIRWNGRYTY,78517,729,107.70507544581619,Rob_6996
AINWSGSRTY,78378,1930,40.61036269430052,Rob_12346
AIRWNGSYTY,63731,435,146.5080459770115,Rob_7420
AINWNGKSTY,56266,1242,45.30273752012882,Rob_7534
AIRWNGLDTY,54878,388,141.43814432989691,Rob_11852
AIRWNGSSTY,52496,1022,51.365949119373774,Rob_7771
AIRWSGNQTY,48226,1937,24.897263810015488,Rob_8983
AIRWDGYATY,44668,981,45.533129459734965,Rob_7555
AIRWDGFATY,39884,921,43.30510314875136,Rob_7553
AIRWNGNYTY,33436,2449,13.652919559003674,Rob_6702
AIRWNGFYTY,22525,1280,17.59765625,Rob_7705
AIRWAGDYTY,20256,719,28.172461752433936,Rob_8012
AIRWAGDNTY,19232,1189,16.17493692178301,Rob_8010
AIRWNGHYTY,16811,618,27.202265372168284,Rob_6705
AIRWNGIYTY,15619,439,35.57858769931663,Rob_11789
AINWNGGSTY,15461,1297,11.92058596761758,Rob_6578
AIRWNGHSTY,15165,609,24.901477832512317,Rob_6706
AIRWNGGSTY,14984,53,282.7169811320755,Vsig4_WT
AIKWNGLYTY,13167,940,14.007446808510638,Rob_11495
AINPYGRRTY,7017,476,14.741596638655462,Rob_7860
AIRWNGDATY,5013,1,5013.0,
SIRWNGVETY,2827,1,2827.0,
AIRWNGVESY,2324,0,2324.0,
AIRCNGVETY,2274,1,2274.0,
AIRWNGYYTY,2183,4,545.75,
AILWNGVETY,1901,9,211.22222222222223,
AIQWNGVETY,1648,0,1648.0,
AITPFGDQTY,1538,19,80.94736842105263,
TIRWNGVETY,1529,3,509.6666666666667,
AIGWYGEYTY,1441,1,1441.0,
AIRWNCVETY,1385,2,692.5,
AIRLNGVETY,1252,1,1252.0,
AIRWNGVETH,1161,1,1161.0,
AIYPYGGYTH,1143,0,1143.0,
AIRWNGVSSY,1142,0,1142.0,
AIGWDDEYTY,1115,2,557.5,
AIRWNGGATY,943,24,39.291666666666664,
AIRYVGGYTY,881,18,48.94444444444444,
AIRWNVVETY,874,0,874.0,
AIRWSGNHTY,834,2,417.0,
AIRWNGMETY,674,1,674.0,
AIRWDGEYTY,674,1,674.0,
AIDWDGEYTY,653,2,326.5,
AIGWDGGYSY,643,0,643.0,
AIKCNGYYTY,615,0,615.0,
AIRWNGDYSY,614,0,614.0,
AMRWNGVETY,613,1,613.0,
AIRWNGLSTY,611,1,611.0,
AIMYMGGSTH,585,5,117.0,
VIRWNGVETY,584,1,584.0,
SIRWNGDETY,574,0,574.0,
AIGWDGEYIY,562,0,562.0,
AIRWYGVETY,542,0,542.0,
AIRWNSVETY,540,0,540.0,
AIRWNGVDTY,538,1,538.0,
AIRWNGSVTY,530,1,530.0,
AIRCNGDYTY,504,3,168.0,
SIKWNGYYTY,487,0,487.0,
AILWNGDYTY,468,22,21.272727272727273,
TIKWNGYYTY,465,1,465.0,
AIDWDGGYTY,452,0,452.0,
AIRWHGVETY,450,0,450.0,
AIRWNGIATY,444,2,222.0,
AIRCNGSATY,439,1,439.0,
AITWNGYYTY,434,0,434.0,
AINDFGYRTY,425,0,425.0,
AIRWNGLYTY,410,0,410.0,
AIRWNGRYAY,409,0,409.0,
AIRWNGSTTY,406,2,203.0,
AIRWNDVETY,395,0,395.0,
AIGWDCEYTY,384,0,384.0,
AIRWDGVETY,383,0,383.0,
AIGCDGEYTY,379,1,379.0,
AIQWNGDYTY,379,0,379.0,
AIRPFGPETY,376,0,376.0,
AISPNGYITY,371,2,185.5,
AILWNGSATY,370,2,185.0,
AICWDGEYTY,368,1,368.0,
AIGLDGEYTY,352,0,352.0,
AMGWDGEYTY,348,1,348.0,
AIGWDGDYTY,348,0,348.0,
AIQWNGSATY,343,0,343.0,
TIGWDGEYTY,334,0,334.0,
AIRCNGVSTY,332,0,332.0,
AISSFGRRTY,329,14,23.5,
AISPFGYHPY,327,0,327.0,
AIRWNCDYTY,317,0,317.0,
AIRWSGVETY,315,1,315.0,
AIRCNGDETY,312,0,312.0,
AIRWNGLETY,308,0,308.0,
AILWNGVSTY,302,1,302.0,
AISYMGGYTY,298,0,298.0,
AIKWNCYYTY,295,2,147.5,
AILWNGDETY,294,0,294.0,
TIRWNGDYTY,290,0,290.0,
AIRWNGGYTY,290,0,290.0,
AIRWNSDYTY,286,0,286.0,
AIGWDGNYTY,286,0,286.0,
AIRWNCSATY,281,1,281.0,
AIRLNGDYTY,278,0,278.0,
AIKLNGYYTY,266,0,266.0,
AIRWNGDDTY,266,0,266.0,
AIRRNGVETY,264,1,264.0,
AIRPYGQLTY,262,8,32.75,
AIQWNGVSTY,257,1,257.0,
AIKWNGYYTH,250,2,125.0,
AINMLGGSTY,244,8,30.5,
TIRWNGSATY,243,1,243.0,
AIRWNCVSTY,236,0,236.0,
AIRWNGSATH,229,1,229.0,
AIRWNSVSTY,227,0,227.0,
AIRWKGVETY,225,1,225.0,
AIRLNGSATY,223,1,223.0,
AIGWDCGYTY,223,0,223.0,
AIRWNGYETY,220,1,220.0,
AIGWYGGYTY,220,0,220.0,
AIRWNGDYTH,214,0,214.0,
AIGWGGEYTY,213,0,213.0,
AIGWDGEYTH,210,1,210.0,
AIAPWGGYTY,209,13,16.076923076923077,
AIQWNGDETY,208,0,208.0,
AIRLNGVSTY,207,1,207.0,
TIRWNGVSTY,207,2,103.5,
AIRWNCDETY,205,0,205.0,
AIRWNGAETY,194,0,194.0,
AIRCNGSFTY,192,0,192.0,
TIGWDGGYTY,184,1,184.0,
AIGWDGCYTY,181,0,181.0,
AIGLDGGYTY,179,1,179.0,
TIRWNGDETY,178,0,178.0,
AIGCDGGYTY,176,1,176.0,
AIRWNGVKTY,174,0,174.0,
AMGWDGGYTY,173,0,173.0,
AIRLNGDETY,171,0,171.0,
AIRWNGSFTF,168,0,168.0,
AIKWNGVETY,167,0,167.0,
AIRWNGVETC,167,0,167.0,
ATSPYGHYTY,166,1,166.0,
AICWDGGYTY,164,0,164.0,
AIRWNGVSTH,161,0,161.0,
AILWNGSFTY,160,0,160.0,
AIKWSGSRTY,159,0,159.0,
AISPFGQTTF,159,0,159.0,
VIKWNGYYTY,158,0,158.0,
AIGWDGGYTH,157,0,157.0,
AIRWNGSETY,157,0,157.0,
EIRWNGVETY,150,0,150.0,
AIQWNGSFTY,145,0,145.0,
AIINSGHYTY,145,0,145.0,
VIRWNGDYTY,145,0,145.0,
AMRWNGDYTY,143,0,143.0,
VIGWDGEYTY,142,0,142.0,
AIGWDGEYTF,138,0,138.0,
AIGSFGGYTY,138,1,138.0,
AIRPFGRQTY,138,2,69.0,
AMRWNGSATY,137,0,137.0,
AIGRDGEYTY,137,1,137.0,
AIRWNDVSTY,136,0,136.0,
AIRLNGSFTY,134,0,134.0,
AINWNGRYTY,133,0,133.0,
AIKWNGYRTY,133,0,133.0,
AIRWNGSFTS,133,0,133.0,
AIIPGGGTTY,133,0,133.0,
AIRWNDSATY,132,1,132.0,
AIRWNGVEIY,132,0,132.0,
AIRWYGSATY,129,1,129.0,
AIRWNGVATY,128,1,128.0,
AIRWNGDETH,128,0,128.0,
AIGWDGKYTY,127,3,42.333333333333336,
AIKWYGYYTY,126,0,126.0,
SIGWDGEYTY,126,0,126.0,
AIAPYGRRTY,125,7,17.857142857142858,
AINENGSYTY,124,3,41.333333333333336,
AIRPGGGYTY,123,2,61.5,
SIRWNGDYTY,123,0,123.0,
AIRWNCSFTY,122,1,122.0,
AIGWDGEYAY,122,0,122.0,
AISLFGEYTY,121,2,60.5,
TIRWNGSFTY,121,0,121.0,
VIRWNGSATY,119,0,119.0,
AIRWNVSATY,118,0,118.0,
AIRWYGDYTY,115,2,57.5,
AIVWDGEYTY,113,0,113.0,
AIRWNGVETS,112,0,112.0,
AIRWHGDYTY,111,1,111.0,
AICMWGGNTY,111,0,111.0,
AIRWNGVPTY,110,0,110.0,
AIKWNGFYTY,110,1,110.0,
AIRWNGVETN,109,0,109.0,
AMRWNGVSTY,108,0,108.0,
AIRWNGYATY,106,0,106.0,
AIKWNGYYSY,104,0,104.0,
AIRWDGSATY,103,0,103.0,
AIRWNGDYAY,102,0,102.0,
AIRFVGYETY,102,1,102.0,
AMRWNGDETY,101,0,101.0,
AIGWDGGYIY,100,0,100.0,
AIRWNGSFTH,100,1,100.0,
AIGWDGEYPY,98,0,98.0,
VIRWNGVSTY,95,0,95.0,
AIRWHGSATY,95,0,95.0,
AIRWYGDETY,95,0,95.0,
AIRWDGYVTY,95,0,95.0,
SIRWNGVSTY,95,0,95.0,
AILPFGLETY,94,6,15.666666666666666,
AIGFYGGYTY,91,0,91.0,
AISDYGYWTY,91,9,10.11111111111111,
AIHPYGSFTY,90,1,90.0,
SIRWNGSATY,89,0,89.0,
AIRWNGMSTY,87,0,87.0,
AIRWNGVENY,87,0,87.0,
AIRWNSSATY,86,0,86.0,
AIGRDGGYTY,84,0,84.0,
AIRWNGDYIY,84,0,84.0,
AIRWNGEYTY,82,0,82.0,
AIGWDSEYTY,81,0,81.0,
AIGWDGAYTY,80,0,80.0,
AIRWNGVETD,78,0,78.0,
AINWNVKSTY,77,0,77.0,
AIGWGGGYTY,77,0,77.0,
AIRWNGGETY,77,1,77.0,
AIKWNGYYAY,76,0,76.0,
AIRPFGMETY,76,0,76.0,
AINDYGNYTY,76,1,76.0,
AISKYGIYTY,76,0,76.0,
AIRWYGVSTY,75,1,75.0,
VIGWDGGYTY,74,0,74.0,
AIRRNGSATY,73,0,73.0,
AINWNGYYTY,73,0,73.0,
AINYTGYSTY,73,0,73.0,
AIYPYGGTTY,72,0,72.0,
AISPNGDETY,72,0,72.0,
AIHPYGSWTF,71,0,71.0,
AIGSDGEYTY,71,0,71.0,
AMRWNGSFTY,68,0,68.0,
AIRWSGSATY,67,0,67.0,
AIRWGGTGTY,67,0,67.0,
AIRWHGDETY,67,0,67.0,
AIRWDGFVTY,66,2,33.0,
TINWNGKYTY,66,2,33.0,
AIGWDGGDTY,65,0,65.0,
AIRWKGDYTY,64,0,64.0,
AILWNGRYTY,64,0,64.0,
AIRWNDSFTY,63,0,63.0,
VIRWNGDETY,63,0,63.0,
VIAYMGGSTY,63,6,10.5,
AIRWHGVSTY,63,0,63.0,
AIQWNGYYTY,63,0,63.0,
AIKWNGYYTN,63,0,63.0,
AIRWNDDYTY,62,0,62.0,
AIRWNGNATY,61,1,61.0,
AIRWNSSFTY,61,0,61.0,
AIRWDGDETY,60,0,60.0,
SIRWNGSFTY,58,0,58.0,
SIGWDGGYTY,58,0,58.0,
AIGWDGGYAY,58,1,58.0,
AIGSDGGYTY,58,0,58.0,
AIGPFGHYTH,57,3,19.0,
AITYSSGSTY,56,0,56.0,
AISPWGRRTY,56,2,28.0,
AILMHGGSTY,56,3,18.666666666666668,
AIRWNGRATY,56,0,56.0,
AIRWNSDETY,56,5,11.2,
AIKWNSYYTY,55,0,55.0,
AISDIGHYTY,55,0,55.0,
VIRWNGSFTY,55,1,55.0,
ARRWNGVETY,55,0,55.0,
AINPGGSYTN,55,0,55.0,
AIRWNGVGTY,55,1,55.0,
AIRWDGFATH,55,0,55.0,
AIRWNSSYTY,55,0,55.0,
TINWSGSRTY,55,3,18.333333333333332,
AMKWNGYYTY,54,0,54.0,
AIRWNGGFTY,54,0,54.0,
AILWNGLDTY,54,0,54.0,
AIRRNGDYTY,53,0,53.0,
AIRWHGSFTY,53,0,53.0,
AITWHGYYTY,53,0,53.0,
AIGWDGSYTY,50,1,50.0,
AIGWNGVETY,50,0,50.0,
AIRWYGSFTY,50,0,50.0,
AIGWDSGYTY,49,0,49.0,
AIKYVGGYTY,49,0,49.0,
AIRCNGRYTY,49,1,49.0,
AIGWDGGHTY,49,0,49.0,
AISCRGDFTY,49,0,49.0,
AISLFGYKTY,48,2,24.0,
AITYMGGSTD,48,0,48.0,
AIVPFGNNTY,48,1,48.0,
AISPGGRQTH,48,0,48.0,
AIRPFCLETY,47,0,47.0,
AIRWNGDEIY,47,0,47.0,
AIGWNGEYTY,47,0,47.0,
AIKWNGYYIY,47,3,15.666666666666666,
AINPYGWPTY,46,0,46.0,
AIRWNGCATY,45,0,45.0,
AIAYLGGSTY,45,2,22.5,
AIRWNGNETY,45,0,45.0,
AIRWSGDETY,45,0,45.0,
AISWDGEYTY,45,1,45.0,
AINPDGSGTY,44,3,14.666666666666666,
AIRYAGYRTY,44,0,44.0,
AIKWSGYYTY,44,0,44.0,
AIRWKGSATY,44,3,14.666666666666666,
ATRWNGVETY,43,0,43.0,
AICPYGGLTY,43,1,43.0,
AIRWNGSAAY,43,0,43.0,
AIKWNGYYNY,43,2,21.5,
AIRCNGLDTY,43,0,43.0,
AIRWNGSATN,42,0,42.0,
AIGWDGEYNY,42,0,42.0,
AINCSGSRTY,42,1,42.0,
AIRCNGSYTY,42,0,42.0,
AIRWSDNQTY,41,2,20.5,
AIYCYGGSTY,41,0,41.0,
AIQPFGLETY,40,0,40.0,
AIAYAGGYTY,40,0,40.0,
AIRRNGVSTY,40,0,40.0,
EIGWDGEYTY,40,0,40.0,
AIAPYSDYTY,40,0,40.0,
AIKWHGYYTY,40,0,40.0,
VIMYWGGSTY,40,0,40.0,
AIRWNGRFTY,39,0,39.0,
AIKRNGYYTY,39,0,39.0,
AIRCNGSSTY,39,0,39.0,
AIRWSGVSTY,38,0,38.0,
AIRSNGVETY,37,0,37.0,
AIRWNGMDTY,37,0,37.0,
AIRWKGVSTY,37,0,37.0,
AIRWNGDHTY,37,1,37.0,
AIEPYGTWTY,37,0,37.0,
EIRWNGSATY,37,0,37.0,
AIRWNVSFTY,37,0,37.0,
AIRWNGDYTN,37,0,37.0,
AIRWSGDYTY,37,0,37.0,
AIGWDGGCTY,37,0,37.0,
AIRWNGVSIY,36,1,36.0,
AIRPYGRSTY,36,0,36.0,
AIRQFGLETY,35,0,35.0,
SIVPRGGGTY,35,1,35.0,
AIRPFGGKTY,35,0,35.0,
AIGWDVEYTY,35,1,35.0,
AIGPFGFDTY,35,1,35.0,
TINWNGKSTY,35,0,35.0,
EIKWNGYYTY,35,0,35.0,
AIKWDGYYTY,35,0,35.0,
AIKWNVYYTY,34,0,34.0,
AISEYDDRTY,34,0,34.0,
AIRWNVDYTY,34,1,34.0,
AITPFGYNSY,34,0,34.0,
AIRWKGDETY,34,0,34.0,
AIGWNGGYTY,34,0,34.0,
AIRRNGSFTY,34,0,34.0,
AIGWDGYYTY,34,0,34.0,
AIQWNGRYTY,34,1,34.0,
AILWNGSSTY,33,0,33.0,
AIRWNGSFAY,33,0,33.0,
AIKWNGYDTY,33,0,33.0,
AIRWNGVQTY,33,0,33.0,
AKAPYGYYTY,33,0,33.0,
AISYRGGSTY,33,2,16.5,
AIRRNGDETY,33,0,33.0,
AILWNGSYTY,32,0,32.0,
AIKWNGSATY,32,0,32.0,
AIRWNDDETY,32,0,32.0,
AIRWDGSFTY,32,0,32.0,
AIRLNGSSTY,32,0,32.0,
AIGWDGEHTY,32,0,32.0,
AIRWNGIFTY,32,0,32.0,
AILWSGNQTY,32,1,32.0,
AIKWNGYHTY,31,1,31.0,
AINFRGGSTY,31,0,31.0,
TIRPFGLETY,31,0,31.0,
AIRWNGCYTY,31,0,31.0,
AIRCSGNQTY,31,0,31.0,
AIKWKGYYTY,31,0,31.0,
AIRWNGDYNY,30,0,30.0,
AIRWNGVSNY,30,0,30.0,
AIRWNASATY,30,0,30.0,
AIKWNDYYTY,30,0,30.0,
AIRWNGDYTD,30,0,30.0,
AIRWDGVSTY,30,0,30.0,
AIRWDCYATY,29,1,29.0,
AIRWTGVETY,29,0,29.0,
AINWYGKYTY,29,0,29.0,
AIKWNGYCTY,29,0,29.0,
AIRWNCSYTY,29,1,29.0,
AIRPFGLETH,29,0,29.0,
AIRWNGDCTY,29,1,29.0,
AINCNGKSTY,29,0,29.0,
AIRWRGYYTY,28,0,28.0,
AIRLNGRYTY,28,1,28.0,
AISPFVWNTY,28,0,28.0,
AIRWNGNFTY,28,0,28.0,
AIRWNGVEAY,28,0,28.0,
EIRWNGDYTY,28,0,28.0,
AIQWNGLDTY,27,0,27.0,
AIRWNGKSTY,27,0,27.0,
AIGWDGGYTN,27,0,27.0,
AINWNDKSTY,26,0,26.0,
AIIPYGWNTY,26,0,26.0,
AIRLNGLDTY,26,0,26.0,
AIQWNGSYTY,26,1,26.0,
AIYPFGSNTY,26,0,26.0,
AIRWGGNQTY,26,1,26.0,
AIPWNGVETY,26,0,26.0,
AIRWNAVETY,25,0,25.0,
AIKWNGDETY,25,0,25.0,
SIAPYGHYTY,25,1,25.0,
TIRWNGRYTY,25,0,25.0,
AIRWAGYYTY,25,0,25.0,
AIRWDGDYTY,25,0,25.0,
AIRWNGRYTH,25,0,25.0,
AIRWNGNSTY,25,1,25.0,
AIRWDCFATY,25,1,25.0,
AIGWDDGYTY,25,0,25.0,
AIRWNSNYTY,24,0,24.0,
AIRWNGSLTY,24,2,12.0,
AIRWNCSSTY,24,1,24.0,
AIGWNGSATY,24,1,24.0,
AIRWNGDYTS,24,0,24.0,
AIRWNGSRTY,24,0,24.0,
AIGPYVNYTY,24,0,24.0,
AIGWDGEYTN,24,0,24.0,
AIGWDGGSTY,24,1,24.0,
AILWAGDYTY,24,1,24.0,
AIVPYGSDTY,23,0,23.0,
AIRWNGAYTY,23,0,23.0,
AISPDGTDTY,23,2,11.5,
AIKWNGCYTY,23,2,11.5,
SIAPYGKYTY,23,1,23.0,
AIRWNVDETY,23,0,23.0,
AIRWNGSSTH,23,0,23.0,
TIRWNGSSTY,23,0,23.0,
AILWDGYATY,23,0,23.0,
AISWDGGYTY,23,1,23.0,
AIGWDVGYTY,23,0,23.0,
AINWSGSRTH,23,0,23.0,
AIRLNGSYTY,23,1,23.0,
AIRWSGNPTY,22,0,22.0,
AIRWNGSYTH,22,0,22.0,
AIRWNGVSTN,22,0,22.0,
AIGWDGVYTY,22,0,22.0,
AITPFGKSAY,22,1,22.0,
AINLNGKYTY,22,2,11.0,
AINWSGRRTY,22,1,22.0,
AIQPFGGHTY,22,0,22.0,
AIRWNGVLTY,22,0,22.0,
PIRWNGVETY,22,0,22.0,
AIRWIGVETY,22,0,22.0,
AVRWNGVETY,22,0,22.0,
AIRWNVVSTY,22,0,22.0,
AINWSCSRTY,21,0,21.0,
EIRWNGVSTY,21,0,21.0,
AIGWHGEYTY,21,0,21.0,
AISPLVQQTY,21,0,21.0,
AIRWNGSFIY,21,0,21.0,
TIRWNGSYTY,21,0,21.0,
TIRWNGLDTY,21,1,21.0,
AIRPYGRRTY,21,0,21.0,
AIRWNGSITY,21,0,21.0,
AILPPCGDTY,21,0,21.0,
AIGWDGGYNY,21,0,21.0,
AINWGGSRTY,20,1,20.0,
AIRWNGDKTY,20,0,20.0,
AIRPYGGGTY,20,1,20.0,
AIRWNGSANY,20,0,20.0,
AIRWNCRYTY,20,0,20.0,
AIQWNGSSTY,20,0,20.0,
AIRSNGSATY,20,0,20.0,
AIRWYGFATY,20,0,20.0,
AISPLCSSTY,20,0,20.0,
AIRWKGSFTY,20,0,20.0,
AIRLSGNQTY,20,0,20.0,
AINRNGKSTY,19,0,19.0,
AITPFDNWTY,19,0,19.0,
AIRSFGLETY,19,0,19.0,
AIRWNGDETC,19,0,19.0,
AILPPGGSTY,19,0,19.0,
AIRWNGSPTY,19,0,19.0,
EIGWDGGYTY,19,0,19.0,
AIRWNGSAIY,19,0,19.0,
SITYVGGSTY,19,0,19.0,
AIKWNGYSTY,18,0,18.0,
AIAPRGNETY,18,0,18.0,
AIRWNCLDTY,18,0,18.0,
AISPFANHTY,18,0,18.0,
AICPFGDHTY,18,0,18.0,
SILPYGGFTY,18,0,18.0,
AIRWNGDSTY,18,0,18.0,
AISFYGGFTY,18,0,18.0,
AIQWSGNQTY,18,0,18.0,
AIRCDGYATY,18,0,18.0,
AIRWNGASTY,18,0,18.0,
AINWNGVETY,18,0,18.0,
AINPYGRLTY,18,1,18.0,
AIRWNGKTTY,18,0,18.0,
AIRFAGYKTY,18,0,18.0,
AIQWDGYATY,18,0,18.0,
AIGWDGGYTD,18,0,18.0,
AIDLYGSETY,17,1,17.0,
AIKWNGYYTD,17,0,17.0,
AINRNGKYTY,17,0,17.0,
AINWSGSCTY,17,1,17.0,
AIRWNGSHTY,17,0,17.0,
AINWSGGRTY,17,1,17.0,
AIRWNGDETN,17,0,17.0,
VIRPFGLETY,17,0,17.0,
AIRCNGFYTY,17,0,17.0,
AIRWNGSATS,17,0,17.0,
AIGPYGRRTY,17,1,17.0,
AINWNGKYTH,17,0,17.0,
VINWNGKYTY,17,1,17.0,
AIRLDGYATY,17,0,17.0,
AIRSNGDYTY,17,0,17.0,
AIGGDGEYTY,17,1,17.0,
AIRWNGRDTY,17,1,17.0,
AIRWNGLDTH,17,0,17.0,
AMRWNGRYTY,17,0,17.0,
AIGPFGWHTY,17,1,17.0,
AIRPFGNHTY,17,0,17.0,
AIRWNGSATD,17,0,17.0,
AINWSGIRTY,17,1,17.0,
AINPYGSSTY,16,0,16.0,
AIKCNGLYTY,16,1,16.0,
AIKWNGVSTY,16,0,16.0,
AIRGNGVETY,16,1,16.0,
AIRWNGVSTD,16,0,16.0,
VINWSGSRTY,16,0,16.0,
AISEYGRYIY,16,0,16.0,
AINWNGKHTY,16,0,16.0,
AIRWNGSATC,16,0,16.0,
AIRCDGFATY,16,0,16.0,
AINDYGTRTY,16,0,16.0,
TIRWDGFATY,16,0,16.0,
AIEWNGYYTY,16,0,16.0,
AIVPYGRKTY,16,0,16.0,
AIAPRGGQTY,16,0,16.0,
AISSYGNRTY,15,0,15.0,
AISPWGGNSY,15,0,15.0,
VILPYGSFTY,15,1,15.0,
AIAPYGNITY,15,1,15.0,
AIRWSCNQTY,15,0,15.0,
TISPFGQITY,15,1,15.0,
AMRWNGSYTY,15,0,15.0,
AINWSGSLTY,15,1,15.0,
AINWNSKYTY,15,0,15.0,
AIRWNGVYTY,15,0,15.0,
AIRPRSGNTY,15,0,15.0,
AITPYGGWTY,15,0,15.0,
AISPYGGITF,15,0,15.0,
AIRAFGGTTY,15,0,15.0,
AIGPVGNYTY,15,0,15.0,
ATKWNGYYTY,15,0,15.0,
SIRWNGSYTY,15,0,15.0,
AIDVYGDYTY,15,1,15.0,
AIAPFGASTH,15,0,15.0,
AIAPSGLLTY,15,0,15.0,
AINYNGYRAY,15,0,15.0,
AIMMRGVSTY,15,1,15.0,
AISWDGCYTY,15,0,15.0,
AIFPDGRYTY,15,0,15.0,
EIRWNGDETY,15,0,15.0,
VIGPYGQYTY,15,1,15.0,
AIRWYGLDTY,15,0,15.0,
AIQWDGFATY,15,0,15.0,
AIFYYGRYTY,15,0,15.0,
EIRWNGSFTY,15,0,15.0,
AIRWAGTETY,15,0,15.0,
AVNWSGSRTY,14,0,14.0,
AISPLGFPTY,14,0,14.0,
AIAYMGGSSY,14,0,14.0,
AIRWNGSFTN,14,0,14.0,
AITPFGESSY,14,0,14.0,
AIRLNGFYTY,14,0,14.0,
AIGWDGEYTD,14,0,14.0,
AMRPFGLETY,14,0,14.0,
AISDYGYTTY,14,1,14.0,
AINRSGSRTY,14,1,14.0,
AISPYGRETY,14,1,14.0,
AIKPNGSHTY,14,0,14.0,
AISWDCNYTY,14,0,14.0,
AINWSGSRAY,14,0,14.0,
AISPGGEVTF,14,0,14.0,
AIYPYGIHTY,14,1,14.0,
AIDPYCSKTY,14,0,14.0,
AIDPFGVNIY,14,0,14.0,
AIGLFGNGTY,14,0,14.0,
AIRWNGVSTC,14,0,14.0,
AICPFGHTTY,14,0,14.0,
AIRMWGGTTY,14,1,14.0,
AIAPFGDYTF,14,0,14.0,
AIKSNGYYTY,14,0,14.0,
AIGWNGDYTY,14,0,14.0,
AIRWNDSSTY,14,0,14.0,
AIGWDGECTY,14,0,14.0,
AIRWSGSFTY,14,0,14.0,
AIRWNGDENY,14,0,14.0,
AIKWNGSFTY,14,0,14.0,
AISPYGKQTY,14,0,14.0,
AINLNGKSTY,13,0,13.0,
AISPYGLQTY,13,1,13.0,
AINPFGIETY,13,1,13.0,
AIRFAGTYTY,13,1,13.0,
AISPFGFITY,13,0,13.0,
AISPFGIWTY,13,1,13.0,
AIRYAGHYTY,13,1,13.0,
AINWSDSRTY,13,1,13.0,
AINPYGNHTY,13,0,13.0,
VIAPRGDYTY,13,0,13.0,
AIRCNGHYTY,13,0,13.0,
AISPFVYGTY,13,0,13.0,
AIRWNGVVTY,13,0,13.0,
AIRWNSRYTY,13,1,13.0,
AIMMWGGTTY,13,0,13.0,
AIRWYGRYTY,13,1,13.0,
AIFPYGESTY,13,0,13.0,
AIKMRGGYTY,13,0,13.0,
VIRWNGSYTY,13,0,13.0,
AIGWDGEDTY,13,0,13.0,
AIRWAGDYTH,13,1,13.0,
AIIPFGNRTY,13,1,13.0,
SINWSGSRTY,13,0,13.0,
AIRMRGGWTY,13,0,13.0,
AINWNGKSTH,13,0,13.0,
AIGPFGLTTF,13,0,13.0,
AISPGGFGTY,13,0,13.0,
AIYYKVGSTY,13,0,13.0,
ATGWDGEYTY,13,0,13.0,
TIRWSGNQTY,13,0,13.0,
AIVPPGHQTY,13,0,13.0,
AIIPFGYRTY,13,1,13.0,
ALSPYGERTY,12,0,12.0,
AIQWAGDNTY,12,0,12.0,
AIGWNGDETY,12,0,12.0,
VIRWNGRYTY,12,0,12.0,
AISPFGKHTF,12,0,12.0,
AINWNSKSTY,12,0,12.0,
SIRWNGRYTY,12,0,12.0,
AIRPIGGGTY,12,0,12.0,
AITPWGGYTY,12,1,12.0,
AINCNGGSTY,12,1,12.0,
AINWCGSRTY,12,0,12.0,
AIGWDGRYTY,12,0,12.0,
AILAYGYKTY,12,0,12.0,
AISPNGNSTY,12,0,12.0,
AITPFGLETF,12,0,12.0,
AIAPYGYATY,12,1,12.0,
AIRLNGNYTY,12,1,12.0,
SISPNGGWTY,12,0,12.0,
TIRWDGYATY,12,0,12.0,
AIKPFGESTY,12,0,12.0,
AIRWNGDVTY,12,0,12.0,
AIRWNGNQTY,12,0,12.0,
RYDGTVWKPI,12,0,12.0,
AISPNGLHTY,12,0,12.0,
AIGWHGGYTY,12,0,12.0,
AIKWNGIYTY,12,1,12.0,
AQIMYGHRTY,12,0,12.0,
AIRWNGRHTY,12,0,12.0,
AIGLFGSKTY,12,0,12.0,
AIAPRGVRTY,12,1,12.0,
AIRPFGQYTY,12,1,12.0,
AINWRGSRTY,12,0,12.0,
AISPRGQWSY,12,0,12.0,
AIRWHGRYTY,12,1,12.0,
ALSPFGASTY,11,0,11.0,
AISPVRYRTY,11,0,11.0,
AIRPNGHWTY,11,0,11.0,
AIMYKGGYTY,11,0,11.0,
GISPYGYYTY,11,0,11.0,
AIIPFGGYTH,11,1,11.0,
AIGHNGQLTY,11,0,11.0,
AISAFGELTY,11,0,11.0,
AIGEYGHYTY,11,0,11.0,
AIIPYGGSTY,11,1,11.0,
AITPYGYYSY,11,0,11.0,
AIRPIGSWTY,11,1,11.0,
AIDPFGGHTY,11,1,11.0,
AIGPWGGSTY,11,1,11.0,
AIRWNCNYTY,11,1,11.0,
AIDPYGDLTY,11,1,11.0,
AIDPFGNYSY,11,0,11.0,
AISPFGYQSY,11,0,11.0,
AISPFGGDTF,11,0,11.0,
AITPFGRTTY,11,0,11.0,
AIRWSGNKTY,11,0,11.0,
AINWNGKYAY,11,0,11.0,
ALSPFGYRTY,11,0,11.0,
AIQPFGGYTY,11,0,11.0,
AIRWNGVSAY,11,0,11.0,
AIAWDGEYTY,11,0,11.0,
AISPYGSRSY,11,0,11.0,
AITPLGLTTY,11,0,11.0,
AIRWDGYATH,11,0,11.0,
AISPFSNITY,11,0,11.0,
ATSPYGDWTY,11,1,11.0,
AIRWHGSSTY,11,0,11.0,
AIGGFGDYTY,11,0,11.0,
AIALFGQYTY,11,1,11.0,
AISENGDYTY,11,1,11.0,
AISPFVLSTY,11,1,11.0,
ARRWNGDYTY,11,0,11.0,
AINFKGGSTY,11,0,11.0,
AIRPFGYGTY,11,0,11.0,
SISPWGDYTY,11,0,11.0,
VISPFGISTY,11,0,11.0,
AIRPIGFYTY,11,0,11.0,
ALGWDGEYTY,11,0,11.0,
AIQSFGDRTY,11,1,11.0,
AIKWNGDYSY,11,0,11.0,
AIGWDGESTY,11,0,11.0,
VINWNGKSTY,11,0,11.0,
ARRWNGVSTY,11,0,11.0,
AIHPFGGWTY,11,0,11.0,
TIRWNGNYTY,11,1,11.0,
AIRWNGSASY,11,0,11.0,
