Sequence,Count_binding,Count_nsbinding,Enrichment_factor,ID
AIRWNGVETY,1309279,82385,15.89220125022759,Rob_6729
AIRWNGVSTY,95936,6919,13.865587512646336,Rob_6728
AIRWNGDETY,55742,12790,4.35824863174355,Rob_6741
AIGWDGEYTY,31842,22921,1.3892064046071289,Rob_11197
AIRWNGDYTY,28242,10251,2.7550482879719054,Rob_6742
AIRWNGSATY,16648,12619,1.319280450114906,Rob_7404
AIGWDGGYTY,15229,10387,1.4661596226051796,Rob_11198
AIKWNGYYTY,11013,6449,1.7077066211815786,Rob_11510
AIRWNGGSTY,9904,249,39.77510040160642,Vsig4_WT
AIRWNGLDTY,5088,756,6.73015873015873,Rob_11852
AIRWNGSFTY,4398,3527,1.2469520839240147,Rob_7409
AIRWNGSSTY,2597,625,4.1552,Rob_7771
AINWSGSRTY,1517,1458,1.0404663923182442,Rob_12346
AIRWNGRYTY,1513,754,2.006631299734748,Rob_6996
AIRWSGNQTY,1429,605,2.3619834710743803,Rob_8983
AIRWNGFYTY,1209,197,6.137055837563452,Rob_7705
AIRCNGVETY,1179,75,15.72,
AIRWNGNYTY,976,375,2.6026666666666665,Rob_6702
AIRWNGSYTY,739,669,1.1046337817638265,Rob_7420
AILWNGVETY,720,46,15.652173913043478,
AIRWNCVETY,658,52,12.653846153846153,
AIRLNGVETY,646,43,15.023255813953488,
AIQWNGVETY,599,33,18.151515151515152,
AIRWNGHYTY,590,76,7.7631578947368425,Rob_6705
AIRWNGHSTY,569,150,3.7933333333333334,Rob_6706
AIRWNGVESY,547,38,14.394736842105264,
TIRWNGVETY,493,33,14.93939393939394,
AIRWNGIYTY,492,109,4.513761467889908,Rob_11789
AISPFGDHTY,461,282,1.6347517730496455,Rob_211
AIDPYGLYTY,449,413,1.0871670702179177,Rob_4764
AIRWNGVETH,447,27,16.555555555555557,
AIRWNGDATY,356,111,3.2072072072072073,
AIRWAGDNTY,303,163,1.8588957055214723,Rob_8010
AIGPYGSYTY,294,238,1.2352941176470589,Rob_4979
SIRWNGVETY,290,47,6.170212765957447,
AIGPFGNGTY,277,269,1.029739776951673,Rob_2674
AIRWNGMETY,264,11,24.0,
AIGPFGDYTY,260,215,1.2093023255813953,Rob_14
AIKWNGRYTY,241,94,2.5638297872340425,Rob_11500
AIKWNGLYTY,230,144,1.5972222222222223,Rob_11495
AMRWNGVETY,217,14,15.5,
AIDDYGRYTY,213,107,1.9906542056074767,Rob_6665
VIRWNGVETY,200,20,10.0,
AIRWYGVETY,185,19,9.736842105263158,
AIRWNSVETY,175,8,21.875,
AIRWNGVSSY,169,8,21.125,
AIQWNGSNTY,146,94,1.553191489361702,Rob_12238
AIRWDGVETY,138,7,19.714285714285715,
AIRYAGYYTY,136,82,1.6585365853658536,Rob_7693
AIKWNGDYTY,133,128,1.0390625,Rob_7361
AIDPYGDVTY,127,97,1.309278350515464,Rob_11706
AIGPDGKYTY,127,80,1.5875,Rob_2555
AIRWNDVETY,127,9,14.11111111111111,
AIRWNGVDTY,120,8,15.0,
AIRYTGGSTY,114,103,1.1067961165048543,
AISYVGGSTY,110,103,1.0679611650485437,
AISPEGSYTY,110,94,1.1702127659574468,Rob_5079
AIRWNVVETY,107,23,4.6521739130434785,
AILPYGDYTY,107,95,1.1263157894736842,Rob_6512
AIRWNGLSTY,104,4,26.0,
AISPLGGYTY,102,83,1.2289156626506024,Rob_935
AIDEYGRYTY,102,74,1.3783783783783783,Rob_12037
AINPYGRRTY,101,86,1.1744186046511629,Rob_7860
AIRWDGEYTY,96,11,8.727272727272727,
AIRRNGVETY,94,6,15.666666666666666,
AIRWSGVETY,93,8,11.625,
AISPWGGHTY,92,83,1.108433734939759,Rob_9085
AITPDGNYTY,92,77,1.1948051948051948,Rob_10233
AIRWNGAETY,92,4,23.0,
AIRWNGLETY,88,2,44.0,
AIRWHGVETY,87,6,14.5,
AISPNGYYTY,87,83,1.0481927710843373,Rob_6
AICYKGGSTY,86,71,1.2112676056338028,
AISPWGYHTY,85,81,1.0493827160493827,Rob_1456
AITPFGDQTY,85,30,2.8333333333333335,
AISPGGGTTY,83,58,1.4310344827586208,Rob_31
AISANGLKTY,81,70,1.1571428571428573,Rob_12076
AISPYGDRTY,79,76,1.0394736842105263,Rob_3379
AIRYAGDFTY,76,48,1.5833333333333333,Rob_6616
AIRCNGVSTY,75,7,10.714285714285714,
AISYTGGSTY,72,57,1.263157894736842,
AISDNGQYTY,72,45,1.6,Rob_9774
AISPDGYYTY,71,50,1.42,Rob_5852
AIKWNGHYTY,71,32,2.21875,Rob_11496
AISPSGKNTY,68,57,1.1929824561403508,Rob_1063
AIRYVGGSTY,66,60,1.1,
AISPFGSQTY,66,61,1.0819672131147542,Rob_655
AISPSGKSTY,65,63,1.0317460317460319,Rob_4444
AIRWNGVKTY,64,1,64.0,
AISPDGKTTY,63,57,1.105263157894737,Rob_7412
SIRWNGDETY,63,3,21.0,
AIRWNGYYTY,59,17,3.4705882352941178,
AIDPYGSYTY,59,43,1.372093023255814,Rob_4977
AIRWGGSYTY,59,26,2.269230769230769,Rob_9549
AIRWNGVETC,58,4,14.5,
AIRWSGAYTY,57,23,2.4782608695652173,Rob_9237
AIVPYGRRTY,57,52,1.0961538461538463,Rob_7859
AIRWNGVEIY,57,3,19.0,
AIRCNGDETY,56,9,6.222222222222222,
AIRWNGVATY,56,1,56.0,
AISPNGDSTY,55,46,1.1956521739130435,Rob_956
AIAPYGGRTY,54,43,1.255813953488372,Rob_3826
AIDPYGKYTY,54,51,1.0588235294117647,Rob_5692
AIQYVGGSTY,53,46,1.1521739130434783,
AISPLGDWTY,53,44,1.2045454545454546,Rob_1480
AIFPDGRTTY,53,51,1.0392156862745099,Rob_6402
AILWNGVSTY,52,5,10.4,
AIRMHGGSTY,50,37,1.3513513513513513,
AIRWNCVSTY,50,3,16.666666666666668,
AISWRGYHTY,50,41,1.2195121951219512,Rob_4633
AITPFGEITY,49,18,2.7222222222222223,Rob_3430
AIRYYGGSTY,49,45,1.0888888888888888,
AISPFGGITY,48,25,1.92,Rob_8570
AIRWKGVETY,48,1,48.0,
AIGPYGITTY,48,26,1.8461538461538463,Rob_8225
AISPNGKHTY,48,38,1.263157894736842,Rob_3507
AIRWNGVETN,47,4,11.75,
AIRWNGDDTY,46,8,5.75,
EIRWNGVETY,46,1,46.0,
AITPFGNFTY,46,44,1.0454545454545454,Rob_114
AISPGGKYTY,45,31,1.4516129032258065,Rob_1273
AISPRGQYTY,45,44,1.0227272727272727,Rob_4383
AISPDGSRTY,44,43,1.0232558139534884,Rob_3130
AICYVGGSTY,44,40,1.1,
AISPNGNYTY,42,37,1.135135135135135,Rob_7082
AISPFGKLTY,42,40,1.05,Rob_112
AISPSGYYTY,41,30,1.3666666666666667,Rob_58
AIRWNGDYSY,41,9,4.555555555555555,
AISPGGGYTY,40,25,1.6,Rob_1885
AIRYAGDYTY,40,15,2.6666666666666665,Rob_6614
AINFMGGSTY,40,17,2.3529411764705883,
AIRLNGVSTY,39,6,6.5,
AIGWYGEYTY,39,24,1.625,
AIRTFGGDTY,39,29,1.3448275862068966,Rob_4649
AIRWNGIATY,38,6,6.333333333333333,
TIRWNGVSTY,38,3,12.666666666666666,
AISPFGGETY,37,23,1.608695652173913,Rob_856
AISPNGQYTY,37,30,1.2333333333333334,Rob_3406
AISPWGFRTY,37,35,1.0571428571428572,Rob_1496
AIFPYGSYTY,37,36,1.0277777777777777,Rob_6298
AISPFGELTY,36,29,1.2413793103448276,Rob_2066
AIAPWGRRTY,36,24,1.5,Rob_1378
AIQWNGVSTY,36,4,9.0,
AISPWGSHTY,36,26,1.3846153846153846,Rob_3108
AITPFGDLTY,35,21,1.6666666666666667,Rob_736
AINPYGTYTY,35,29,1.206896551724138,Rob_6780
AISPDGRETY,34,22,1.5454545454545454,Rob_1842
AIRWNGYETY,33,11,3.0,
AIRWNSVSTY,33,0,33.0,
AISPNGKSTY,33,26,1.2692307692307692,Rob_3412
AIRWNGVETD,33,1,33.0,
AINPYGRITY,32,22,1.4545454545454546,Rob_7861
AISPYGDNTY,32,13,2.4615384615384617,Rob_11527
AINWRGSYTY,32,23,1.391304347826087,Rob_4410
AISPYGHLTY,32,28,1.1428571428571428,Rob_12191
AIRYAGSYTY,32,29,1.103448275862069,Rob_7741
AISANGLSTY,31,24,1.2916666666666667,Rob_12078
AIRHSGWGTY,31,18,1.7222222222222223,Rob_8673
AISPFGERTY,31,29,1.0689655172413792,Rob_1639
AISPYGGATY,31,18,1.7222222222222223,Rob_8161
AISPGGQYTY,31,23,1.3478260869565217,Rob_2188
AIRFSGWSTY,31,14,2.2142857142857144,Rob_2765
AISPWGYGTY,31,12,2.5833333333333335,Rob_8399
AICYTGGSTY,31,18,1.7222222222222223,
AIRYAGWSTY,31,25,1.24,Rob_7024
AIAPGGYYTY,30,18,1.6666666666666667,Rob_3139
AIRLNGDETY,30,4,7.5,
AIRWNGVENY,30,3,10.0,
AIRTFGSTTY,30,13,2.3076923076923075,Rob_9001
AIRYAGGSTY,30,17,1.7647058823529411,
AIRWKGSGTY,30,19,1.5789473684210527,Rob_9363
AIGPFGSQTY,30,28,1.0714285714285714,Rob_662
AIRWAGWNTY,29,8,3.625,Rob_8009
AIYPNGGGTY,29,26,1.1153846153846154,Rob_8670
AIGWDGEYIY,29,24,1.2083333333333333,
AIMYKGGSTY,29,26,1.1153846153846154,
AIGPVGGYTY,29,19,1.5263157894736843,Rob_9077
AIRWAGYSTY,29,22,1.3181818181818181,Rob_7702
AINWRGQYTY,29,15,1.9333333333333333,Rob_4411
AISPGGSRTY,29,17,1.7058823529411764,Rob_3368
AISPDGRWTY,28,18,1.5555555555555556,Rob_1841
AIRCNGDYTY,28,14,2.0,
AISPSGDHTY,28,22,1.2727272727272727,Rob_12287
AISDFGEKTY,28,26,1.0769230769230769,Rob_7479
AISPNGYETY,28,25,1.12,Rob_93
AITPFGERTY,28,26,1.0769230769230769,Rob_3391
AIGPFGNTTY,28,16,1.75,Rob_2696
AISPSGTYTY,28,27,1.037037037037037,Rob_43
AISPYGHHTY,28,27,1.037037037037037,Rob_4889
AIRWNGVETS,27,2,13.5,
AIRWNDVSTY,26,3,8.666666666666666,
AIAPFGRQTY,26,14,1.8571428571428572,Rob_3101
AISPLGNWTY,26,17,1.5294117647058822,Rob_91
AITPFGAYTY,26,24,1.0833333333333333,Rob_676
AIRLSGNWTY,26,16,1.625,Rob_9128
AIRHRGGQTY,26,16,1.625,Rob_4518
AIGPFGYETY,25,22,1.1363636363636365,Rob_1633
TIRWNGDETY,25,6,4.166666666666667,
AIRWNCDETY,25,7,3.5714285714285716,
AISYDGKYTY,25,24,1.0416666666666667,Rob_7688
AISPWGYRTY,25,21,1.1904761904761905,Rob_6064
AIYPYGGYTY,25,19,1.3157894736842106,Rob_6271
AISPFGQATY,25,20,1.25,Rob_335
AIYPYGGYTH,25,17,1.4705882352941178,
AISPNGGSTY,25,18,1.3888888888888888,Rob_3414
AIRWNGVQTY,24,0,24.0,
AISEYGQYTY,24,21,1.1428571428571428,Rob_11060
AISPEGARTY,24,19,1.263157894736842,Rob_9511
AISPFGHWTY,24,12,2.0,Rob_2793
AISPNGLYTY,23,17,1.3529411764705883,Rob_1904
AISSFGDVTY,23,15,1.5333333333333334,Rob_8616
AISPDGHYTY,23,7,3.2857142857142856,Rob_10275
AISPFGVHTY,23,21,1.0952380952380953,Rob_8791
AMRWNGVSTY,23,3,7.666666666666667,
AISDNGNYTY,23,16,1.4375,Rob_7083
AISPNGNITY,23,15,1.5333333333333334,Rob_1159
AITPFGRETY,23,20,1.15,Rob_3583
AISPYGTITY,23,19,1.2105263157894737,Rob_5118
AISPGGTGTY,23,19,1.2105263157894737,Rob_1135
AIDYAGTETY,23,16,1.4375,Rob_6874
AIDVYGKYTY,22,20,1.1,Rob_12341
AISPFGIETY,22,11,2.0,Rob_678
AISNNGSSTY,22,14,1.5714285714285714,Rob_952
AILWNGDYTY,22,8,2.75,
AISPAGDYTY,22,15,1.4666666666666666,Rob_5546
AISPYGHFTY,22,18,1.2222222222222223,Rob_7388
AISPLGDATY,22,18,1.2222222222222223,Rob_1261
AILWNGDETY,21,6,3.5,
AINSYGDYTY,21,14,1.5,Rob_5505
AIHPYGGYTY,21,11,1.9090909090909092,Rob_4493
AISPYGDVTY,21,12,1.75,Rob_7777
AIGPLGGRTY,21,5,4.2,Rob_3012
AISANGYTTY,21,19,1.105263157894737,Rob_4202
AITPIGYGTY,21,10,2.1,Rob_8375
AISPFGTDTY,21,18,1.1666666666666667,Rob_1659
AIRWNGVETF,20,2,10.0,
AIQWNGDETY,20,6,3.3333333333333335,
AIDWDGEYTY,20,19,1.0526315789473684,
AIGPFGEQTY,20,16,1.25,Rob_1441
AISPRGNITY,20,14,1.4285714285714286,Rob_4181
AIAPLGYYTY,20,15,1.3333333333333333,Rob_1989
AIRLNGDYTY,20,4,5.0,
AIRWNGVSTH,19,0,19.0,
AISPNGESTY,19,12,1.5833333333333333,Rob_955
AISPRGHWTY,19,12,1.5833333333333333,Rob_4346
AITPFGTITY,19,6,3.1666666666666665,Rob_1777
AIRILGLGTY,19,17,1.1176470588235294,Rob_5571
AIAPDGDYTY,19,12,1.5833333333333333,Rob_2550
AIGPFGNFTY,19,10,1.9,Rob_1357
AMRWNGDETY,19,5,3.8,
AISPTGLNTY,18,17,1.0588235294117647,Rob_3322
AINWRGYRTY,18,17,1.0588235294117647,Rob_9367
AIDDYGGRTY,18,9,2.0,Rob_12301
AIRWNGGETY,18,1,18.0,
AIGPFGGRTY,18,15,1.2,Rob_987
AISPYGWRTY,18,15,1.2,Rob_9632
AITPYGQETY,18,14,1.2857142857142858,Rob_11088
AISPTGHQTY,18,16,1.125,Rob_2319
AISPEGGWTY,18,17,1.0588235294117647,Rob_8164
AISPSGSTTY,18,17,1.0588235294117647,Rob_3376
AISPVGYDTY,18,17,1.0588235294117647,Rob_3736
AISPSGSITY,18,12,1.5,Rob_2322
AISEYGNFTY,18,6,3.0,Rob_12294
AILPYGKKTY,17,16,1.0625,Rob_6474
AINEYGDYTY,17,12,1.4166666666666667,Rob_12103
AIRMIGGSTY,17,16,1.0625,
AIDPFGEYTY,17,12,1.4166666666666667,Rob_3196
AIGPYGRTTY,17,15,1.1333333333333333,Rob_1224
AITPLGLKTY,17,9,1.8888888888888888,Rob_3928
AILPYGGNTY,17,11,1.5454545454545454,Rob_6883
AISPTGYNTY,17,15,1.1333333333333333,Rob_2315
AINPFGNRTY,17,10,1.7,Rob_4113
AIDEYGDYTY,17,7,2.4285714285714284,Rob_7475
AIRPLGGTTY,17,10,1.7,Rob_8930
AIMFYGGSTY,17,11,1.5454545454545454,
AIKYKGGSTY,17,15,1.1333333333333333,
AISPYGQTTY,17,14,1.2142857142857142,Rob_9709
AIGWNGVETY,17,0,17.0,
AIGWDCEYTY,16,11,1.4545454545454546,
AIRWNGVGTY,16,1,16.0,
AIVPYGHYTY,16,15,1.0666666666666667,Rob_9925
AISPGGYDTY,16,9,1.7777777777777777,Rob_957
AIRWNGMSTY,16,2,8.0,
AISPVGGRTY,16,15,1.0666666666666667,Rob_5184
AILPNGGGTY,16,13,1.2307692307692308,Rob_8668
AISPFGTYTY,16,13,1.2307692307692308,Rob_526
AISPLGSITY,16,11,1.4545454545454546,Rob_1960
AIVPYGDYTY,16,10,1.6,Rob_10436
AIRCNGSATY,16,4,4.0,
AISPNGTRTY,16,12,1.3333333333333333,Rob_6685
AIRMMGGSTY,16,14,1.1428571428571428,
AISDNGNITY,16,13,1.2307692307692308,Rob_11431
AISPAGNTTY,16,12,1.3333333333333333,Rob_729
ATRWNGVETY,16,0,16.0,
AISPWGTGTY,15,10,1.5,Rob_8837
AISPNGYGTY,15,10,1.5,Rob_8664
AISPYGAHTY,15,12,1.25,Rob_7810
AISDYGAYTY,15,10,1.5,Rob_5338
AIVPYGGYTY,15,14,1.0714285714285714,Rob_8976
AISPFGQWTY,15,4,3.75,Rob_42
AVRWNGVETY,15,1,15.0,
AITPYGYRTY,15,11,1.3636363636363635,Rob_48
AISASGARTY,15,8,1.875,Rob_9504
AIRSNGVETY,15,0,15.0,
AISEYGEVTY,15,8,1.875,Rob_7628
AISPWGDFTY,15,7,2.142857142857143,Rob_9035
VIRWNGVSTY,15,0,15.0,
AIQWNGSLTY,15,14,1.0714285714285714,Rob_12236
AISPFGGKTY,15,5,3.0,Rob_397
AISPDGNNTY,15,11,1.3636363636363635,Rob_2558
AISPFGTATY,15,12,1.25,Rob_3801
AIDPFGKNTY,15,11,1.3636363636363635,Rob_3703
ARRWNGVETY,15,2,7.5,
AISPRGNFTY,15,14,1.0714285714285714,Rob_3943
AISPSGKLTY,15,12,1.25,Rob_8747
AIDYKGGSTY,15,11,1.3636363636363635,
AISSTGGWTY,15,12,1.25,Rob_4241
AILPFGSITY,14,4,3.5,Rob_7642
AIIPFGDYTY,14,8,1.75,Rob_9421
AISPYGAETY,14,13,1.0769230769230769,Rob_6166
AISPDGYLTY,14,13,1.0769230769230769,Rob_8274
AIFPNGKGTY,14,11,1.2727272727272727,Rob_1365
AISPFGEQTY,14,12,1.1666666666666667,Rob_2141
AISPWGQYTY,14,13,1.0769230769230769,Rob_1368
AISPRGDTTY,14,13,1.0769230769230769,Rob_3778
AISPWGRHTY,14,10,1.4,Rob_2539
AIDSFGGWTY,14,11,1.2727272727272727,Rob_4231
AIRAFGGGTY,14,12,1.1666666666666667,Rob_4459
AIRWNCDYTY,14,4,3.5,
AISPIGSLTY,14,4,3.5,Rob_8268
AIRYSGLHTY,14,7,2.0,Rob_8354
AIEPFGGKTY,14,13,1.0769230769230769,Rob_9152
AILPYGANTY,14,9,1.5555555555555556,Rob_11774
AISEAGDHTY,14,7,2.0,Rob_6547
AIDPFGERTY,14,1,14.0,Rob_3198
AIAPFGNHTY,13,7,1.8571428571428572,Rob_2254
AISPLGSQTY,13,5,2.6,Rob_2158
TIGWDGGYTY,13,2,6.5,
AILPYGRTTY,13,10,1.3,Rob_6394
AISPSGHDTY,13,9,1.4444444444444444,Rob_4254
AILPYGESTY,13,12,1.0833333333333333,Rob_11404
AIGPFGGLTY,13,10,1.3,Rob_2084
AIGYNGQLTY,13,10,1.3,Rob_963
AISPHGGYTY,13,4,3.25,Rob_9109
AIGPFGIETY,13,6,2.1666666666666665,Rob_2265
AIDPFGYYTY,13,10,1.3,Rob_10223
AINQYGRTTY,13,10,1.3,Rob_11879
AISPNGYITY,13,3,4.333333333333333,
AIRWNGVPTY,13,0,13.0,
AIAPFGHHTY,13,10,1.3,Rob_2383
AISEYGDFTY,13,11,1.1818181818181819,Rob_7472
AIGCDGEYTY,13,12,1.0833333333333333,
AICWDGEYTY,13,10,1.3,
AIRPFGDFTY,13,12,1.0833333333333333,Rob_9159
AISPDGNTTY,13,11,1.1818181818181819,Rob_2557
AISPLGGGTY,12,11,1.0909090909090908,Rob_2155
AIRYAGYSTY,12,10,1.2,Rob_7701
AIGPYGSSTY,12,5,2.4,Rob_9400
AIVFYGGSTY,12,6,2.0,
AITPSGKYTY,12,6,2.0,Rob_9826
AIIFMGGSTY,12,8,1.5,
AIRWNGVEAY,12,2,6.0,
AIRYVGGYTY,12,10,1.2,
AIRWNGDETH,12,6,2.0,
AISPTGKYTY,12,11,1.0909090909090908,Rob_5076
AISPGGDITY,12,11,1.0909090909090908,Rob_700
AIDPYGSETY,12,7,1.7142857142857142,Rob_6236
AISPDGNATY,12,7,1.7142857142857142,Rob_1980
AISPFGKFTY,12,9,1.3333333333333333,Rob_1334
AISPTGNRTY,12,11,1.0909090909090908,Rob_9435
AISPNGKFTY,12,10,1.2,Rob_7410
AISPFGHKTY,12,9,1.3333333333333333,Rob_913
AISPYGFDTY,12,8,1.5,Rob_11968
AIYPYGGITY,12,7,1.7142857142857142,Rob_11150
AINTYGNYTY,12,11,1.0909090909090908,Rob_9721
AIFPYGNGTY,12,9,1.3333333333333333,Rob_7177
AIGPLGAITY,12,11,1.0909090909090908,Rob_9404
AIVPFGDWTY,12,10,1.2,Rob_4438
AISPIGGRTY,12,11,1.0909090909090908,Rob_4352
AIYPYGTYTY,12,9,1.3333333333333333,Rob_6289
AIKPFGLGTY,12,6,2.0,Rob_3009
AIDEYGVSTY,12,5,2.4,Rob_11199
AIAPLGGYTY,12,4,3.0,Rob_3787
AISPEGKYTY,11,4,2.75,Rob_5078
AISPGGTYTY,11,6,1.8333333333333333,Rob_9293
AIGWDGCYTY,11,4,2.75,
AIGPNGYYTY,11,9,1.2222222222222223,Rob_3285
AISPSGHYTY,11,10,1.1,Rob_1965
AIHPYGGRTY,11,4,2.75,Rob_11435
AITPYGAYTY,11,7,1.5714285714285714,Rob_5310
AILWNGSATY,11,5,2.2,
AISPFGHRTY,11,3,3.6666666666666665,Rob_374
AISPRGDFTY,11,10,1.1,Rob_9316
AILPFGWETY,11,5,2.2,Rob_3349
AIRWYGVSTY,11,0,11.0,
AIRTFGYSTY,11,7,1.5714285714285714,Rob_8215
AIAPFGIDTY,11,8,1.375,Rob_470
AISPSGNFTY,11,4,2.75,Rob_1735
VIRWNGDETY,11,0,11.0,
AIGPFGFNTY,11,7,1.5714285714285714,Rob_1919
PIRWNGVETY,11,0,11.0,
AIGPFGYYTY,11,1,11.0,Rob_1593
AIQYSGGSTY,11,7,1.5714285714285714,
AIGWDGGYSY,11,10,1.1,
AISPGGLDTY,11,5,2.2,Rob_588
AISPFGKITY,11,7,1.5714285714285714,Rob_238
AIRWNSDYTY,11,1,11.0,
AINPYGQITY,11,9,1.2222222222222223,Rob_11764
AISPLGGHTY,11,9,1.2222222222222223,Rob_2157
AISPGGKRTY,11,6,1.8333333333333333,Rob_3367
AISPFGFGTY,11,7,1.5714285714285714,Rob_1805
AIMYSGGSTY,11,7,1.5714285714285714,
AIGPFGDITY,10,2,5.0,Rob_4580
AIRYAGSFTY,10,5,2.0,Rob_6617
AIMYAGGSTY,10,6,1.6666666666666667,
AINDNGLKTY,10,9,1.1111111111111112,Rob_12242
AIYPLGEGTY,10,2,5.0,Rob_3082
AILPYGSITY,10,5,2.0,Rob_7667
AIGPSGYNTY,10,7,1.4285714285714286,Rob_3189
AIAYFGGSTY,10,7,1.4285714285714286,
AINPTGYNTY,10,6,1.6666666666666667,Rob_2310
AIRWNAVETY,10,1,10.0,
AITPYGNFTY,10,3,3.3333333333333335,Rob_6692
AISPYGTNTY,10,7,1.4285714285714286,Rob_7220
AIDPFGSYTY,10,4,2.5,Rob_4751
AIPWNGVETY,10,1,10.0,
AISPFGSETY,10,9,1.1111111111111112,Rob_639
AIGPVGDKTY,10,9,1.1111111111111112,Rob_270
AIVYSGGSTY,10,5,2.0,
AIGPFGKRTY,10,3,3.3333333333333335,Rob_1413
AIIFYGGSTY,10,3,3.3333333333333335,
AIRWNGLYTY,10,1,10.0,
AILPNGSATY,9,5,1.8,Rob_6429
AIAPFGSQTY,9,8,1.125,Rob_1007
AIRPFGKSTY,9,5,1.8,Rob_1514
AIAPSGHETY,9,3,3.0,Rob_1810
AISPLGDITY,9,4,2.25,Rob_2945
AISPYGVDTY,9,8,1.125,Rob_11970
AITPSGDRTY,9,6,1.5,Rob_9298
AIAPFGSDTY,9,8,1.125,Rob_741
AISPHGSDTY,9,7,1.2857142857142858,Rob_3854
AISPYGSTTY,9,6,1.5,Rob_6344
AIAPNGYLTY,9,5,1.8,Rob_991
AIIYAGGSTY,9,5,1.8,
AILPYGDGTY,9,1,9.0,Rob_6482
AIGPNGYDTY,9,7,1.2857142857142858,Rob_1283
AIGSYGNYTY,9,2,4.5,Rob_6113
AIKPFGQYTY,9,5,1.8,Rob_3600
AILYLGGSTY,9,4,2.25,
AIRWNGEETY,9,0,9.0,
AISPFGVATY,9,5,1.8,Rob_1511
AIRMWGGYTY,9,7,1.2857142857142858,
AIRWNGCSTY,9,0,9.0,
AIVPRGGATY,9,4,2.25,Rob_9027
AISPWGAYTY,9,8,1.125,Rob_2362
AITWNGYYTY,9,6,1.5,
AIAFYGGSTY,9,7,1.2857142857142858,
AIRWNSDETY,9,2,4.5,
AITPYGQNTY,9,3,3.0,Rob_7078
AIQWNGGLTY,9,8,1.125,Rob_12235
AISPQGDNTY,9,7,1.2857142857142858,Rob_2697
AISPIGGWTY,9,4,2.25,Rob_8184
AIGCDGGYTY,9,3,3.0,
AISPLGHATY,9,2,4.5,Rob_3436
AISPYGRPTY,9,8,1.125,Rob_8988
AIVPRGDYTY,9,3,3.0,Rob_3998
AISPNGGWTY,9,6,1.5,Rob_147
AISPYGAVTY,9,2,4.5,Rob_7159
AISPNGNWTY,9,8,1.125,Rob_1682
AIRYAGRYTY,9,3,3.0,Rob_6613
TIRWNGSATY,9,5,1.8,
AIRWYGDETY,9,1,9.0,
AIRLDGFATY,9,4,2.25,Rob_7549
AISKSGGGTY,9,6,1.5,Rob_4590
AITPFGDDTY,8,5,1.6,Rob_734
AISDYGDTTY,8,6,1.3333333333333333,Rob_5267
AITPFGNETY,8,7,1.1428571428571428,Rob_8744
AITPYGDFTY,8,7,1.1428571428571428,Rob_6241
AIRMCGGSTY,8,7,1.1428571428571428,
AIMFWGGSTY,8,0,8.0,
AIRNSGFYTY,8,2,4.0,Rob_9216
AIHPYGDLTY,8,4,2.0,Rob_7081
AIRPIGGETY,8,4,2.0,Rob_3398
AIVPRGGETY,8,5,1.6,Rob_4464
AISPIGRLTY,8,3,2.6666666666666665,Rob_8357
AIRWAGSSTY,8,7,1.1428571428571428,Rob_8032
AILPYGDRTY,8,4,2.0,Rob_7133
AISPYGQLTY,8,6,1.3333333333333333,Rob_7386
AIIPIGGRTY,8,3,2.6666666666666665,Rob_4636
AIGWDGKYTY,8,4,2.0,
AIRFSGLSTY,8,3,2.6666666666666665,Rob_1198
AISPSGNDTY,8,7,1.1428571428571428,Rob_4044
AIGPGGGLTY,8,7,1.1428571428571428,Rob_1628
AIKLNGYYTY,8,4,2.0,
AIGPFGRFTY,8,6,1.3333333333333333,Rob_2790
AIADNGYETY,8,4,2.0,Rob_8749
AISYRGDYTY,8,1,8.0,Rob_4516
AISTSGGNTY,8,5,1.6,Rob_9246
AIVPSGNRTY,8,6,1.3333333333333333,Rob_9430
AIGPQGGYTY,8,4,2.0,Rob_4586
AIAPFGKQTY,8,7,1.1428571428571428,Rob_1517
AIDSYGGYTY,8,6,1.3333333333333333,Rob_4374
AIAPFGHFTY,8,5,1.6,Rob_4272
AMRWNGDYTY,8,2,4.0,
AISPYGLGTY,8,3,2.6666666666666665,Rob_6562
AIGPGGWSTY,8,7,1.1428571428571428,Rob_3334
AITPLGKATY,8,7,1.1428571428571428,Rob_498
AIRWRGYGTY,8,5,1.6,Rob_9492
TIKWNGYYTY,8,1,8.0,
AISPYGYLTY,8,4,2.0,Rob_4498
AINYAGDSTY,8,5,1.6,Rob_7019
AIHPYGYLTY,8,2,4.0,Rob_12228
AITPFGDFTY,8,5,1.6,Rob_3673
AISPVGSDTY,7,5,1.4,Rob_3543
AITPFGQQTY,7,2,3.5,Rob_2080
AIRCNGSFTY,7,1,7.0,
AIGPWGASTY,7,2,3.5,Rob_2361
AISWRGNYTY,7,1,7.0,Rob_3954
AIRWSGVSTY,7,0,7.0,
AIRWNGSTTY,7,5,1.4,
AISPVGNSTY,7,6,1.1666666666666667,Rob_11387
AIQWNGGSTY,7,0,7.0,
SIRWNGVSTY,7,0,7.0,
AIRPFGHFTY,7,4,1.75,Rob_9162
AIEPFGYNTY,7,2,3.5,Rob_3781
AISPGGRYTY,7,6,1.1666666666666667,Rob_8228
AIKPFGGYTY,7,2,3.5,Rob_9460
AIKPFGKLTY,7,2,3.5,Rob_8325
AISPYGVTTY,7,5,1.4,Rob_6225
AIAPFGLDTY,7,3,2.3333333333333335,Rob_472
AILPNGYGTY,7,5,1.4,Rob_8666
AIQWNGSATY,7,5,1.4,
AISPIGSKTY,7,5,1.4,Rob_1291
AISPFGEDTY,7,6,1.1666666666666667,Rob_2499
AISPGGYKTY,7,6,1.1666666666666667,Rob_3124
AIGWDGGYTH,7,4,1.75,
AIHYYGGSTY,7,6,1.1666666666666667,
AIAPFGKFTY,7,4,1.75,Rob_8928
AIRWDGVSTY,7,0,7.0,
AIGYAGGSTY,7,3,2.3333333333333335,
AIVPRGDRTY,7,2,3.5,Rob_9094
AIGPLGGWTY,7,1,7.0,Rob_8934
AISPRGARTY,7,3,2.3333333333333335,Rob_2353
AINPEGQNTY,7,3,2.3333333333333335,Rob_8893
AISPNGYFTY,7,5,1.4,Rob_2582
AIDPFGVNTY,7,5,1.4,Rob_3705
AIYPFGKYTY,7,2,3.5,Rob_7044
AITPRGGQTY,7,6,1.1666666666666667,Rob_9225
AIRWIGVETY,7,0,7.0,
AITPFGVETY,7,4,1.75,Rob_8044
AIKWNCYYTY,7,1,7.0,
AICWDGGYTY,7,4,1.75,
AISPYGWETY,7,4,1.75,Rob_11838
AIGLDGGYTY,7,4,1.75,
AINPYGDWTY,7,6,1.1666666666666667,Rob_7998
AIRWTGVETY,7,2,3.5,
AISDYGQRTY,7,6,1.1666666666666667,Rob_7193
AIKPYGEYTY,7,2,3.5,Rob_6677
AISFMGGSTY,7,3,2.3333333333333335,
AISEYGTLTY,7,5,1.4,Rob_7438
AIRGNGVETY,7,0,7.0,
AINPYGGDTY,7,4,1.75,Rob_9260
AITPFGKITY,7,2,3.5,Rob_2493
AITPTGGYTY,7,6,1.1666666666666667,Rob_4643
AILPYGEYTY,7,5,1.4,Rob_11864
AISPVGRGTY,7,4,1.75,Rob_3733
AISPRGKQTY,7,1,7.0,Rob_2630
AIDSFGGYTY,7,5,1.4,Rob_4235
AIWYLGGSTY,6,5,1.2,
AIHPYGDYTY,6,4,1.5,Rob_7080
AILYFGGSTY,6,2,3.0,
AIQWNGLDTY,6,0,6.0,
AISPLGEYTY,6,4,1.5,Rob_102
AISPLGFNTY,6,3,2.0,Rob_1684
AIYPRGLGTY,6,1,6.0,Rob_2475
AISPQGNNTY,6,3,2.0,Rob_3
AISPGGQGTY,6,2,3.0,Rob_1141
AINPGGYYTY,6,5,1.2,Rob_4865
AIHPYGSWTY,6,5,1.2,Rob_11986
AIRCNGLDTY,6,0,6.0,
AIGPYGGATY,6,1,6.0,Rob_11549
AIAPYGSFTY,6,5,1.2,Rob_7174
AISPNGSSTY,6,5,1.2,Rob_2665
AIPYNGGSTY,6,4,1.5,
AIQAYGNYTY,6,3,2.0,Rob_4808
AISPSGYNTY,6,3,2.0,Rob_8731
AIGPFGLPTY,6,1,6.0,Rob_8968
AIRPFGFRTY,6,3,2.0,Rob_65
AISSLGGYTY,6,1,6.0,Rob_4478
AIQWNGDYTY,6,5,1.2,
AIGPSGYYTY,6,5,1.2,Rob_5877
AIRWNGYATY,6,2,3.0,
AIGPFGEETY,6,1,6.0,Rob_3235
AIDVYGNRTY,6,5,1.2,Rob_7516
AISPYGRSTY,6,2,3.0,Rob_10355
AIYPYGGFTY,6,2,3.0,Rob_7321
AISYWGGSTY,6,4,1.5,
AIGSFGDYTY,6,0,6.0,Rob_3808
AITPFGLTTY,6,3,2.0,Rob_1569
AIRPLGRDTY,6,3,2.0,Rob_11562
AIRPAGYLTY,6,2,3.0,Rob_1411
AITPFGTRTY,6,1,6.0,Rob_8261
AISGKGLATY,6,5,1.2,Rob_67
AITPGGFKTY,6,2,3.0,Rob_1375
AISPWGSLTY,6,5,1.2,Rob_2448
AINDAGYYTY,6,2,3.0,Rob_5749
AIKAFGSSTY,6,5,1.2,Rob_8687
AIDWGGRYTY,6,4,1.5,Rob_6942
AIRWNGNETY,6,1,6.0,
AITPYGKVTY,6,2,3.0,Rob_7329
AIRWNGRYAY,6,4,1.5,
AMGWDGGYTY,6,3,2.0,
AITPTGSYTY,6,5,1.2,Rob_5485
AIGPFGKYTY,6,4,1.5,Rob_2929
AISPAGQRTY,6,3,2.0,Rob_9053
AIHPYGQDTY,6,4,1.5,Rob_6981
AIGPFGHNTY,6,1,6.0,Rob_1925
VIRWNGDYTY,6,5,1.2,
AIAPTGLQTY,6,4,1.5,Rob_2216
AIAPFGRETY,6,5,1.2,Rob_297
AIRWNGSATH,6,4,1.5,
AIRWYGDYTY,6,0,6.0,
AISMSGGSTY,6,5,1.2,
AIAPFGINTY,6,5,1.2,Rob_391
AISPFGHTTY,6,5,1.2,Rob_733
AISPYGKKTY,6,5,1.2,Rob_6473
AIRLNGGSTY,6,1,6.0,
AIRWNGGYTY,6,1,6.0,
AIRPFGQWTY,6,5,1.2,Rob_2073
AIVWDGEYTY,5,1,5.0,
AINYSGFQTY,5,3,1.6666666666666667,Rob_4604
AITPEGYFTY,5,3,1.6666666666666667,Rob_8922
AINWNGRYTY,5,2,2.5,
AIGFYGGSTY,5,2,2.5,
AIAYNGGSTY,5,4,1.25,
AIRWNGVSIY,5,0,5.0,
AISPGGYRTY,5,3,1.6666666666666667,Rob_1568
AIRWDGDETY,5,1,5.0,
AIRPNGKITY,5,3,1.6666666666666667,Rob_1151
AISEFGEFTY,5,3,1.6666666666666667,Rob_11143
AIRFAGYETY,5,4,1.25,Rob_8954
AINEYGIYTY,5,4,1.25,Rob_12105
AISPGGNKTY,5,2,2.5,Rob_3122
AIVPRGGRTY,5,4,1.25,Rob_8992
AILPYGGRTY,5,4,1.25,Rob_11414
AITPQGSLTY,5,4,1.25,Rob_8065
AIEVNGGNTY,5,0,5.0,Rob_9485
AITPFGDKTY,5,3,1.6666666666666667,Rob_2220
AIRWNGVEPY,5,1,5.0,
AISPVGSITY,5,2,2.5,Rob_2323
AIRYFGGRTY,5,1,5.0,Rob_4240
AIAPNGSFTY,5,3,1.6666666666666667,Rob_8374
AISEYGSNTY,5,3,1.6666666666666667,Rob_11718
AIQPYGGLTY,5,2,2.5,Rob_11808
AIIPFGGSTY,5,3,1.6666666666666667,Rob_3975
AIRLNGSFTY,5,1,5.0,
AINWRGNYTY,5,2,2.5,Rob_4412
AINPFGDTTY,5,4,1.25,Rob_8478
AIGPFGWRTY,5,2,2.5,Rob_1079
AISPYGWTTY,5,3,1.6666666666666667,Rob_7419
AIGPSGQWTY,5,1,5.0,Rob_2613
AINPFGSATY,5,3,1.6666666666666667,Rob_7423
AIRWNCGSTY,5,0,5.0,
AIQPFGAGTY,5,4,1.25,Rob_2032
AIKPFGSYTY,5,4,1.25,Rob_3010
AISGFGGNTY,5,0,5.0,Rob_3524
AISPRGYRTY,5,3,1.6666666666666667,Rob_4365
AISPRGTSTY,5,2,2.5,Rob_45
AILPYGDATY,5,0,5.0,Rob_7132
AINENGNHTY,5,3,1.6666666666666667,Rob_12162
AIRWNCSFTY,5,3,1.6666666666666667,
AIRWNGVVTY,5,0,5.0,
AIKYLGGSTY,5,2,2.5,
AIRWNGDEIY,5,2,2.5,
AIVPRGGLTY,5,2,2.5,Rob_9135
AISPYGQRTY,5,2,2.5,Rob_7385
AIGWDSEYTY,5,3,1.6666666666666667,
RYDGTVWKPI,5,0,5.0,
AIGSFGDITY,5,2,2.5,Rob_3861
AIRWNGDYIY,5,1,5.0,
AISPAGLDTY,5,4,1.25,Rob_589
AITPYGSITY,5,3,1.6666666666666667,Rob_5116
AIRPFGSDTY,5,2,2.5,Rob_8183
AIGPTGYLTY,5,4,1.25,Rob_3479
AISPGGAFTY,5,1,5.0,Rob_4487
AISPRGTYTY,5,4,1.25,Rob_44
AIRRNGDETY,5,1,5.0,
AIYPYGIDTY,5,2,2.5,Rob_11170
AIYFMGGSTY,5,3,1.6666666666666667,
AISGTGGRTY,5,2,2.5,Rob_9439
SIKWNGYYTY,5,2,2.5,
AITPFGGVTY,5,3,1.6666666666666667,Rob_8568
AISHSGARTY,5,3,1.6666666666666667,Rob_9507
AIRWKGVSTY,5,0,5.0,
AILWNGGSTY,5,0,5.0,
AISPHGYKTY,5,1,5.0,Rob_55
AIRPRGGDTY,4,3,1.3333333333333333,Rob_4159
AISPIGSNTY,4,1,4.0,Rob_2726
AINYSGSQTY,4,1,4.0,Rob_4605
AIKWYGYYTY,4,3,1.3333333333333333,
AIGPEGFNTY,4,2,2.0,Rob_8538
AIKWGGVRTY,4,1,4.0,Rob_12375
AIRSSGYETY,4,1,4.0,Rob_3230
AISPIGYDTY,4,2,2.0,Rob_8738
VIRWNGGSTY,4,0,4.0,
AISPAGWSTY,4,3,1.3333333333333333,Rob_1743
AISPNGRNTY,4,1,4.0,Rob_1626
AISPSGGGTY,4,0,4.0,Rob_4593
AIRRNGVSTY,4,0,4.0,
AIRCNGGSTY,4,0,4.0,
AIRWNCLDTY,4,0,4.0,
AIAPTGYATY,4,0,4.0,Rob_2846
AISPYGAFTY,4,3,1.3333333333333333,Rob_6897
AINSYGSYTY,4,3,1.3333333333333333,Rob_4860
AITPSGAFTY,4,1,4.0,Rob_1834
AIVMSGGSTY,4,2,2.0,
AIAPLGYSTY,4,3,1.3333333333333333,Rob_2924
AIYPLGYGTY,4,3,1.3333333333333333,Rob_3302
AIDTYGLYTY,4,3,1.3333333333333333,Rob_10282
AIAPWGRTTY,4,2,2.0,Rob_8764
AIRWNGASTY,4,1,4.0,
AIVPYGTETY,4,2,2.0,Rob_7778
AISPAGSWTY,4,0,4.0,Rob_3269
EIRWNGDETY,4,0,4.0,
TIRWNGLDTY,4,0,4.0,
AIGPLGINTY,4,3,1.3333333333333333,Rob_8534
AIAPRGDYTY,4,1,4.0,Rob_4375
AILWNGSFTY,4,2,2.0,
AIRPFGTYTY,4,2,2.0,Rob_5224
AIRWNGDYTH,4,3,1.3333333333333333,
AMRWNGSATY,4,3,1.3333333333333333,
AIHYVGGSTY,4,1,4.0,
AILPIGSQTY,4,0,4.0,Rob_6424
AINPYGVNTY,4,1,4.0,Rob_6738
AISEYGTGTY,4,2,2.0,Rob_11461
AISPFGVQTY,4,3,1.3333333333333333,Rob_3006
AIFPYGARTY,4,0,4.0,Rob_7557
VIRWNGSATY,4,2,2.0,
AITPFGSATY,4,2,2.0,Rob_3028
AIGTYGDYTY,4,2,2.0,Rob_5837
AIRWNVVSTY,4,0,4.0,
AIRWYGGSTY,4,0,4.0,
ALRWNGVETY,4,0,4.0,
AIRWYGSATY,4,2,2.0,
AIDPYGRKTY,4,3,1.3333333333333333,Rob_11029
AIKPFGYTTY,4,1,4.0,Rob_2335
AIGRDGEYTY,4,3,1.3333333333333333,
AIGPFGIHTY,4,1,4.0,Rob_2122
AISGAGIKTY,4,3,1.3333333333333333,Rob_1768
AIKPLGYYTY,4,0,4.0,Rob_3536
AISEYGDRTY,4,3,1.3333333333333333,Rob_11797
AIAPYGLYTY,4,2,2.0,Rob_5838
AIKPFGLTTY,4,2,2.0,Rob_1657
AIRWYGVDTY,4,0,4.0,
AISPFGHHTY,4,1,4.0,Rob_1869
AIRPIGRETY,4,3,1.3333333333333333,Rob_3399
AIRWNDDYTY,4,0,4.0,
AIRPTGLYTY,4,1,4.0,Rob_5771
EIRWNGVSTY,4,1,4.0,
AIRRNGDYTY,4,0,4.0,
AINNGGGLTY,4,3,1.3333333333333333,Rob_9197
AISPAGYHTY,4,2,2.0,Rob_8329
AIKPPGSYTY,4,0,4.0,Rob_12201
AINPGGWGTY,4,2,2.0,Rob_2126
AIRWNGGSTH,4,0,4.0,
AIRWIGSSTY,4,2,2.0,Rob_7785
AIGWDGNYTY,4,3,1.3333333333333333,
AIYPNGSYTY,4,3,1.3333333333333333,Rob_11342
AIGPLGYKTY,4,2,2.0,Rob_94
AIRLFGASTY,4,2,2.0,Rob_3016
AIKWNGYYTH,4,2,2.0,
AISPYGRITY,4,1,4.0,Rob_11613
AIRWNGVSTN,4,0,4.0,
AIGPFGRYTY,4,3,1.3333333333333333,Rob_18
AIKPYGEFTY,4,2,2.0,Rob_6679
AISGRGDYTY,4,3,1.3333333333333333,Rob_4269
AIRPNGNGTY,4,3,1.3333333333333333,Rob_8149
AIKPHGSDTY,4,3,1.3333333333333333,Rob_3857
AIVWDGGYTY,3,1,3.0,
AISPFGYLTY,3,2,1.5,
AIQRRGGYTY,3,0,3.0,Rob_9020
AIRWSDNQTY,3,0,3.0,
AIHPYGAYTY,3,2,1.5,Rob_11264
TIRWNGGSTY,3,0,3.0,
AIRPFGPETY,3,0,3.0,
AIRWNGRATY,3,0,3.0,
AISPLGNHTY,3,0,3.0,
AILPYGIRTY,3,2,1.5,Rob_11190
AIDPFGAYTY,3,2,1.5,Rob_5966
AITPFGKLTY,3,0,3.0,Rob_2052
AIVYVGDSTY,3,0,3.0,
AIIPGGGRTY,3,2,1.5,Rob_4637
AITPFGKRTY,3,2,1.5,Rob_1326
AIRPIGGNTY,3,1,3.0,Rob_3395
AIRSNGDETY,3,0,3.0,
AIGWGGGYTY,3,2,1.5,
AIKGYGYYTY,3,2,1.5,Rob_11902
ALRWNGDYTY,3,0,3.0,
AIFPYGLRTY,3,1,3.0,Rob_7195
AISPKGYHTY,3,1,3.0,Rob_1298
AIRWNGPDTY,3,0,3.0,
AIRWNGESTY,3,1,3.0,
AIRPYGEWTY,3,1,3.0,Rob_11171
AIRWNGSFTS,3,1,3.0,
AISPVGNLTY,3,1,3.0,Rob_8211
AIAPFGLETY,3,2,1.5,Rob_1072
AITPFGIKTY,3,0,3.0,Rob_1342
AINPYGYATY,3,2,1.5,Rob_12226
AIKWNGVETY,3,0,3.0,
AIIPGGDRTY,3,0,3.0,Rob_9299
AISPFGWGTY,3,1,3.0,Rob_645
AIDPWGLLTY,3,0,3.0,Rob_2529
AIRLNGNLTY,3,2,1.5,Rob_2898
AISPRGYATY,3,0,3.0,Rob_4563
AIGWDDGYTY,3,2,1.5,
AIGDYGTKTY,3,1,3.0,Rob_5601
AIQFRGNETY,3,0,3.0,Rob_9092
AIQWNGSFTY,3,1,3.0,
AIGSDGEYTY,3,1,3.0,
AIYPFGNGTY,3,1,3.0,Rob_1424
AIVPRGGVTY,3,2,1.5,Rob_8987
AILPYGNTTY,3,2,1.5,Rob_11581
AIGGYGGYTY,3,0,3.0,Rob_10745
AISPLGSLTY,3,1,3.0,Rob_1296
AIRWSCNQTY,3,0,3.0,
AISPYGDYTH,3,0,3.0,
AIGPLGGYTY,3,1,3.0,Rob_4587
AISNYGAYTY,3,2,1.5,Rob_10461
AISDYGYVTY,3,1,3.0,Rob_11740
AILPYGLDTY,3,0,3.0,Rob_6199
AIRWNGVSNY,3,0,3.0,
AINPYGRPTY,3,2,1.5,Rob_7087
AITEYGHNTY,3,2,1.5,Rob_6761
AINPWGYNTY,3,1,3.0,Rob_9558
TISPYGSYTY,3,2,1.5,
AIIYFGGSTY,3,1,3.0,
AIHPDGDYTY,3,0,3.0,
AITDYGQRTY,3,2,1.5,Rob_10767
AIAMWGGRTY,3,0,3.0,
AISPFGHATY,3,2,1.5,Rob_2570
AITPFGRLTY,3,1,3.0,Rob_2994
AITPAGRSTY,3,2,1.5,Rob_3776
AIGWDGAYTY,3,1,3.0,
AISDYGGNTY,3,1,3.0,Rob_12003
AIQNSGFNTY,3,0,3.0,Rob_9306
AIGPFGLDTY,3,2,1.5,Rob_1107
AISPRGSWTY,3,2,1.5,Rob_4631
AIQNSGGNTY,3,1,3.0,Rob_9305
AISPFGMSTY,3,0,3.0,
AIAPFGVQTY,3,1,3.0,Rob_3218
AIHGYGSYTY,3,2,1.5,Rob_11655
SIRWNGDYTY,3,1,3.0,
AIGEYGQYTY,3,2,1.5,Rob_10523
SINWNGKYTY,3,0,3.0,
AIRLMGGSTY,3,2,1.5,
AIHPLGWGTY,3,2,1.5,Rob_3303
AINPYGHLTY,3,2,1.5,Rob_12195
AITPYGGHTY,3,0,3.0,Rob_2409
AITDYGDYTY,3,0,3.0,Rob_11209
AIAPRGRYTY,3,0,3.0,Rob_9447
AITPFGRITY,3,0,3.0,Rob_2494
AIRLNGLDTY,3,1,3.0,
AIVPSGGYTY,3,0,3.0,Rob_4259
AISPFGAGTY,3,2,1.5,Rob_1454
AIGKAGHYTY,3,1,3.0,Rob_2108
AIRWNGMDTY,3,1,3.0,
AILPYGNWTY,3,1,3.0,Rob_12150
AIGEYGSYTY,3,0,3.0,Rob_10659
AIRWNGLDTH,3,0,3.0,
AIGDYGQYTY,3,2,1.5,Rob_6520
AIRWHGVSTY,3,0,3.0,
ATRWNGVSTY,3,0,3.0,
AIHPYGSFTY,3,0,3.0,
AILPYGISTY,3,2,1.5,Rob_12396
AIRPYGNYTY,3,2,1.5,
AITPFGIDTY,3,1,3.0,Rob_706
AILPDGHYTY,3,2,1.5,Rob_6433
AISPAGSGTY,3,2,1.5,Rob_1692
AIRPYGKITY,3,1,3.0,Rob_4931
AIADYGSYTY,3,2,1.5,Rob_10122
AIKWNDYYTY,3,0,3.0,
AIRLNGSSTY,3,0,3.0,
AITPFGYGTY,3,1,3.0,Rob_3212
AIRWNGVSTD,3,0,3.0,
AIKPFGNHTY,3,1,3.0,Rob_2257
AILPYGVKTY,2,1,2.0,
AISPGGLGTF,2,0,2.0,
AIRWNGSSTH,2,0,2.0,
AIHDYGSYTY,2,1,2.0,Rob_11477
AISQYGKYTY,2,0,2.0,
AILPFGSFTY,2,0,2.0,Rob_6249
AIDPYGMYTY,2,0,2.0,
VIRWSGNQTY,2,0,2.0,
AIRWNDGSTY,2,0,2.0,
AIRWNGSAAY,2,1,2.0,
AITPFGRNTY,2,1,2.0,Rob_2497
AIRWSGNPTY,2,0,2.0,
AIGRFGGFTY,2,1,2.0,Rob_4097
AITPYSTITY,2,0,2.0,
AIGWNGGYTY,2,0,2.0,
AINMWGDSTY,2,1,2.0,
AISPDGDYTY,2,0,2.0,
AIAPFGKITY,2,0,2.0,Rob_1548
AIRWSGNQTH,2,0,2.0,
EIGWDGGYTY,2,1,2.0,
AIKWNGYYAY,2,1,2.0,
AITDYGLNTY,2,1,2.0,Rob_5318
AISDYGERTY,2,1,2.0,Rob_11288
AVRWNGDETY,2,0,2.0,
AIRPSGDRTY,2,1,2.0,Rob_11375
AIGWDGGDTY,2,0,2.0,
AINPDGSGTY,2,0,2.0,
AISPFARHTY,2,1,2.0,
AIDLYGNHTY,2,0,2.0,
AIVPRGEYTY,2,1,2.0,Rob_4135
AIINSGHYTY,2,1,2.0,
AIFYKGGYTY,2,0,2.0,
AIGPFGNCTY,2,0,2.0,
AISQWGGYTY,2,0,2.0,
AIKWNGIYTY,2,0,2.0,
AINPFGQNTY,2,0,2.0,Rob_3416
AISQFGQNTY,2,0,2.0,
AIAYTGGSTY,2,1,2.0,
AITPRGGNTY,2,0,2.0,Rob_4641
AISPYCNYTY,2,0,2.0,
AISPNGTHTY,2,0,2.0,
AIRWNGDETC,2,0,2.0,
AILPFGYSTY,2,0,2.0,Rob_3353
AITPIGRATY,2,0,2.0,Rob_216
AIRMWGSSTY,2,0,2.0,
AILPFGDSTY,2,1,2.0,
AIRRYGVSTY,2,0,2.0,
AIRWNGVLTY,2,0,2.0,
AIRPNGIYTY,2,0,2.0,Rob_11380
AIRWNGIETY,2,0,2.0,
AIRWYGVATY,2,0,2.0,
AIRPNGVETY,2,1,2.0,
AIVPLGGRTY,2,1,2.0,Rob_9523
TINWNGKSTY,2,1,2.0,
AIRCNGNYTY,2,1,2.0,
AINPYGGWTY,2,1,2.0,Rob_3833
AIIPYGWNTY,2,1,2.0,
AIRWHGSATY,2,0,2.0,
AIYPYGDITY,2,1,2.0,Rob_6506
AINPFGVYTY,2,0,2.0,
AIRPYGVETY,2,0,2.0,
AITMRGGSTY,2,1,2.0,
AIRWHGVENY,2,0,2.0,
AIKPSGESTY,2,0,2.0,Rob_8159
AIPYSGGSTY,2,0,2.0,
AIEPFGFDTY,2,0,2.0,Rob_8315
AIKLYGWRTY,2,0,2.0,Rob_7677
AIFMWGGSTY,2,1,2.0,
AISPWGYKTY,2,1,2.0,Rob_8156
AIGFYGGYTY,2,0,2.0,
AISPCGYRTY,2,0,2.0,
AIGWDGGYTN,2,1,2.0,
AIRLSGNFTY,2,1,2.0,Rob_9132
AIGWDVEYTY,2,0,2.0,
AIRPQGKRTY,2,1,2.0,Rob_3832
AIYPYGGTTY,2,1,2.0,
AIRWSGDETY,2,0,2.0,
AITPVGSYTY,2,0,2.0,Rob_1228
TIRWNGRYTY,2,1,2.0,
GIAPFGLHTY,2,0,2.0,
AIRWNGDENY,2,0,2.0,
AIRWNSGSTY,2,0,2.0,
AIRPFGNSTY,2,1,2.0,Rob_3158
AKRWNGVETY,2,1,2.0,
AIRWSGLDTY,2,0,2.0,
AIVPYGGPTY,2,0,2.0,Rob_9082
AIRPFGSWTY,2,0,2.0,Rob_1222
AISPDGNYTY,2,0,2.0,
AIRWNSSATY,2,0,2.0,
AIHPWGCRTY,2,0,2.0,
AIRNGGSWTY,2,0,2.0,Rob_9102
AISTFGSYTY,2,1,2.0,
AIRWNGSATN,2,0,2.0,
AIHPLGSGTY,2,0,2.0,Rob_3304
AIRCNGFYTY,2,0,2.0,
AISQYGRYTY,2,1,2.0,
AIESRGGYTY,2,1,2.0,Rob_9010
AIKPFGKHTY,2,0,2.0,Rob_1331
AIVPFGNLTY,2,1,2.0,Rob_4407
AIRVYGSGTY,2,1,2.0,Rob_6619
AIHTYGDYTY,2,1,2.0,Rob_10535
AIRPFCLGTY,2,0,2.0,
AIRPRGGFTY,2,0,2.0,Rob_4164
AIQWNGIYTY,2,0,2.0,
AISARGDLTY,2,0,2.0,
AIRWNGNSTY,2,0,2.0,
AISPFGLCTY,2,0,2.0,
AIRWNGDSTY,2,0,2.0,
AIRWNGDVTY,2,0,2.0,
EIRWNGDYTY,2,0,2.0,
AIQPFGGDTY,2,0,2.0,
AIRNGGGWTY,2,0,2.0,Rob_9100
AIRLNCVETY,2,0,2.0,
AILPYGSTTY,2,0,2.0,Rob_7434
AIGWDGEYTF,2,1,2.0,
SIEYMGGSTY,2,0,2.0,
EISPRGDVTY,2,0,2.0,
AISSFGRNTY,2,1,2.0,Rob_4032
AIKWSGSRTY,2,1,2.0,
AIVPYGKYTY,2,1,2.0,Rob_10904
AIVPVGGHTY,2,1,2.0,Rob_9055
AIRGNGDETY,2,1,2.0,
AISPYCKYTY,2,1,2.0,
VIGWDGGYTY,2,1,2.0,
AISPIGRVTY,2,1,2.0,Rob_8359
AIKPYGVDTY,2,0,2.0,Rob_11424
AIRRNGSATY,2,0,2.0,
AIYPIGFGTY,2,0,2.0,Rob_8678
AISDYGQLTY,2,1,2.0,Rob_11806
AIKPFGSKTY,2,0,2.0,
AIRPNGYTTY,2,1,2.0,Rob_3652
AIKSFGGETY,2,0,2.0,Rob_9118
AIRWHGDETY,2,1,2.0,
AISPFGEHTY,2,0,2.0,
AITPFGINTY,2,0,2.0,Rob_394
AIKPYGGYTY,2,1,2.0,Rob_7255
AIGPFGQYTY,2,1,2.0,
AIDFRGGYTY,2,0,2.0,
AISPAGRDTY,2,1,2.0,Rob_458
AIAPIGKKTY,2,0,2.0,Rob_1523
AIQPFGERTY,2,1,2.0,Rob_11582
AINCSGSRTY,2,0,2.0,
AIHPYGSRTY,2,1,2.0,Rob_6451
AIRWDGDYTY,2,1,2.0,
AIGPYGDRTY,2,0,2.0,Rob_10552
AISHRGGWTY,2,0,2.0,Rob_9268
AIPWNGVSTY,2,1,2.0,
AIFPFGKFTY,2,0,2.0,Rob_12402
AIGWDGGHTY,2,0,2.0,
AIGPFGRITY,2,1,2.0,Rob_19
AIHPYGRRTY,2,1,2.0,
AISPIGSHTY,2,0,2.0,
AISPRGQETY,2,0,2.0,
AIRWNGDETS,2,0,2.0,
AISPGGRQTH,2,0,2.0,
AIAPRGRETY,2,0,2.0,Rob_4253
AINPYGGSTY,2,0,2.0,
AIRPFGSYTY,2,0,2.0,
AIRWNGDCTY,2,0,2.0,
AIAPFGRATY,2,1,2.0,Rob_8199
AIHPYGQYTY,2,0,2.0,Rob_6288
AIRWAGTETY,2,0,2.0,
AIEPYGSGTY,2,0,2.0,
AICPFGDHTY,2,0,2.0,
AISPAGLNTY,2,0,2.0,Rob_1689
AIHGYGFRTY,2,1,2.0,Rob_10638
AIAMWGCSTY,2,1,2.0,
