Sequence,Count_binding,Count_nsbinding,Enrichment_factor,ID
AIRWNGVETY,1149534,82385,13.953195363233599,Rob_6729
AIRWNGVSTY,32706,6919,4.7269836681601385,Rob_6728
AIRWNGGSTY,24733,249,99.3293172690763,Vsig4_WT
AIRWNGDETY,21571,12790,1.6865519937451134,Rob_6741
AIRWNGDYTY,12292,10251,1.1991025265827724,Rob_6742
AIKWNGYYTY,6931,6449,1.0747402698092727,Rob_11510
AIRWNGLDTY,5550,756,7.341269841269841,Rob_11852
AIRWNGSSTY,3621,625,5.7936,Rob_7771
AIRWNGSFTY,3604,3527,1.0218315849163595,Rob_7409
AIRWNGFYTY,2596,197,13.17766497461929,Rob_7705
AIRWNGHYTY,1180,76,15.526315789473685,Rob_6705
AIRWNGNYTY,1046,375,2.7893333333333334,Rob_6702
AIRWSGNQTY,1026,605,1.6958677685950414,Rob_8983
AIRCNGVETY,945,75,12.6,
AILWNGVETY,617,46,13.41304347826087,
AIRWNCVETY,576,52,11.076923076923077,
AIQWNGVETY,505,33,15.303030303030303,
AIRWNGVESY,483,38,12.710526315789474,
AIRLNGVETY,469,43,10.906976744186046,
TIRWNGVETY,441,33,13.363636363636363,
AISPFGDHTY,428,282,1.5177304964539007,Rob_211
AIRWNGVETH,364,27,13.481481481481481,
AIRWNGIYTY,317,109,2.908256880733945,Rob_11789
AIRWNGHSTY,252,150,1.68,Rob_6706
AIRWNGMETY,224,11,20.363636363636363,
AMRWNGVETY,188,14,13.428571428571429,
AIRWAGDNTY,188,163,1.1533742331288344,Rob_8010
AIRWNGDATY,181,111,1.6306306306306306,
AIRWYGVETY,178,19,9.368421052631579,
AISPLGGYTY,176,83,2.1204819277108435,Rob_935
VIRWNGVETY,174,20,8.7,
SIRWNGVETY,168,47,3.574468085106383,
AIRWHGVETY,146,6,24.333333333333332,
AIRWNSVETY,145,8,18.125,
AIGPDGKYTY,138,80,1.725,Rob_2555
AIRWNDVETY,133,9,14.777777777777779,
AIRWDGVETY,127,7,18.142857142857142,
AIDDYGRYTY,124,107,1.158878504672897,Rob_6665
AIKWNGRYTY,122,94,1.297872340425532,Rob_11500
AISPEGSYTY,112,94,1.1914893617021276,Rob_5079
AILPYGDYTY,110,95,1.1578947368421053,Rob_6512
AIRYAGYYTY,101,82,1.2317073170731707,Rob_7693
AIDYMGGSTY,81,80,1.0125,
AIRWNGVDTY,79,8,9.875,
AIRWSGVETY,78,8,9.75,
AICYKGGSTY,77,71,1.0845070422535212,
AIRWNGAETY,76,4,19.0,
AISPSGKSTY,75,63,1.1904761904761905,Rob_4444
AIRRNGVETY,74,6,12.333333333333334,
AIRWNVVETY,66,23,2.869565217391304,
AISPNGDSTY,66,46,1.434782608695652,Rob_956
AISDNGQYTY,64,45,1.4222222222222223,Rob_9774
AISYTGGSTY,62,57,1.087719298245614,
AIGPYGQYTY,62,58,1.0689655172413792,Rob_7084
AISPYGDQTY,59,57,1.0350877192982457,Rob_6815
AIRWNGLETY,59,2,29.5,
AISPGGGTTY,59,58,1.0172413793103448,Rob_31
AISPYGERTY,58,53,1.0943396226415094,Rob_4740
AISPFGGITY,57,25,2.28,Rob_8570
AIRWNGVETC,57,4,14.25,
AIRWKGVETY,56,1,56.0,
AIRSFGGETY,55,53,1.0377358490566038,Rob_4224
AICYVGGSTY,54,40,1.35,
AISPLGDWTY,52,44,1.1818181818181819,Rob_1480
AIDPYGKYTY,52,51,1.0196078431372548,Rob_5692
AIRWNGVEIY,52,3,17.333333333333332,
AIRWNGVSSY,51,8,6.375,
AITPFGNFTY,49,44,1.1136363636363635,Rob_114
AISEYGDLTY,47,45,1.0444444444444445,Rob_11865
AISPRGQYTY,47,44,1.0681818181818181,Rob_4383
AIKWNGHYTY,46,32,1.4375,Rob_11496
EIRWNGVETY,45,1,45.0,
AISPGGQYTY,44,23,1.9130434782608696,Rob_2188
AIRWNGVETN,44,4,11.0,
AISEYGLYTY,44,38,1.1578947368421053,Rob_5626
AISWRGYHTY,44,41,1.0731707317073171,Rob_4633
AIRWNGVATY,41,1,41.0,
AISPNGKHTY,40,38,1.0526315789473684,Rob_3507
AISPGGYLTY,39,33,1.1818181818181819,Rob_4632
AIRWNGVKTY,39,1,39.0,
AIRWGGSYTY,39,26,1.5,Rob_9549
AIRWNGLSTY,39,4,9.75,
AITPFGDQTY,39,30,1.3,
AISPFGRITY,38,37,1.027027027027027,Rob_2232
AISDYGTRTY,38,29,1.3103448275862069,Rob_11248
AIKWNGSYTY,36,32,1.125,Rob_11503
AITPFGLETY,36,35,1.0285714285714285,Rob_1431
AIRWNGVETD,36,1,36.0,
AISPSGYYTY,35,30,1.1666666666666667,Rob_58
AIRWNGVETS,35,2,17.5,
AIRWSGAYTY,34,23,1.4782608695652173,Rob_9237
AISPFGERTY,34,29,1.1724137931034482,Rob_1639
AISPNGQYTY,34,30,1.1333333333333333,Rob_3406
AIGPYGLYTY,34,28,1.2142857142857142,Rob_4771
AIGPFGSQTY,33,28,1.1785714285714286,Rob_662
AIAPGGYYTY,32,18,1.7777777777777777,Rob_3139
AINPYGTYTY,32,29,1.103448275862069,Rob_6780
AISPFGHWTY,31,12,2.5833333333333335,Rob_2793
AISPNGYETY,31,25,1.24,Rob_93
AISPWGSHTY,31,26,1.1923076923076923,Rob_3108
AISPFGRETY,30,19,1.5789473684210527,Rob_367
AIGPYGITTY,30,26,1.1538461538461537,Rob_8225
AINWRGSYTY,29,23,1.2608695652173914,Rob_4410
AIRWDGEYTY,29,11,2.6363636363636362,
AITPFGAYTY,29,24,1.2083333333333333,Rob_676
AISPGGGYTY,28,25,1.12,Rob_1885
AIMYKGGSTY,28,26,1.0769230769230769,
AIRWNGYYTY,27,17,1.588235294117647,
AISPYGGATY,27,18,1.5,Rob_8161
AIAPFGRQTY,27,14,1.9285714285714286,Rob_3101
AIYPYGGYTY,27,19,1.4210526315789473,Rob_6271
AISPDGNNTY,27,11,2.4545454545454546,Rob_2558
AISANGLSTY,26,24,1.0833333333333333,Rob_12078
AILPYGDITY,26,22,1.1818181818181819,Rob_7666
AISPAGDYTY,26,15,1.7333333333333334,Rob_5546
AINFMGGSTY,26,17,1.5294117647058822,
AISPYGDNTY,25,13,1.9230769230769231,Rob_11527
AISPSGDHTY,25,22,1.1363636363636365,Rob_12287
AISPFGGETY,25,23,1.0869565217391304,Rob_856
AISPDGHYTY,25,7,3.5714285714285716,Rob_10275
AISPWGYGTY,25,12,2.0833333333333335,Rob_8399
AISWRGKHTY,24,19,1.263157894736842,Rob_9322
AISPYGNTTY,24,13,1.8461538461538463,Rob_7010
AIDVYGKYTY,23,20,1.15,Rob_12341
AIRWNGVENY,23,3,7.666666666666667,
AISPFGVHTY,23,21,1.0952380952380953,Rob_8791
AIRWAGYSTY,23,22,1.0454545454545454,Rob_7702
AITPFGDLTY,22,21,1.0476190476190477,Rob_736
AIRCNGGSTY,21,0,21.0,
AILPYGSFTY,21,19,1.105263157894737,Rob_6247
AITPFGEITY,21,18,1.1666666666666667,Rob_3430
AIGPWGDYTY,21,19,1.105263157894737,Rob_5236
AIGPFGNTTY,21,16,1.3125,Rob_2696
AIGPTGHGTY,20,12,1.6666666666666667,Rob_3299
AIRWNGVETF,20,2,10.0,
AIRWNGGETY,20,1,20.0,
AISPFGATTY,20,16,1.25,Rob_536
AIKYKGGSTY,20,15,1.3333333333333333,
AINSYGDYTY,19,14,1.3571428571428572,Rob_5505
AIRYAGDYTY,19,15,1.2666666666666666,Rob_6614
AISPLGNWTY,19,17,1.1176470588235294,Rob_91
AISPGGQSTY,19,10,1.9,Rob_2186
AISSFGDNTY,19,11,1.7272727272727273,Rob_3527
AIDPFGEYTY,18,12,1.5,Rob_3196
AIQWNGDETY,18,6,3.0,
AIAPLGYYTY,18,15,1.2,Rob_1989
AIRCNGVSTY,18,7,2.5714285714285716,
AIGPFGTRTY,17,13,1.3076923076923077,Rob_8410
AITPFGQFTY,17,14,1.2142857142857142,Rob_318
AISPYGWRTY,17,15,1.1333333333333333,Rob_9632
AIAPDGDYTY,17,12,1.4166666666666667,Rob_2550
AISPWGAYTY,17,8,2.125,Rob_2362
SIRWNGDETY,17,3,5.666666666666667,
AIDEYGDYTY,17,7,2.4285714285714284,Rob_7475
AITPIGYGTY,17,10,1.7,Rob_8375
AIQWNGVSTY,17,4,4.25,
AISPAGAHTY,17,13,1.3076923076923077,Rob_8326
AIRLNGGSTY,17,1,17.0,
AISPDGQYTY,17,14,1.2142857142857142,Rob_7346
AILWNGVSTY,16,5,3.2,
AIGPYGRTTY,16,15,1.0666666666666667,Rob_1224
AIRLNGVSTY,16,6,2.6666666666666665,
AIRWNGDYSY,16,9,1.7777777777777777,
AIGPVGDKTY,16,9,1.7777777777777777,Rob_270
AISPSGSITY,16,12,1.3333333333333333,Rob_2322
AINWRGQYTY,16,15,1.0666666666666667,Rob_4411
AISEAGDHTY,16,7,2.2857142857142856,Rob_6547
AIDYKGGSTY,16,11,1.4545454545454546,
AIGWDCEYTY,15,11,1.3636363636363635,
AIRWNGVGTY,15,1,15.0,
AISPNGESTY,15,12,1.25,Rob_955
AISPYGAETY,15,13,1.1538461538461537,Rob_6166
AISPRGDTTY,15,13,1.1538461538461537,Rob_3778
AIRFSGWSTY,15,14,1.0714285714285714,Rob_2765
AIVPFGGRTY,15,13,1.1538461538461537,Rob_4057
AISPYGRRTY,15,11,1.3636363636363635,Rob_6360
AIQWNGSLTY,15,14,1.0714285714285714,Rob_12236
AIRPLGGTTY,15,10,1.5,Rob_8930
AILWNGGSTY,15,0,15.0,
AISPWGTGTY,14,10,1.4,Rob_8837
AISPGGTYTY,14,6,2.3333333333333335,Rob_9293
AIRWNGVQTY,14,0,14.0,
AILPNGGGTY,14,13,1.0769230769230769,Rob_8668
AITPLGLKTY,14,9,1.5555555555555556,Rob_3928
AIDPYGQYTY,14,12,1.1666666666666667,Rob_5693
AIRPFGDVTY,14,10,1.4,Rob_2034
AIDSFGGWTY,14,11,1.2727272727272727,Rob_4231
AIRAFGGGTY,14,12,1.1666666666666667,Rob_4459
AISPYGDVTY,14,12,1.1666666666666667,Rob_7777
AIRWNGCSTY,14,0,14.0,
AISPYGFDTY,14,8,1.75,Rob_11968
AIRWNCVSTY,14,3,4.666666666666667,
ATRWNGVETY,14,0,14.0,
AISPNGNWTY,14,8,1.75,Rob_1682
AINWNGERTY,14,12,1.1666666666666667,Rob_4278
AIRWNGDDTY,13,8,1.625,
AIRCNGDETY,13,9,1.4444444444444444,
AIAPFGKETY,13,9,1.4444444444444444,Rob_8548
AIIFMGGSTY,13,8,1.625,
AISPRGDETY,13,12,1.0833333333333333,Rob_4248
AITPDGEYTY,13,10,1.3,Rob_3282
AIDPFGYYTY,13,10,1.3,Rob_10223
AISYDGKTTY,13,12,1.0833333333333333,Rob_7691
AISPFGHKTY,13,9,1.4444444444444444,Rob_913
AISPNGTRTY,13,12,1.0833333333333333,Rob_6685
AIAPFGTYTY,13,11,1.1818181818181819,Rob_1099
AISPAGNTTY,13,12,1.0833333333333333,Rob_729
AIAPFGNHTY,12,7,1.7142857142857142,Rob_2254
AISPNGYGTY,12,10,1.2,Rob_8664
AITPFGNETY,12,7,1.7142857142857142,Rob_8744
AIRMCGGSTY,12,7,1.7142857142857142,
AITPYGAYTY,12,7,1.7142857142857142,Rob_5310
AISPYGRKTY,12,10,1.2,Rob_6647
AIAPNGSFTY,12,3,4.0,Rob_8374
AILFYGGSTY,12,11,1.0909090909090908,
AISPTGKYTY,12,11,1.0909090909090908,Rob_5076
AISPDGNATY,12,7,1.7142857142857142,Rob_1980
AITPYGRGTY,12,6,2.0,Rob_10150
AIDPYGWYTY,12,11,1.0909090909090908,Rob_6237
AIQWNGGLTY,12,8,1.5,Rob_12235
AISPFGFGTY,12,7,1.7142857142857142,Rob_1805
AISPWGEATY,11,10,1.1,Rob_1187
AIRWNGVSTH,11,0,11.0,
TIGWDGEYTY,11,6,1.8333333333333333,
AIGPNGYYTY,11,9,1.2222222222222223,Rob_3285
AISEYGRTTY,11,10,1.1,Rob_12289
AISPHGSDTY,11,7,1.5714285714285714,Rob_3854
AISPSGHYTY,11,10,1.1,Rob_1965
AINDNGLKTY,11,9,1.2222222222222223,Rob_12242
AISPSGHDTY,11,9,1.2222222222222223,Rob_4254
AIGWDGEYTH,11,3,3.6666666666666665,
AIFPYGSNTY,11,6,1.8333333333333333,Rob_12138
AIVPYGDYTY,11,10,1.1,Rob_10436
AIRSNGVETY,11,0,11.0,
AISPHGGYTY,11,4,2.75,Rob_9109
AIGWDGDYTY,11,7,1.5714285714285714,
AISPFGKFTY,11,9,1.2222222222222223,Rob_1334
AILPYGFKTY,11,10,1.1,Rob_11185
AISPSGGRTY,11,8,1.375,Rob_4925
AIVPFGDWTY,11,10,1.1,Rob_4438
AIMYSGGSTY,11,7,1.5714285714285714,
AIGEYGDYTY,10,6,1.6666666666666667,Rob_7324
AIQWNGGSTY,10,0,10.0,
AISPYGQLTY,10,6,1.6666666666666667,Rob_7386
AIDDYGGRTY,10,9,1.1111111111111112,Rob_12301
AIQWNGDYTY,10,5,2.0,
AISDYGDGTY,10,8,1.25,Rob_5266
AISEFGRHTY,10,3,3.3333333333333335,Rob_7612
AIGPFGEETY,10,1,10.0,Rob_3235
AIRWNAVETY,10,1,10.0,
AINPFGEDTY,10,7,1.4285714285714286,Rob_4651
AIRCNGSATY,10,4,2.5,
ARRWNGVETY,10,2,5.0,
AISPNGGWTY,10,6,1.6666666666666667,Rob_147
AITPTGGYTY,10,6,1.6666666666666667,Rob_4643
AILPYGSRTY,10,9,1.1111111111111112,Rob_6797
AISHSGARTY,10,3,3.3333333333333335,Rob_9507
AILPFGSITY,9,4,2.25,Rob_7642
AIRFAGYETY,9,4,2.25,Rob_8954
AIGPWGYNTY,9,5,1.8,Rob_3190
AIMYAGGSTY,9,6,1.5,
AIDPYGIYTY,9,5,1.8,Rob_6661
AISPFGHRTY,9,3,3.0,Rob_374
AITPSGKYTY,9,6,1.5,Rob_9826
AISPFGQWTY,9,4,2.25,Rob_42
AISPNGGGTY,9,2,4.5,Rob_8669
AISPNGYATY,9,7,1.2857142857142858,Rob_8830
AITPVGYRTY,9,8,1.125,Rob_3467
AISPWGYNTY,9,6,1.5,Rob_3192
AISPLGKHTY,9,6,1.5,Rob_39
AILPRGGWTY,9,5,1.8,Rob_9509
AISPIGSKTY,9,5,1.8,Rob_1291
AISPFGEDTY,9,6,1.5,Rob_2499
AIRWNSVSTY,9,0,9.0,
AISPNGYKTY,9,8,1.125,Rob_2390
AIGPFGFQTY,9,7,1.2857142857142858,Rob_1040
AIHYYGGSTY,9,6,1.5,
AISDYGYITY,9,8,1.125,Rob_4849
AISGKGLATY,9,5,1.8,Rob_67
AITPFGARTY,9,7,1.2857142857142858,Rob_3336
AITPNGYYTY,9,7,1.2857142857142858,Rob_8660
AITPTGSYTY,9,5,1.8,Rob_5485
AISDYGIYTY,9,5,1.8,Rob_6449
AIGPGGWSTY,9,7,1.2857142857142858,Rob_3334
AISPGGKRTY,9,6,1.5,Rob_3367
AITPFGDATY,9,7,1.2857142857142858,Rob_3049
AISPVGRGTY,9,4,2.25,Rob_3733
AIIFYGGSTY,9,3,3.0,
AISARGDWTY,9,6,1.5,Rob_9521
TIRWNGGSTY,8,0,8.0,
AISDYGEITY,8,2,4.0,Rob_12262
AIYPRGLGTY,8,1,8.0,Rob_2475
AISPLGSQTY,8,5,1.6,Rob_2158
AISPNGVYTY,8,5,1.6,Rob_12118
AIVPFGSNTY,8,4,2.0,Rob_4388
AIMFWGGSTY,8,0,8.0,
AISPRGRYTY,8,7,1.1428571428571428,Rob_4126
AILWNGDETY,8,6,1.3333333333333333,
AIRCNGLDTY,8,0,8.0,
AIRLNGDETY,8,4,2.0,
AISPVGNSTY,8,6,1.3333333333333333,Rob_11387
AILPYGSITY,8,5,1.6,Rob_7667
AIVFYGGSTY,8,6,1.3333333333333333,
AITPFGDKTY,8,3,2.6666666666666665,Rob_2220
AIRWNGVEPY,8,1,8.0,
AVRWNGVETY,8,1,8.0,
AIAPFGLDTY,8,3,2.6666666666666665,Rob_472
AISPYGKTTY,8,4,2.0,Rob_7374
AILPNGYGTY,8,5,1.6,Rob_8666
AITPGGGVTY,8,6,1.3333333333333333,Rob_1840
AIRFSGLSTY,8,3,2.6666666666666665,Rob_1198
AMRWNGVSTY,8,3,2.6666666666666665,
AISEYGYNTY,8,5,1.6,Rob_12215
AISPGGNSTY,8,4,2.0,Rob_890
PIRWNGVETY,8,0,8.0,
AISPWGDFTY,8,7,1.1428571428571428,Rob_9035
AITPFGSATY,8,2,4.0,Rob_3028
AIAPTGNYTY,8,5,1.6,Rob_9603
VIRWNGVSTY,8,0,8.0,
AISPFGGKTY,8,5,1.6,Rob_397
AIAPNGYKTY,8,6,1.3333333333333333,Rob_2887
AIDPYGSETY,8,7,1.1428571428571428,Rob_6236
AIRWNGVPTY,8,0,8.0,
AISSYGSTTY,8,7,1.1428571428571428,Rob_6346
AITPYGNFTY,8,3,2.6666666666666665,Rob_6692
AISPYGTNTY,8,7,1.1428571428571428,Rob_7220
AISARGNWTY,8,7,1.1428571428571428,Rob_9520
AIAFYGGSTY,8,7,1.1428571428571428,
AISPGGLDTY,8,5,1.6,Rob_588
AILPFGDYTY,8,4,2.0,Rob_11705
AISPFGKITY,8,7,1.1428571428571428,Rob_238
AITPFGSKTY,8,4,2.0,Rob_200
AITPEGLYTY,8,1,8.0,Rob_8712
AIRWTGVETY,8,2,4.0,
AISDYGQYTY,8,6,1.3333333333333333,Rob_4710
AIGPTGYLTY,8,4,2.0,Rob_3479
AIGWNGVETY,8,0,8.0,
AIHPYGDYTY,7,4,1.75,Rob_7080
AISPEGKYTY,7,4,1.75,Rob_5078
AISPQGNNTY,7,3,2.3333333333333335,Rob_3
TIGWDGGYTY,7,2,3.5,
AITPSGDRTY,7,6,1.1666666666666667,Rob_9298
AISYMGGYTY,7,4,1.75,
AIRWNGMSTY,7,2,3.5,
AILPYGDFTY,7,6,1.1666666666666667,Rob_6242
AIRWNGSTTY,7,5,1.4,
AILWNGSATY,7,5,1.4,
AIRWNGIATY,7,6,1.1666666666666667,
AISPLGLKTY,7,4,1.75,Rob_685
AISPNGSSTY,7,5,1.4,Rob_2665
AISPGGRYTY,7,6,1.1666666666666667,Rob_8228
AIRPDGEWTY,7,3,2.3333333333333335,Rob_1436
AISPYGVTTY,7,5,1.4,Rob_6225
AIRWNRVETY,7,1,7.0,
AIAPRGDYTY,7,1,7.0,Rob_4375
AIAYGGGSTY,7,3,2.3333333333333335,
AISPFGTKTY,7,6,1.1666666666666667,Rob_1888
AITPFGTITY,7,6,1.1666666666666667,Rob_1777
AIGPFGRFTY,7,6,1.1666666666666667,Rob_2790
AISDYGNGTY,7,6,1.1666666666666667,Rob_11492
TIRWNGVSTY,7,3,2.3333333333333335,
AIRWNGEETY,7,0,7.0,
AIRWNCGSTY,7,0,7.0,
AISPFGTLTY,7,6,1.1666666666666667,Rob_1360
AISPRGTSTY,7,2,3.5,Rob_45
AIGPQGGYTY,7,4,1.75,Rob_4586
AILPYGSATY,7,5,1.4,Rob_11295
AIRPSGDWTY,7,4,1.75,Rob_11373
AIPWNGVETY,7,1,7.0,
AISPYGWETY,7,4,1.75,Rob_11838
AITPFGYETY,7,5,1.4,Rob_2344
AIGCDGGYTY,7,3,2.3333333333333335,
AIRWRGYGTY,7,5,1.4,Rob_9492
AIVYGGGSTY,7,4,1.75,
AINPYGGDTY,7,4,1.75,Rob_9260
AIDPFGERTY,7,1,7.0,Rob_3198
AISPAGSGTY,7,2,3.5,Rob_1692
AIGPFGKRTY,7,3,2.3333333333333335,Rob_1413
AIWYLGGSTY,6,5,1.2,
AIKCNGYYTY,6,5,1.2,
AISPVGSDTY,6,5,1.2,Rob_3543
AINYSGFQTY,6,3,2.0,Rob_4604
AITPFGQQTY,6,2,3.0,Rob_2080
AIAPSGHETY,6,3,2.0,Rob_1810
AIAPFGSKTY,6,5,1.2,Rob_259
AISPSGGNTY,6,5,1.2,Rob_127
AISPGGRKTY,6,5,1.2,Rob_103
AIRNSGFYTY,6,2,3.0,Rob_9216
AMRWNGGSTY,6,0,6.0,
AISYKGDLTY,6,2,3.0,Rob_4396
AIHPYGGRTY,6,4,1.5,Rob_11435
AIAPYGSFTY,6,5,1.2,Rob_7174
AIAPNGRRTY,6,5,1.2,Rob_8492
AIAPWGRTTY,6,2,3.0,Rob_8764
AILPFGWETY,6,5,1.2,Rob_3349
AIPFMGGSTY,6,4,1.5,
AISPKGHYTY,6,4,1.5,Rob_9469
AISPWGQRTY,6,5,1.2,Rob_9024
AIDVYGNRTY,6,5,1.2,Rob_7516
AIDAYGYYTY,6,3,2.0,Rob_10593
AISPYGWTTY,6,3,2.0,Rob_7419
AIMYWGGSTY,6,5,1.2,
AISKSGGATY,6,4,1.5,Rob_4608
AILPFGYGTY,6,4,1.5,Rob_1082
AIVPRGGATY,6,4,1.5,Rob_9027
AISHNGTSTY,6,3,2.0,Rob_3722
AIGPLGGRTY,6,5,1.2,Rob_3012
AISPNGYITY,6,3,2.0,
AIGTYGKYTY,6,5,1.2,Rob_5617
AITPYGKVTY,6,2,3.0,Rob_7329
AIAPFGNDTY,6,4,1.5,Rob_609
AIGPYGNNTY,6,3,2.0,Rob_7510
AISPLGHATY,6,2,3.0,Rob_3436
AITPYGGHTY,6,0,6.0,Rob_2409
AIGPFGHNTY,6,1,6.0,Rob_1925
TIKWNGYYTY,6,1,6.0,
AIRWNGGSTH,6,0,6.0,
AISPWGGSTY,6,2,3.0,
AMRWNGDETY,6,5,1.2,
AIGPFGGNTY,6,4,1.5,Rob_726
AISPFGHTTY,6,5,1.2,Rob_733
AIDDYGSYTY,6,2,3.0,Rob_11826
AIDSFGGYTY,6,5,1.2,Rob_4235
AISDIGKQTY,5,4,1.25,Rob_8793
AIHDYGSYTY,5,1,5.0,Rob_11477
AIVWDGEYTY,5,1,5.0,
AINPFGQYTY,5,1,5.0,Rob_9424
AIRWNDVSTY,5,3,1.6666666666666667,
AISPQGQYTY,5,0,5.0,Rob_10491
AIRCNGSFTY,5,1,5.0,
AISPGGYRTY,5,3,1.6666666666666667,Rob_1568
AIQPFGSGTY,5,3,1.6666666666666667,Rob_2026
AIVPYGQYTY,5,4,1.25,Rob_10571
AIQPYGNYTY,5,3,1.6666666666666667,Rob_4933
AISPRGGFTY,5,2,2.5,Rob_9076
AISKSGNYTY,5,4,1.25,Rob_4497
AIPFYGGSTY,5,4,1.25,
AIGWDGEYAY,5,4,1.25,
AISPIGYNTY,5,2,2.5,Rob_8361
AIAPFGFKTY,5,1,5.0,Rob_1419
AIYPLGEGTY,5,2,2.5,Rob_3082
AISPVGNYTY,5,2,2.5,Rob_10326
AIGPFGGFTY,5,4,1.25,Rob_3960
AIPYNGGSTY,5,4,1.25,
AISPSGYNTY,5,3,1.6666666666666667,Rob_8731
AIVPRGGVTY,5,2,2.5,Rob_8987
AIRPHGGSTY,5,3,1.6666666666666667,
AIVPFGGDTY,5,3,1.6666666666666667,Rob_4096
AIFPYGTYTY,5,3,1.6666666666666667,Rob_6750
AIRWNSGSTY,5,0,5.0,
AISYWGGSTY,5,4,1.25,
AIRNGGSWTY,5,0,5.0,Rob_9102
AITPVGKGTY,5,4,1.25,Rob_4924
AITDYGQRTY,5,2,2.5,Rob_10767
AIRWNGDSTY,5,0,5.0,
AIRTYGDYTY,5,2,2.5,Rob_7282
AIRWYGSATY,5,2,2.5,
AIDPYGRKTY,5,3,1.6666666666666667,Rob_11029
AIGRDGEYTY,5,3,1.6666666666666667,
AIRPWGLSTY,5,4,1.25,Rob_3859
AIRINGSYTY,5,2,2.5,Rob_6548
AICWDGGYTY,5,4,1.25,
AIWPYGNYTY,5,3,1.6666666666666667,Rob_11917
AISDYGQLTY,5,1,5.0,Rob_11806
AISSFGEYTY,5,3,1.6666666666666667,Rob_3393
AIRWHGDETY,5,1,5.0,
AISPIGGWTY,5,4,1.25,Rob_8184
AIHPLGWGTY,5,2,2.5,Rob_3303
AIKPYGEYTY,5,2,2.5,Rob_6677
AISFMGGSTY,5,3,1.6666666666666667,
AIHPYGSRTY,5,1,5.0,Rob_6451
AISPQGEQTY,5,3,1.6666666666666667,Rob_9425
AIGKAGHYTY,5,1,5.0,Rob_2108
AINPGGWGTY,5,2,2.5,Rob_2126
AISPHGSWTY,5,3,1.6666666666666667,Rob_3853
AISYRGSYTY,5,2,2.5,Rob_4296
AIKIFGFKTY,5,3,1.6666666666666667,Rob_6882
AIRGNGVETY,5,0,5.0,
AISPRGTYTY,5,4,1.25,Rob_44
AIYFMGGSTY,5,3,1.6666666666666667,
AISPYGGDTY,5,4,1.25,Rob_7739
AIRLNGDYTY,5,4,1.25,
AIHPYGYLTY,5,2,2.5,Rob_12228
AIGPFGRYTY,5,3,1.6666666666666667,Rob_18
AIRWNGLYTY,5,1,5.0,
AIRWYGDETY,5,1,5.0,
AIAPLGGYTY,5,4,1.25,Rob_3787
AISPTGLYTY,4,3,1.3333333333333333,Rob_5000
AIGPFGDITY,4,2,2.0,Rob_4580
AIRWKGSATY,4,2,2.0,
AIRWNDGSTY,4,0,4.0,
AITPYGGATY,4,3,1.3333333333333333,Rob_12223
AISPVGNDTY,4,3,1.3333333333333333,Rob_11386
AISEFGEFTY,4,3,1.3333333333333333,Rob_11143
AIVPIGSYTY,4,1,4.0,Rob_9063
AIRSSGYETY,4,1,4.0,Rob_3230
AIRPYGNWTY,4,2,2.0,Rob_12176
AISPNGRNTY,4,1,4.0,Rob_1626
AIIPGGGRTY,4,2,2.0,Rob_4637
AISWRGELTY,4,3,1.3333333333333333,Rob_9154
AISPIGRLTY,4,3,1.3333333333333333,Rob_8357
AIRNIGNYTY,4,2,2.0,Rob_3899
AISPIGFGTY,4,3,1.3333333333333333,Rob_8706
AIEPFGYNTY,4,2,2.0,Rob_3781
AITPFGTKTY,4,3,1.3333333333333333,Rob_229
AIRYFGGRTY,4,1,4.0,Rob_4240
AIKWNGVETY,4,0,4.0,
AIAPSGSTTY,4,2,2.0,Rob_3377
AIQPSGGYTY,4,0,4.0,Rob_9359
AISEYGSNTY,4,3,1.3333333333333333,Rob_11718
AINPYGNNTY,4,3,1.3333333333333333,Rob_6740
AIRPYGTNTY,4,2,2.0,Rob_6373
AISDYGYVTY,4,1,4.0,Rob_11740
AISPRGKLTY,4,1,4.0,Rob_2330
AIGYAGGSTY,4,3,1.3333333333333333,
AIGPFGWRTY,4,2,2.0,Rob_1079
AISPFGVQTY,4,3,1.3333333333333333,Rob_3006
AIESRGGYTY,4,1,4.0,Rob_9010
AITPFGTRTY,4,1,4.0,Rob_8261
AIMYGGGSTY,4,0,4.0,
AISPFGHATY,4,2,2.0,Rob_2570
AIKVYGNRTY,4,3,1.3333333333333333,Rob_11142
AINDAGYYTY,4,2,2.0,Rob_5749
AISDYGGNTY,4,1,4.0,Rob_12003
AITPFGGRTY,4,2,2.0,Rob_9013
AILYAGGSTY,4,2,2.0,
AINSFGDRTY,4,1,4.0,Rob_4541
AITPSGRYTY,4,0,4.0,Rob_8614
AISEYGDRTY,4,3,1.3333333333333333,Rob_11797
AIRWYGVDTY,4,0,4.0,
AISPYGQRTY,4,2,2.0,Rob_7385
AIRPIGRETY,4,3,1.3333333333333333,Rob_3399
RYDGTVWKPI,4,0,4.0,
AIMLWGGSTY,4,0,4.0,
AIRWNSDYTY,4,1,4.0,
AIRLNGLDTY,4,1,4.0,
AISRSGKFTY,4,2,2.0,Rob_9446
AIGPFGTHTY,4,3,1.3333333333333333,Rob_1635
AIVPFGNNTY,4,2,2.0,
AISPFGAGTY,4,2,2.0,Rob_1454
AIRWNGMDTY,4,1,4.0,
AIIPFGRNTY,4,2,2.0,Rob_4166
AIRWNGLDTH,4,0,4.0,
AIAPYGGWTY,4,1,4.0,Rob_10934
AIYPYGIDTY,4,2,2.0,Rob_11170
AINPYGGSTY,4,0,4.0,
AISPYGIKTY,4,3,1.3333333333333333,Rob_6649
AITPFGGVTY,4,3,1.3333333333333333,Rob_8568
AINPLGGRTY,4,3,1.3333333333333333,Rob_4276
AIHGYGFRTY,4,1,4.0,Rob_10638
AISGRGDYTY,4,3,1.3333333333333333,Rob_4269
AIRWDGYVTY,4,2,2.0,
AIQWNGLDTY,3,0,3.0,
AISDIGKGTY,3,2,1.5,Rob_8796
AIHPYGAYTY,3,2,1.5,Rob_11264
AIAPYGHYTY,3,1,3.0,Rob_5446
AISPDGDYTY,3,0,3.0,
AIQGTGDYTY,3,2,1.5,Rob_4360
AIRWNCFYTY,3,0,3.0,
AMSPNGSYTY,3,0,3.0,
VIRWNGGSTY,3,0,3.0,
AIKLWGGSTY,3,1,3.0,
AISPSGGGTY,3,0,3.0,Rob_4593
AIYPYGYKTY,3,2,1.5,Rob_11152
AILPYGTLTY,3,0,3.0,Rob_6472
AISPYGSQTY,3,1,3.0,Rob_6929
AIRWSGVSTY,3,0,3.0,
AIVMSGGSTY,3,2,1.5,
AIAYTGGSTY,3,1,3.0,
AIKIDGYRTY,3,0,3.0,Rob_12017
SIRWNGVSTY,3,0,3.0,
AIEVNGGNTY,3,0,3.0,Rob_9485
AIRPYGEITY,3,0,3.0,
AIRPYGEWTY,3,1,3.0,Rob_11171
AIRCNGSSTY,3,0,3.0,
AIHPFGGYTY,3,0,3.0,
AIRWYGVSTY,3,0,3.0,
AIGPFGLPTY,3,1,3.0,Rob_8968
AIKPFGKLTY,3,2,1.5,Rob_8325
AINPYGYATY,3,2,1.5,Rob_12226
AIIPGGDRTY,3,0,3.0,Rob_9299
AIYPLGSGTY,3,2,1.5,Rob_3181
AIAFWGGSTY,3,2,1.5,
AIGPFGFHTY,3,2,1.5,Rob_2689
AIRWNGVEAY,3,2,1.5,
AIGDYGTKTY,3,1,3.0,Rob_5601
AIGPFGLHTY,3,2,1.5,Rob_1636
AIKPSGESTY,3,0,3.0,Rob_8159
AILWNGSFTY,3,2,1.5,
AIQWNGSSTY,3,0,3.0,
AISPSGSSTY,3,0,3.0,
AIAPKGYSTY,3,1,3.0,Rob_3053
AIAPWGRLTY,3,2,1.5,Rob_8763
AIRPFGTYTY,3,2,1.5,Rob_5224
AIGGYGGYTY,3,0,3.0,Rob_10745
AIYPFGNYTY,3,2,1.5,Rob_12030
AIRWNGDETN,3,0,3.0,
AITPFGFETY,3,1,3.0,Rob_8567
AIRWSGDETY,3,0,3.0,
AILPYGDGTY,3,1,3.0,Rob_6482
VIRWNGLDTY,3,0,3.0,
AISDYGSHTY,3,2,1.5,Rob_7396
AIGPLGGWTY,3,1,3.0,Rob_8934
AINPYGVNTY,3,1,3.0,Rob_6738
AISEYGTGTY,3,2,1.5,Rob_11461
AITPRGAYTY,3,0,3.0,Rob_2306
AIRCNGFYTY,3,0,3.0,
AIVPFGNLTY,3,1,3.0,Rob_4407
AIKPDGKYTY,3,2,1.5,Rob_6459
EIRWNGGSTY,3,0,3.0,
AIRWNVVSTY,3,0,3.0,
AIRWYGGSTY,3,0,3.0,
ALRWNGVETY,3,0,3.0,
AIRNGGGWTY,3,0,3.0,Rob_9100
AIKPFGYTTY,3,1,3.0,Rob_2335
AIRWNGGSAY,3,0,3.0,
AISPYGSPTY,3,1,3.0,Rob_6441
AIRWIGVETY,3,0,3.0,
AIGWDGAYTY,3,1,3.0,
AIGPFGIHTY,3,1,3.0,Rob_2122
AISPWGDKTY,3,1,3.0,
SIRWNGGSTY,3,0,3.0,
AISPYGFYTY,3,2,1.5,
AIRWNDDYTY,3,0,3.0,
AIADYGAYTY,3,1,3.0,Rob_11664
EIRWNGVSTY,3,1,3.0,
AIEPFGYITY,3,1,3.0,Rob_3780
AITPFGINTY,3,0,3.0,Rob_394
AIAPLGTYTY,3,2,1.5,Rob_5101
AITDYGDYTY,3,0,3.0,Rob_11209
AITPFGGFTY,3,1,3.0,Rob_1294
AISPAGRDTY,3,1,3.0,Rob_458
AIRPFGSDTY,3,2,1.5,Rob_8183
AIAPFGFTTY,3,0,3.0,Rob_1329
AIQYTGGSTY,3,0,3.0,
AISPYGAVTY,3,2,1.5,Rob_7159
AIRSNGGSTY,3,0,3.0,
AISPRGQWTY,3,0,3.0,Rob_4418
AIGPLGYKTY,3,2,1.5,Rob_94
AISGTGGRTY,3,2,1.5,Rob_9439
AIRWHGVSTY,3,0,3.0,
AIAPFGRATY,3,1,3.0,Rob_8199
AIGDYGRATY,3,1,3.0,Rob_6447
AISPYGRITY,3,1,3.0,Rob_11613
AIGPFGKSTY,3,1,3.0,Rob_1600
AITPFGYGTY,3,1,3.0,Rob_3212
AITPWGHYTY,3,0,3.0,Rob_5348
AIHPRGNKTY,2,1,2.0,Rob_9497
AIRWNGSSTH,2,0,2.0,
AIQWNGFYTY,2,0,2.0,
AIAPRGHHTY,2,0,2.0,
AIGPAGNDTY,2,0,2.0,
AIDPYGSHTY,2,0,2.0,
AIRWNGVYTY,2,0,2.0,
AISPIGSNTY,2,1,2.0,Rob_2726
AIKTYGDYTY,2,1,2.0,Rob_4677
AIRWNGRATY,2,0,2.0,
AIGRFGGFTY,2,1,2.0,Rob_4097
AIRWDGDETY,2,1,2.0,
AIEEFGSKTY,2,0,2.0,Rob_7519
AIPYFGGSTY,2,0,2.0,
AINPYGRQTY,2,1,2.0,Rob_11615
AIKWGGVRTY,2,1,2.0,Rob_12375
AIRWNGGTTY,2,0,2.0,
AINWNVKSTY,2,0,2.0,
AISLFGYKTY,2,1,2.0,
AISDYGMTTY,2,0,2.0,
AISWRGNYTY,2,1,2.0,Rob_3954
AIAPFGLSTN,2,1,2.0,
AIVPRGEYTY,2,1,2.0,Rob_4135
AIAPFGTLTY,2,1,2.0,Rob_3800
AICYWGGSTY,2,0,2.0,
AIRWNSLDTY,2,0,2.0,
AISTNGQYTY,2,1,2.0,Rob_10768
AIRWNGFETY,2,0,2.0,
AITPRGGNTY,2,0,2.0,Rob_4641
AISPYCNYTY,2,0,2.0,
AVGWDGGYTY,2,0,2.0,
AILPFGYSTY,2,0,2.0,Rob_3353
AIRRYGVETY,2,0,2.0,
AIRWNGGFTY,2,0,2.0,
AIRWDGFVTY,2,0,2.0,
AINPYGGWTY,2,1,2.0,Rob_3833
AITPFGIKTY,2,0,2.0,Rob_1342
AIRWHGSATY,2,0,2.0,
AIQPYGHYTY,2,0,2.0,Rob_10971
AITPTGRSTY,2,1,2.0,
VIRWNGDETY,2,0,2.0,
AIYPYGDITY,2,1,2.0,Rob_6506
AIDDYGYYTY,2,0,2.0,Rob_9672
AIEPFGFNTY,2,1,2.0,Rob_8314
AIRMWGRSTY,2,0,2.0,
AISPFGWGTY,2,1,2.0,Rob_645
AIGWDSGYTY,2,1,2.0,
AIDPWGLLTY,2,0,2.0,Rob_2529
AITMRGGSTY,2,1,2.0,
AIQFRGNETY,2,0,2.0,Rob_9092
AINQYGRRTY,2,0,2.0,
AISPYGINTY,2,0,2.0,Rob_7611
AIHPYGYATY,2,1,2.0,Rob_12227
AIGSDGEYTY,2,1,2.0,
AISSYGYETY,2,0,2.0,
AIGFYGGYTY,2,0,2.0,
AINPNGNITY,2,0,2.0,
AINPYGRKTY,2,1,2.0,Rob_11352
AIRLNGSFTY,2,1,2.0,
AIGPLGGYTY,2,1,2.0,Rob_4587
AITMLGGSTY,2,0,2.0,
AIHTYGNYTY,2,0,2.0,Rob_10534
AISPDGTDTY,2,1,2.0,
AIRTFGSYTY,2,0,2.0,Rob_8998
AILPIGSQTY,2,0,2.0,Rob_6424
AIGPSGQWTY,2,1,2.0,Rob_2613
AIYPYGDLTY,2,1,2.0,Rob_11078
AIGPFGYYTY,2,1,2.0,Rob_1593
AIHPLGSGTY,2,0,2.0,Rob_3304
AIFPYGARTY,2,0,2.0,Rob_7557
AISPHGSSTY,2,0,2.0,Rob_3855
AIRWDGGSTY,2,0,2.0,
AISYRGDYTY,2,1,2.0,Rob_4516
AIRVYGSGTY,2,1,2.0,Rob_6619
AIRPYGRRTY,2,0,2.0,
AIGDYGTNTY,2,1,2.0,Rob_11137
AIYPFGFGTY,2,0,2.0,Rob_2029
AIRCNCVETY,2,0,2.0,
AISPIGDYTY,2,0,2.0,
AINPFGNLTY,2,0,2.0,
AIRWNGVETA,2,0,2.0,
AIRWNGVVTY,2,0,2.0,
AISPIGRVTY,2,1,2.0,Rob_8359
AISPYGYFTY,2,0,2.0,
AITPFGVQTY,2,0,2.0,Rob_8828
AIRLNGFYTY,2,0,2.0,
AIKWNCYYTY,2,1,2.0,
AIRWHGGSTY,2,0,2.0,
AIRWYGLDTY,2,0,2.0,
AIYPIGFGTY,2,0,2.0,Rob_8678
AIKSFGGETY,2,0,2.0,Rob_9118
AIRRNGDYTY,2,0,2.0,
AISPGGGFTS,2,0,2.0,
AIAPYGSWTY,2,1,2.0,
AIRWYGEETY,2,0,2.0,
AIRWNSSFTY,2,0,2.0,
AITPFGRITY,2,0,2.0,Rob_2494
AIAPYGRHTY,2,0,2.0,
AIKWNGYYIY,2,0,2.0,
AIRWNCNYTY,2,0,2.0,
AIAPIGKKTY,2,0,2.0,Rob_1523
AIHPRGGYTY,2,0,2.0,Rob_4006
AITPQGFGTY,2,1,2.0,Rob_1822
AIRWKGGSTY,2,0,2.0,
AINPGGNYTY,2,1,2.0,Rob_4864
AILPYGNWTY,2,1,2.0,Rob_12150
AIRWNGGLTY,2,0,2.0,
AIRSFGYDTY,2,1,2.0,Rob_4125
AIGEYGSYTY,2,0,2.0,Rob_10659
AIGPFGRITY,2,1,2.0,Rob_19
AIRPWGDYTY,2,1,2.0,Rob_2878
AISPYGEATY,2,0,2.0,
AIRWKGDETY,2,0,2.0,
AISPGGAFTY,2,1,2.0,Rob_4487
AIGPTGYGTY,2,0,2.0,Rob_3478
AIHPYGSFTY,2,0,2.0,
AIAPWGYSTY,2,0,2.0,Rob_2930
AIKAYGEATY,2,0,2.0,Rob_6935
AIRLFGKSTY,2,0,2.0,Rob_3015
AIQWNGYYTY,2,1,2.0,
AINPFGEKTY,2,1,2.0,Rob_4614
AISPAGLNTY,2,0,2.0,Rob_1689
AMRWNGSFTY,2,0,2.0,
