Sequence,Count_binding,Count_nsbinding,Enrichment_factor,ID
GRWDRHGAYDQYEYDY,101414,27577,3.677484860572216,Rob_11197
GRWDKYGSSFQDEYDY,34648,15802,2.192633843817238,Vsig4_WT
GRWDRHGAYDQYEYEY,391,375,1.0426666666666666,
GRWDRHGAYDQYEYYY,153,59,2.593220338983051,
GRWDLFGSYDQYNYEY,146,144,1.0138888888888888,
GRWDLFGSYYQDNYEY,131,129,1.0155038759689923,
GRWDRNGAYDQYEYDY,123,23,5.3478260869565215,
GRWDHHGAYDQYEYDY,96,36,2.6666666666666665,
GRWDRHVAYDQYEYDY,89,26,3.423076923076923,
GRWDRHGAYDQDEYGY,71,68,1.0441176470588236,
GRWDYYGWYEQTSYEY,70,69,1.0144927536231885,Rob_6491
GRWDLFGSHDQDNYEY,67,62,1.0806451612903225,
GRWDLFVSYDQDNYEY,64,54,1.1851851851851851,
GHWDRHGAYDQYEYDY,63,42,1.5,
GRWDCHGAYDQYEYDY,62,17,3.6470588235294117,
GRLDRHGAYDQYEYDY,61,13,4.6923076923076925,
GRWDRHGVYDQYEYDY,56,11,5.090909090909091,
GEWWEFGSSRQCRYWW,55,40,1.375,
GRWDLFVSFDQDNYEY,53,50,1.06,
GRWDRHGAYDQYEYNY,51,24,2.125,
GRWNFYGQDDQYNYDY,50,42,1.1904761904761905,Rob_12063
GRWDYYGAYEQPNYEY,47,37,1.2702702702702702,Rob_11876
GRWDLFGSFDQDNYEW,44,42,1.0476190476190477,
GRWDRHGAYDQDNYEY,44,13,3.3846153846153846,
GFELLLGSSDQMIYYM,43,36,1.1944444444444444,
GRWDRHGAYYQYEYDY,38,20,1.9,
GRWDLFGSFDQDNHEY,38,29,1.3103448275862069,
GRWDKYGSSFQDEYYY,37,11,3.3636363636363638,
GRWDMFGSYDQDNYEY,37,27,1.3703703703703705,
GRWYRWGYYEQTEYEY,37,31,1.1935483870967742,Rob_12116
GRWDRHGAYDQYEYYM,37,28,1.3214285714285714,
VRWDRHGAYDQYEYDY,36,9,4.0,
GRWDYYGFYEQSLYPY,35,31,1.1290322580645162,
GRCDRHGAYDQYEYDY,35,5,7.0,
GEWWMFGSSRQCRYWW,35,24,1.4583333333333333,
GRWDFYGQRDQDNYNY,34,32,1.0625,Rob_11904
GRWDYYGSDDQDLYNY,34,25,1.36,Rob_8141
GRVLRFGLYAQIEYEY,33,31,1.064516129032258,Rob_879
GRWDLFGSYDQYEYDY,32,6,5.333333333333333,
GEWWNFGSSRQCRYWW,31,30,1.0333333333333334,
RRWDLFGSYDQDNYEY,31,19,1.631578947368421,
GRWDLFGSYDQDDYEY,30,23,1.3043478260869565,
GRWDRHGAYDKYEYDY,29,3,9.666666666666666,
GVPRYWGYDDQWGYKY,29,27,1.0740740740740742,Rob_7577
GRWDRHGASDQYEYDY,29,18,1.6111111111111112,
GEWWEFGSSRQCRYWR,27,17,1.588235294117647,
GRAWRYGYDYQIEYEY,27,26,1.0384615384615385,Rob_2449
GRWDYYGQSDQANFEY,26,23,1.1304347826086956,Rob_11392
GFAYEYGSSVQMEYYM,26,25,1.04,
GRWDYYGSYEQDLYDY,25,24,1.0416666666666667,Rob_12194
GRWDKYGSSFKDEYDY,25,11,2.272727272727273,
GRWDFFGNYDQSEYSY,25,17,1.4705882352941178,Rob_12241
GEWWGFGSSRLCRYWW,24,23,1.0434782608695652,
GFCMHYGSSDQWEYEY,23,17,1.3529411764705883,
GRCDKYGSSFQDEYDY,23,10,2.3,
GLWDLFGSFDQDNYEY,23,16,1.4375,
GREEYYGYAFQYDFEY,23,20,1.15,
GRWDYYGQYEQELYEY,22,16,1.375,Rob_7413
GRWNFYGGSPQEDKYY,21,17,1.2352941176470589,Rob_11430
GRVWRFGLFDQLEYEY,21,14,1.5,Rob_884
GRWDKYGSSFRDEYDY,21,6,3.5,
GRWDLFGSYDQYNYDY,21,9,2.3333333333333335,
GRWNFYGPYAQNNYEY,21,17,1.2352941176470589,Rob_11715
GRWDSHGAYDQYEYDY,20,5,4.0,
GRWDLFGSFDQDKYEY,20,18,1.1111111111111112,
GRWDLFGSYDHDNYDY,20,14,1.4285714285714286,
GRVWRYGYGFQLEYEY,19,18,1.0555555555555556,Rob_1979
GRWDYYGFYEQFDYDY,19,17,1.1176470588235294,Rob_7186
GRWDFFGNYDQLEYWY,19,13,1.4615384615384615,Rob_12239
GRWDRHGSYDQYEYDY,19,3,6.333333333333333,
GRWDLLGSYDQDNYEY,19,17,1.1176470588235294,
GRWYRHGAYDQYEYDY,19,3,6.333333333333333,
GAWWTFGSSAQCAYWW,19,14,1.3571428571428572,
GRWDRHGAYDQYEYHY,19,8,2.375,
GRWDLFGSYNQDNYEY,18,15,1.2,
GRWDKYGSSFQYEYDY,18,6,3.0,
GRWDKYGSSFQDEYEY,18,13,1.3846153846153846,
GRWDRFGSFDQDNYEY,18,15,1.2,
GEWWAFGSSRQCRYWW,18,16,1.125,
GRWNYYGADWQEEYDY,18,7,2.5714285714285716,Rob_2395
GFCYRYGSSVQMEYEM,18,14,1.2857142857142858,
GRWDLFGSFDQDSYEY,17,14,1.2142857142857142,
GRWDYYGYREQGDYEY,17,14,1.2142857142857142,Rob_7206
GRWDYFGQYEQWGYPY,17,12,1.4166666666666667,Rob_7069
GRYFRYGLEYQLNERY,17,16,1.0625,Rob_4978
GRWDYYGYYDQDLYNY,17,16,1.0625,Rob_7745
GRWDLFGSYYQDNYDY,17,10,1.7,
GRWDYYGAYDQDDYPY,16,14,1.1428571428571428,Rob_12155
GRWDRHGAYDRYEYDY,16,6,2.6666666666666665,
GRWDRHGAYDQHEYDY,16,4,4.0,
GHWDLFGSYDQDNYDY,16,10,1.6,
GRWDRYGAYDQYEYDY,16,5,3.2,
GRWDRHGAYDQYGYDY,16,7,2.2857142857142856,
GFERYYGSSVQMEYYM,15,8,1.875,
GRWWWYGPLYQGSYDY,15,9,1.6666666666666667,Rob_4366
GRNYRFGFYYQPEYLY,15,10,1.5,Rob_5921
GEWWHFGSSRQCRYWW,15,12,1.25,
GRWYKYGSSFQDEYDY,15,4,3.75,
GRWWYFGRDTQVLYEY,15,14,1.0714285714285714,Rob_10175
GRWDRFGAYTQWNYGY,15,8,1.875,Rob_12077
GRLDKYGSSFQDEYDY,15,8,1.875,
GRWDLFESYDQDNYEY,15,13,1.1538461538461537,
GRWDRHGAYDHYEYDY,15,7,2.142857142857143,
GRWDLFGSYDQDHYEY,14,8,1.75,
GRWDLFGSYDRDNYDY,14,11,1.2727272727272727,
GRWDPFGSYDQDNYDY,14,6,2.3333333333333335,
GKWNYYGLYEQDLYEY,14,11,1.2727272727272727,Rob_6562
GRWDFWGAIDQYTYKY,14,11,1.2727272727272727,Rob_9524
GRWNKYGPDSQENYEY,14,11,1.2727272727272727,Rob_6145
GRWWRYGSEDQIEYRY,14,10,1.4,Rob_3088
GRWWRYGAQDQEEYYY,14,13,1.0769230769230769,Rob_2367
GRVWRYGLDLQIEYDY,14,9,1.5555555555555556,Rob_289
GRWNKYGPDSQDNYSY,14,10,1.4,Rob_4666
GRWDRHGAYDQYKYDY,14,0,14.0,
GFAMHMGSSVQMKYEM,13,10,1.3,
VRWDLFGSYDQDNYDY,13,8,1.625,
GRWDRHGAYDQYEYGY,13,7,1.8571428571428572,
GRWDNYGSSVQDEYHW,13,7,1.8571428571428572,
GRWDLFGKLDQDSYSY,13,7,1.8571428571428572,
GRWNFFGVELQDDYKY,13,12,1.0833333333333333,Rob_7927
GRWDRHGACDQYEYDY,13,0,13.0,
GRWDYYGDYEQFEYDY,13,12,1.0833333333333333,Rob_12342
GRVWSFGFDDQLEHEY,13,12,1.0833333333333333,Rob_1494
GRWDLFGSYDQDSYEY,12,9,1.3333333333333333,
GRWFRYGPTDQLRFYY,12,11,1.0909090909090908,Rob_4251
GRWDYFGFYSQDLYSY,12,10,1.2,Rob_11694
GRWELFGSYDQDNYEY,12,11,1.0909090909090908,
GRWDKYGSSFHDEYDY,12,11,1.0909090909090908,
GFEWRYGSSVQMEYYM,12,9,1.3333333333333333,
GRWDRHGAHDQYEYDY,12,2,6.0,
GGWDRYGGYEQWLYPY,12,1,12.0,Rob_11420
GEYWEFGSSRQCRYWW,12,6,2.0,
GPWDYYGGYEQDLYSY,12,9,1.3333333333333333,Rob_11504
GRLWRFGYIDQLGFHY,12,10,1.2,Rob_8019
GRWDLFGSYDLDNYEY,12,11,1.0909090909090908,
GRWNYFGAYEQYLYEY,12,10,1.2,Rob_11836
GRWDLFGKYDRDNYEY,12,11,1.0909090909090908,
GRWDRHGEYDQYEYDY,12,3,4.0,
GRWNYYGYYEQLLYEY,12,4,3.0,Rob_6833
GRTWRFGYDDQFEYQY,12,7,1.7142857142857142,Rob_3602
GRWNRFGKEDQSNYEY,12,9,1.3333333333333333,Rob_11862
GCWDRHGAYDQYEYDY,12,1,12.0,
GRWWYFGPYWQYEYSY,12,5,2.4,Rob_4512
GRWNFYGSEEQEDYSY,12,11,1.0909090909090908,Rob_6406
GRWNFYGPYEQYLFDY,11,4,2.75,Rob_11576
GRWNFFGQEDQYQYEY,11,7,1.5714285714285714,Rob_11647
GRWFKYGASDQALYDY,11,9,1.2222222222222223,Rob_8618
GRWDLFGKYEQYTYGY,11,6,1.8333333333333333,
GRWWLYGPEDQNAYSY,11,8,1.375,Rob_4188
GRWWYFGPEDQDEYRY,11,6,1.8333333333333333,Rob_5659
GRWNYRGDSEQEEYEY,11,10,1.1,Rob_2869
GFCYIYGSSMQCMYEM,11,4,2.75,
GRWDLFGSFDQDHYEY,11,4,2.75,
GRTWRYGYEDQFEYEY,11,7,1.5714285714285714,Rob_3930
GRWWKYGAYDQFEEYY,11,9,1.2222222222222223,Rob_1402
GRWLYYGNLDQSEYYY,11,4,2.75,Rob_10409
GRWNYYGFYEQWDYEY,11,6,1.8333333333333333,Rob_7457
GRWDLFGSYDQDNHDY,11,10,1.1,
GRWDLFGPFDQDNYEY,11,10,1.1,
GRWDYFGYYEQFEYTY,11,9,1.2222222222222223,Rob_11968
RRWDRHGAYDQYEYDY,11,6,1.8333333333333333,
GEWWRFGSSRQCRYWR,11,7,1.5714285714285714,
GRGLYLGLKIQESYDY,11,8,1.375,Rob_4918
GRWNYYGQFDQYSYEY,11,7,1.5714285714285714,Rob_12053
GRWDKYGSNFQDEYDY,11,2,5.5,
GRWNYYGYYEQTGYDY,10,9,1.1111111111111112,Rob_7591
GFPWIYGYGDQAEYWY,10,5,2.0,Rob_8754
GEMNRFGSSRQCRYWR,10,5,2.0,
GEYWNFGSSRQCRYWW,10,8,1.25,
GRWNRYGFYDQDSYEY,10,5,2.0,
GRNWRFGLWDQAEKFY,10,8,1.25,Rob_1204
GRWDRHGAYDQFEYEY,10,6,1.6666666666666667,
GRVWQFGLTDQEEYDY,10,7,1.4285714285714286,Rob_905
GRWDLFGPYDQDNYEY,10,6,1.6666666666666667,
GRINRYGYYEQYQYEY,10,8,1.25,Rob_7356
GRTYRYGYSDQAEYGY,10,8,1.25,Rob_3901
GQVNFYGYYEQYDYNY,10,8,1.25,
GKWNYRGNGDQGEYFY,10,9,1.1111111111111112,Rob_3500
GRWDLFGSFDQDNYNY,10,8,1.25,
GRRDRHGAYDQYEYDY,10,0,10.0,
GRWFWYGNELQEQYLY,10,9,1.1111111111111112,Rob_4721
GRWDLFGKCDQDNYEY,10,6,1.6666666666666667,
GRWDLFGSYDKDNYDY,10,3,3.3333333333333335,
GRWDYFGSDDQNLYNY,10,4,2.5,Rob_8139
GRVWRFGFGDQLEFFY,10,3,3.3333333333333335,Rob_1892
GRWNYFGPYEQDLYSY,10,2,5.0,Rob_11082
GFLYEYGSSVQWMYEM,9,5,1.8,
GFLQIYGSSDQWMYEM,9,2,4.5,
GRWLYYGPYEQVNYDY,9,7,1.2857142857142858,Rob_10604
GAWWVFGSSAQCAYWW,9,6,1.5,
GRWLRYGESDQLLYEY,9,6,1.5,Rob_9947
GRWDYFGQYEQSLYDY,9,8,1.125,Rob_7597
GRGWNYGFGEQWEYSY,9,8,1.125,
VRWDKYGSSFQDEYDY,9,4,2.25,
GFEYRYGSSVQMIYEM,9,8,1.125,
GFAMAYGSSVQMMYEY,9,4,2.25,
GRWNYYGYYEQENYTY,9,2,4.5,Rob_11040
GLPNFFGYYEQWNYRY,9,2,4.5,Rob_12177
GRWDRHGAYGQYEYDY,9,5,1.8,
GRWTWYGPYEQIDFSY,9,7,1.2857142857142858,Rob_9081
GRWLYFGPEDQNSYEY,9,8,1.125,Rob_10634
GRWDLFGSYDQNEYEY,9,5,1.8,
GPWDYYGSYEQDLYSY,9,4,2.25,Rob_11503
GFIWRNGSSRQCRYYW,9,3,3.0,
GRWDKYGSSFQDEYNY,9,3,3.0,
GRWDRHGAYNQYEYDY,9,2,4.5,
GRVWKYGLFDQIEYEY,9,5,1.8,Rob_643
GRWDYFGRYEQWNYEY,9,3,3.0,Rob_6497
GLWDYYGGYEQRLYSY,9,8,1.125,Rob_12204
GRSWRWGFEWQIEYEY,9,5,1.8,Rob_449
GFCEYYGSSVQMEYYM,9,5,1.8,
GFCWHYGSSEQMEYYM,9,8,1.125,
GRWDNYGSSDQEEYYY,9,5,1.8,
GRTLRFGYGDQEEYQY,9,8,1.125,Rob_2359
GRWDFYGDYEQGLYQY,9,8,1.125,Rob_6452
GRWDYFGDYEQSLYEY,9,5,1.8,Rob_12257
GRCDLFGSYDQDNYDY,9,8,1.125,
GRWNYYGSFWQDNYGY,9,7,1.2857142857142858,Rob_7254
GRNFKYGAEVQGNFKY,9,3,3.0,Rob_12156
GRVWRKGFDFQLEYEY,8,7,1.1428571428571428,Rob_2475
GRWDRHGAYDQDSYEY,8,3,2.6666666666666665,
GRWWRFGPYAQELHYY,8,7,1.1428571428571428,Rob_4442
GRSLWYGSDYQLEYQY,8,7,1.1428571428571428,Rob_2768
GRTWRYGYGHQDEYEY,8,7,1.1428571428571428,Rob_1985
GRWNYLGQFEQWSYEY,8,6,1.3333333333333333,Rob_12059
GRWLWHGPGDQDFYDY,8,4,2.0,Rob_4168
GRWLYFGPYEQELYPY,8,5,1.6,Rob_7006
GRWLWLGNRWQGDYLY,8,6,1.3333333333333333,Rob_9425
GRWNFYGDYEQYLFDY,8,4,2.0,Rob_11578
GEWWGFGSSRQCRYWW,8,7,1.1428571428571428,
GRWDRHGAYDQYEYKY,8,7,1.1428571428571428,
GRTWRYGSEYQSDQFY,8,6,1.3333333333333333,Rob_1170
GRVWRFGFIDQNEYVY,8,7,1.1428571428571428,Rob_3495
GRWNFYGDYEQSLYEY,8,6,1.3333333333333333,Rob_7610
GRWDYWGPYEQYLYEY,8,2,4.0,Rob_11975
GFAYRYGSSLQMEYEM,8,5,1.6,
GRPNYFGYYEQDDYEY,8,6,1.3333333333333333,Rob_7302
GRSWRWGFYDQLEYEY,8,7,1.1428571428571428,Rob_577
GEWMCFGSSRQCRYWR,8,6,1.3333333333333333,
GRWWRYGSSEQWNFSY,8,6,1.3333333333333333,Rob_4636
GFLYCYGSSVQWMYEM,8,1,8.0,
GRWDYYGFYEQELYEY,8,6,1.3333333333333333,Rob_7416
GRPNFRGYEDQYLYEY,8,2,4.0,Rob_6339
GLPDRYGYVDQLEYFY,8,4,2.0,Rob_8954
GRTWRFGFEDQDEYTY,8,5,1.6,Rob_3172
GRVYRYGYNDQEEYEY,8,6,1.3333333333333333,Rob_3167
GFCEHYGSSDQMMYEY,8,6,1.3333333333333333,
GNVWRYGYGYQIEYQY,8,4,2.0,Rob_1924
GRVYRFGYLDQYEYEY,8,4,2.0,Rob_3375
GFAEHYGSSVQMMYEY,8,7,1.1428571428571428,
GNWDYYGEYEQLLYDY,8,7,1.1428571428571428,Rob_6675
GRWHIYGSVHQEEYYY,8,7,1.1428571428571428,Rob_2212
GRVLRFGFNDQYEYEY,8,4,2.0,Rob_3408
GRWNYFGQFYQGLYEY,8,4,2.0,
GRWWRFGNEEQELYEY,8,6,1.3333333333333333,Rob_3853
GEWWKFGSSRQCRYWR,8,5,1.6,
GRWDRHGAYDQYEYRY,8,7,1.1428571428571428,
GRWDRHGAYDQHEYQY,8,7,1.1428571428571428,
GRWDRHGAYDQYDYDY,8,7,1.1428571428571428,
GFEWHYGSSDQMEYYM,8,4,2.0,
GRWLWFGPREQDLYRY,8,6,1.3333333333333333,Rob_9366
GRWHYQGEYEQKLHTY,8,7,1.1428571428571428,Rob_2738
GRWLYFGDDIQLNYRY,7,4,1.75,Rob_10183
GRWNYFGSYEQILYRY,7,1,7.0,Rob_7289
GRWRYYGASDQDEYEY,7,5,1.4,Rob_2313
GRWNYLGQFDQYSYEY,7,6,1.1666666666666667,Rob_12055
GFATHYGSSEQMLYEY,7,3,2.3333333333333335,
GRNLYRGFYLQDEYTY,7,6,1.1666666666666667,
GRWNYYGEYEQILYEY,7,6,1.1666666666666667,Rob_6592
GRWDYYGALEQFEYEY,7,2,3.5,Rob_7798
GRWDVWGYYEQYLFDY,7,3,2.3333333333333335,Rob_11448
GRWNRYGSYDQEDYNY,7,1,7.0,Rob_3897
GFAMHYGSSVQMMYAY,7,4,1.75,
GRWDKYGSSYQDEYDY,7,1,7.0,
GRWNYYGPYLQYDYFY,7,5,1.4,Rob_6129
GRWNYYGPEYQGDFHY,7,2,3.5,Rob_10463
GRSYYYGLQDQGEHEY,7,5,1.4,Rob_955
GRWWRFGASDQIEYNY,7,2,3.5,Rob_3001
GRWNLYGKDDQNEYDY,7,6,1.1666666666666667,
GRSWRYGYEDQLEYEY,7,2,3.5,Rob_3200
GRWDLFGKFDQDNHEY,7,2,3.5,
GRWLWYGSYHQDELEY,7,3,2.3333333333333335,Rob_1564
GRWWRYGAGDQELYKY,7,0,7.0,Rob_2067
GRWDFYGYYEQYLYDY,7,5,1.4,Rob_7608
GFYYFLGSSFQCMYFF,7,2,3.5,
GPPWIYGKEDQNLYSY,7,4,1.75,Rob_8448
GFWYYNGSSRQCEYWR,7,5,1.4,
GRWGRYGSDDQALKFY,7,5,1.4,Rob_5813
GRWDEYGSSFQDEYDY,7,5,1.4,
GRVLQYGLYEQYEYEY,7,5,1.4,Rob_489
GRWLLFGPLDQYSYHY,7,2,3.5,Rob_9451
GRWDLFVSYDQDNYDY,7,3,2.3333333333333335,
GRSLRYGSSFQDELYY,7,3,2.3333333333333335,Rob_1386
GRWNYFGYSEQGLYEY,7,3,2.3333333333333335,Rob_6440
GRNWLFGGDYQIELEY,7,6,1.1666666666666667,Rob_1130
GRPWRYGYLDQLDYQY,7,4,1.75,Rob_8232
GRWDLFGKDDQELYQY,7,4,1.75,
GRWWTYGGLYQLENVY,7,6,1.1666666666666667,Rob_1245
GRWDLFGKLDQDVYDY,7,5,1.4,
GRWDNYGSSDQELYRY,7,5,1.4,
GRWDLFVKFDQDNYEY,7,4,1.75,
GRWDKHGSSFQDEYDY,7,4,1.75,
GFNWRYGYIDQDEYYY,7,6,1.1666666666666667,Rob_8426
GRWNYYGFYEQPAYEY,7,0,7.0,Rob_7463
GFCLHMGSSDQMIYYM,7,3,2.3333333333333335,
GRNWRYGYEYQDEYNY,7,5,1.4,Rob_8209
GRWNFYGQYEQNNYDY,7,1,7.0,Rob_12047
GRWWRFGDYIQGRYSY,7,2,3.5,Rob_9397
GFELHYGSSVQMEYEM,7,2,3.5,
GRWNYYGGWEQENYIY,7,3,2.3333333333333335,Rob_10068
GRWDHYGYYDQSEYEY,7,5,1.4,
GRWDYYGPSYQDDYFY,7,0,7.0,Rob_7084
GKWNYFGNADQDNYYY,7,6,1.1666666666666667,Rob_3616
GRWWNFGSRDQLLYEY,7,5,1.4,Rob_3717
GRSNFYGYYEQYLFEY,7,6,1.1666666666666667,
GRWDLFGSYDQNNYDY,7,0,7.0,
GRPFSYGYYRQIEYEY,7,5,1.4,Rob_3301
GRWNYWGPYEQGNYVY,7,5,1.4,Rob_7825
GRWNYYGYYEQILYEY,7,4,1.75,Rob_11156
GRWNYYGDYEQQLYEY,7,2,3.5,Rob_11554
GRVWNLGLWSQDEYWY,7,6,1.1666666666666667,Rob_838
GNPNYYGFYEQDDYEY,7,1,7.0,Rob_7949
GRWNYRGNNLQFDYLY,7,4,1.75,Rob_10834
GFCYRYGSSDQMYYEM,7,6,1.1666666666666667,
GRWFRFGPIDQLNYSY,7,6,1.1666666666666667,Rob_4372
GRPNYFGLDEQLLYEY,7,4,1.75,Rob_10925
GRWWTYGGKDQLNHEY,7,4,1.75,Rob_1191
GRWDRHGAYDQCEYDY,7,1,7.0,
GEYQYFGSSRQCRYYR,7,4,1.75,
GRPNYFGYPDQELYDY,7,5,1.4,Rob_7316
GRSYRFGDDEQDEFHY,7,4,1.75,Rob_320
GFRMHNGSSDQMMYEY,7,3,2.3333333333333335,
GRVYKFGYRDQDLYEY,7,2,3.5,Rob_3544
GRWTWYGPSIQELYGY,7,6,1.1666666666666667,Rob_9143
GRWNYYGYYEQTLYEY,7,1,7.0,Rob_6831
GRVWRYGLQDQDEFFY,7,3,2.3333333333333335,Rob_893
GRWDYYGFYSQNDYEY,7,4,1.75,Rob_7400
GRWEQFGPNDQSEHLY,6,2,3.0,Rob_4769
GRWNYRGSASQSDHYY,6,4,1.5,Rob_9855
GRWWKYGNETQDIYEY,6,1,6.0,Rob_4346
GRWDYYGYYEQALYEY,6,3,2.0,Rob_12355
GRPLRRGFSEQHLYEY,6,2,3.0,Rob_5117
GRWDKYGSSFQDGYDY,6,2,3.0,
GRINCYGYYEQYLFEY,6,2,3.0,
GFAYHMGSSVQMEYYM,6,2,3.0,
GEWWFFGSSRQCRYWR,6,4,1.5,
GFCAHYGSSDQMMYEY,6,0,6.0,
GRWTYFGPKDQDNYWY,6,2,3.0,Rob_5137
GPWDLFGSYDQDNYEY,6,5,1.2,
GRVWRYGLDLQIEYEY,6,5,1.2,Rob_408
GFAMHYGSSVQMLYEM,6,5,1.2,
GRWLYFGPSDQDNYLY,6,3,2.0,Rob_9874
GRPNSYGFYDQEEYNY,6,5,1.2,Rob_3379
GRVNYYGFEYQFEYFY,6,0,6.0,Rob_2189
GRWDKYVSSFQDEYDY,6,3,2.0,
GLYMYNGSSFQCRYYR,6,5,1.2,
GRWNYFGEYDQFLKDY,6,2,3.0,Rob_9705
GRWDYYGDYEQNNYEY,6,4,1.5,Rob_11757
GRWLYYGPYEQENYMY,6,4,1.5,
GRSLWWGSELQIEYQY,6,4,1.5,Rob_1090
GRPNYYGYYEQELYHY,6,1,6.0,Rob_11473
GFCCYYGSSVQMEYYM,6,2,3.0,
GRPNYFGYYDQELYDY,6,1,6.0,Rob_7314
GCWDLFGSYDQDNYDY,6,3,2.0,
GRSWNYGFTDQIEYEY,6,3,2.0,Rob_454
GRWDKYGSSFQDEHDY,6,2,3.0,
GFEYHMGSSVQMEYYM,6,3,2.0,
GRWDLVGSFDQDNYEY,6,3,2.0,
GRWDMFGKYDQDNYEY,6,4,1.5,
GFCYRYGSSMQMMYEM,6,2,3.0,
GRWDLFGKYYQDNYDY,6,1,6.0,
GRSFTFGLHDQYEHEY,6,5,1.2,Rob_1064
GRWQYHGDTDQWDYLY,6,0,6.0,Rob_10283
GRAWSYGLEYQIEYEY,6,4,1.5,Rob_687
GRWWRFGPDEQYRFTY,6,5,1.2,Rob_4199
GRWLYYGGADQDLYDY,6,1,6.0,Rob_5951
GRWNYFGPYDQDNYEY,6,5,1.2,Rob_12217
GRSWQYGLLWQDELDY,6,4,1.5,Rob_1137
GRWYRFGDYYQLRYIY,6,4,1.5,Rob_9387
GREWRYGKFDQYEYLY,6,1,6.0,Rob_3874
GRWDFYGEYEQELYSY,6,3,2.0,Rob_6727
GRWDYYGAYDQVEYDY,6,5,1.2,
GRVWRFGLFSQKEYEY,6,4,1.5,Rob_638
GRWRYFGNFDQNDYEY,6,4,1.5,
GRWERFGDWWQNSFSY,6,3,2.0,Rob_9367
GRWNFYGGYSQGDFEY,6,3,2.0,Rob_12000
GFEYRYGSSDQMAYEW,6,4,1.5,
GRPFSYGYDNQIEYEY,6,3,2.0,Rob_3081
GRWNLYGYEDQNLYEY,6,3,2.0,Rob_12370
GRWDLFGSYDQDEYDY,6,2,3.0,
GRPNYFGYYEQYEYEY,6,2,3.0,Rob_11221
GRWNWYGPYNQYEYEY,6,5,1.2,Rob_11960
GRWDRHGAYDQYEYDC,6,2,3.0,
GRNEYYGRSYQEEYYY,6,2,3.0,Rob_10404
GRWNYFGDYEQYLYEY,6,1,6.0,Rob_12253
GRWDYYGAYEQQLYEY,6,5,1.2,Rob_11815
GRPNFKGYDEQELYEY,6,2,3.0,Rob_6366
GRWDYFGYYEQTEYEY,6,1,6.0,
GRSDLFGSFDQDNYEY,6,3,2.0,
GLSWKYGYSFQGDYWY,6,5,1.2,Rob_8735
GRVWRYGLYDQYEYWY,6,4,1.5,Rob_350
GFMYHRGSSVQWMYEM,6,3,2.0,
GRVDFYGYYDQWNYDY,6,5,1.2,Rob_6626
GRVYRYGLYYQIEYEY,6,3,2.0,Rob_573
GFELYMGSSVQMCYYM,6,0,6.0,
GRWNFYGFETQSTYEY,6,3,2.0,Rob_12380
GRNEYFGYEDQNEYYY,6,3,2.0,Rob_10204
GRWWRYGSYEQWNQSY,6,4,1.5,Rob_4639
GRWHRFGNDSQFDYYY,6,4,1.5,Rob_5794
GRWDLYGSYDQDNYDY,6,3,2.0,
GRWNYYGDYEQFLYEY,6,3,2.0,Rob_7286
GRNNYFGYYEQRIYQY,6,5,1.2,Rob_6393
GRTWRFGFEDQDEYEY,6,3,2.0,Rob_3171
GRVWRYGLYLQLEYEY,6,5,1.2,Rob_251
GRPNFYGYLQQYEYQY,6,5,1.2,Rob_12398
GRPWRYGYTIQDLYNY,6,5,1.2,Rob_8369
GFRYRYGSSVQMEYEM,6,4,1.5,
GKWYRFGALDQGLYEY,6,1,6.0,Rob_8096
GRWLYFGPSEQSLYGY,6,4,1.5,Rob_10342
GRVWRYGFDYQIEYGY,6,4,1.5,Rob_2606
GQWNYFGKYEQWLYDY,6,2,3.0,Rob_6897
GMYMYNGSSFQCRYYR,6,4,1.5,
GRWWNYGDDFQYAHRY,6,4,1.5,Rob_4887
GLPWIFGYPDQYLHLY,6,4,1.5,Rob_8861
GRNRYFGYYEQTEYEY,6,5,1.2,Rob_6427
GRNEYYGYVDQWEYDY,6,3,2.0,Rob_10457
GRWNRYGQEYQDEHWY,6,3,2.0,Rob_2380
GEWWDFGSSRQCRYWW,6,5,1.2,
GFNYHMGSSVQMEYHM,6,0,6.0,
GRVNFYGYYEQFLYDY,6,2,3.0,Rob_12248
GRWWLYGNDDQLEHYY,6,4,1.5,Rob_1615
GRWLYYGPETQYAFEY,6,4,1.5,Rob_10219
GRWDLFGSYDQDNYEH,6,1,6.0,
GKWNRFGQEDQANYYY,6,2,3.0,Rob_3859
GRWNIFGDWEQYLYRY,6,3,2.0,Rob_7165
GRTWRYGYWDQIEYIY,6,4,1.5,Rob_2870
GRNRNFGYSDQEEYDY,6,5,1.2,Rob_6027
GRNLHYGHEIQFEYIY,6,5,1.2,Rob_5726
GRWNFYGPYDQLDYLY,6,3,2.0,Rob_6115
GLSWRFGYGEQITDAY,6,3,2.0,Rob_2110
GRVWRFGYGYQEEYLY,6,5,1.2,Rob_1916
GFCTHYGSSEQMKYEY,6,5,1.2,
GRVWRYGFDNQSEYEY,6,1,6.0,Rob_3459
GRSYSYGIEFQLEDNY,6,3,2.0,Rob_1248
GRWNFYGRYEQDDYRY,6,2,3.0,Rob_7958
GRNNYYGYYIQEEYEY,6,5,1.2,Rob_10587
GRPNYFGYEEQYLYEY,5,2,2.5,Rob_6363
GFCEHYGSSEQMMYEY,5,3,1.6666666666666667,
GRWNFYGNDAQREYDY,5,3,1.6666666666666667,Rob_11206
GEWWYFGSSRQCRYYR,5,0,5.0,
GRWNYYGYYEQNGYDY,5,3,1.6666666666666667,Rob_7586
GRWDYYGEYEQYTYRY,5,3,1.6666666666666667,Rob_7328
GFEMHYGSSDQWKYEM,5,2,2.5,
GRWDAWGAYEQYLYEY,5,4,1.25,Rob_11828
GFCMAYGSSVQMMYEY,5,4,1.25,
GRDWRYGLNDQENYYY,5,4,1.25,Rob_2375
GRPEYFGYNGQFEYYY,5,2,2.5,Rob_10914
GRWNYRGPNDQFLYKY,5,0,5.0,Rob_10024
GFCMHYGSSVQMMYEM,5,4,1.25,
GFPWRYGYFDQQSYYY,5,2,2.5,Rob_8704
GAWDYFGNYEQYLYEY,5,4,1.25,Rob_11505
GRTWQYGYWDQDEYEY,5,4,1.25,Rob_3799
GRWDYYGDYEQWNYEY,5,1,5.0,Rob_11754
GRPPLYGLYEQHLYRY,5,0,5.0,Rob_7027
GKPWRFGYHDQWEYDY,5,1,5.0,Rob_8864
GRWYHYGDFDQINYAY,5,4,1.25,Rob_5130
GRVNFYGYYEQDNYEY,5,2,2.5,Rob_7244
GRWNFFGDYEQHDYSY,5,2,2.5,Rob_6915
GRTWKYGYEYQLEYEY,5,3,1.6666666666666667,Rob_2579
GRWNYYGERDQYLYEY,5,1,5.0,Rob_10269
GRWLWYGSLNQISYSY,5,3,1.6666666666666667,Rob_9315
GFEYRYGSSVQCMYEM,5,3,1.6666666666666667,
GRWFRYGASDQGEYDY,5,3,1.6666666666666667,
GRWDLFGSFDQENYEY,5,2,2.5,
GRWNYYGPTDQENYDY,5,4,1.25,Rob_6524
GFCQFYGSSEQMEYEW,5,0,5.0,
GLEQKYGYFYQLEYWY,5,3,1.6666666666666667,Rob_3925
GRWLRYGGHDQDNYLY,5,2,2.5,Rob_4934
GNWNYYGKYEQWLYEY,5,4,1.25,Rob_11134
GRWNFFGYDAQREYEY,5,3,1.6666666666666667,Rob_11370
GRPLWRGYDEQDLYSY,5,1,5.0,Rob_9290
GLSWRFGVLNQELESY,5,1,5.0,Rob_1343
GRVNYFGYDGQLLYEY,5,1,5.0,Rob_7638
GYMFEYGSSVQMDYEM,5,3,1.6666666666666667,
GRWDLFGKLDQNAYDY,5,4,1.25,
GRWNYYGEYEQFNYGY,5,3,1.6666666666666667,Rob_11603
GFMLHYGSSVQWMYEM,5,2,2.5,
VRWQQYGGEIQDTYTY,5,3,1.6666666666666667,
GRINYYGYSEQALYDY,5,4,1.25,Rob_12328
GRIWRYGYYEQDSYKY,5,4,1.25,Rob_9239
GRWNFFGDYEQWEYPY,5,1,5.0,Rob_7038
GPWNLYGLYEQDLYEY,5,4,1.25,Rob_7758
GAWWFFGSSAQCAYWA,5,2,2.5,
GRWDFYGESVQSDYYY,5,2,2.5,Rob_7789
GRWNYYGPEYQPDYFY,5,2,2.5,Rob_10074
GRNYRRGFALQNEYIY,5,3,1.6666666666666667,Rob_5548
GFCYEYGSSMQCMYEM,5,3,1.6666666666666667,
GRSWRRGFWEQNELSY,5,1,5.0,Rob_1338
GRWDYYGAYEQFLYEY,5,3,1.6666666666666667,Rob_7796
GRWWKYGGLRQLEHDY,5,3,1.6666666666666667,Rob_1124
GRWYRWGYYEQTEYDY,5,2,2.5,
GRWWRYGQEDQHEYEY,5,2,2.5,Rob_3144
GRWYYLGPGFQYDYEY,5,4,1.25,Rob_5902
GRWDYYGSYTQELYEY,5,4,1.25,Rob_6404
GRWWLFGPEDQNAYNY,5,1,5.0,Rob_4186
GKWNYFGNDWQDLYDY,5,1,5.0,Rob_2875
GRSDLFGSYDQDNYEY,5,4,1.25,
GRPNFYGYYLQDTYEY,5,2,2.5,Rob_11865
GRGNYYGYYEQGAYEY,5,0,5.0,Rob_11490
GRINYYGYQDQNLYEY,5,4,1.25,Rob_6368
GFAYRYGSSVQMEYEW,5,1,5.0,
GRWRHYGNFDQIEYEY,5,3,1.6666666666666667,Rob_3142
GRNRQFGYERQWEYYY,5,2,2.5,Rob_5856
GRNYYLGRSDQWEYEY,5,4,1.25,Rob_5836
GRWDRHGAYDQYECDY,5,2,2.5,
GRWDTFGSGDQSNYHY,5,3,1.6666666666666667,Rob_12335
GRIPRRGYDEQENYYY,5,2,2.5,Rob_9535
GFEYEYGSSDQFKYYM,5,3,1.6666666666666667,
GRWNYRGGYDQFEKQY,5,3,1.6666666666666667,Rob_2682
GRWWRFGQTDQIEYKY,5,3,1.6666666666666667,Rob_2857
GRNEFWGYLDQGEYYY,5,3,1.6666666666666667,Rob_9737
GRWDYYGFYSQRLYEY,5,4,1.25,Rob_7402
GRWRYFGDIVQREYGY,5,2,2.5,Rob_12287
GNWNYYGKYEQGNYEY,5,2,2.5,Rob_11944
GSWRYFGNFDQNEYEY,5,4,1.25,
GRWNRHGAYDQYEYDY,5,4,1.25,
GRPYQYGYLDQQDYWY,5,2,2.5,Rob_11228
GRVNFYGYYEQLLYDY,5,3,1.6666666666666667,Rob_12245
GRWNFYGPYTQGLFDY,5,4,1.25,Rob_11149
GRWNYYGYYDQSLYDY,5,4,1.25,Rob_11992
GRWNYRGDSEQQEYEY,5,2,2.5,Rob_2868
GFATHYGSSVQMLYEY,5,4,1.25,
GRWDYYGPYRQDDYAY,5,4,1.25,Rob_7093
GFNYHMGSSVQMEYYM,5,3,1.6666666666666667,
GRWNFYGPYTQRLFDY,5,3,1.6666666666666667,Rob_11151
GFYLHYGSSLQWMYEM,5,0,5.0,
GRPNYWGLDEQLLYEY,5,1,5.0,Rob_10928
GRNDFYGYDEQPDYEY,5,2,2.5,Rob_7046
GRWYYLGPWDQYDYYY,5,3,1.6666666666666667,Rob_5894
GRWDKYGSSLQDEYDY,5,1,5.0,
GRWWRYGANDQNLYEY,5,1,5.0,Rob_3674
GRWLWYGPQIQNNREY,5,3,1.6666666666666667,Rob_9116
GRWQYFGETDQFLYKY,5,1,5.0,Rob_9799
GRTYRYGYSEQDEYEY,5,4,1.25,Rob_3047
GFEYIYGSSMQCMYEM,5,4,1.25,
GRWDYHGYIEQSTYKY,5,3,1.6666666666666667,Rob_6585
GRVLKFGFGQQIEYSY,5,2,2.5,Rob_1845
GFCYRYGSSDQMDYEM,5,2,2.5,
GRPNYYGYYDQQDYFY,5,2,2.5,Rob_6379
GRWERFGGYLQENYLY,5,2,2.5,Rob_4157
GFAMHYGSSDQWKYEM,5,2,2.5,
GRAEYYGYAFQDDFEY,5,3,1.6666666666666667,
GRWLYYGRRDQNDYDY,5,2,2.5,Rob_7054
GRNQYYGYASQNEYDY,5,1,5.0,Rob_4862
GRVWKFGLYDQYEYIY,5,0,5.0,Rob_468
GRWFWFGNSLQGDYYY,5,3,1.6666666666666667,Rob_4724
GFWFYNGSSMQCRYYR,5,2,2.5,
GRTWRFGYLDQDEYEY,5,0,5.0,Rob_3780
GRWWVYGQWNQELYNY,5,2,2.5,Rob_8430
GRSLRSGFSDQQEYEY,5,3,1.6666666666666667,Rob_733
GFCWHYGSSVQMEYYM,5,3,1.6666666666666667,
GRWFRFGSDYQELYEY,5,3,1.6666666666666667,Rob_8839
GREQHYGYFYQLEYWY,5,1,5.0,Rob_3923
GRWLFYGHYDQLTHEY,5,3,1.6666666666666667,Rob_11565
GHWDKYGSSFQDEYDY,5,0,5.0,
GRWNYYGEYDQNNYGY,5,3,1.6666666666666667,Rob_11601
GRWNYFGYYEQYDYAY,5,1,5.0,Rob_6921
GRWWRYGSWEQYNFSY,5,4,1.25,Rob_4634
GRAWSFGYLQQEEYEY,5,2,2.5,Rob_2551
GFRMHYGSSEQWEYEY,5,3,1.6666666666666667,
GRWDRHGAYDQYNYEY,5,0,5.0,
GRAWRYGFEEQDDLQY,5,4,1.25,Rob_1281
GRWDLFGSFYQDNYDY,5,2,2.5,
GRWDLFGKLDQDEYEY,5,2,2.5,
GNSWRFGKDLQGNYEY,5,1,5.0,Rob_8603
GRWNYYGPEYQSDYFY,5,4,1.25,Rob_11016
GFWFYAGSSMQCAYYA,5,1,5.0,
GRNEYFGYDEQEEYNY,5,1,5.0,Rob_10052
GRWNYYGEYFQGNYWY,5,0,5.0,Rob_7821
GRWDLFGKLDQAEYDY,5,4,1.25,
GRWWVYGRGLQDLYRY,5,4,1.25,Rob_8038
GRWDRHGAYDQYEHDY,5,3,1.6666666666666667,
GRWNYYGQYEQENEEY,5,4,1.25,Rob_12233
GRWDQYGSSFQDEYDY,5,2,2.5,
GHWDLFGSFDQDNYDY,5,4,1.25,
GRVWNYGFGEQWVYSY,5,2,2.5,
GRVWGFGFGHQIEYSY,5,1,5.0,Rob_1943
GRVFRYGLWEQFEYEY,5,4,1.25,Rob_693
GRVWRYGYIDQDLYDY,5,3,1.6666666666666667,Rob_8887
GRWNYFGDWEQYLYDY,5,4,1.25,Rob_7158
GRVNYRGLNSQDEHSY,5,3,1.6666666666666667,Rob_1695
GRGWRYGFGWQLEYLY,5,2,2.5,Rob_2013
GRSWRFGFNDQYEFYY,5,2,2.5,Rob_537
GRVWRYGYDDQEEYWY,5,2,2.5,Rob_3804
GFAYRMGSSVQMAYYM,5,1,5.0,
GRVFRYGYEFQGDYFY,4,1,4.0,Rob_9485
GRVLRFGFDYQIEYEY,4,2,2.0,Rob_2808
GLNLRYGGGDQDQYSY,4,1,4.0,Rob_2008
GRWLYFGNYEQYAYEY,4,1,4.0,Rob_11909
GRPLWHGFDSQVRYYY,4,1,4.0,Rob_4194
GRWDFFGSYEQDGYTY,4,3,1.3333333333333333,Rob_7184
GRWNKYGSSFQDEYDY,4,1,4.0,
VRWDLFGKFDQDNYEY,4,3,1.3333333333333333,
GRWWTYGGWDQLNHEY,4,1,4.0,Rob_1194
GRWNYYGQYEQYSYDY,4,3,1.3333333333333333,Rob_7595
GEWNYNGSSRQCEYYR,4,2,2.0,
GRWEYRGNDEQIDYYY,4,3,1.3333333333333333,Rob_11013
GRWGLFGSYDQDNYEY,4,3,1.3333333333333333,
GFCYHYGSSDQMEYYM,4,1,4.0,
GRWDYYGNYSQNDYTY,4,3,1.3333333333333333,Rob_7398
GRNEYRGYLYQSEYQY,4,3,1.3333333333333333,Rob_10666
GRWNRYGNWDQYDYEY,4,3,1.3333333333333333,Rob_11491
GRWFRYGSDLQVNYEY,4,1,4.0,Rob_5279
GEWMQFGSSRQCRYWR,4,2,2.0,
GFEMHYGSSVQMCYYW,4,3,1.3333333333333333,
GRWDLFGKLDQDNYEY,4,3,1.3333333333333333,
GRGNYRGRYEQEEYEY,4,3,1.3333333333333333,Rob_10585
GRVNFYGYYEQGNYEY,4,1,4.0,Rob_7246
GRWDRHRAYDQYEYDY,4,3,1.3333333333333333,
GRPLWFGYEEQDNFSY,4,2,2.0,Rob_4297
GRWYSYGDYEQWDYNY,4,3,1.3333333333333333,Rob_6668
GRSLRWGFDDQAEFEY,4,3,1.3333333333333333,Rob_580
GLGWRYGLRDQGELWY,4,3,1.3333333333333333,Rob_1116
GFRMHNGSSEQMMYEM,4,2,2.0,
GRWYYLGPGDQYDYYY,4,3,1.3333333333333333,Rob_5896
GRNNYYGYDWQEEWHY,4,1,4.0,Rob_10478
GRTFEYGYHYQVEYEY,4,0,4.0,Rob_3312
GNWDYFGDYEQYLERY,4,3,1.3333333333333333,Rob_6713
GFRAHYGSSDQMLYEY,4,1,4.0,
GFEQYYGSSLQMEYEM,4,1,4.0,
GFMYHLGSSLQWLYEM,4,3,1.3333333333333333,
GLNNFYGYYEQNEYEY,4,1,4.0,Rob_11112
GRVWNFGFSTQLEYYY,4,3,1.3333333333333333,Rob_2434
GRNFYYGYEFQWEWEY,4,3,1.3333333333333333,Rob_9940
GRVDFYGYYDQSSYEY,4,2,2.0,Rob_6621
GRWEYRGSDEQFDYLY,4,1,4.0,Rob_9769
GNWDRYGSYEQWLYPY,4,3,1.3333333333333333,Rob_11418
GFLYIYGSSVQWEYEM,4,2,2.0,
GRWLFRGDYYQIEEEY,4,2,2.0,Rob_2614
GLPFRYGYADQVEYGY,4,0,4.0,Rob_8119
GRVWKYGFGEQWEYSY,4,3,1.3333333333333333,
GRPNGRGYYDQENYEY,4,0,4.0,Rob_7706
GRSWRFGYYDQAQYYY,4,1,4.0,Rob_8134
GFPWRFGYSDQNEYQY,4,2,2.0,Rob_8945
GRWNYYGERDQYLYDY,4,3,1.3333333333333333,
GREWIYGYEEQIEYRY,4,3,1.3333333333333333,Rob_3867
GRRDLFGSYDQDNYDY,4,3,1.3333333333333333,
GFLLHYGSSVQWMYEM,4,1,4.0,
GRWNYYGRYEQFLYEY,4,3,1.3333333333333333,Rob_7285
GRWDLCGSFDQDNYEY,4,2,2.0,
GREWRYGLSYQIEYQY,4,1,4.0,Rob_2159
GRSWRWGFDDQLEYEY,4,2,2.0,Rob_579
GRWNFYGAVTQYDHLY,4,1,4.0,Rob_9059
GRWDYWGKEQQYDFNY,4,2,2.0,Rob_7774
GRWWRRGPDYQELYDY,4,1,4.0,Rob_4558
GRWDYYGEYVQYDYEY,4,3,1.3333333333333333,Rob_7794
GRWDRHGAYDQYQYDY,4,0,4.0,
GRSWSYGLYDQLEYEY,4,2,2.0,Rob_427
GRWDLFGSYDQGNYDY,4,1,4.0,
GRWWRFGASDQQEYYY,4,2,2.0,Rob_3012
GRNNYYGYGDQDDFTY,4,0,4.0,Rob_12085
GRWLYYGPDDQHNHEY,4,0,4.0,Rob_10530
GEWCRFGSSRQCRYWR,4,0,4.0,
GFEYRYGSSVQMEYEW,4,3,1.3333333333333333,
GRTDYYGYYEQYLYEY,4,1,4.0,Rob_6660
GRWWRFGAGGQADYLY,4,2,2.0,Rob_1839
GRWWQYGGSFQGRHYY,4,1,4.0,Rob_4498
GRSYRYGFEEQANYSY,4,0,4.0,Rob_2916
GRPLWHGYDYQYDYLY,4,1,4.0,Rob_4264
GRWNYYGEYDQNNYHY,4,2,2.0,Rob_11600
GRINYYGYYDQYLYEY,4,3,1.3333333333333333,Rob_6751
GRTHRFGYDDQSLYEY,4,1,4.0,Rob_3585
GFCMHYGSSVQCKYEM,4,3,1.3333333333333333,
GFCLHKGSSVQMMYYM,4,3,1.3333333333333333,
GRWLSKGDNEQYDYWY,4,1,4.0,Rob_9160
GLGWRYGFGNQEDYFY,4,0,4.0,Rob_2100
GRWQTYGGLWQAEHYY,4,1,4.0,Rob_967
GRWNHYGANDQDEYSY,4,2,2.0,
GEYWAFGSSRQCRYWW,4,3,1.3333333333333333,
GFPWRYGYNEQDEYNY,4,2,2.0,Rob_8358
GRPNFFGYYEQYLYEY,4,3,1.3333333333333333,Rob_11099
GRSNYYGKEDQDGYLY,4,3,1.3333333333333333,Rob_12314
GEWWKKGSSRQCLYYR,4,3,1.3333333333333333,
GLSWRFGLDEQLEKYY,4,2,2.0,Rob_1759
GRVNYFGYDWQLLYEY,4,2,2.0,Rob_7636
GRNWLYGHDYQSEYYY,4,1,4.0,Rob_5242
GRTWRYGYADQIEYEY,4,0,4.0,Rob_2571
GRNFRYGFEEQSEHQY,4,2,2.0,Rob_4750
GRADYYGYDEQYEYEY,4,2,2.0,Rob_7114
GRNLYYGFDIQYEYNY,4,1,4.0,Rob_5154
GRWWHYGSAWQFEYEY,4,2,2.0,Rob_2137
GVPRRYGYWDQDNYNY,4,3,1.3333333333333333,Rob_7529
GRSWRFGSGNQDEFTY,4,3,1.3333333333333333,Rob_1852
GRWWYFGPDTQYLYDY,4,2,2.0,Rob_10179
GRWDLCGSYDQDNYEY,4,3,1.3333333333333333,
GRWNFYGPQDQALYEY,4,1,4.0,Rob_11729
GRWNFYGSEEQETYSY,4,3,1.3333333333333333,Rob_6410
GRWDIYGSFNQRGEYY,4,3,1.3333333333333333,Rob_4944
GRARYFGQFEQWNYRY,4,2,2.0,Rob_5254
GRWLWFGPYEQDSYSY,4,0,4.0,Rob_9287
GNPNFWGHYEQYLYHY,4,0,4.0,Rob_11129
GRWFKYGSEDQWDYNY,4,1,4.0,Rob_8334
GRNNFYGYYEQPLFDY,4,1,4.0,Rob_6759
GRWNYYGYYEQNLYEY,4,2,2.0,Rob_6837
GRNLYYGYEDQTEYDY,4,2,2.0,Rob_10665
GFLRYYGSSVQDCYEM,4,0,4.0,
GRYFRYGLEYQGNERY,4,1,4.0,Rob_4980
GRVWRYGLWDQDEYDY,4,3,1.3333333333333333,Rob_888
GRVLKFGFDYQIEYEY,4,3,1.3333333333333333,Rob_2809
GFCMHYGSSVQMKYEM,4,2,2.0,
GRWWRKGPFDQSNYWY,4,1,4.0,Rob_4052
GRPEYFGYPNQSEYNY,4,3,1.3333333333333333,Rob_10250
GFYWCYGSSMQCLYFY,4,2,2.0,
GRWNYFGNYDQDDYTY,4,1,4.0,Rob_7480
GRSWKFGDDFQWEKIY,4,2,2.0,Rob_1315
GRSWRYGLEQQLEKYY,4,1,4.0,Rob_1787
GRGWVYGKGGQIEYVY,4,0,4.0,Rob_1823
GRWNHRGDYEQDLEEY,4,0,4.0,Rob_11562
GRWLYHGPYYQEKYEY,4,3,1.3333333333333333,
GRWWIYGRFSQDLYEY,4,0,4.0,Rob_3537
GFCYRYGSSDQMCYEW,4,3,1.3333333333333333,
GRWDNYGSSDQELYQY,4,3,1.3333333333333333,
GFCMHMGSSVQMMYEM,4,1,4.0,
ERWDKYGSSFQDEYDY,4,0,4.0,
GRGLWRGYYDQQDYYY,4,1,4.0,Rob_9468
GRSWQYGLSWQDELWY,4,2,2.0,Rob_1144
GRWFKYGPFDQDNYTY,4,2,2.0,Rob_5470
GRWNFFGRYEQDNYSY,4,2,2.0,Rob_11271
GRNFYYGEPWQWEYQY,4,3,1.3333333333333333,Rob_10607
GYPEYFGYSLQYLYEY,4,2,2.0,Rob_9935
GRWDRYGGEDQASYSY,4,2,2.0,
GRPWQYGYNHQDEYLY,4,1,4.0,Rob_8405
GRPLYYGYGEQRGYAY,4,1,4.0,Rob_4316
GFAYEYGSSEQMEYEM,4,0,4.0,
GRWNYFGYYEQNLYEY,4,2,2.0,Rob_6979
GRWNRYGYDDQEEYFY,4,3,1.3333333333333333,
GFACAYGSSVQMAYYM,4,2,2.0,
GRWLWRGSDYQDTFDY,4,3,1.3333333333333333,Rob_9323
GRWWRFGDYNQLRYYY,4,0,4.0,Rob_9390
GRWNYYGEELQDDYFY,4,2,2.0,Rob_10076
GRWNYYGEYYQYDYEY,4,2,2.0,Rob_12072
GRWDLFGKYGQDNYEY,4,3,1.3333333333333333,
GRVNYFGYSDQLEYEY,4,3,1.3333333333333333,Rob_2985
GRWDRFGQYHQNDYYY,4,2,2.0,Rob_11742
GRWDLFGKFDQDNYGY,4,3,1.3333333333333333,
GRWLQYGGYEQWNYGY,4,2,2.0,Rob_6200
GFLYIYGSSVQCAYYM,4,3,1.3333333333333333,
GRWDNYGSSFQDEYDY,4,3,1.3333333333333333,
GRWLYFGPDNQWTHSY,4,3,1.3333333333333333,Rob_4950
GRVWRFGLYSQIEYWY,4,2,2.0,Rob_754
GLWDKYGSSFQDEYDY,4,1,4.0,
GYEFCYGSSVQMEYEM,4,1,4.0,
GRWDLFGSYVQDNYEY,4,1,4.0,
GRWLYYGPTDQDNYEY,4,3,1.3333333333333333,Rob_5569
GRWDKYGSYDQDNYEY,4,2,2.0,
GRWLYFGPSEQEDYHY,4,1,4.0,Rob_5005
GRWNYYGSYEQWNYAY,4,2,2.0,Rob_7281
GRTWRYGYEYQLEYEY,4,1,4.0,Rob_2267
GRWDRHGAYDQDNYDY,4,0,4.0,
GFMYCYGSSVQWLYEM,4,3,1.3333333333333333,
GRWDLFGYLYQLEYEY,4,3,1.3333333333333333,
GRWWRYGQESQELYNY,4,1,4.0,Rob_8436
GRSWNYGLYYQLEYEY,4,1,4.0,Rob_220
GFCMHYGSSVQMLYEM,4,1,4.0,
GRSLWYGLKWQEEHEY,4,0,4.0,Rob_1007
GFEQYYGSSEQMEYEW,4,0,4.0,
GFEYRYGSSMQMEYEM,4,2,2.0,
GEWWYNGSSRQCLYYR,4,2,2.0,
GRWDKYGSSFQDEYGY,4,3,1.3333333333333333,
GRNLHYGHEEQFEYIY,4,2,2.0,Rob_5728
GRWRYWGYYEQGDYEY,4,3,1.3333333333333333,Rob_12291
GRPNYYGYDDQRLYEY,4,1,4.0,Rob_10978
GRVWSYGFGDQQEHFY,4,1,4.0,Rob_1591
GLSWKFGFFDQEELEY,4,2,2.0,Rob_1267
GFCMCYGSSDQMMYEY,4,2,2.0,
GLSWKFGHIYQQLYEY,4,3,1.3333333333333333,Rob_1082
GRWDLYGDYEQYLYKY,4,2,2.0,Rob_12258
GRWNYFGPEEQDSYDY,4,2,2.0,Rob_10707
GRIPYRGYDQQENYLY,4,3,1.3333333333333333,Rob_9539
GRWDYRGNIDQSLYNY,4,2,2.0,Rob_8133
GRVWRFGLSYQIEYDY,4,2,2.0,Rob_2154
GRWQYWGPSYQYDYLY,4,3,1.3333333333333333,Rob_10289
GRWDLFGSFDQHNYEY,4,3,1.3333333333333333,
GRWNYFGAHDQNNYDY,4,2,2.0,Rob_9696
GRPNFFGYYEQYNYEY,4,0,4.0,Rob_11190
GRTFSYGYDYQLEYEY,4,1,4.0,Rob_3236
GRWLWHGPITQESYYY,4,2,2.0,Rob_9513
GRWWYYGPIFQGNYSY,4,1,4.0,Rob_4416
GRWERHGAYDQYEYDY,4,0,4.0,
GAWWYFGSSAQCAYWA,4,3,1.3333333333333333,
GRNEYFGYAYQYDYDY,4,2,2.0,Rob_10410
GRGLWRGYEFQIDYYY,4,0,4.0,Rob_9462
GRWNYYGSYEQNLYEY,4,3,1.3333333333333333,Rob_6976
GFYMFYGSSFQCMYYQ,4,2,2.0,
GNWDYFGSEYQESYNY,4,2,2.0,
GRPDRYGYSNQELYRY,4,3,1.3333333333333333,Rob_8718
GFATHYGSSDQMLYEY,4,3,1.3333333333333333,
GEYWDFGSSRQCRYWW,4,2,2.0,
GRPEYFGYEDQPEYQY,4,2,2.0,Rob_10534
GRWNYFGYYEQYLYRY,4,3,1.3333333333333333,Rob_7968
GRWFKAGAHDQELYQY,4,1,4.0,Rob_8635
GRWWRYGPDFQGRYIY,4,0,4.0,Rob_4254
GKANYYGFSNQELYRY,4,2,2.0,Rob_2413
GKWFNYGQIYQNNYYY,4,3,1.3333333333333333,Rob_8850
GRWLHHGPEEQGNYDY,4,3,1.3333333333333333,Rob_5437
GRWWKYGALLQDEYNY,4,0,4.0,Rob_3729
GRWNYYGRLNQDSYRY,4,0,4.0,Rob_10893
GRWNYYGQYEQREYTY,4,3,1.3333333333333333,Rob_11965
GRELRFGFSLQEEFSY,4,1,4.0,Rob_2303
GRPNYYGYEDQDDYGY,4,2,2.0,Rob_6658
GRWDLFGSFDEDNYEY,4,0,4.0,
GRSWRYGGDNQEELEY,4,3,1.3333333333333333,Rob_1541
GRTWRFGFEYQLEYEY,4,3,1.3333333333333333,Rob_2263
GRWDNYGSSDQELYSY,4,0,4.0,
GRVWRFGYGHQDEFSY,4,0,4.0,Rob_1895
GRVWKFGFDFQEEHEY,4,3,1.3333333333333333,Rob_1500
GRWRYFGNFDQNEHEY,4,2,2.0,
GRWPWLGGFEQYRYSY,4,2,2.0,Rob_9031
GRWNRYGFEDQDNFDF,4,0,4.0,
GRNDFYGYYSQDDYEY,4,1,4.0,Rob_7049
GRWDLFGSFDQDGYYY,4,2,2.0,
GRPNYFGYSWQYNYEY,4,0,4.0,Rob_7475
GRWNYYGYYDQNLYEY,4,2,2.0,Rob_6838
GAWWAFGSSAQCAYWW,4,3,1.3333333333333333,
GRSWKYGFDGQADYEY,4,1,4.0,Rob_3997
GRVWKFGLRYQEEYEY,4,3,1.3333333333333333,Rob_470
GRWLYFGPDNQWEHSY,4,1,4.0,Rob_4949
GRWDLFGSYDQDEYEY,4,1,4.0,
GRVWRFGKGGQYEFWY,4,2,2.0,Rob_284
GRWDRWGYYYQYNYEY,4,3,1.3333333333333333,Rob_11737
GFYWYNGSSRQCEYRR,4,3,1.3333333333333333,
GRPELFGYPEQDNYFY,4,1,4.0,Rob_9746
GRWLRFGNEQQNNYDY,4,2,2.0,Rob_5605
GRWWRFGNSDQIEYNY,4,3,1.3333333333333333,Rob_3002
GRWNYYGYYEQALYEY,4,2,2.0,Rob_12354
GREYRYGYDDQEEYSY,4,0,4.0,Rob_3070
GRVYRYGYNYQEEYNY,4,2,2.0,Rob_8522
GRWWLYGPDFQGRYIY,4,1,4.0,Rob_4255
GFMYCYGSSDQWLYEM,4,2,2.0,
GRTFRYGFSIQDEYDY,4,1,4.0,Rob_3273
GRSWIYGGTYQDENEY,4,3,1.3333333333333333,Rob_1223
GFAYRYGSSVQMIYEM,4,1,4.0,
GRAWHLGSHYQVEFGY,4,2,2.0,Rob_2644
GRWWRYGEYDQEEYSY,4,2,2.0,Rob_3332
GKVWRFGYFDQLEFFY,4,3,1.3333333333333333,Rob_8253
GKPWVHGYEDQSLYDY,4,3,1.3333333333333333,Rob_8442
GRWWLYGNYDQLEHYY,4,2,2.0,Rob_1616
GRWLYFGPDNQWEHYY,4,3,1.3333333333333333,Rob_4948
GNWFRYGYYEQYLYEY,4,3,1.3333333333333333,Rob_6529
GRWDLSGSYDQDNYEY,4,1,4.0,
GRPNFYGYYEQRNYEY,4,3,1.3333333333333333,Rob_11413
GRSDRFGYYEQYQYEY,4,0,4.0,Rob_11902
GRWWYFGPDYQSRYNY,4,2,2.0,Rob_4218
GRWDLFGKDDQAAYSY,4,3,1.3333333333333333,
GRWDLFGKYDQDNYSY,4,3,1.3333333333333333,
GFAMHYGSSVQMAYAW,4,0,4.0,
GRWLLFGPLDQYTYHY,3,1,3.0,Rob_9453
GRWNYYGFYEQDLYRY,3,0,3.0,Rob_7510
GFCYRYGSSLQMIYEM,3,2,1.5,
GRNLYYGYEYQDDYQY,3,2,1.5,Rob_9664
GRWNFYGNYEQSLYRY,3,1,3.0,Rob_6940
GLSYRYGFYQQLEYSY,3,2,1.5,Rob_801
GRVFRWGLTDQLEYEY,3,0,3.0,Rob_759
GRVWRFGLYEQEEYSY,3,2,1.5,Rob_278
GRVWRFGYGDQLEYEY,3,0,3.0,Rob_1912
GFAAHYGSSDQMMYEY,3,0,3.0,
GRWLRFGYYDQENYEY,3,2,1.5,Rob_11385
GSWRYLGQEDQNLYKY,3,1,3.0,Rob_2326
GRNEYFGYEWQGEYSY,3,1,3.0,Rob_9969
GRPRSLGYYEQSLYDY,3,2,1.5,Rob_4068
GRAWKYGLLDQLESLY,3,0,3.0,Rob_1800
GRWEHRGENGQFDYLY,3,2,1.5,Rob_10138
GRWFYYGPDVQSSYYY,3,2,1.5,Rob_4334
GRWDFYGAHEQESYEY,3,2,1.5,
GEWWYFGSSRQCRYWR,3,1,3.0,
GRNWKFGFSYQLEYLY,3,1,3.0,Rob_2431
GAWLLFGSSAQCAYWA,3,2,1.5,
GRIWRQGEFAQIEYEY,3,2,1.5,Rob_799
GRWDRHEAYDQYEYDY,3,0,3.0,
GRAWRFGFYEQVEYEY,3,2,1.5,Rob_406
GRVWRYGLDEQIEYEY,3,0,3.0,Rob_411
GRNRQFGYESQWEYYY,3,1,3.0,Rob_5855
GRWLYFGNYEQYSYEY,3,1,3.0,Rob_11908
GMEYHYGSSDQMEYYW,3,1,3.0,
GSPWVYGYDEQEEYRY,3,1,3.0,Rob_8224
GRNLYYGFGEQDEYEY,3,2,1.5,Rob_4871
GRANYWGHDEQDEYFY,3,1,3.0,Rob_2286
GRVLRYGFEDQDEYYY,3,1,3.0,Rob_2224
GEYLYMGSSRQCRYRR,3,1,3.0,
GRVWIYGKNYQEEYEY,3,2,1.5,Rob_2560
GRWWRHGGAYQYENYY,3,1,3.0,Rob_1160
GRWDKYGSSFQDAYDY,3,0,3.0,
GKGLWYGDIDQKENHY,3,0,3.0,Rob_1080
GRWNFYGPYHQNNYEY,3,1,3.0,Rob_11722
GRWNYYGEEWQYNYKY,3,0,3.0,Rob_9838
GRWNYYGNWDQFLYKY,3,0,3.0,Rob_10272
GRVWRYGLYYQSEYEY,3,1,3.0,Rob_618
GRWDYYGFYSQNLYEY,3,2,1.5,Rob_7401
GRAWTFGFSLQEEYSY,3,1,3.0,Rob_530
GRNLYYGFNYQDDFYY,3,2,1.5,Rob_6068
GRNLYFGLGNQSEGEY,3,2,1.5,Rob_6086
GRVWRYGLYQQLEYEY,3,2,1.5,Rob_813
GRWLWFGDQDQGLHTY,3,2,1.5,Rob_1454
GRGFSYGYYDQFEYEY,3,1,3.0,Rob_3671
GRVWRYGYGGQFEYYY,3,2,1.5,Rob_1898
GRWDLFGKLDQASYDY,3,2,1.5,
GRNDYFGYYEQSDHEY,3,1,3.0,Rob_6301
GRWNFYGPQAQNLYEY,3,2,1.5,Rob_11727
GRWYYFGPGFQNDYKY,3,2,1.5,
GRSDRHGAYDQYEYDY,3,1,3.0,
GRWDNYGSSDQDLYNY,3,1,3.0,
GRWDLFGKLDQDVYSY,3,0,3.0,
GGWDYYGYYEQWLYHY,3,2,1.5,Rob_6263
GRWWRYGERDQELYRY,3,2,1.5,Rob_8187
GRWYRYGANQQYAYRY,3,0,3.0,Rob_5989
GRPWWYGYSDQDNYSY,3,1,3.0,Rob_4063
GRWWSYGNDYQDEEEY,3,2,1.5,Rob_1817
GRVWRWGGYYQIEYEY,3,2,1.5,Rob_844
GFAAHYGSSDQMLYEY,3,2,1.5,
GRWLFYGPYDQYNYSY,3,2,1.5,Rob_4746
GRNNYRGYWWQDDYLY,3,1,3.0,Rob_10643
GFYWRYGSSMQCMYFY,3,1,3.0,
GRWLYYGGLCQLEHEY,3,2,1.5,
GRWNYRGQTLQDEKEY,3,1,3.0,Rob_2786
GRWDLFGKFDQYNYDY,3,2,1.5,
GRTWRFGYSDQAEYNY,3,2,1.5,Rob_2340
GRWNYYGEYDQYDYYY,3,1,3.0,Rob_11743
GRWWKYGESLQIEKFY,3,2,1.5,Rob_2631
GRWKYFGAAYQDNYDY,3,2,1.5,Rob_4669
GRWNYYGSDEQGLFHY,3,1,3.0,Rob_9851
GRVLRLGYDYQIDYSY,3,1,3.0,Rob_4290
GRSWQYGFSDQYEYEY,3,2,1.5,Rob_2271
GRWTWYGPDQQELYGY,3,1,3.0,Rob_9145
GFELHWGSSVQMMYYM,3,1,3.0,
GRWLYYGGDYQESYDY,3,1,3.0,
GRWWRYGANDQGLYEY,3,1,3.0,Rob_3677
GRWNRYGSYYQWNYDY,3,1,3.0,Rob_10603
GRPWWYGYHLQDNYWY,3,1,3.0,Rob_4060
GFCQYYGSSMQMEYEM,3,1,3.0,
GRPYQYGFYSQENYYY,3,1,3.0,Rob_5595
GRPDYFGQYEQYNYSY,3,2,1.5,Rob_7320
GFEWHKGSSVQDLYYM,3,2,1.5,
GRPNYYGYYEQGEYEY,3,0,3.0,Rob_7874
GFEYRYGSSVQMCYEM,3,2,1.5,
GRVLYKGGDYQLEYDY,3,1,3.0,Rob_4453
GRWNYRGQYEQILHPY,3,1,3.0,Rob_11530
GRWWRYGESTQEDYKY,3,0,3.0,Rob_8989
GRIQYKGNDDQDEWDY,3,0,3.0,Rob_976
GRWDLFGSFDHDGYDY,3,1,3.0,
GRTFSYGYWDQGEYQY,3,1,3.0,Rob_3030
GRVWRYGLREQDEYEY,3,1,3.0,Rob_415
GRNDFYGYKDQDDYPY,3,0,3.0,Rob_7053
GLNWRFGNENQDELSY,3,2,1.5,Rob_1119
GRWYRYGPTNQSLYRY,3,0,3.0,Rob_5739
GRWNYYGPYEQNDYEY,3,0,3.0,Rob_6821
GKQWKYGYSDQFLYDY,3,2,1.5,Rob_8029
GFLQIYGSSVQCEYYM,3,0,3.0,
GRNQRYGYEDQTEYYY,3,0,3.0,Rob_10769
GRVWRFGFGGQIEYFY,3,1,3.0,Rob_1958
GNWNYYGYYDQLQYYY,3,0,3.0,Rob_6769
GRWDLFGKFDQNNYEY,3,1,3.0,
GNWFKYGNDLQFDYYY,3,2,1.5,Rob_4728
GFFWRWGSSYQCMYFQ,3,1,3.0,
GFCTHYGSSVQMKYEY,3,0,3.0,
GRGWKFGSGYQAEYQY,3,1,3.0,Rob_1859
GRWDLHGAYDQYEYDY,3,0,3.0,
GRWDYFGFYEQSLFNY,3,1,3.0,Rob_7022
GRWNYYGQWWQEEYDY,3,1,3.0,
GRNNFYGYYEQELYDY,3,2,1.5,Rob_6816
GRWDFYGYYEQHLYDY,3,2,1.5,Rob_7609
GRVWRYGLSYQEEYEY,3,1,3.0,Rob_807
GRSWQYGLLWQDELRY,3,2,1.5,Rob_1138
GRVYEYGAIWQLDYLY,3,2,1.5,Rob_2603
GRWQYWGDSDQYDYLY,3,2,1.5,Rob_10287
GRWLRYGNYEQTNFEY,3,0,3.0,Rob_6707
GRWLYRGALDQYLYEY,3,2,1.5,Rob_10559
GRWNYRGPTDQEAYRY,3,1,3.0,Rob_10690
GYPYRMGSSDQFMYEM,3,2,1.5,
GRSLRYGFEQQIEFEY,3,2,1.5,Rob_2709
GRVWRFGLLEQEEYEY,3,2,1.5,Rob_2496
GLSWKYGYSNQGDYNY,3,2,1.5,Rob_8732
GRWDKYGSSVQDEYDY,3,2,1.5,
GRSWHLGSHYQVEFGY,3,2,1.5,Rob_2645
GRWLRYGAGYQEEYDY,3,2,1.5,Rob_1994
GRWDRYGSSFQDEYDY,3,2,1.5,
GRWWHYGSAWQTEYEY,3,0,3.0,Rob_2136
GRTWHYGYNRQDDYEY,3,2,1.5,Rob_3093
GRWQKFGQSEQEEYEY,3,2,1.5,Rob_2251
VPVNFYGYYEQYDYEY,3,2,1.5,
GRWWRLGAGDQEEYSY,3,1,3.0,Rob_2366
GRWDLFGKLDQDSYEY,3,1,3.0,
GRWDYFGSIDQNLYNY,3,2,1.5,Rob_8138
GRWDRHGAYDQYVYDY,3,1,3.0,
GRWYKYGPDYQENYEY,3,0,3.0,Rob_6148
GRWDLFGSFEQDNYEY,3,1,3.0,
GRWDRFGSYDQDNYDY,3,1,3.0,
GRAWNYGFGDQNLTRY,3,1,3.0,Rob_1298
GFMLHLGSSLQWLYEM,3,2,1.5,
GRWWWYGPTWQGLYSY,3,0,3.0,Rob_4420
GRWYLFGSFDQDGYDY,3,0,3.0,
GRNSQYGEPFQDNFEY,3,0,3.0,Rob_10523
GRSRSYGLGGQHEFLY,3,0,3.0,Rob_1947
GRWWRFGNDYQIEKSY,3,0,3.0,Rob_2662
GRPNRYGYNDQDLYNY,3,2,1.5,Rob_6967
GFCTHYGSSDQMKYEY,3,0,3.0,
GRTFRYGFFEQIEYEY,3,2,1.5,Rob_2569
GRSWRHGFVQQDEYDY,3,1,3.0,Rob_684
GRWWRYGAIDQGLYEY,3,1,3.0,Rob_8507
GRWNYRGDSEQGEYEY,3,1,3.0,Rob_2855
GRWQYYGGSDQENYNY,3,0,3.0,Rob_4904
GRVWRHGLWEQSEYYY,3,0,3.0,Rob_219
GRVFRYGKLFQLEYLY,3,2,1.5,Rob_2950
GFRMHNGSSEQMLYEY,3,1,3.0,
GRWDLFGKLDRDAYDY,3,2,1.5,
GIPNFWGYYEQNLYRY,3,0,3.0,Rob_11846
GRNDFYGYYNQNEFDY,3,2,1.5,Rob_11885
GRVWRRGYTAQLEYEY,3,2,1.5,Rob_3754
GFATHYGSSVQMLYAY,3,0,3.0,
GRVWRYGLDSQDEYDY,3,1,3.0,Rob_649
GNPNFWGYYEQYLYEY,3,1,3.0,Rob_11300
GRWDLFGSYDQDNYQY,3,2,1.5,
GRDNFFGYYEQNDYEY,3,0,3.0,Rob_6988
GRWDLYGKDYQDNYAY,3,2,1.5,Rob_7689
GRIWEYGYEDQSNYYY,3,0,3.0,Rob_4393
GRPLKYGNLDQILYDY,3,0,3.0,Rob_6096
GRWWRFGSGWQEEFLY,3,2,1.5,Rob_1901
GRNLYKGFDDQSEYWY,3,1,3.0,Rob_4824
GRVWSYGLGQQLEYDY,3,2,1.5,Rob_1631
GRPLWHGYDYQSDYLY,3,1,3.0,Rob_4263
GRWNYFGPGDQENYNY,3,2,1.5,Rob_10506
GRALRYGFGDQDLSKY,3,2,1.5,Rob_2093
GRVWRFGYDDQIEYEY,3,0,3.0,Rob_3460
GRNLYYGYDVQKEYRY,3,2,1.5,Rob_5408
GRNNFWGYYEQSEYEY,3,2,1.5,Rob_7767
GRWDRHGAFDQYEYDY,3,1,3.0,
GRSWRFGSGNQDEFDY,3,2,1.5,Rob_1856
GLEFRYGYKNQEEYHY,3,1,3.0,Rob_3688
GRWNYYGPYEQYLFDY,3,1,3.0,Rob_11315
GSWDRHGAYDQYEYDY,3,0,3.0,
GRPRFHGYYDQSGYSY,3,0,3.0,Rob_9214
GRNNYYGYENQPEKQY,3,0,3.0,Rob_10102
GRWLYYGNYEQNNYKY,3,2,1.5,Rob_7675
GRWFWYGPELQEDYLY,3,1,3.0,Rob_4718
GRWQYHGDEDQWDYLY,3,2,1.5,Rob_10284
GEWWTMGSSRQCFYYR,3,0,3.0,
GRVWRYGSEYQLEHEY,3,2,1.5,Rob_1410
GRTNKYGYEDQVLYEY,3,0,3.0,Rob_3343
GRTWRFGYSDQAEYEY,3,2,1.5,Rob_3189
GRWNYFGYYEQFLYDY,3,1,3.0,Rob_7423
GRWWYYGPLDQSSYYY,3,0,3.0,Rob_4331
GRWNYFGSSNQYLYDY,3,0,3.0,Rob_9605
GRWLRYGENWQGRYYY,3,0,3.0,Rob_9187
GRVWKYGLYDQGEFQY,3,2,1.5,Rob_201
GRWFRYGSGYQVEYQY,3,0,3.0,Rob_2082
GVPLYYGTYEQFNYEY,3,0,3.0,Rob_7337
GLPNFFGYASQYDYFY,3,2,1.5,Rob_12158
GRPLWLGYSDQQLYPY,3,1,3.0,
GRSDRFGYYEQIDYTY,3,2,1.5,Rob_6479
GFYWYNGSSFQCRYYR,3,2,1.5,
GRWLWHGPGDQTFYDY,3,2,1.5,Rob_4169
GRWNTYGNYEQNDFDY,3,0,3.0,Rob_11205
GRSYRFGYYEQSEHEY,3,1,3.0,Rob_3563
GRNNLFGFYEQNLFEY,3,0,3.0,Rob_7830
GRWHRYGPQDQWDYHY,3,1,3.0,Rob_5342
GRVWRYGLDLQLEYKY,3,1,3.0,
GRIPRRGYDEQGNYYY,3,1,3.0,Rob_9080
GRWNFFGDYEQHDYYY,3,1,3.0,Rob_6916
GRWNFYGGSQQNDYDY,3,0,3.0,Rob_7924
GRWRNKGQLQQYDYWY,3,1,3.0,Rob_6876
GRWHYWGPALQYNYRY,3,2,1.5,Rob_5821
GRWDYYGPLDQDDYSY,3,2,1.5,Rob_7123
GRPNFFGYYEQRTYEY,3,0,3.0,Rob_11406
GRWLYYGPDYQQRYTY,3,0,3.0,Rob_4362
GRWDYYGNLEQWEYTY,3,2,1.5,Rob_7224
GRWNYYGFYDQNQYDY,3,2,1.5,Rob_7783
GFEQHWGSSDQMMYYM,3,1,3.0,
GRWNYYGFYEQNLYPY,3,2,1.5,Rob_12163
GRWNRYGSYEQNTYEY,3,1,3.0,Rob_6825
GRSLWKGLEDQDEWYY,3,1,3.0,Rob_981
GRVFNYGLYDQLEFEY,3,2,1.5,Rob_236
GFAMHMGSSVQMMYEM,3,1,3.0,
GRWLYFGPSLQENYRY,3,1,3.0,Rob_9189
GRWERFGGALQETYSY,3,0,3.0,
GRNNYYGFHLQGEYWY,3,0,3.0,Rob_5180
GRNFRKGFEEQSEHDY,3,1,3.0,Rob_4758
GRWFNFGPSDQDAYGY,3,0,3.0,Rob_4807
GFALHLGSSVQMMYYM,3,2,1.5,
GRWDLFGSYDQDNYED,3,2,1.5,
GRWNYYGPNSQFTYKY,3,1,3.0,Rob_10028
GRPYNYGYDNQSGYYY,3,1,3.0,Rob_5917
GRGWSYGLYYQIEYEY,3,2,1.5,Rob_217
GRNYYFGYDDQVEYHY,3,2,1.5,Rob_10532
GRWPWFGSDDQSRFNY,3,2,1.5,Rob_9155
GRVWRFGYWDQNEYEY,3,2,1.5,Rob_3889
GRTWYHGYYEQDTYSY,3,1,3.0,
GRWDYYGKYEQYLYEY,3,2,1.5,Rob_11372
GRWLRFGASDQDLYQY,3,1,3.0,Rob_8278
GRQLWRGYFEQIDYLY,3,2,1.5,Rob_9542
GPVNFYGYYEQYDYKY,3,2,1.5,
GRVWNKGADYQIELEY,3,2,1.5,Rob_1120
GLGFRYGYWYQEAHIY,3,2,1.5,Rob_8320
GRWNYYGPREQLLYEY,3,1,3.0,Rob_5508
GRNLYYGSRYQWESEY,3,1,3.0,Rob_5428
GRPNYFGYELQNLYSY,3,1,3.0,Rob_6337
GRTWHFGYIDQDEYWY,3,0,3.0,Rob_3479
GRVWRYGLLEQEEYEY,3,1,3.0,Rob_2232
GFLMYYGSSVQDCYEM,3,0,3.0,
GRWNYFGEYEQYLFPY,3,1,3.0,Rob_12196
GRWNFFGSYDQDLYRY,3,1,3.0,Rob_7259
GFYWKYGSSFQCMYFY,3,1,3.0,
GRVWRFGLDDQELYEY,3,2,1.5,Rob_2501
GRWQYRGQDLQYLEEY,3,1,3.0,Rob_10932
GLPFRYGYSDQAEYVY,3,2,1.5,Rob_8116
GRDNFYGYYEQNDYEY,3,1,3.0,Rob_6989
GRWNYYGSFDQYNYGY,3,2,1.5,Rob_7249
GRVKTYGAGWQDEYFY,3,1,3.0,Rob_2540
GRWNWRGPLTQDTYHY,3,0,3.0,Rob_9088
GRAEYYGYACQYDFEY,3,1,3.0,
GRWWRYGPELQDNYYY,3,2,1.5,Rob_4026
GLPWKFGYWDQVAYNY,3,0,3.0,Rob_8091
GFAQHYGSSDQMMYEY,3,2,1.5,
GFCLHKGSSDQMMYYM,3,1,3.0,
GEYMYFGSSRQCRYYR,3,0,3.0,
GRWLYRGELDQSLYDY,3,2,1.5,Rob_10317
GRINFYGYYDQFLYEY,3,2,1.5,Rob_6749
GRSWRYGYEDQAEYEY,3,0,3.0,Rob_3202
GRSPYYGYSDQNNYWY,3,0,3.0,Rob_6944
GRNEYRGYGDQQEYPY,3,1,3.0,Rob_10735
GRWLRYGGTDQSNYLY,3,1,3.0,Rob_4933
GFCMYMGSSVQMCYYM,3,1,3.0,
GNWNYFGYYEQGLYRY,3,1,3.0,Rob_6536
GRCDLFGKFDQDNYEY,3,2,1.5,
GRWWIYGNSWQAEYSY,3,2,1.5,Rob_3447
GRSWKYGFDKQADYEY,3,0,3.0,Rob_3991
GHWNYFGNYEQRLFEY,3,0,3.0,
GEWYMFGSSFQCRYYR,3,1,3.0,
GRSLWKGLEDQDEWDY,3,2,1.5,Rob_979
GRWDLFEKFDQDNYEY,3,1,3.0,
GRWLRYGDYDQELYDY,3,1,3.0,Rob_6572
GFTMHMGSSVQMEYEM,3,0,3.0,
GRWWLFGPAVQQNYPY,3,2,1.5,Rob_4015
GRSWRYGLYNQLELQY,3,1,3.0,Rob_1498
GRSNNYGGLGQFDYIY,3,0,3.0,Rob_3610
GEWMKFGSSRQCRYWR,3,2,1.5,
GFLLHLGSSVQWMYEM,3,2,1.5,
GEPNFYGYYEQDQYFY,3,1,3.0,Rob_11131
GRPNYWGYLEQILYKY,3,0,3.0,Rob_12125
GRNYYLGYGDQNGYYY,3,0,3.0,Rob_5393
GFEWHWGSSVQMEYEM,3,2,1.5,
GPVWRFGFEDQLEQYY,3,2,1.5,Rob_1594
GRWWNFGQSIQDEKLY,3,1,3.0,Rob_2653
GRWDLFGSFDQETYSY,3,0,3.0,
GRWLWRGPEDQELYRY,3,1,3.0,Rob_9364
GRNNYRGYIYQEEYSY,3,2,1.5,Rob_10095
GRTWRHGFSDQIEYQY,3,1,3.0,Rob_3327
GFMLHRGSSLQWMYEM,3,2,1.5,
GRVWRYGFEFQEEHEY,3,2,1.5,Rob_1404
GRVYRYGFYAQEELEY,3,1,3.0,
GFCYHLGSSDQMMYYM,3,1,3.0,
GRSNQYGGLGQFDYIY,3,0,3.0,Rob_3611
GRTWSFGFNGQLEHEY,3,1,3.0,Rob_1512
GRPEYYGYYDQTSYEY,3,1,3.0,Rob_9622
GRWWRYGAAEQDEYYY,3,2,1.5,Rob_2296
GRPLWRGKDEQILYHY,3,2,1.5,Rob_9152
GLSLYHGFDEQSEYLY,3,1,3.0,Rob_2609
GRWNLFGKYDQDNYEY,3,0,3.0,
GRWLYFGPSEQSDYQY,3,0,3.0,Rob_5011
GRWLYRGEKDQSLYDY,3,2,1.5,Rob_10315
GRWNNFGNWEQYLYHY,3,0,3.0,Rob_7167
GFMLHLGSSVQWMYEM,3,1,3.0,
GRWRYYGGYEQLNYKY,3,2,1.5,Rob_6037
GRPWVRGYNNQETYNY,3,0,3.0,Rob_9303
GEYWGFGSSRQCRYWW,3,2,1.5,
GRTWKYGYHFQEEYEY,3,2,1.5,Rob_3861
GRPFRYGYSDQVNYGY,3,1,3.0,Rob_8123
GRWLYYGEEDQELYRY,3,0,3.0,Rob_10976
GRVNYFGSAFQVEHEY,3,1,3.0,Rob_1514
GRVWSFGLAQQIEYEY,3,2,1.5,Rob_466
GKWNYFGNQWQDLYDY,3,0,3.0,Rob_2874
GRWNYYGEYEQHLYSY,3,2,1.5,Rob_6610
GFAYEYGSSMQCMYEM,3,0,3.0,
GRWNYFGAWDQNNYDY,3,2,1.5,Rob_9695
GKWFRYGPDGQHGTYY,3,0,3.0,Rob_8113
GRWNYYGQYEQIAYEY,3,1,3.0,Rob_7369
GRNEYYGYYNQEDYYY,3,0,3.0,Rob_10334
GRSWRYGYHHQLEYEY,3,0,3.0,Rob_3212
GKPWVFGKEDQDLYSY,3,1,3.0,Rob_8445
GRTWGYGYGIQLEYEY,3,1,3.0,Rob_2991
GEYWIFGSSRQCRYWR,3,1,3.0,
GRWWRYGSIFQLEYEY,3,1,3.0,Rob_3474
GKWQKYGKPDQNEYYY,3,0,3.0,Rob_8546
GRWDYFGFYEQSLFKY,3,0,3.0,Rob_7023
GNWEYYGYYDQNNYQY,3,0,3.0,
GRGWVYGKGYQIEYVY,3,0,3.0,Rob_1824
GRWYRFGDYNQLRYIY,3,2,1.5,Rob_9388
GRWNFFGSYEQDGYRY,3,1,3.0,Rob_7182
GRWYNFGAYDQLEYNY,3,2,1.5,Rob_5263
GRNRRFGYGDQDSYDY,3,1,3.0,Rob_6032
GRPFKYGLIQQDSSGY,3,0,3.0,Rob_5105
GKVYQFGYNDQYLYNY,3,2,1.5,Rob_8935
GRWLRFGPEQQNDYGY,3,1,3.0,Rob_5607
GRWDYYGANDQDEYEY,3,2,1.5,
GKTWIHGYDYQLEHLY,3,1,3.0,Rob_1283
GRGLYYGNYHQEDHEY,3,1,3.0,Rob_1101
GRSWSYGLDEQIDKFY,3,2,1.5,Rob_1810
GRNDYFGYYEQYDHEY,3,2,1.5,Rob_6298
GRWDYYGPYEQDTYTY,3,1,3.0,Rob_6485
GRWDKYGSFDQDNYEY,3,1,3.0,
GFMYRMGSSRQMMYEM,3,1,3.0,
GRSWTFGLRDQDEHYY,3,2,1.5,Rob_1735
GSVNFYGYYEQYDYNY,3,2,1.5,
GRPYLYGLEEQKNFDY,3,1,3.0,Rob_5251
GRNEYRGYLYQNEYQY,3,1,3.0,Rob_10667
GLAYRYGHTIQDNYQY,3,1,3.0,Rob_5749
GFEWHLGSSVQMEYEW,3,1,3.0,
GRFWSYGGWQQDDFEY,3,0,3.0,Rob_386
GRWDFFGYYEQFNYQY,3,1,3.0,Rob_11350
GKWYRFGQTDQDLYRY,3,2,1.5,Rob_8650
GRWNYRGDSEQNEFEY,3,2,1.5,Rob_2867
GRSWLFGLRHQYELQY,3,2,1.5,Rob_1423
GRVWAYGSGDQVEYEY,3,0,3.0,Rob_2919
GRWWSFGNDDQAEEEY,3,2,1.5,Rob_1672
GRWWRYGGYFQIELYY,3,2,1.5,Rob_1302
GRWWRFGPNDQYLYQY,3,0,3.0,Rob_4222
GRNRYYGYEYQFEYEY,3,1,3.0,Rob_10357
GRNLYYGYKEQDEYYY,3,2,1.5,Rob_5541
GRPLRYGYEDQDTHAY,3,0,3.0,Rob_4572
GRWDRHGAYEQVLFDY,3,2,1.5,
GRVWNYGFGEPWEYSY,3,0,3.0,
GRAWRYGYNWQIEYEY,3,2,1.5,Rob_2204
GRVWRFGLGDQIEYEY,3,2,1.5,Rob_558
GRWDLFGEDYQSNYPY,3,0,3.0,Rob_12329
GQWNYNGNYEQALYSY,3,0,3.0,Rob_12353
GRWDYYGYYEQRNYDY,3,2,1.5,Rob_7430
GKWWRFGSDYQELFDY,3,0,3.0,Rob_8179
GEYMRFGSSRQCRYWR,3,1,3.0,
GRWWFYGPGEQQLYPY,3,2,1.5,Rob_4436
GRTWIAGYEDQIEYLY,3,2,1.5,Rob_3512
GFYWRYGGEQQIEFEY,3,0,3.0,
GRWWKYGALDQNEYEY,3,2,1.5,Rob_3547
GFCLHYGSSEQMEYEM,3,0,3.0,
GRWFKYGSVDQRQYEY,3,0,3.0,Rob_4905
GRWDLFGSFDQDNYEH,3,1,3.0,
GRPLWRGYDEQELYSY,3,1,3.0,Rob_9289
GRWDYYGEYEQGLYDY,3,0,3.0,Rob_11812
GRWNFYGEYEQNSHQY,3,2,1.5,Rob_6844
GRWWRHGSNEQDNLYY,3,1,3.0,Rob_4561
GNWFRYGYYEQDLYEY,3,0,3.0,Rob_6528
GRVWRYGYGYQEEYLY,3,2,1.5,Rob_1917
GFAMHAGSSAQMLYAY,3,1,3.0,
GRWDYFGAKSQEEYTY,3,2,1.5,Rob_2353
GRVWRYGLHSQDEYYY,3,2,1.5,Rob_232
GRWLYRGPDDQNLHDY,3,0,3.0,Rob_10189
GLSWKYGGEEQFEYYY,3,2,1.5,Rob_2744
GRWDYYGYYEQNLYHY,3,0,3.0,Rob_6259
GRWWCYGAGYQEEYFY,3,0,3.0,
GRWWLFGPEDQNSYNY,3,1,3.0,Rob_4185
GRWDLFGKYDKDNYDY,3,2,1.5,
GRVWTFGHNYQLEYEY,3,2,1.5,Rob_2437
GPVNFYGYHEQYDYNY,3,1,3.0,
GRWWHYGPDSQWRYSY,3,1,3.0,Rob_4527
GRWNYFGYYEQSLYEY,3,2,1.5,Rob_11280
GRWWRYGANDQHLYEY,3,1,3.0,Rob_3676
GRSYRYGYVDQNLYQY,3,2,1.5,Rob_3659
GRINYYGYYEQYLYEY,3,2,1.5,Rob_6290
GRENYYGFRAQDEFSY,3,2,1.5,Rob_195
GRVWRYGLDYQEEFEY,3,0,3.0,Rob_339
GRWLYYGERYQYEYSY,3,2,1.5,Rob_9829
GRWDKYGSSFQDEYDC,3,0,3.0,
GRPEYYGYGAQNDYDY,3,1,3.0,Rob_10857
GRNNYYGYEIQAEYNY,3,2,1.5,Rob_6600
GFRRHYGSSVQDEYYM,3,1,3.0,
GRVRLFGYYEQTEYEY,3,2,1.5,Rob_6435
GRWNYYGHYEQWLYEY,3,2,1.5,Rob_6561
GRWRSFGNQQQDEYYY,3,0,3.0,Rob_2478
GNSWRFGKDLQYEYEY,3,2,1.5,Rob_8599
GRTWRFGFEYQPDYEY,3,0,3.0,
GQIDRYGYYEQDLHNY,3,2,1.5,Rob_12401
GRGLRYGVFYQLEYSY,3,0,3.0,Rob_309
GRTWRYGYSDQYEYEY,3,0,3.0,Rob_2459
GFIRYYGSSVQDCYEM,3,0,3.0,
GRWDYYGNYEQYLYEY,3,2,1.5,Rob_11119
GRPYRYGFEDQYNFQY,2,1,2.0,Rob_5287
GRPLRFGYSEQIDYTY,2,0,2.0,Rob_4005
GRPLYYGYDEQDNYRY,2,0,2.0,Rob_9776
GRVWRFGLDNQGEYEY,2,1,2.0,Rob_734
GFCMHYGSSDQWGYEY,2,1,2.0,
GRSWRYGKEDQWEFNY,2,1,2.0,Rob_713
GEWYYNGSSFQCRYPW,2,0,2.0,
GFYYIWGSSFQCMYYY,2,1,2.0,
GRWNYYGNYEQNNYEY,2,0,2.0,Rob_11663
GRWFTYGASDQYEYEY,2,0,2.0,Rob_3685
GRPEYYGFTLQLEYYY,2,0,2.0,Rob_10887
GRNERYGYSIQEEYSY,2,1,2.0,Rob_10165
GRVWRFGLEDQEEKRY,2,1,2.0,Rob_1776
GRWLYYGNYDQWLYEY,2,0,2.0,Rob_5660
GRPNRFGYYEQWLHYY,2,1,2.0,Rob_11433
GFCCEYGSSEQMKYYM,2,0,2.0,
GRWDLFGSYDQDSYDY,2,1,2.0,
GRNYRYGYGYQLEYYY,2,0,2.0,Rob_1929
GRPNYFGYSSQDNYEY,2,1,2.0,Rob_7474
GFAAHYGSSVQMAYAY,2,0,2.0,
GRWLWFGPGAQELYEY,2,0,2.0,
GRNLYYGKYVQGEYIY,2,0,2.0,Rob_5099
GRWLKYGEKYQDNYEY,2,0,2.0,Rob_5514
GRWWLYGNYDQSEHFY,2,0,2.0,Rob_1618
GHINFYGYYEQYLFDY,2,0,2.0,
GRPNFFGYYEQLLYEY,2,0,2.0,Rob_11535
GRPWIFGYPDQDLFHY,2,0,2.0,Rob_8471
GRWDLFGKDDQDNYEY,2,1,2.0,
GFYWVYGSSMQCMYEM,2,0,2.0,
GRWNFYGNYYQGSYDY,2,0,2.0,Rob_7146
GRTARFGYDDQSLYEY,2,1,2.0,Rob_3582
GRWQYYGGSDQENYPY,2,0,2.0,Rob_4903
GRWNYFGEYEQNNYAY,2,0,2.0,Rob_11939
GFYYFLGSSVQMEYYM,2,0,2.0,
GFAMYYGSSDQMKYEY,2,0,2.0,
GEWFYNGSSRQCEYRR,2,0,2.0,
GFYLHRGSSLQWLYEM,2,1,2.0,
GRNTYKGYDYQTEYGY,2,0,2.0,Rob_6055
GRPLWHGLPEQELYSY,2,1,2.0,Rob_9445
GRSYYYGLQDQLEHEY,2,0,2.0,Rob_953
GRWRRYGYSDQIEYDY,2,0,2.0,
GRWNFYGNYEQELYEY,2,1,2.0,Rob_7109
GEYLYFGYLEQIRFDY,2,0,2.0,
GRWNNYGGFEQKEYEY,2,0,2.0,Rob_3244
GFCYHMGSSVQMEYYM,2,1,2.0,
GFAYRYGSSVQCIYEM,2,0,2.0,
GRWDYFGSYEQWNYNY,2,0,2.0,Rob_11744
GRWNFFGSYNQVDFVY,2,1,2.0,Rob_7266
GRINYYGYAEQYLYEY,2,0,2.0,Rob_11242
GRPLWYGYEKQEAYSY,2,0,2.0,Rob_4510
GRVWRYGYSDQLEYEY,2,0,2.0,Rob_3771
GPWRYFGNFDQNEYEY,2,0,2.0,
GFCYRMGSSVQMAYYM,2,0,2.0,
GRWNHWGDYEQYNYDY,2,0,2.0,
GFTMHYGSSVQMKYEM,2,0,2.0,
GRWNFYGALDQYLRLY,2,1,2.0,Rob_9568
GRNFKYGAEVQLNFKY,2,0,2.0,Rob_12154
GAWNYWGSYDQNEKWY,2,1,2.0,Rob_3104
GRPNYFGYYEQVNYEY,2,1,2.0,Rob_7814
GRWNYYGSYEQFLYDY,2,0,2.0,Rob_7283
GRPNYFGYSHQDNYEY,2,1,2.0,Rob_7472
GRSLWYGSYYQLEYQY,2,1,2.0,Rob_2788
GRWLYFGPYWQDSFQY,2,1,2.0,Rob_10373
GRVNFYGYYEQAEYDY,2,1,2.0,Rob_12183
GRWDYYGPYEQVLEEY,2,1,2.0,Rob_11121
GRNLYYGYYTQYEYGY,2,0,2.0,Rob_5719
GRWNYYGSFSQYNYGY,2,0,2.0,Rob_7252
GRVWRYGLDDQDEYEY,2,1,2.0,Rob_720
GRSLRYGYWDQEEYEY,2,1,2.0,Rob_3393
GRNNYRGFPDQSEYLY,2,0,2.0,Rob_6160
GRSLIYGYEEQLEYEY,2,0,2.0,Rob_2897
GRWWKYGNTLQDEYNY,2,0,2.0,Rob_3732
GFCMCYGSSDQMGYEY,2,1,2.0,
GRLWRFGYDLQLGFHY,2,0,2.0,Rob_8022
GRSLWFGQSYQLESQY,2,1,2.0,Rob_1099
GRWNFYGDYEQENYEY,2,0,2.0,Rob_7536
GRNLRFGYENQYEYLY,2,1,2.0,Rob_4790
GRWNFYGAYEQVLFDY,2,1,2.0,Rob_11288
GRNLYNGYNLQYERQY,2,1,2.0,Rob_4957
GPTWRYGYWYQEEYYY,2,1,2.0,Rob_8802
GKVLRVGYEYQLEYYY,2,1,2.0,
GRWWRFGNDYQIEYNY,2,1,2.0,Rob_3004
GRSWIFGSSDQDEYQY,2,1,2.0,Rob_3050
GRWNYHGEYDQYLYHY,2,0,2.0,Rob_7130
GEYTYFGSSMQCRYYR,2,0,2.0,
GRWDLFGKLDQAEYNY,2,0,2.0,
GRPNFFGYYEQDGYSY,2,1,2.0,Rob_6963
GFNYEYGSSVQWMYEM,2,1,2.0,
GRWWYHGPEDQKNYSY,2,0,2.0,Rob_5602
GRVWRYGLHNQDEYYY,2,1,2.0,Rob_235
GRWWIYGGGRQELYNY,2,0,2.0,Rob_1992
GRQNYYGYLDQSEYDY,2,1,2.0,Rob_3353
GRWDLFGKYDPDNYEY,2,0,2.0,
GRWDRYGGNNQYNFHY,2,0,2.0,Rob_9129
GRSKTYGYEDQALYEY,2,1,2.0,Rob_3813
GRQWRFGFLDQLDYFY,2,0,2.0,Rob_3784
GRWDLFGKLDQAAYYY,2,0,2.0,
GRSYRYGFEEQANYYY,2,1,2.0,Rob_2915
GRNNYYGYEYQWEYLY,2,0,2.0,Rob_9734
GRNNYFGYQEQEEYYY,2,1,2.0,Rob_9923
GRNWRWGFDNQYELWY,2,0,2.0,Rob_5217
GFAWHLGSSVQMEYEW,2,0,2.0,
GRGWRYGYFLQAEYEY,2,1,2.0,Rob_3207
GRAFRFGFDQQYEYEY,2,1,2.0,Rob_2699
GFREYYGSSVQMEYYM,2,0,2.0,
GRPWHYGYDWQYKYYY,2,0,2.0,Rob_9040
GRWNYYGYYEQENYYY,2,1,2.0,Rob_12133
VRWDLFGSFDQDGYDY,2,1,2.0,
GEMLMFGSSRQCRYWR,2,0,2.0,
GRVLWKGYREQLEYDY,2,0,2.0,Rob_4447
GRVWRYGLRDQNEYSY,2,1,2.0,Rob_2517
GFEMFYGSSEQMCYEW,2,1,2.0,
GKANYYGFSYQELYRY,2,0,2.0,Rob_2412
GRWNRYGFEDQDNFYY,2,1,2.0,
GRPNFFGYYEQSLYNY,2,1,2.0,Rob_12112
GRSWRYGGWDQIDFEY,2,0,2.0,
GFEYCYGSSEQFKYYM,2,0,2.0,
GLWMYNGSSFQCMYFY,2,0,2.0,
GRVYSYGLREQYEYDY,2,0,2.0,Rob_400
GRWLRFGQSTQDLFHY,2,1,2.0,Rob_9354
GRNQFYGYDYQNERLY,2,1,2.0,Rob_5783
GRNNYYGYHYQEQWWY,2,1,2.0,Rob_9905
GRVRTYGLDEQIEYLY,2,1,2.0,Rob_365
GRTWRYGYNFQIEYEY,2,0,2.0,Rob_2201
GFPLRYGYDDQDGYYY,2,0,2.0,Rob_8284
GRNEYRGYYNQEEYLY,2,1,2.0,Rob_10700
GRWNYFGPGDQFNYRY,2,0,2.0,Rob_10504
GRTWHYGYNRQSDYEY,2,0,2.0,Rob_3091
GFCYRYGSSLQWEYEM,2,1,2.0,
GRVWRFGLAQQDEYQY,2,0,2.0,Rob_602
GRVDYRGYDLQSLYDF,2,0,2.0,
GFLYFMGSSYQCMYYA,2,0,2.0,
GKWWQYGAWDQIEEQY,2,0,2.0,Rob_1610
GLDWIYGSGYQSEYDY,2,0,2.0,
GAWLYMGSSAQCAYAA,2,0,2.0,
GRWWKFGELNQEEYSY,2,1,2.0,
GRWLYRGNLEQELYPY,2,0,2.0,Rob_10683
GRGFSYGYYEQLDYYY,2,0,2.0,
GRPLRYGYYEQVGYSY,2,0,2.0,Rob_9558
GFRMHYGSSDQMKYEY,2,0,2.0,
GRWNYFGDYEQYNYEY,2,1,2.0,Rob_12288
GFAYRYGSSDQMCYEM,2,0,2.0,
GRWQLFGSQFQDNYGY,2,0,2.0,Rob_5355
GRTWRFGYDYQDEFGY,2,1,2.0,Rob_2521
GLSYRYGLDYQADYLY,2,0,2.0,Rob_998
GRNQYYGFPIQYEYYY,2,1,2.0,Rob_4702
GRNQYFGYYEQDIYQY,2,1,2.0,Rob_6397
GRTFRYGYLYQLEYDY,2,1,2.0,Rob_2941
GRWNRYGFDDQDNFDY,2,0,2.0,
GRVWRYGLNYQLEYIY,2,1,2.0,Rob_2151
GRWWRYGNIFQLEYDY,2,1,2.0,Rob_3903
GFAYAYGSSVQMKYYM,2,1,2.0,
GFYYFCGSSFQCMYFY,2,0,2.0,
GRWNYFGNYEQDLYSY,2,1,2.0,Rob_11695
GRWDLFGKYDQELYEY,2,0,2.0,
GRTWRFGYSDQDDYDY,2,0,2.0,Rob_2966
GRNNYYGYDWQWEWQY,2,0,2.0,Rob_10476
GRNNYFGYYEQIDHEY,2,0,2.0,Rob_6303
GRINFYGSYEQYLFEY,2,0,2.0,
GFCYRYGSSMQMYYEM,2,1,2.0,
GFCMYMGSSVQMMYAY,2,0,2.0,
GRSLWFGHDLQDEYEY,2,0,2.0,Rob_2734
GRPELFGYPEQDNYFF,2,1,2.0,
GRPLWYGYSNQLGYSY,2,0,2.0,Rob_4356
GRWWAYGAQYQIEEEY,2,1,2.0,Rob_2793
GRVWRYGLDAQAEHFY,2,0,2.0,Rob_1749
GLPNFYGFYEQEEHHY,2,0,2.0,Rob_11977
GFYWEYGSSAQHKYEM,2,0,2.0,
GRNNYYGYEEQEDYNY,2,0,2.0,Rob_4916
GRNNYFGYYEQYEYNY,2,0,2.0,Rob_11659
GRALYYGFRNQEAYDY,2,1,2.0,Rob_5847
GRWWRHGGNSQIEHLY,2,1,2.0,Rob_1477
GRLNYFGNYDQDSYRY,2,0,2.0,
GRTWLRGYSFQDEYYY,2,0,2.0,Rob_3266
GRWWRFGPGSQSLYHY,2,1,2.0,Rob_4336
GRWWFFGPNDQWNHSY,2,0,2.0,Rob_4470
GPVNFYGYYEQYGYNY,2,0,2.0,
GRVYRFGLSYQIEYDY,2,1,2.0,Rob_2155
GRSLHYGNQYQEEHSY,2,1,2.0,Rob_1028
GRWXLFGSYDQDNYEY,2,1,2.0,
GFCYRYGSSVQMDYEM,2,1,2.0,
VRWYYFGPGFQNDYEY,2,1,2.0,
GRNEYYGYIYQYEYYY,2,0,2.0,Rob_10324
GFRWHYGSSEQMEYYM,2,0,2.0,
GRWLWFGPEEQLSYYY,2,1,2.0,Rob_4178
GRVWRYGFSFQEEHLY,2,1,2.0,Rob_1550
GRWNYYGYYEQRLYRY,2,0,2.0,Rob_6941
GRWKYYGPSDQESYYY,2,0,2.0,Rob_5068
GRPNFYGYYEQALYEY,2,1,2.0,Rob_7941
GRWWHFGNTAQETYAY,2,1,2.0,Rob_3964
GRPNYFGHEFQYNYDY,2,0,2.0,Rob_10199
GRWLRYGPSYQWDYLY,2,1,2.0,Rob_5441
GRPPWYGYGYQIDYYY,2,0,2.0,Rob_9209
GRVYSYGYSDQLEYEY,2,0,2.0,Rob_2990
GRWWRFGNDDQHLYSY,2,0,2.0,Rob_3862
GRWNYYGYYEQDSYDY,2,0,2.0,
GRPLYRGFADQLSYQY,2,1,2.0,Rob_5565
GRNSYLGYYYQSEKYY,2,0,2.0,Rob_5828
GFEYRYGSSLQMYYEM,2,1,2.0,
GRILWRGKNDQDTYEY,2,0,2.0,Rob_4156
GFLYCYGSSDQWLYEM,2,1,2.0,
GFRTHYGSSDQMLYEY,2,0,2.0,
GRWNYYGYYEQLLYKY,2,0,2.0,
GFCCHYGSSDQMKYYM,2,1,2.0,
GRTWTYGYNIQEEYEY,2,1,2.0,Rob_2993
GRWLYYGDDDQNLHDY,2,0,2.0,Rob_10192
GFREHYGSSEQMKYEY,2,0,2.0,
GFTMHMGSSVQMMYEM,2,0,2.0,
GRTWRFGYWDQDDYRY,2,1,2.0,Rob_2969
GRNWILGSHYQVEFGY,2,1,2.0,Rob_2642
GRVNFYGYYEQFLYKY,2,1,2.0,
GRVNYYGYYDQLDYYY,2,1,2.0,Rob_12087
GEYWCYGSSMQCQYFY,2,1,2.0,
GYAYCYGSSVQMEYEM,2,0,2.0,
GKAWRYGYAYQEEYYY,2,1,2.0,Rob_8899
GRNWRFGKHDQADKFY,2,1,2.0,Rob_1208
GRNNYFGYYDQDEYSY,2,0,2.0,Rob_10806
GFELHYGSSEQFKYYM,2,1,2.0,
GRPTWYGYQDQKNYQY,2,1,2.0,Rob_9440
GFAMCYGSSAQMMYGY,2,0,2.0,
GRAWAHGFYNQEEHEY,2,0,2.0,Rob_1574
GPVNFYGYYEHYDYNY,2,1,2.0,
GRLDRFGQYHQNDYSY,2,1,2.0,
GRWWTFGPGEQISYNY,2,1,2.0,Rob_4087
GRPNYYGYYEQELFHY,2,0,2.0,Rob_11474
GRWDLFGSLDQDNYDY,2,0,2.0,
GRWNYFGKYEQWLYHY,2,0,2.0,Rob_6898
GRPLYYGYGEQQGYAY,2,0,2.0,Rob_4318
GLSWRFGYSDQWDYYY,2,0,2.0,Rob_8577
GFAQMYGSSLQMEYEM,2,1,2.0,
GRLDYYGEGDQYNYEY,2,0,2.0,
GRAYRYGYEDQYEYEY,2,1,2.0,Rob_3744
GRNNYRGYEFQREDLY,2,1,2.0,Rob_10090
GRPEYYGYNDQSHYEY,2,0,2.0,Rob_10622
GRWYNFGPYDQRNYSY,2,0,2.0,Rob_4806
GRWYRYGPYNQYEYEY,2,0,2.0,
GRVWRFGFIDQNLYEY,2,1,2.0,Rob_3497
GFFAYYGSSVQAAYAM,2,1,2.0,
GRWDLFGSFDQYGYDY,2,1,2.0,
GRPLWYGKDEQLRYQY,2,0,2.0,Rob_4588
GRTWRYGYQDQQLYNY,2,0,2.0,Rob_8933
GRWLWYGGDDQYSYSY,2,1,2.0,Rob_9025
GRWDNYGSIDQEQYYY,2,0,2.0,
GAWWSFGSSAQCAYWW,2,1,2.0,
GRNEYYGYEIQYEFFY,2,0,2.0,Rob_10822
GRSWRYGYDLQIEYEY,2,0,2.0,Rob_2588
GRWDLSGSFDQDNYEY,2,0,2.0,
GFIRYYGSSVQMEYQM,2,1,2.0,
GRWLYYGPETQYAYEY,2,1,2.0,Rob_10217
GRNWRFGFDTQYEYLY,2,0,2.0,Rob_5164
GRNNYFGFHLQGEYWY,2,0,2.0,Rob_5179
GHWDLFGKYDQDNYDY,2,0,2.0,
GRNEYFGFHLQLEYYY,2,0,2.0,Rob_6072
GRSPYWGYSDQNNYSY,2,0,2.0,Rob_6951
GNSWRFGYDLQYEYLY,2,0,2.0,Rob_8597
GRWNYYGSYDQESYNY,2,1,2.0,Rob_11250
GRSWLFGLRNQIELQY,2,0,2.0,Rob_1419
GRADYKGLFDQENYAY,2,1,2.0,Rob_6617
GRPRYFGYEDQYNYRY,2,0,2.0,Rob_10377
GRSWRYGYSYQEEFQY,2,0,2.0,Rob_8944
GRWLYHGKEEQYEYGY,2,1,2.0,Rob_6197
GRVNFYGYYEQGLYNY,2,0,2.0,Rob_6539
GRWLFYGPYEQQDYEY,2,0,2.0,
GRWLYRGNLYQELYPY,2,1,2.0,Rob_10684
GRPFNYGFSEQYRYHY,2,0,2.0,Rob_9378
GRVWKFGLWDQIEYLY,2,0,2.0,Rob_729
GRWNRFGKEDQSNYNY,2,1,2.0,
GRWDFYGAFEQESYSY,2,0,2.0,
GRWWRYGSDDQDLYGY,2,0,2.0,Rob_8181
GRQWIYGGDWQGEYFY,2,0,2.0,Rob_8706
GRWDLFGSFDQDGYEY,2,0,2.0,
GRWNFYGQNDQINYDY,2,1,2.0,Rob_12066
GFMYHRGSSLQWMYEM,2,1,2.0,
GRGWRYGYDSQSNYTY,2,1,2.0,Rob_2996
GKWWRYGNNDQYDYYY,2,1,2.0,Rob_3468
GFAAHYGSSAQMLYAY,2,0,2.0,
GRNNWRGYYEQYDSWY,2,0,2.0,
GRVWRYGLWQQEEFQY,2,0,2.0,Rob_540
GRNQYFGYLDQHEYYY,2,0,2.0,Rob_10773
GRWDRHAAYDQYEYDY,2,0,2.0,
GNSWRFGYDLQYEYRY,2,0,2.0,Rob_8596
GRPNYWGYLEQILYEY,2,1,2.0,Rob_12126
GRWWYFGDDYQIAKRY,2,0,2.0,Rob_9476
GRNEYYGYVDQVEYDY,2,0,2.0,Rob_10459
GRWNFYGRDEQGLYDY,2,1,2.0,Rob_7406
GRVNFYGYYEQYMYEY,2,1,2.0,
GRWLYYGNRDQREYSY,2,0,2.0,Rob_10646
GFAYRYGSSVQMEYPM,2,0,2.0,
GRWWKFGALYQELYQY,2,1,2.0,Rob_8643
GRWDLFGKYDQDNNEY,2,1,2.0,
GPWDRHGAYDQYEYDY,2,0,2.0,
GRWLYRGNLEQGDYRY,2,1,2.0,Rob_10754
GRNLYYGYTNQYGDLY,2,0,2.0,Rob_10940
GRWDYYGPYEQYNYPY,2,1,2.0,Rob_11035
GRWDYYGNDDQNLYNY,2,0,2.0,Rob_8144
GRINIYGYYEQYLFEY,2,1,2.0,
GRWNYYGPLDQGNHWY,2,0,2.0,Rob_10525
GRPDFYGYYEQVNYDY,2,1,2.0,Rob_12110
GRWEQYGPNDQPNHLY,2,1,2.0,Rob_4771
GRWLYYGPDGQELYSY,2,1,2.0,Rob_5650
GRWTYYGNYVQEDYFY,2,1,2.0,Rob_5025
GFLLHYGSSLQWLYEM,2,1,2.0,
GEWWFRGSSRQCMYYR,2,0,2.0,
GPVYKYGYTSQELYHY,2,0,2.0,Rob_8049
GRWQYYGAYDQYLFKY,2,1,2.0,Rob_4742
GYAYEYGSSVQMEYEM,2,1,2.0,
GIPWRYGYKDQGDYYY,2,1,2.0,Rob_8481
GRWDLFGKYDQYSYEY,2,1,2.0,
GAWLVFGSSAQCAYWA,2,0,2.0,
GRVNFYGYAFQYDFEY,2,0,2.0,
GRAEYYGYAFQYDYDY,2,0,2.0,
GRPLWYGYEEQNRYYY,2,0,2.0,Rob_4459
GRPNFFGYTDQHNYEY,2,0,2.0,Rob_12139
GKVWRYGLDGQYEHTY,2,1,2.0,Rob_1365
GRWQTYGSLWQAEHYY,2,0,2.0,Rob_968
VFLYFMGSSYQCMYYQ,2,0,2.0,
GFCLHLGSSVQMEYYM,2,0,2.0,
GRWDLFGSYDQRNYDY,2,0,2.0,
GRWDLFGKFDQDDYEY,2,1,2.0,
GKPWVFGKEDQDLYDY,2,0,2.0,Rob_8444
GRINWFGEFYQEQYHY,2,1,2.0,Rob_10363
GRVWNYGFGEQWKYNY,2,1,2.0,
GFRYHYGSSVQCKYEY,2,0,2.0,
GRAWRFGYGWQLEYEY,2,0,2.0,Rob_1982
GRNEYYGYDDQWEYDY,2,1,2.0,Rob_10456
GRVWRLGLDYQIEYEY,2,0,2.0,Rob_204
GRINYYGYSDQYLYDY,2,1,2.0,Rob_12321
GREWRFGFRYQLEYEY,2,1,2.0,Rob_2384
GLPWRYGFEIQLNYRY,2,0,2.0,Rob_8239
GNWFRYGYYDQDTYSY,2,0,2.0,
GRNNYWGFGYQLEYLY,2,0,2.0,Rob_9563
GRWYFWGPDQQYTYQY,2,0,2.0,Rob_5110
GFCMHYGSSDQWKYEM,2,1,2.0,
GRWWKYGNWDQFRYYY,2,0,2.0,Rob_4246
GRWNYRGDLYQYSHYY,2,0,2.0,Rob_9863
GRWLYFGPYYQDSYDY,2,1,2.0,Rob_10370
GSWYNFGAGDQLEYNY,2,0,2.0,
GLNQKYGYSDQLEYFY,2,1,2.0,Rob_3652
GRWNYYGYYEQILYDY,2,1,2.0,Rob_7425
GRPNFYGYYEQSLYRY,2,1,2.0,Rob_6568
GRVNYEGYYEQWSYEY,2,1,2.0,Rob_11950
GRQWSYGGTQQIDFEY,2,0,2.0,Rob_382
GRWDLFGKLDQYAYSY,2,0,2.0,
GRWYNFGAYDQYSYHY,2,1,2.0,Rob_5269
GRWWNFGERSQDRYYY,2,1,2.0,Rob_3945
GRWLFYGGADQWDKTY,2,1,2.0,Rob_6783
GRWLWYGPEYQERYRY,2,1,2.0,Rob_9470
GRIWRYGYYEQDSYDY,2,0,2.0,Rob_9238
GRRDKYGSSFQDEYDY,2,1,2.0,
GHWYYLGPGDQYDYEY,2,0,2.0,
GRYWRYGNDNQEQYLY,2,0,2.0,Rob_5590
GRWDKYGPSFQDEYDY,2,0,2.0,
GRTLNFGYEWQGEYEY,2,0,2.0,Rob_3480
GRSLRFGAALQEELEY,2,1,2.0,Rob_1213
GFNYKYGSSMQCLYFF,2,0,2.0,
GRWNYYGEYEQELYDY,2,1,2.0,Rob_11849
GRNNYYGYSIQWEYLY,2,0,2.0,Rob_10987
GKPWHFGNNYQLEYFY,2,1,2.0,Rob_8247
GRSWTYGNYDQEEGLY,2,0,2.0,Rob_2618
GRTWRWGYWDQHLYQY,2,1,2.0,Rob_8878
GFAAHYGSSDQMKYYM,2,1,2.0,
GRWNFYGQYEQSNYQY,2,1,2.0,Rob_11072
GRINYYGYYEQHDYGY,2,1,2.0,Rob_6764
GRNLYYGFEYQYEYSY,2,1,2.0,Rob_5238
GRPNYYGLWEQRLHYY,2,0,2.0,Rob_7730
GRPLWRGYDDQDGYRY,2,0,2.0,Rob_4270
GREWRYGYDDQDEYYY,2,0,2.0,Rob_3063
GRSWRFGKEDQKLYEY,2,1,2.0,Rob_3267
GEWWAFGSSRQFRYWW,2,0,2.0,
GRPLYHGYWEQELYGY,2,1,2.0,Rob_9015
GRPNYYGYAEQSNFDY,2,0,2.0,Rob_10764
GRELRFGYNQQDEYQY,2,0,2.0,
GRWKYFGASGQENYDY,2,0,2.0,Rob_6141
GFCYHYGSSVQMKYYM,2,0,2.0,
GHVNFYGYYEQYLYEY,2,0,2.0,
GRNRYFGYYEQAEYEY,2,0,2.0,Rob_6426
GRNEYFGYETQFEYEY,2,1,2.0,Rob_9894
GRWDKYGSSFQDECDY,2,1,2.0,
GFNLRYGYLDQNEYLY,2,0,2.0,Rob_8101
GYNFCYGSSVQMEYEM,2,0,2.0,
GRWDYYGPEYQGDYAY,2,0,2.0,Rob_7098
GLGWKWGYDYQEQHGY,2,0,2.0,Rob_8506
GRNERYGYYIQEEYWY,2,1,2.0,Rob_10161
GRTWRFGYSDQDDYRY,2,0,2.0,Rob_2967
GRNLYFGFPSQLEYLY,2,0,2.0,Rob_4688
GRGDLFGSYDQDNYDY,2,0,2.0,
GLNNRFGYDLQNSYRY,2,1,2.0,Rob_5035
GRWDKYGSIFQDEYDY,2,1,2.0,
GRWLLFGPQFQDNYYY,2,1,2.0,Rob_5214
GRVWNYGFGEQWEYYY,2,0,2.0,
GRVWNYGFDFQLEHYY,2,1,2.0,Rob_1491
GLWDLFGSYDQDNYDY,2,1,2.0,
GRWDKYGSGFQDEYDY,2,1,2.0,
GKSWRVGFEFQEEKWY,2,1,2.0,Rob_1355
GRWNRYGFEDRDNFDY,2,1,2.0,
GRSLRFGFDQQDEYEY,2,1,2.0,Rob_2219
GRSWVFGGTQQSELEY,2,0,2.0,Rob_962
GRWLYFGGYDQEGDEY,2,1,2.0,Rob_2765
GRAWRYGFVDQYDYYY,2,1,2.0,Rob_3424
GRWDKYGSRFQDEYDY,2,1,2.0,
GFEQHMGSSVQMEYYM,2,0,2.0,
GRPLYYGYEYQDDYWY,2,1,2.0,Rob_10274
GRVKTYGATTQDEYFY,2,0,2.0,Rob_2537
GRWRYFGNSDQNEYEY,2,0,2.0,
GRWWRYGDFYQETYSY,2,0,2.0,Rob_9448
GEWLYMGSSRQCRYRY,2,0,2.0,
GRWFWYGPSYQLDYWY,2,1,2.0,Rob_4277
GRWFQFGPEDQGNYDY,2,0,2.0,
GRVNYYGFHLQFEYFY,2,1,2.0,Rob_2563
GRWLWRGSSYQQNYDY,2,0,2.0,Rob_9435
GRILWHGYNIQKLYEY,2,0,2.0,Rob_4148
RRWDLFGSFDQDNYDY,2,0,2.0,
GRVLRYGNRDQHEYSY,2,0,2.0,Rob_2602
GRPQRFGFLNQDEYFY,2,1,2.0,Rob_3109
GFACHYGSSEQMKYYM,2,1,2.0,
GLPYRYGYSDQAEYLY,2,0,2.0,Rob_8401
GRVWHFGLTYQEEYEY,2,1,2.0,Rob_565
GRWLWHGARYQQDYIY,2,1,2.0,Rob_9066
GRSLRYGFYYQIEYEY,2,1,2.0,Rob_215
GFAQHLGSSDQMEYYM,2,0,2.0,
GEMWRFGSSRQCRYWR,2,1,2.0,
GRWDRYGPYNQYTYEY,2,1,2.0,Rob_7718
GRVWRYGFNWQAEYEY,2,1,2.0,Rob_3295
GRWFYYGPIHQDLYSY,2,0,2.0,Rob_5335
GRNNFYGSLTQYEYIY,2,0,2.0,Rob_12079
GRWLYFGQNWQYNYHY,2,1,2.0,Rob_5997
GRWERFGGALQETYYY,2,0,2.0,Rob_4162
GRWNYFGNFDRYEYEY,2,0,2.0,
GRWWRYGSEDQYEYRY,2,0,2.0,Rob_3635
GRWWLYGRFYQETYSY,2,0,2.0,Rob_9449
GRNLYYGYTDQLGDHY,2,0,2.0,Rob_10939
GRWDLFGPYDQDNYDY,2,1,2.0,
GRWNYYGFYDQYSYEY,2,1,2.0,Rob_11994
GRVLRFGYKEQELYEY,2,1,2.0,Rob_9410
GRWNYYGRYEQLLYEY,2,1,2.0,Rob_6457
GEWLVFGSSRQCRYWR,2,0,2.0,
GRNLYRGYEEQSEYEY,2,1,2.0,Rob_7073
GRNEYYGYNYQLVYDY,2,1,2.0,Rob_9808
GRWWRFGESDQIEYYY,2,1,2.0,Rob_3639
GRNWHYGHDYQSEYYY,2,0,2.0,Rob_5244
GRVWKNGLYYQLEYDY,2,0,2.0,
GRAEYYGYAFQYDFES,2,0,2.0,
GRWNYFGQFYQGQYEY,2,0,2.0,
GEWWFMGSSRQCMYYR,2,0,2.0,
GRWDYWGYYEQVLEEY,2,1,2.0,Rob_11123
GLGFRYGYPYQEAHIY,2,1,2.0,Rob_8318
GRWLYFGPYQQGSFQY,2,1,2.0,Rob_10374
VRWLYYGQYYQYDYEY,2,1,2.0,
GRVWKYGLFDQSEKQY,2,0,2.0,Rob_1742
GRWWRYGENDQEEYSY,2,1,2.0,Rob_3333
GRWLYYGPNYQNLHDY,2,0,2.0,Rob_10186
GRWDFYGAHEQESYYY,2,1,2.0,
GRWNRYGYEDQLEYDY,2,0,2.0,
GRWDLFGKYDQDTYEY,2,0,2.0,
GRTWIYGSYGQYELYY,2,1,2.0,Rob_1368
GRKLWYGPYDQYEYYY,2,1,2.0,Rob_2638
GTAWNYGFDDQLLTNY,2,1,2.0,Rob_1297
GFYYILGSNFQCMYFY,2,1,2.0,
GRSWIYGSDYQAEYEY,2,0,2.0,Rob_425
GFERYYGSSVQMCYYM,2,0,2.0,
GRWLRYGAYAQDNFEY,2,1,2.0,Rob_6680
GRWNYFGYYEQNDYYY,2,1,2.0,Rob_6928
GRWNYYGRLEQSEYTY,2,0,2.0,Rob_7225
GRVWRFGLYDQVDYLY,2,0,2.0,Rob_173
GRPNFYGYYEQYEYYY,2,1,2.0,Rob_6804
GRWNTYGNYEQYLFDY,2,1,2.0,Rob_11203
GRWNWYGPLYQWDHSY,2,1,2.0,Rob_9123
GREWRFGLDYQIERQY,2,0,2.0,Rob_1798
GRSYIFGYNHQQEYDY,2,1,2.0,Rob_3806
GRNERYGYSYQLSYDY,2,1,2.0,Rob_10169
GRGWRFGLNDQGEYSY,2,0,2.0,
GKVDRYGYNYQEAYSY,2,0,2.0,
GRWWRFGQRYQELFEY,2,0,2.0,Rob_8911
GRNLYYGYRQQDEYYY,2,1,2.0,Rob_10432
GRSWQYGLSSQEEYHY,2,0,2.0,
GRWRYFGNFDLNEYEY,2,1,2.0,
GRNNYWGYPVQLEYLY,2,1,2.0,Rob_9566
GRWWHYGPDQQYRYSY,2,1,2.0,Rob_4525
GRWNYYGGWEQENYYY,2,0,2.0,Rob_10069
GRDWRYGFWGQHEHEY,2,1,2.0,Rob_1607
GFEQHLGSSDQMIYYM,2,0,2.0,
GGADYKGLFDQENYGY,2,0,2.0,Rob_6613
GRNEYFGYYEQDEYNY,2,1,2.0,Rob_10263
GRLDHYGYYDQSEYDY,2,0,2.0,
GFYWNYGSSMQCMYFY,2,1,2.0,
GRVYSFGSRQQNEYYY,2,1,2.0,Rob_3132
GRWLWYGGYEQRLRIY,2,1,2.0,Rob_9012
GRWLYYGRYDQYDYDY,2,1,2.0,Rob_9715
GFYYILGSSFQCRYWR,2,0,2.0,
GRWNRYGDYEQYDYYY,2,1,2.0,Rob_6884
GRWDLFGSYDQEEYYY,2,1,2.0,
GRLDLFGKYDQDNYDY,2,1,2.0,
GRSWQFGLTFQEEQEY,2,0,2.0,Rob_1652
GRAFSYGYWDQLEYQY,2,0,2.0,Rob_3032
GRYLFRGYDYQSDYNY,2,0,2.0,Rob_12009
GRWDLFGSFDQYEYDY,2,0,2.0,
GRWDRAGYYEQDLYNY,2,1,2.0,
GRVWFRGLDEQIEYEY,2,0,2.0,Rob_493
GFNYHMGSSVQDEYHM,2,1,2.0,
GRNLSYGYYDQEEYRY,2,0,2.0,Rob_5157
GRPNFWGYYEQTLYSY,2,0,2.0,Rob_11212
GRWDRAGYYEQFLYDY,2,1,2.0,
GRSWVRGYEWQSEHRY,2,0,2.0,Rob_8379
GRSWLYGGDDQYELWY,2,1,2.0,Rob_1127
GLNLKYGGGDQDQYSY,2,0,2.0,Rob_2007
GRWDLFGSFDQYNYDY,2,1,2.0,
GRWDRRGAYDQYEYDY,2,0,2.0,
GRAWRFGYGDQLEYEY,2,0,2.0,Rob_1984
GRTYRYGYSGQEEYYY,2,1,2.0,
GRWLWYGPDEQIKYFY,2,0,2.0,Rob_9002
GFRYEYGSSEQMKYYM,2,1,2.0,
GRWNYYGREDQDSYYY,2,1,2.0,Rob_11799
GRWDLFGKLDQDTYSY,2,0,2.0,
GFYWCYGSSFQCMYFY,2,1,2.0,
GFCMCYGSSVQMMYEY,2,1,2.0,
GRPEYFGYPNQLEYNY,2,0,2.0,Rob_10252
GRNEYYGYVDQVEYSY,2,1,2.0,Rob_10460
GRWLWYGPNVQIAYPY,2,0,2.0,Rob_9519
GFCMHYGSSFQMEYYM,2,0,2.0,
GRWNYFGPYEQDLYRY,2,0,2.0,Rob_11080
GRNLYFGHENQTEYIY,2,0,2.0,Rob_5721
GRNNYYGSPNQLEYSY,2,0,2.0,Rob_9759
GRWNYYGNYEQSQFEY,2,0,2.0,Rob_12131
GRPYRYGYADQYNYSY,2,0,2.0,Rob_5682
GRWQLYGPELQFEYYY,2,1,2.0,Rob_6020
GRGLYYGPYYQEKYEY,2,1,2.0,
GRPNWFGYQDQELYQY,2,0,2.0,Rob_4522
GRWNYYGQYEQLAYEY,2,1,2.0,Rob_7368
GKWFRYGPDDQHGYYY,2,1,2.0,Rob_8110
GRWWHFGPKDQLNYTY,2,1,2.0,Rob_4267
GRNNYNGYYEQETYQY,2,1,2.0,Rob_9682
GRANYWGLDEQDEYFY,2,1,2.0,Rob_2284
GFRGHYGSSEQMKYEY,2,1,2.0,
GRWNYYGFWDQYGYAY,2,1,2.0,Rob_7653
GRNERFGYDYQTEFLY,2,0,2.0,Rob_10830
GRWWRYGEKQQELFEY,2,0,2.0,Rob_3471
GEWFYNGSSRQCLYYR,2,1,2.0,
GRWWLFGPSDQDSYRY,2,1,2.0,Rob_4294
GLSWSFGGSWQEEYYY,2,1,2.0,Rob_8331
GRWNFFGPYEQGLYNY,2,1,2.0,Rob_7345
GRTFSYGYWDQLEYQY,2,0,2.0,Rob_3031
GRVNFYGYYEQKEYDY,2,1,2.0,Rob_12184
GRNLYYGYDFQDEYWY,2,0,2.0,Rob_4846
GRAFRYGYGFQDEDEY,2,1,2.0,Rob_1883
GEYWEFGSSRQCRYWR,2,0,2.0,
GLPFRYGYAEQYEYGY,2,1,2.0,
GRWDLFGKIDQDNYEY,2,0,2.0,
GRWWRYGDSIQERYSY,2,0,2.0,Rob_9408
GRINFYGYSDQLLYEY,2,0,2.0,Rob_6750
GRWNYRGAFYQGDYDY,2,0,2.0,Rob_11793
GRWNFYGQYEQSDYRY,2,0,2.0,Rob_11605
GRWDLFVKFDQDNYDY,2,1,2.0,
GRWQLYGPVLQQEYYY,2,1,2.0,Rob_6021
GRPNDRGYYDQSNYEY,2,1,2.0,Rob_7699
GNWWRHGNIYQELYEY,2,1,2.0,Rob_8311
GRTYSFGYSYQEEYYY,2,0,2.0,Rob_3908
GRVWRFGFGDQALYEY,2,0,2.0,Rob_2018
GFEMYYGSSEQMEYEW,2,0,2.0,
GRVWNYGLNIQEEYEY,2,0,2.0,Rob_678
GRWLYYGPYYQEKHEY,2,1,2.0,
GRWDLCGKDDQDAYSY,2,0,2.0,
GRSLYHGFYDQDEYEY,2,1,2.0,Rob_167
GRPNFYGYYEQQLYHY,2,0,2.0,Rob_11142
GFTMHYGSSVQMMYAM,2,0,2.0,
GRNYRFGYPEQAEYRY,2,1,2.0,Rob_9764
GRPYRFGYSDQAEYLY,2,0,2.0,Rob_8402
GRWWRRGGEYQEELWY,2,1,2.0,Rob_1481
GRNLYRGYDFQGEYYY,2,0,2.0,Rob_10257
GRPWRFGYYDQNLYNY,2,0,2.0,Rob_8345
GKWWRYGAWDQGLEYY,2,0,2.0,Rob_3710
GRAWRFGFYEQAEYEY,2,0,2.0,
GRSLFHGFWDQDEYQY,2,0,2.0,Rob_647
GRTWKYGYLDQEEYDY,2,1,2.0,Rob_3698
GRWNYYGFWDQNGYAY,2,0,2.0,Rob_7652
GRNAYFGYDDQYEYYY,2,0,2.0,Rob_10698
GRNLRYGFSIQYEYEY,2,0,2.0,Rob_4852
GRWWRHGPYEQYKHSY,2,1,2.0,Rob_9034
GRVRIFGLDYQLEYEY,2,1,2.0,Rob_335
GKPNWFGYQQQDEYQY,2,1,2.0,Rob_8775
GRVWRYGLRDQAEYSY,2,0,2.0,Rob_2515
GRWNYFGNYDQDDYYY,2,0,2.0,Rob_7481
GRPWRYGYEDQDNYYY,2,0,2.0,Rob_9510
GAVNYFGFEYQLEYFY,2,1,2.0,Rob_2287
GRWNYYGRTDQFLHLY,2,0,2.0,Rob_10793
GRWNYRGQYEQWLYKY,2,0,2.0,Rob_7379
GKANYYGFYNQELYRY,2,0,2.0,Rob_2415
GRVWSYGFSLQEEHEY,2,1,2.0,Rob_1493
GFPWRYGYQDQDEYYY,2,1,2.0,Rob_8846
GRGNFFGYYEQYLYDY,2,1,2.0,
GAWWMAGSSAQCMYYA,2,1,2.0,
GNPWRFGFWDQDSYLY,2,1,2.0,Rob_8391
GRVWRFGLYEQEEYAY,2,0,2.0,Rob_273
GRVWRYGLYQQLEYFY,2,0,2.0,Rob_899
GRVWWHGLGLQWEKEY,2,0,2.0,Rob_1678
GRWLYYGSGTQLNYAY,2,0,2.0,Rob_4942
GRNYYFGFNYQPEYIY,2,0,2.0,
GRVWRNGLYDQYEYNY,2,0,2.0,Rob_213
GRVYKYGFRYQEEEFY,2,0,2.0,Rob_1382
GNWNYYGYYEQENYSY,2,1,2.0,
GFAMHYGSSAQHKYEM,2,0,2.0,
GRPLKYGYEEQDLFHY,2,1,2.0,Rob_9229
GRTWRYGYDFQFEYEY,2,0,2.0,Rob_2463
GFCMHMGSSVQMGYEM,2,1,2.0,
GKWNYYGKYEQILYDY,2,0,2.0,Rob_6268
GEWYAFGSSFQCRYYR,2,0,2.0,
GRWDRHVAYDQYEYEY,2,0,2.0,
GRSLIYGYEDQLEYEY,2,1,2.0,Rob_2896
GRWDLFGSYNQDNYDY,2,1,2.0,
GRNNYYGYEDQWEYDY,2,0,2.0,Rob_9651
GFYYFWGSSFQCMYFF,2,1,2.0,
GRWNYRGQYEQTLYRY,2,0,2.0,Rob_7382
GRWNYYGYYEQNDYNY,2,1,2.0,Rob_7344
GFYWTYGSSMQCIYFF,2,0,2.0,
GRWDKYGSSFLDEYDY,2,0,2.0,
GFRRYYGSSVQMEYYM,2,0,2.0,
GRSWRFGYDVQEEYSY,2,0,2.0,Rob_2471
GRWDLFGSYDQDIYEY,2,0,2.0,
GFCMHYGSSDQMKYEM,2,0,2.0,
GRWDRHGAYDQYEDDY,2,0,2.0,
GRENFRGYYEQNLYEY,2,0,2.0,Rob_6861
GRVWRFGLEDQELYEY,2,1,2.0,Rob_2500
GFELHYGSSVQDMYYM,2,0,2.0,
GRWLYFGPLDQYNYTY,2,1,2.0,Rob_5171
GRWLKWGQSLQLEHEY,2,0,2.0,Rob_2833
GFAMHAGSSVQMLYAY,2,1,2.0,
GRWRNKGQDQQYDYWY,2,1,2.0,Rob_6875
GRDWSYGLEEQNLHWY,2,1,2.0,Rob_1114
GRWYYYGPLDQYRKYY,2,1,2.0,Rob_4243
GRPNFYGYYEQILFEY,2,0,2.0,Rob_11104
GRNRDRGYSYQSEYYY,2,0,2.0,Rob_10299
GFAYHWGSSDQMMYYM,2,1,2.0,
GRPWLYGYDDQYSYGY,2,1,2.0,Rob_11707
GRGNRFGYSDQELYRY,2,0,2.0,
GRVWRYGLYRQLEYEY,2,1,2.0,Rob_764
GRNWLFGHDYQTEYYY,2,1,2.0,Rob_5239
GRWLSKGDNEQTDYWY,2,1,2.0,Rob_9163
GRNEYFGYDIQYEYYY,2,0,2.0,Rob_10810
GRWDLFGPSDQENYHY,2,0,2.0,
GRWYHYGYYEQYDYDY,2,0,2.0,
GRWDKYGSSFQDDYDY,2,1,2.0,
GRWLWYGGWDQYTYKY,2,0,2.0,Rob_9217
GRWNFYGKSQQLDYDY,2,1,2.0,Rob_7920
GRNLSKGYPDQSEYYY,2,0,2.0,Rob_4875
GRDLRYGFDDQYEYYY,2,1,2.0,Rob_2226
GRWWYYGPKEQQLYPY,2,0,2.0,Rob_4434
GRPLWRGYDEQDLYAY,2,0,2.0,
GFEYRYGSSMQMIYEM,2,1,2.0,
GRVWRYGLTYQLEYEY,2,0,2.0,Rob_901
GRSLWYGHFYQEEDYY,2,1,2.0,Rob_944
GEWWYLGSSRQCWYYR,2,0,2.0,
GREWLFGYTDQALYEY,2,1,2.0,
GRWDLFGKFDQTNYAY,2,1,2.0,
GFWLYNGSSVQMDYEM,2,0,2.0,
GRNFNYGYNNQDEYEY,2,1,2.0,Rob_3188
GRWNYFGQYEQWEYLY,2,0,2.0,
GRNLYYGLEEQYEYYY,2,0,2.0,Rob_5499
GRNNYYGYLDQTEWWY,2,0,2.0,Rob_10474
GEYMRFGSSRQCRYPR,2,0,2.0,
GRWWNYGPQEQDRYSY,2,0,2.0,Rob_3990
GRNLSYGSELQEEYWY,2,1,2.0,Rob_5536
GRWTYYGPSVQEDYYY,2,1,2.0,Rob_5030
GRWWWYGPKDQNRYIY,2,0,2.0,Rob_4426
GNTNLYGYYEQYLYDY,2,1,2.0,Rob_11797
GFCYAYGSSVQMEYYM,2,1,2.0,
GRNRYYGFSFQVEYDY,2,1,2.0,Rob_5175
GEWNFYGHYEQYLKNY,2,1,2.0,Rob_6265
GPVLRFGFEDQLEQFY,2,1,2.0,
GRWNYYGGWQQAEHEY,2,1,2.0,Rob_1377
GRWLYYGPYRQDNYEY,2,0,2.0,Rob_5400
VRVWRYGLDLQIEYEY,2,1,2.0,
GRPNFFGYLEQYNYKY,2,1,2.0,Rob_6859
GRVLRYGYYYQDDYSY,2,0,2.0,Rob_4114
GRIPYRGYDDQENYLY,2,1,2.0,Rob_9538
GRWLNYGPTYQDDYKY,2,0,2.0,Rob_4812
GRPNFLGYYEQYLYEY,2,0,2.0,Rob_11177
GRIWKVGDLYQEEHNY,2,0,2.0,Rob_1425
GRPFSYGYYDQIEYEY,2,0,2.0,Rob_3300
GFAYRYGSSLQFKYEW,2,1,2.0,
GRWWHYGPYNQSRYIY,2,1,2.0,Rob_4077
GRNLYYGFEDQDEYRY,2,1,2.0,Rob_5089
GRSWRYGSGEQIEYQY,2,1,2.0,Rob_1908
GRWNYYGPQYQNLYPY,2,1,2.0,Rob_10493
GRSWRYGGEQQEELQY,2,1,2.0,Rob_1255
GLGWRYGFGFQNEFLY,2,1,2.0,Rob_1848
GRPELFGYPEQDNYYY,2,1,2.0,Rob_9743
GRNWRYGFDNQDELYY,2,1,2.0,Rob_5221
GRVWRYGFGFQIEYNY,2,1,2.0,Rob_1872
GRWAYYGPSFQFNFEY,2,1,2.0,Rob_10918
GRPLWHGYSEQYLYEY,2,0,2.0,Rob_4492
GFAMYYGSSVQMCYYM,2,1,2.0,
GFRMHYGSSVQMEYYW,2,0,2.0,
GFCQHWGSSVQMMYYM,2,1,2.0,
GFWYYNGSSDQMMYYM,2,0,2.0,
GRPLWYGYHEQNDYSY,2,1,2.0,Rob_9164
GRWLFYGPREQSLYEY,2,1,2.0,Rob_10757
GRWLWYGPSLQLDYFY,2,0,2.0,Rob_9422
GRVWRIGLRDQVEKSY,2,0,2.0,Rob_1782
GFAYRYGSSVQCEYEM,2,0,2.0,
GRWWYFGPYIQVDYWY,2,0,2.0,Rob_4640
GRWHLFGKYDQDNYEY,2,1,2.0,
GRWNWFGPGYQQSYYY,2,1,2.0,Rob_9272
GEMWVFGSSRQCRYWR,2,1,2.0,
GRWDYRGYYVQGDYEY,2,1,2.0,Rob_7201
GRNYIYGYDLQEEYRY,2,0,2.0,Rob_8296
GFYWKYGSSEQMEYYM,2,1,2.0,
GRWLWRGPEDQSHYDY,2,1,2.0,Rob_4171
GRNNYYGYGDQYDYTY,2,1,2.0,Rob_12083
GRVWKFGFGDQWEYHY,2,1,2.0,Rob_2030
GRWWRYGYTDQLEYYY,2,0,2.0,
GRWLYYGGCYQESYDY,2,0,2.0,
GRAWRFGYADQIEYQY,2,1,2.0,Rob_2908
GRWQYFGETYQTLHLY,2,0,2.0,Rob_9641
GRWNYFGPYEQDLYPY,2,0,2.0,Rob_11083
GEPNLFGFGYQHSYYY,2,1,2.0,Rob_7180
GRWNYYGPYEQSGYDY,2,1,2.0,Rob_7583
GRWDNYGSSDQEPYHY,2,1,2.0,
GRELRYGYNSQYEYFY,2,1,2.0,Rob_3135
GRSWSYGFDYQIEYEY,2,1,2.0,Rob_302
GLSWKYGFGDQELYKY,2,1,2.0,Rob_2098
GRPLFYGYNEQWLYEY,2,0,2.0,
GRWNYYGGWHQAEHEY,2,0,2.0,Rob_1376
GRTWRYGYSDQIEYEY,2,0,2.0,Rob_2460
GRNLYRGYNEQYEYYY,2,0,2.0,Rob_5465
GRWLYYGGRDQDLYSY,2,1,2.0,Rob_10649
GRNWHYGYTLQAEYEY,2,0,2.0,Rob_5763
GRPLYKGFDDQTNYHY,2,1,2.0,Rob_5148
GRVWRNGLSGQYEYEY,2,1,2.0,Rob_357
GRWNNFGPFDQQNYSY,2,1,2.0,Rob_4803
GRPLYRGTEYQWDFSY,2,0,2.0,Rob_5867
GRWLYYGPYDQFLYEY,2,0,2.0,Rob_4984
GRVLLYGKIYQPEYDY,2,1,2.0,Rob_5226
GRWDLFGKDDQDAHSY,2,0,2.0,
GRPNYLGYWDQWEYIY,2,1,2.0,Rob_9659
GLPWSYGYSWQAEYRY,2,1,2.0,Rob_8277
GRWWRYGSLDQDLYSY,2,0,2.0,Rob_3116
GQVNFYGYYEQYDYEY,2,1,2.0,
GFPLRYGYDDQGGYYY,2,1,2.0,Rob_8285
GRWNFEGRYEQGEYNY,2,0,2.0,Rob_6232
GLSLRSGFSDQLEYSY,2,1,2.0,Rob_732
GRSWRFGLWLQLENLY,2,0,2.0,Rob_1249
GRPNFYGYYEQDLYPY,2,0,2.0,Rob_6807
GRPNYFGYYEQYLYDY,2,0,2.0,Rob_6558
GFYWGYGSSVQMLYEY,2,0,2.0,
GRWLAFGPEQQNDYRY,2,1,2.0,Rob_4945
GRNWRWGFVEQDEYEY,2,0,2.0,
GRWLYHGKADQSEYLY,2,0,2.0,Rob_6190
GRNNYRGYIYQEEYYY,2,1,2.0,Rob_10096
GHSWRYGYDLQDEYEY,2,0,2.0,
GRWWSYGSDNQDEKYY,2,0,2.0,Rob_1252
GRWWYYGPLEQWLYHY,2,1,2.0,Rob_4268
GRAEYYGYAFQYDYNY,2,1,2.0,
GRWNYFGSRYQGNFEY,2,0,2.0,Rob_10915
GRSLHYGNQYQLQHSY,2,0,2.0,Rob_1030
GRTWRYGFFYQLEYEY,2,1,2.0,Rob_3196
GRWDYYGPSIQWDYWY,2,0,2.0,Rob_7709
GPVNFYGYYKQYDYNY,2,1,2.0,
GFPWRYGYFDQLEYEY,2,1,2.0,
GRGYRFGYNWQLLYEY,2,0,2.0,Rob_2932
GRPNYFGYTDQSNYYY,2,1,2.0,Rob_8005
GRWGLFGKYDQDNYEY,2,1,2.0,
GFECYYGSSVQMEYYM,2,1,2.0,
GRNEYYGYEIQYEYEW,2,0,2.0,
GRNLYKGFDLQSEYWY,2,1,2.0,Rob_4823
GRVWRYGLIYQEEYQY,2,1,2.0,Rob_298
GRVWRFGYSYQIEYYY,2,0,2.0,Rob_8530
GFCWHYGSSVQDLYYM,2,0,2.0,
GRWNYYGQYEQNNYDY,2,1,2.0,Rob_12048
GRNLYRGYEYQEEDNY,2,0,2.0,Rob_10087
GEWMYNGSSRQCEYRR,2,0,2.0,
GRNGYYGYLNQSEYLY,2,1,2.0,
GRWDMFGSFDQDNYDY,2,0,2.0,
GRWNYYGYYEQLLYPY,2,0,2.0,Rob_6469
GRWQAWGGPYQSEHYY,2,1,2.0,Rob_986
GRAWKFGYDDQMEYYM,2,0,2.0,
GRWLYYGPSDQHAYEY,2,1,2.0,Rob_10872
GHWYYFGPGFQNDYEY,2,1,2.0,
GEYWNFGSSRQCRYWR,2,1,2.0,
GRNNYFGYEFQEEYLY,2,0,2.0,Rob_10770
GRWDKYGSSFQDKYDY,2,0,2.0,
GRWLYYGDYEQDLYNY,2,1,2.0,Rob_6338
GRPLWYGYPEQTHFSY,2,0,2.0,Rob_4481
GRWNFYGPQAQALYEY,2,1,2.0,Rob_11728
GRVRAYGLDDLNEQYY,2,1,2.0,
GRSLRYGFEQQLENEY,2,1,2.0,Rob_2716
GRVWRFGLYFQKEYEY,2,1,2.0,Rob_522
GRIPWFGYNQQWNYEY,2,1,2.0,Rob_3970
GREYRYGYDDQFEYHY,2,0,2.0,Rob_3066
GRWNYYGFYDQNDYQY,2,1,2.0,Rob_7781
GRWDLFGAYDQYEYDY,2,0,2.0,
GRVWRWGLYDQYEYEY,2,0,2.0,Rob_620
GRNFRKGFEEQSEHWY,2,1,2.0,Rob_4757
GYNYQFGLPDQYEYRY,2,0,2.0,Rob_5510
GFEMHYGSSVQMEYYY,2,0,2.0,
VRWDLFGKLDQDAYSY,2,0,2.0,
GRVWSFGFGYQQDYLY,2,1,2.0,Rob_1953
GRVWNDGFGEQWEYSY,2,0,2.0,
GRNDYFGSYEQEEYEY,2,1,2.0,Rob_7668
