Sequence,Count_binding,Count_nsbinding,Enrichment_factor,ID
AIRWNGLDTY,52274,3264,16.01531862745098,Rob_11852
AIRWNGGSTY,33916,15725,2.156820349761526,Vsig4_WT
AIRWNGSSTY,13516,1835,7.36566757493188,Rob_7771
AIRWNGFYTY,6479,1062,6.10075329566855,Rob_7705
AIRWNGSFTY,2286,1689,1.3534635879218473,Rob_7409
AIRWNGNYTY,1555,467,3.329764453961456,Rob_6702
AIRWNGHYTY,938,237,3.957805907172996,Rob_6705
AIRWNGVDTY,93,64,1.453125,
AIRWHGVETY,75,51,1.4705882352941178,
AISMWGGSTY,75,71,1.056338028169014,
AIRWNDVETY,72,56,1.2857142857142858,
AISPFGGNTY,64,54,1.1851851851851851,Rob_116
AISYYGGSTY,63,56,1.125,
AIRYMGGSTY,59,50,1.18,
AIRCNGLDTY,53,0,53.0,
AIRRNGVETY,52,46,1.1304347826086956,
AIRWNGMDTY,51,2,25.5,
AILWNGLDTY,47,4,11.75,
AISAYGYATY,42,37,1.135135135135135,
AISPFGGATY,40,39,1.0256410256410255,Rob_3484
AISPFGLKTY,37,31,1.1935483870967742,Rob_668
AISPWGGHTY,37,35,1.0571428571428572,Rob_9085
AISPDGAVTY,36,32,1.125,Rob_2367
AIAPWGGRTY,34,26,1.3076923076923077,Rob_9079
AISPSGKNTY,34,30,1.1333333333333333,Rob_1063
AISPNGRYTY,33,30,1.1,Rob_2701
AIGPYGSWTY,32,24,1.3333333333333333,Rob_7145
AISPRGNWTY,31,29,1.0689655172413792,Rob_4023
AIRWNGVKTY,31,28,1.1071428571428572,
AIRCNGGSTY,30,20,1.5,
AIRWNGVATY,30,28,1.0714285714285714,
AIIYKGGSTY,30,29,1.0344827586206897,
AISPFGRFTY,29,26,1.1153846153846154,Rob_301
AIRWNGVETN,29,25,1.16,
AIMYVGGSTY,29,28,1.0357142857142858,
AISPFGHVTY,29,28,1.0357142857142858,Rob_1193
AIRWNCLDTY,28,0,28.0,
AISPNGGYTY,26,21,1.2380952380952381,Rob_4623
AISPDGRYTY,26,17,1.5294117647058822,Rob_2213
AISPFGSQTY,26,25,1.04,Rob_655
AISPFGRTTY,26,25,1.04,Rob_332
AISPFGLATY,25,21,1.1904761904761905,Rob_420
AIRWNGVEIY,25,24,1.0416666666666667,
AISPSGSLTY,24,23,1.0434782608695652,Rob_926
AIDPYGFYTY,24,21,1.1428571428571428,Rob_6290
AIQWNGLDTY,23,0,23.0,
AIDFMGGSTY,21,18,1.1666666666666667,
AISPYGSFTY,21,18,1.1666666666666667,Rob_6536
AISPYGDVTY,20,14,1.4285714285714286,Rob_7777
AILPYGSYTY,20,17,1.1764705882352942,Rob_6511
AISPFGKATY,20,18,1.1111111111111112,Rob_1337
AIAPFGLRTY,20,17,1.1764705882352942,Rob_124
AIRWNGLDTH,20,2,10.0,
AIRWNGVETD,20,15,1.3333333333333333,
AIAPFGMSTY,19,18,1.0555555555555556,
AIKWNGSYTY,18,9,2.0,Rob_11503
AIRWNGCSTY,18,8,2.25,
AISPFGSKTY,18,15,1.2,Rob_201
AINPYGSWTY,18,13,1.3846153846153846,Rob_7317
AIQYVGGSTY,18,16,1.125,
AIGPFGRKTY,18,9,2.0,Rob_569
AIGWYGEYTY,18,14,1.2857142857142858,
AIDPYGNSTY,18,10,1.8,Rob_12314
AISPFGQTTY,18,12,1.5,Rob_317
AIRLNGGSTY,18,7,2.5714285714285716,
AIDPYGAYTY,17,11,1.5454545454545454,Rob_7824
AIRWNGLYTY,17,6,2.8333333333333335,
AIRTFGGDTY,17,11,1.5454545454545454,Rob_4649
AISPRGDVTY,16,15,1.0666666666666667,Rob_4517
AISPFGIRTY,16,12,1.3333333333333333,Rob_141
AISPRGQLTY,16,12,1.3333333333333333,Rob_2326
AIFPYGQLTY,16,15,1.0666666666666667,Rob_6840
AITPLGLKTY,16,10,1.6,Rob_3928
AIRLNGLDTY,16,3,5.333333333333333,
AIAPFGFRTY,16,11,1.4545454545454546,Rob_489
AIAPFGDFTY,16,14,1.1428571428571428,Rob_433
AISPWGGFTY,16,10,1.6,Rob_2532
AIDPYGEWTY,16,14,1.1428571428571428,Rob_12178
AIAPFGRKTY,15,10,1.5,Rob_1497
AIRYSGGSTY,15,6,2.5,
AINPYGDSTY,15,11,1.3636363636363635,Rob_7352
AISPWGYRTY,15,10,1.5,Rob_6064
AISPNGNYTY,15,12,1.25,Rob_7082
AISPEGARTY,15,13,1.1538461538461537,Rob_9511
AIGPYGQYTY,15,13,1.1538461538461537,Rob_7084
AISPNGGSTY,15,11,1.3636363636363635,Rob_3414
AITPFGYTTY,15,11,1.3636363636363635,Rob_2906
AISPRGGYTY,15,13,1.1538461538461537,Rob_9075
AILPYGTYTY,15,5,3.0,Rob_6367
TIRWNGGSTY,14,5,2.8,
AIRWNCGSTY,14,11,1.2727272727272727,
AISPQGGQTY,14,13,1.0769230769230769,Rob_9429
AIGPFGSHTY,14,9,1.5555555555555556,Rob_3316
AIMYKGGSTY,14,10,1.4,
AISPSGTYTY,14,12,1.1666666666666667,Rob_43
AISPFGSETY,14,4,3.5,Rob_639
AISPFGDGTY,14,12,1.1666666666666667,Rob_1999
AIRWKGSGTY,14,13,1.0769230769230769,Rob_9363
AIEPYGRYTY,14,11,1.2727272727272727,Rob_9795
TIRWNGLDTY,14,4,3.5,
AIYPYGDRTY,14,10,1.4,Rob_7335
AISPYGARTY,14,9,1.5555555555555556,Rob_7426
AISPNGNITY,14,12,1.1666666666666667,Rob_1159
AIAPFGNNTY,13,4,3.25,Rob_1786
AISDYGYRTY,13,10,1.3,Rob_7188
AIGPFGERTY,13,8,1.625,Rob_838
AISPYGWRTY,13,12,1.0833333333333333,Rob_9632
AILWNGGSTY,13,6,2.1666666666666665,
AISPFGKTTY,12,7,1.7142857142857142,Rob_3548
AISPFGTNTY,12,10,1.2,Rob_617
AISPWGFRTY,12,10,1.2,Rob_1496
AIRFAGTETY,12,8,1.5,Rob_8955
AISPNGTTTY,12,11,1.0909090909090908,Rob_4200
AIRCNGDETY,12,5,2.4,
ARRWNGVETY,12,6,2.0,
AISPGGTGTY,12,11,1.0909090909090908,Rob_1135
AISANGSYTY,12,8,1.5,Rob_12075
AISPFGHWTY,12,10,1.2,Rob_2793
AIIYNGGSTY,12,11,1.0909090909090908,
AISPSGFNTY,12,7,1.7142857142857142,Rob_1387
AISPFGSATY,12,9,1.3333333333333333,Rob_179
AITPFGNYTY,12,8,1.5,Rob_4304
AISPFGATTY,12,8,1.5,Rob_536
AISPNGLYTY,11,8,1.375,Rob_1904
AISPSGFSTY,11,10,1.1,Rob_4443
AISDYGKYTY,11,6,1.8333333333333333,Rob_4671
AISDYGFYTY,11,4,2.75,Rob_4712
AISPYGGTTY,11,4,2.75,Rob_2414
AINPYGNYTY,11,5,2.2,Rob_4899
AISPFGTYTY,11,10,1.1,Rob_526
AMRWNGLDTY,11,0,11.0,
AISPTGYNTY,11,8,1.375,Rob_2315
AISDNGNITY,11,6,1.8333333333333333,Rob_11431
AISDYGDGTY,11,8,1.375,Rob_5266
AISPYGFTTY,11,9,1.2222222222222223,Rob_6224
AIGPFGLGTY,11,10,1.1,Rob_1894
AIRSFGGHTY,11,6,1.8333333333333333,Rob_4461
AITPFGKSTY,10,8,1.25,Rob_360
AISPIGYKTY,10,2,5.0,Rob_2722
AIAPNGSRTY,10,8,1.25,Rob_1171
AITPGGEYTY,10,9,1.1111111111111112,Rob_3283
AISPYGHSTY,10,7,1.4285714285714286,Rob_6963
AITYTGGSTY,10,7,1.4285714285714286,
AIAPFGHQTY,10,9,1.1111111111111112,Rob_2734
AISEYGGRTY,10,8,1.25,Rob_12086
AIGPFGEWTY,10,9,1.1111111111111112,Rob_8741
AIRWHGLDTY,10,1,10.0,
AIRWNGDYSY,10,6,1.6666666666666667,
AIRSNGVETY,10,7,1.4285714285714286,
AIAPEGNSTY,10,4,2.5,Rob_8715
AIRTFGSTTY,10,3,3.3333333333333335,Rob_9001
AITPFGERTY,9,8,1.125,Rob_3391
AIQWNGFYTY,9,0,9.0,
AIGWDCEYTY,9,7,1.2857142857142858,
AISPEGKYTY,9,5,1.8,Rob_5078
AIHWDGNTTY,9,2,4.5,Rob_11490
AINPYGDYTY,9,5,1.8,Rob_5734
AIAPFCGYTY,9,7,1.2857142857142858,
AIAPYGDYTY,9,8,1.125,Rob_4656
AISPNGESTY,9,8,1.125,Rob_955
AIGWDCGYTY,9,8,1.125,
AISPSGNYTY,9,3,3.0,Rob_10178
AIRWNCSSTY,9,2,4.5,
AISPEGGWTY,9,7,1.2857142857142858,Rob_8164
AILWNGDETY,9,5,1.8,
AIRWNGYETY,9,8,1.125,
AISPSGSTTY,9,6,1.5,Rob_3376
AISPSGYYTY,9,3,3.0,Rob_58
AISPRGNFTY,9,7,1.2857142857142858,Rob_3943
AIGPFGRTTY,9,7,1.2857142857142858,Rob_710
AINPYGDWTY,9,3,3.0,Rob_7998
AIAPFGRFTY,9,4,2.25,Rob_601
AIGPFGDFTY,9,5,1.8,Rob_8863
AIYYVGGSTY,9,3,3.0,
AISPYGSITY,9,5,1.8,Rob_11999
AIRPWGYQTY,9,3,3.0,Rob_2882
AISEYGEVTY,9,4,2.25,Rob_7628
AIRPIGSYTY,9,7,1.2857142857142858,Rob_1182
AISTNGGVTY,8,7,1.1428571428571428,Rob_9241
AILPYGNYTY,8,6,1.3333333333333333,Rob_7877
AIRWNGYYTY,8,5,1.6,
AIRWNGDSTY,8,2,4.0,
AISPNGYGTY,8,2,4.0,Rob_8664
AIRHSGWGTY,8,7,1.1428571428571428,Rob_8673
AISETGDYTY,8,4,2.0,Rob_5836
AISPFGGPTY,8,5,1.6,Rob_4086
AIYPYGGYTH,8,7,1.1428571428571428,
AIRCNGSSTY,8,3,2.6666666666666665,
AIGPVGDKTY,8,3,2.6666666666666665,Rob_270
AISPGGRYTY,8,4,2.0,Rob_8228
AISPLGFSTY,8,6,1.3333333333333333,Rob_3085
AILYNGGSTY,8,7,1.1428571428571428,
AIRWTGVETY,8,3,2.6666666666666665,
SIRWNGLDTY,8,1,8.0,
AIHPFGSGTY,8,5,1.6,Rob_8015
AIGPFGHYTY,8,6,1.3333333333333333,Rob_732
AINEYGYGTY,8,7,1.1428571428571428,
AIAPFGLKTY,8,6,1.3333333333333333,Rob_554
AITPFGSETY,8,6,1.3333333333333333,Rob_289
AIGLDGEYTY,8,7,1.1428571428571428,
AILPYGRYTY,8,5,1.6,Rob_6209
AIGPGGGGTY,7,6,1.1666666666666667,Rob_1131
AIAEYGNTTY,7,5,1.4,Rob_11741
AISFYGGSTY,7,6,1.1666666666666667,
AIRWNGVETF,7,4,1.75,
AIGPLGGRTY,7,2,3.5,Rob_3012
AIVPTGGRTY,7,0,7.0,Rob_9061
AIRPIGGETY,7,5,1.4,Rob_3398
AIDPFGVYTY,7,2,3.5,Rob_9971
AMRWNGGSTY,7,3,2.3333333333333335,
AIDPYGIYTY,7,6,1.1666666666666667,Rob_6661
AISPTGNRTY,7,6,1.1666666666666667,Rob_9435
AIRWYGLDTY,7,0,7.0,
AISANGYTTY,7,6,1.1666666666666667,Rob_4202
AIAPFGDYTY,7,6,1.1666666666666667,Rob_2428
AISPNGKFTY,7,5,1.4,Rob_7410
AIRWDGLDTY,7,0,7.0,
AIGPYGESTY,7,4,1.75,Rob_9556
AISPNGSTTY,7,5,1.4,Rob_1790
AIAPFGNDTY,7,3,2.3333333333333335,Rob_609
AISPFGTATY,7,1,7.0,Rob_3801
AIIFMGGSTY,7,3,2.3333333333333335,
AITPFGEWTY,7,5,1.4,Rob_8088
AIAPFGYETY,7,6,1.1666666666666667,Rob_296
AIEYVGGSTY,7,4,1.75,
AIRWNCVSTY,7,5,1.4,
AITPFGYRTY,7,5,1.4,Rob_503
AILWNGSSTY,7,5,1.4,
AIGPFGYSTY,7,3,2.3333333333333335,Rob_8426
AIDPFGERTY,7,2,3.5,Rob_3198
AISPIGGRTY,7,2,3.5,Rob_4352
VIRWNGLDTY,7,0,7.0,
AIVPFGGRTY,7,4,1.75,Rob_4057
AISPWGNSTY,7,2,3.5,Rob_3537
AIRYAGYYTY,7,6,1.1666666666666667,Rob_7693
AISPHGGYTY,7,3,2.3333333333333335,Rob_9109
AIRWNGSPTY,6,2,3.0,
AIAPYGTYTY,6,1,6.0,Rob_5068
AIGPYGHTTY,6,4,1.5,Rob_8227
AILMRGGSTY,6,4,1.5,
AIRWNGVYTY,6,0,6.0,
AIGWDGDYTY,6,4,1.5,
AINWGGARTY,6,3,2.0,Rob_4280
AIAPYGSHTY,6,4,1.5,Rob_11989
AIAPFGKRTY,6,4,1.5,Rob_175
AIAPYGISTY,6,1,6.0,
AIYPDGHKTY,6,4,1.5,Rob_6434
AIRYAGYSTY,6,2,3.0,Rob_7701
AISPLGRNTY,6,4,1.5,Rob_1624
AISPNGYITY,6,5,1.2,
AIRWNGLDIY,6,0,6.0,
AISPYGAHTY,6,4,1.5,Rob_7810
AIGPYGLRTY,6,5,1.2,Rob_4767
AISPYGDPTY,6,4,1.5,Rob_6650
AISEYGRTTY,6,3,2.0,Rob_12289
AIRYLGGSTY,6,1,6.0,
AIDWGGRYTY,6,3,2.0,Rob_6942
AIGEYGDYTY,6,3,2.0,Rob_7324
AIRPFGSRTY,6,5,1.2,Rob_8173
AISPYGNITY,6,5,1.2,Rob_7506
AIRWRGGGTY,6,2,3.0,Rob_9493
AILPYGRTTY,6,0,6.0,Rob_6394
AILPNGGGTY,6,4,1.5,Rob_8668
AIDPFGSYTY,6,4,1.5,Rob_4751
AITPFGSTTY,6,5,1.2,Rob_786
AISTSGGVTY,6,5,1.2,Rob_9243
AITPEGLYTY,6,1,6.0,Rob_8712
AISNNGSSTY,6,3,2.0,Rob_952
AIRWYGSSTY,6,0,6.0,
AISPYGRPTY,6,2,3.0,Rob_8988
AISPFGSDTY,6,4,1.5,Rob_166
AIEPFGGKTY,6,3,2.0,Rob_9152
AILPYGESTY,6,3,2.0,Rob_11404
AIGPFGLTTY,6,4,1.5,Rob_2058
AIAPRGARTY,6,5,1.2,Rob_4471
AISPWGRHTY,6,2,3.0,Rob_2539
AILFYGGSTY,6,3,2.0,
AIEYKGGSTY,6,3,2.0,
AISMRGGSTY,6,4,1.5,
AISPFGEATY,6,5,1.2,Rob_1845
AITPLGKSTY,6,4,1.5,Rob_8855
AIRHRGGQTY,6,2,3.0,Rob_4518
AINYTGGSTY,6,5,1.2,
AIYPYGIRTY,6,2,3.0,Rob_6452
AINTRGGQTY,6,2,3.0,Rob_9230
AINPRGDFTY,6,1,6.0,Rob_4107
AISPWGEYTY,5,0,5.0,Rob_5741
AITPFGFRTY,5,2,2.5,Rob_3596
AISPTGSNTY,5,4,1.25,Rob_3320
AISPLGEYTY,5,1,5.0,Rob_102
AILPYGQYTY,5,2,2.5,Rob_6593
AIGPWGKYTY,5,3,1.6666666666666667,Rob_3867
AITPFGFNTY,5,1,5.0,Rob_743
AISQYGYATY,5,3,1.6666666666666667,
VIRWNGVSTY,5,1,5.0,
AISPYGEDTY,5,1,5.0,Rob_11967
AIDPFGVNTY,5,3,1.6666666666666667,Rob_3705
AIGEYGWGTY,5,3,1.6666666666666667,
AICFYGGSTY,5,4,1.25,
AIRPWGDQTY,5,2,2.5,Rob_2880
AIRWYGGSTY,5,2,2.5,
AISNNGYRTY,5,2,2.5,Rob_3228
VIRWNGGSTY,5,0,5.0,
AISPYGRLTY,5,2,2.5,Rob_4763
AIDEYGDYTY,5,1,5.0,Rob_7475
AIRWNSLDTY,5,1,5.0,
AIRWHGGSTY,5,1,5.0,
AIVYLGGSTY,5,4,1.25,
AIRWNGSTTY,5,1,5.0,
AIRPRGGNTY,5,4,1.25,Rob_4161
AIAYTGGSTY,5,0,5.0,
AIYPLGEGTY,5,0,5.0,Rob_3082
AIRWNGPDTY,5,0,5.0,
AIGPFGISTY,5,2,2.5,Rob_2760
AIRCNGSATY,5,4,1.25,
AISPGGLDTY,5,4,1.25,Rob_588
AIVPYGTRTY,5,4,1.25,Rob_7858
AIDPFGKNTY,5,3,1.6666666666666667,Rob_3703
AIEPYGSYTY,5,2,2.5,Rob_11098
AISENGYYTY,5,4,1.25,Rob_6967
AIQYKGGSTY,5,3,1.6666666666666667,
AIVPYGNYTY,5,4,1.25,Rob_5490
AIAPYGYSTY,5,4,1.25,
AITPFGKYTY,5,1,5.0,Rob_359
AIAPFGLNTY,5,4,1.25,Rob_467
AISPLGKLTY,5,3,1.6666666666666667,Rob_2047
AISPFGIDTY,5,2,2.5,Rob_2580
AVRWNGVETY,5,3,1.6666666666666667,
AISPLGLSTY,5,3,1.6666666666666667,Rob_936
AILPYGKYTY,5,3,1.6666666666666667,Rob_6458
AISSFGDNTY,5,2,2.5,Rob_3527
AISPIGDFTY,5,3,1.6666666666666667,Rob_1256
TIRWNGSSTY,5,1,5.0,
AISPSGGRTY,5,2,2.5,Rob_4925
AIKYKGGSTY,5,3,1.6666666666666667,
AISPYGATTY,5,0,5.0,Rob_6991
AINPYGGRTY,5,2,2.5,Rob_3829
AISPNGSRTY,5,1,5.0,Rob_8993
AIRPYGRYTY,5,2,2.5,Rob_4983
AISPNGYKTY,5,3,1.6666666666666667,Rob_2390
AISWRGKHTY,5,2,2.5,Rob_9322
AIGPYGTYTY,5,3,1.6666666666666667,Rob_7831
AISASGARTY,5,3,1.6666666666666667,Rob_9504
AISPFGFGTY,5,4,1.25,Rob_1805
AITPYGNHTY,5,1,5.0,Rob_3759
AISPDGLYTY,5,4,1.25,Rob_10418
AISPFGTTTY,5,0,5.0,Rob_3926
AILPYGSRTY,5,3,1.6666666666666667,Rob_6797
AIAPFGSRTY,5,3,1.6666666666666667,Rob_2763
AIRWSGLDTY,5,2,2.5,
AIRLNGSSTY,5,0,5.0,
AISPTGLYTY,4,2,2.0,Rob_5000
AINPRGGWTY,4,3,1.3333333333333333,Rob_4416
AITPGGQFTY,4,1,4.0,Rob_1504
AIEPYGSNTY,4,0,4.0,Rob_11221
AIGPRGDGTY,4,3,1.3333333333333333,Rob_9331
AISERGAYTY,4,2,2.0,Rob_12114
AISPFGVATY,4,2,2.0,Rob_1511
AIMMAGGSTY,4,1,4.0,
AIIYLGGSTY,4,3,1.3333333333333333,
AISPVGNDTY,4,0,4.0,Rob_11386
AITDYGQRTY,4,1,4.0,Rob_10767
AITPFGADTY,4,2,2.0,Rob_3173
AISPFGKGTY,4,0,4.0,Rob_1078
AISPGGYQTY,4,3,1.3333333333333333,Rob_8030
AIRPFGGRTY,4,3,1.3333333333333333,Rob_560
ALRWNGVETY,4,1,4.0,
AIQPFGKETY,4,2,2.0,Rob_8912
AILPYGIRTY,4,0,4.0,Rob_11190
AIAPNGYKTY,4,1,4.0,Rob_2887
AIRPFGYETY,4,3,1.3333333333333333,Rob_2464
AIRWNCSATY,4,3,1.3333333333333333,
AIGPYGSSTY,4,1,4.0,Rob_9400
AISPGGSITY,4,3,1.3333333333333333,Rob_8028
AIRWIGVETY,4,3,1.3333333333333333,
VIAPYGEYTY,4,2,2.0,
AINMSGGSTY,4,3,1.3333333333333333,
AINENGNHTY,4,1,4.0,Rob_12162
AINPYGQSTY,4,1,4.0,Rob_11766
AISEYGRRTY,4,3,1.3333333333333333,Rob_12093
AINEYGGRTY,4,1,4.0,Rob_12246
AISKSGGYTY,4,3,1.3333333333333333,Rob_4589
AIAPFGARTY,4,3,1.3333333333333333,Rob_125
AIAPYGYRTY,4,3,1.3333333333333333,Rob_6566
AIMYAGGSTY,4,3,1.3333333333333333,
AISPRGQQTY,4,2,2.0,Rob_9203
AIRWNGRYAY,4,2,2.0,
AIHPYGSYTY,4,3,1.3333333333333333,Rob_7359
AISPLGRDTY,4,2,2.0,Rob_2934
AISPIGSLTY,4,1,4.0,Rob_8268
AIRPFGKWTY,4,3,1.3333333333333333,Rob_3878
AISPFGTGTY,4,3,1.3333333333333333,Rob_1143
AIRWNGIETY,4,1,4.0,
AIEFRGGYTY,4,1,4.0,Rob_9416
AIRPYGTETY,4,3,1.3333333333333333,Rob_9525
AIYPYGSYTY,4,3,1.3333333333333333,Rob_6272
AIQWNGVSTY,4,3,1.3333333333333333,
AISPYGSTTY,4,3,1.3333333333333333,Rob_6344
AILPPGGDTY,4,2,2.0,Rob_4222
AIRWNGVEPY,4,1,4.0,
AISPVGSITY,4,2,2.0,Rob_2323
AINFRGGYTY,4,3,1.3333333333333333,Rob_3988
AITPYGGITY,4,2,2.0,Rob_11149
AIRPFGEYTY,4,1,4.0,Rob_309
AINDYGDWTY,4,2,2.0,Rob_6927
AIEFRGDQTY,4,0,4.0,Rob_9414
AIGPFGAYTY,4,2,2.0,Rob_2720
AISSFGDSTY,4,2,2.0,Rob_1711
AIQWNGSSTY,4,1,4.0,
AISPFGHDTY,4,3,1.3333333333333333,Rob_3239
AITQYGYATY,4,2,2.0,
AISPSGTSTY,4,2,2.0,Rob_4446
AILPYGNRTY,4,1,4.0,Rob_7879
AIRPFGQETY,4,2,2.0,Rob_2587
AIDTYGNYTY,4,3,1.3333333333333333,Rob_10857
AIGYNGQLTY,4,3,1.3333333333333333,Rob_963
AIMYSGGSTY,4,0,4.0,
AIYPLGHGTY,4,0,4.0,Rob_3081
AISPVGRGTY,4,2,2.0,Rob_3733
AISEYGNFTY,4,3,1.3333333333333333,Rob_12294
AINPYGNLTY,4,3,1.3333333333333333,Rob_9265
AIDPYGKNTY,4,1,4.0,Rob_11784
AISHSGARTY,4,2,2.0,Rob_9507
AIAPSGLSTY,4,3,1.3333333333333333,Rob_2606
AISSYGQYTY,4,0,4.0,Rob_6097
AISPWGDGTY,4,1,4.0,Rob_2699
AILPPGGQTY,4,2,2.0,Rob_6419
AILWNGNYTY,4,0,4.0,
AIHGYGFRTY,4,2,2.0,Rob_10638
AINPGGSYTY,4,3,1.3333333333333333,Rob_4863
AIRWNGLDTN,4,0,4.0,
AITFMGGSTY,4,0,4.0,
AIKCNGYYTY,3,1,3.0,
AITPYGQYTY,3,0,3.0,Rob_5410
AILWNGDYTY,3,0,3.0,
AISPYVEYTY,3,2,1.5,
AIRMRGGSTY,3,2,1.5,
AIYPFGHRTY,3,0,3.0,Rob_6864
AIQYRGNYTY,3,0,3.0,Rob_9276
AIRWNGDETH,3,1,3.0,
AIRCNGFYTY,3,1,3.0,
AIAPLGNSTY,3,1,3.0,
AITPFGHSTY,3,0,3.0,Rob_2146
AIRWNGEETY,3,1,3.0,
AISPLGWHTY,3,1,3.0,Rob_30
AIGPFGNLTY,3,0,3.0,Rob_3715
AISPYGLNTY,3,0,3.0,Rob_11815
AIMYWGGSTY,3,1,3.0,
AISPGGGSTY,3,1,3.0,
AISTSGGNTY,3,1,3.0,Rob_9246
EIRWNGGSTY,3,1,3.0,
AIRYAGSFTY,3,1,3.0,Rob_6617
AIGPIGYSTY,3,0,3.0,Rob_8424
AIAPFGQGTY,3,2,1.5,Rob_295
AITPFGQNTY,3,1,3.0,Rob_3265
AIKPWGGSTY,3,1,3.0,
AITPFGRNTY,3,0,3.0,Rob_2497
AIRCNGSFTY,3,0,3.0,
AISEFGSRTY,3,1,3.0,Rob_11147
AIPEYGYATY,3,2,1.5,
AIKPNGRYTY,3,2,1.5,Rob_12334
AIAPNGSLTY,3,2,1.5,Rob_496
AIRWNCFYTY,3,2,1.5,
AISPLGLGTY,3,2,1.5,Rob_8692
AISPSGSGTY,3,1,3.0,Rob_75
AIKAYGSRTY,3,1,3.0,Rob_6938
AIGPEGFNTY,3,1,3.0,Rob_8538
AISPYGYTTY,3,0,3.0,Rob_6226
AIRWNGLDNY,3,0,3.0,
AIRMCGGSTY,3,2,1.5,
AISPFCFSTY,3,1,3.0,
AISPGGRKTY,3,2,1.5,Rob_103
AINYRGEYTY,3,1,3.0,Rob_3986
AILPYGDATY,3,0,3.0,Rob_7132
AIPYYGGSTY,3,1,3.0,
AIVPRGGGTY,3,2,1.5,Rob_9337
AILPYGLNTY,3,2,1.5,Rob_7355
AISPWGAYTY,3,2,1.5,Rob_2362
AISPFGFHTY,3,0,3.0,Rob_920
AIRPNGSYTY,3,2,1.5,Rob_2910
AISGHGLATY,3,1,3.0,Rob_70
AILPFGLRTY,3,0,3.0,Rob_3021
AIDPFGDYTY,3,2,1.5,Rob_7270
AIIPGGGRTY,3,2,1.5,Rob_4637
AIYPYGDNTY,3,2,1.5,Rob_7049
AIVYCGGSTY,3,1,3.0,
AIDSYGGYTY,3,2,1.5,Rob_4374
AILYAGGSTY,3,0,3.0,
AISPIGKFTY,3,1,3.0,Rob_8520
AIGPFGQNTY,3,1,3.0,Rob_2676
AISQFGASTY,3,0,3.0,
AISPFGVETY,3,1,3.0,Rob_1407
SIRWNGGSTY,3,1,3.0,
AITPYGNFTY,3,1,3.0,Rob_6692
AISPVGFSTY,3,0,3.0,Rob_3546
AIGPYGKHTY,3,2,1.5,Rob_10602
AISNYGGYTY,3,1,3.0,Rob_9855
AILPYGGRTY,3,2,1.5,Rob_11414
AIGWDGEYAY,3,0,3.0,
AITPYGDRTY,3,0,3.0,Rob_9296
AISGIDSKTY,3,0,3.0,
AITPSGAFTY,3,1,3.0,Rob_1834
AITPYGRGTY,3,1,3.0,Rob_10150
AIRPFGLDTY,3,0,3.0,Rob_2405
AINPFGNNTY,3,1,3.0,Rob_4196
AISPNGDETY,3,0,3.0,
AIGNIGRKTY,3,0,3.0,Rob_4558
AISEYGSLTY,3,2,1.5,Rob_11723
AISPFGALTY,3,2,1.5,Rob_2714
AIRWNGLDAY,3,0,3.0,
AIAPFGHHTY,3,2,1.5,Rob_2383
AIGSFGDITY,3,0,3.0,Rob_3861
AISSFGEYTY,3,2,1.5,Rob_3393
AISPFGRKTY,3,1,3.0,Rob_1220
AIRWNSDETY,3,2,1.5,
AIEVNGGNTY,3,1,3.0,Rob_9485
AISPLGLKTY,3,2,1.5,Rob_685
AISPWGKYTY,3,1,3.0,Rob_9852
AIGEYGRYTY,3,2,1.5,Rob_11624
VIGWDGEYTY,3,0,3.0,
AIAPWGSFTH,3,1,3.0,
AIGPYGNNTY,3,2,1.5,Rob_7510
AIRPLGGTTY,3,1,3.0,Rob_8930
AITPFGQYTY,3,1,3.0,Rob_3159
AIAPLGWSTY,3,2,1.5,Rob_2926
AINPAGNYTY,3,1,3.0,Rob_5861
AIAPFGWKTY,3,2,1.5,Rob_8887
AIRPFGSSTY,3,1,3.0,Rob_2465
AISPYGYDTY,3,1,3.0,Rob_7587
AITPFGIKTY,3,1,3.0,Rob_1342
AIAPYGDKTY,3,2,1.5,Rob_7311
AIKWNGVETY,3,0,3.0,
AISYFGGSTY,3,0,3.0,
AIAPFGHYTY,3,2,1.5,Rob_1898
AIVPYGTETY,3,1,3.0,Rob_7778
AISPDGKYTY,3,1,3.0,
AINTYGNYTY,3,2,1.5,Rob_9721
AINNGGGLTY,3,1,3.0,Rob_9197
AIFPYGSNTY,3,1,3.0,Rob_12138
AIAPYGWSTY,3,1,3.0,
AIRWNGISTY,3,1,3.0,
AIGPFGHNTY,3,1,3.0,Rob_1925
AIGPRGARTY,3,2,1.5,Rob_2304
AIASFGGYTY,3,2,1.5,
AINPGGWGTY,3,2,1.5,Rob_2126
AIGPFGLHTY,3,2,1.5,Rob_1636
AISQYGYGTY,3,0,3.0,
AIAPKGYQTY,3,2,1.5,Rob_3054
AILWNGSFTY,3,0,3.0,
AIKIFGFKTY,3,0,3.0,Rob_6882
AITPYGYRTY,3,1,3.0,Rob_48
AITPFGDATY,3,0,3.0,Rob_3049
AIRGNGVETY,3,2,1.5,
AISEYGYGTS,3,1,3.0,
AIAPFGILTY,3,0,3.0,
AISEHGYGTY,3,1,3.0,
AILPYGKTTY,3,2,1.5,Rob_6393
AISWRGWHTY,3,2,1.5,Rob_9324
AIGPGGGLTY,3,1,3.0,Rob_1628
AITEYGYATS,3,1,3.0,
AIYFMGGSTY,3,1,3.0,
AIDYAGGSTY,3,1,3.0,
AIRPFGFNTY,3,2,1.5,Rob_3763
AISEYGHATY,3,2,1.5,
AINPYGIATY,3,2,1.5,Rob_7422
AIRLFGASTY,3,0,3.0,Rob_3016
AIGPLGGYTY,3,2,1.5,Rob_4587
AISEYGKFTY,3,2,1.5,Rob_11514
AIKPYGNYTY,3,2,1.5,Rob_7250
AIAPFGINTY,3,2,1.5,Rob_391
AIRPYGAYTY,3,2,1.5,Rob_11266
AIRYSGLTTY,3,1,3.0,Rob_8353
AISPYGKKTY,3,2,1.5,Rob_6473
AIRWKGLDTY,3,0,3.0,
AISPGGWHTY,3,1,3.0,Rob_1478
AINPYGRPTY,3,1,3.0,Rob_7087
AISPFGDSTH,3,1,3.0,
AISPDGLTTY,3,0,3.0,
AIRWNGSVTY,3,1,3.0,
AIKIAGGDTY,3,2,1.5,Rob_9166
AISGGGRETY,3,0,3.0,Rob_156
AISPNGSGTY,3,1,3.0,Rob_8545
AIRWSGSSTY,2,0,2.0,
AIGSYGNYTY,2,0,2.0,Rob_6113
AIVPFGARTY,2,1,2.0,Rob_9531
AISEYGTGTY,2,1,2.0,Rob_11461
AITEYGHNTY,2,0,2.0,Rob_6761
AITPFGIGTY,2,1,2.0,Rob_291
AISPWGHRTY,2,1,2.0,Rob_9026
AINWSGSHTY,2,0,2.0,
AIRWNGSSTH,2,1,2.0,
AIGPRGYRTY,2,0,2.0,Rob_4062
AITPFGEKTY,2,0,2.0,Rob_2730
AIRCNGDYTY,2,1,2.0,
AILPNGSATY,2,1,2.0,Rob_6429
AISKYGYSTY,2,0,2.0,
AINPFGRHTY,2,1,2.0,Rob_3558
AIAPFGGYTN,2,0,2.0,
AIRWNGFYTH,2,0,2.0,
AISDKGKKTY,2,0,2.0,Rob_1000
AITPFGSGTY,2,1,2.0,Rob_603
AIRWNVLDTY,2,0,2.0,
AISPEGYFTY,2,1,2.0,Rob_8921
AISMWGGYTY,2,0,2.0,
AIKWNGDETY,2,0,2.0,
AIAPFGIKTY,2,1,2.0,Rob_826
AIAPWGIFTY,2,0,2.0,
AITPYGYNTY,2,1,2.0,Rob_7487
AIQPFGAGTY,2,1,2.0,Rob_2032
AIRWKGSATY,2,0,2.0,
AILWNGHYTY,2,0,2.0,
AISGNGYTTY,2,0,2.0,Rob_2485
AITPFGVSTY,2,0,2.0,Rob_1494
AIRSFGYSTY,2,0,2.0,Rob_2470
AITPWGISTY,2,1,2.0,Rob_3105
AITPFGNETY,2,1,2.0,Rob_8744
AINCNGKYTY,2,0,2.0,
AISNSGYNTY,2,1,2.0,Rob_9195
AIGPYGDATY,2,1,2.0,Rob_9554
AITPFGSRTY,2,0,2.0,Rob_1306
AIGWDGEHTY,2,0,2.0,
AIVPRGDWTY,2,1,2.0,Rob_4583
AISPRGYRTY,2,1,2.0,Rob_4365
AIAMAGGSTY,2,1,2.0,
AIRPDGYYTY,2,1,2.0,Rob_3607
AISPRGADTY,2,1,2.0,Rob_4133
AIAPKGYRTY,2,1,2.0,Rob_8490
AIKPYGGVTY,2,0,2.0,Rob_7161
AIYPFGLRTY,2,1,2.0,Rob_6865
TINWSGSRTY,2,0,2.0,
AISDFGLYTY,2,0,2.0,Rob_11388
AIIMWGSSTY,2,0,2.0,
AIRWNVSSTY,2,0,2.0,
AIAPFGPSTY,2,1,2.0,
VIRWNGSSTY,2,0,2.0,
AIGPFGHWTY,2,1,2.0,Rob_2567
AIRRNGLDTY,2,0,2.0,
AIRWNGGSAY,2,0,2.0,
AISPYGSPTY,2,1,2.0,Rob_6441
AIVPFGYRTY,2,0,2.0,
AIAPWGSVTY,2,1,2.0,
AITEYGRDTY,2,0,2.0,Rob_6759
AISPAGKYTY,2,0,2.0,
AIHPYGYKTY,2,1,2.0,Rob_6384
AIVPRGGYTY,2,1,2.0,Rob_4005
AIAPFGEYTN,2,0,2.0,
AIPWNGLDTY,2,0,2.0,
AIAPFGLSTN,2,1,2.0,
AIGPNGEWTY,2,0,2.0,
AIAPYGRRTY,2,0,2.0,
AIGRFGGVTY,2,1,2.0,Rob_4098
AILPYGYYTY,2,0,2.0,Rob_4965
AIRWNDLDTY,2,1,2.0,
AIASFGEYTY,2,0,2.0,
AIQNSGGHTY,2,1,2.0,Rob_9302
AISPLGRTTY,2,0,2.0,Rob_37
AITPVGYSTY,2,0,2.0,Rob_1297
AISPFGQTTF,2,0,2.0,
AISPFGIQSY,2,0,2.0,
AIGPFGELTY,2,0,2.0,
AIKPNGTDTY,2,0,2.0,Rob_11426
AIQNSGNYTY,2,1,2.0,Rob_9307
AIKPFGLTTY,2,0,2.0,Rob_1657
AINSYGDYTY,2,0,2.0,Rob_5505
AISTNGQYTY,2,0,2.0,Rob_10768
AIRLNGFYTY,2,0,2.0,
AIRWNGQDTY,2,0,2.0,
AISPFGAITY,2,1,2.0,Rob_8874
AIRPIGRETY,2,1,2.0,Rob_3399
AITPNGRYTY,2,1,2.0,Rob_6670
AISGSGRSTY,2,0,2.0,Rob_157
AISPAGENTY,2,0,2.0,Rob_1909
AIRWNGLHTY,2,0,2.0,
EISEYGWGTY,2,1,2.0,
AIRPFGWKTY,2,0,2.0,Rob_117
AIKFYGGSTY,2,0,2.0,
AITPIGYSTY,2,1,2.0,Rob_3405
AIAPFGKLTY,2,0,2.0,
AISPNGSWTY,2,1,2.0,Rob_2664
AIGEYGQYTY,2,0,2.0,Rob_10523
AMSEYGWGTY,2,1,2.0,
ARSEYGYATY,2,1,2.0,
AIRWNALDTY,2,0,2.0,
AISPYGWETY,2,0,2.0,Rob_11838
AIRPWGSLTY,2,0,2.0,Rob_8677
AIDPYGQVTY,2,1,2.0,Rob_11224
AIRPFGHFTY,2,0,2.0,Rob_9162
AIGPFGTYTY,2,1,2.0,Rob_947
AIGPSGYNTY,2,1,2.0,Rob_3189
AIKVYGDRTY,2,1,2.0,Rob_11141
AMGWDGGYTY,2,0,2.0,
AIAPFGSTTY,2,1,2.0,Rob_1097
AITPTGSYTY,2,1,2.0,Rob_5485
AITPYGQNTY,2,0,2.0,Rob_7078
AIYPYGRTTY,2,0,2.0,Rob_6628
AINPYGYDTY,2,1,2.0,Rob_5104
AIRPFGDYTY,2,0,2.0,Rob_1988
AIRWYGEETY,2,0,2.0,
AIYPFGHKTY,2,1,2.0,Rob_6863
AIGDNGYYTY,2,0,2.0,Rob_3149
AISPFGYPTY,2,1,2.0,
AIRTFGYSTY,2,0,2.0,Rob_8215
AIGPWGNSTY,2,0,2.0,Rob_8101
AMRWNGSSTY,2,0,2.0,
AITDGGNYTY,2,1,2.0,Rob_10363
AIKASGYLTY,2,0,2.0,Rob_2273
AIYPYGKYTY,2,1,2.0,Rob_6285
AIAPWGNFTY,2,0,2.0,
AIQPFGNRTY,2,0,2.0,Rob_2783
AIATFGISTY,2,1,2.0,
RIMMWGGSTY,2,0,2.0,
AISPDGHYTY,2,1,2.0,Rob_10275
AIKTFGGNTY,2,0,2.0,Rob_4177
AITPLGSYTY,2,0,2.0,Rob_1229
AIRWNGGSIY,2,1,2.0,
AIRYSGLHTY,2,0,2.0,Rob_8354
AIAPFGWNTY,2,1,2.0,Rob_3094
RYDRGVVQPI,2,0,2.0,
AIGPFGTHTY,2,1,2.0,Rob_1635
AITEYGRYTY,2,0,2.0,Rob_11942
AINDYGSHTY,2,1,2.0,Rob_7532
AIDTYGRYTY,2,0,2.0,Rob_9921
AIAPEGYFTY,2,0,2.0,Rob_8919
AIGWDDGYTY,2,0,2.0,
AIRPWGNDTY,2,1,2.0,Rob_2877
AISDYGDDTY,2,1,2.0,Rob_12007
AITMRGGSTY,2,0,2.0,
AISPFGAGTY,2,1,2.0,Rob_1454
AIQWNGDYTY,2,1,2.0,
SIAPFGSYTY,2,0,2.0,
AISPYGAVTY,2,1,2.0,Rob_7159
AIDPYGELTY,2,1,2.0,Rob_12177
AIKPFGYKTY,2,1,2.0,Rob_8428
TISPFGKYTY,2,0,2.0,
AIRPKGDRTY,2,1,2.0,Rob_11377
AIQSYGNYTY,2,0,2.0,Rob_4810
AITPQGGLTY,2,1,2.0,Rob_8064
AISGYGSYTY,2,0,2.0,Rob_5359
AIYPYGSFTY,2,1,2.0,Rob_12158
AINPFGYKTY,2,1,2.0,Rob_3932
AIIPFGRNTY,2,0,2.0,Rob_4166
AISPWSNYTY,2,0,2.0,
AIRLGGTNTY,2,0,2.0,Rob_4139
AIDPYGDLTY,2,0,2.0,
AIGWDGGHTY,2,1,2.0,
AILPNGGYTY,2,0,2.0,Rob_8005
AIRPFGHYTY,2,0,2.0,Rob_7979
AINPAGQWTY,2,0,2.0,Rob_8896
AIYPFGNGTY,2,0,2.0,Rob_1424
AIRWYGDYTY,2,0,2.0,
AISGYGDYTY,2,1,2.0,Rob_4780
AISYRGNETY,2,0,2.0,Rob_4258
AIGPTGYGTY,2,1,2.0,Rob_3478
AISEYGYGTD,2,1,2.0,
AISPRGKYTY,2,1,2.0,Rob_2629
AISEFGRHTY,2,1,2.0,Rob_7612
AIRFMGGSTY,2,0,2.0,
AIGPSGRTTY,2,1,2.0,Rob_1223
AIRLNGSFTY,2,0,2.0,
AISPKGYSTY,2,0,2.0,Rob_1299
AIRWSGDETY,2,0,2.0,
AIRIWGGSTY,2,0,2.0,
AIEYYCGSTY,2,0,2.0,
AIKPHGSSTY,2,0,2.0,Rob_3856
AITPYGQSTY,2,0,2.0,Rob_7077
AIHPRGAYTY,2,1,2.0,Rob_9496
AISPYGKSTY,2,1,2.0,Rob_7059
ARRWNGLDTY,2,0,2.0,
AISDYGKSTY,2,0,2.0,Rob_7461
AIIPSGGHTY,2,1,2.0,Rob_9202
AINPYGWHTY,2,0,2.0,Rob_5866
AIQGYGGSTY,2,1,2.0,Rob_9191
AIRPYGYGTY,2,1,2.0,Rob_9490
AISDYCDWTY,2,1,2.0,
TITPFGGYTY,2,0,2.0,
AKRWNGVETY,2,0,2.0,
AISPLGGTTY,2,1,2.0,Rob_36
AIRLDGFATY,2,0,2.0,Rob_7549
SIAPFGYQTY,2,1,2.0,
AIATWGSFTY,2,0,2.0,
AIRWDGYVTY,2,0,2.0,
