Sequence,Count_binding,Count_nsbinding,Enrichment_factor,ID
GRWDLFGSFDQDNYEY,173977,173681,1.0017042739274877,Rob_6731
GRWDRHGAYDQYEYDY,56093,33119,1.6936803647453123,Rob_11197
GRWDKYGSSFQDEYDY,22286,19869,1.1216467864512558,Vsig4_WT
GRWDLFGSYDQDNYDY,15939,15720,1.0139312977099237,
GRWYYFGPGFQNDYEY,5458,5329,1.0242071683242635,Rob_5904
GPVNFYGYYEQYDYEY,1970,1956,1.007157464212679,Rob_11438
GRVCNYGFGEQWEYSY,994,189,5.2592592592592595,
GRVWNYGFCEQWEYSY,724,195,3.712820512820513,
GRVWNYVFGEQWEYSY,623,168,3.7083333333333335,
GRWDFYGAFEQESYDY,595,500,1.19,Rob_11510
GRWDRFGQYHQNDYSY,553,467,1.1841541755888652,Rob_11741
GRVWNYGFGEQLEYSY,496,148,3.3513513513513513,
VRVWNYGFGEQWEYSY,473,100,4.73,
GRVYRYGYLDQGEYYY,453,439,1.031890660592255,Rob_8787
GRWDHYGYYEQYLYDY,448,438,1.0228310502283104,
GRWDLFGKLDQDAYSY,433,374,1.1577540106951871,Rob_7405
GRVLNYGFGEQWEYSY,382,86,4.441860465116279,
GRWDRHGAYDQYEYEY,332,259,1.281853281853282,
GRWRYFGNFDHNEYEY,325,65,5.0,
GRWDLFGKFDQDEYDY,323,294,1.098639455782313,
GRVWNYGFGEQCEYSY,313,113,2.769911504424779,
GRWDLFGKLDQAAYDY,309,262,1.1793893129770991,Rob_7414
GRWDYYGAYEQWNYEY,302,294,1.0272108843537415,Rob_11877
GRWDLFGSFDQYNYEY,285,128,2.2265625,
GRAEYYGYAFQYYFEY,251,44,5.704545454545454,
GRWNFYGGYEQENYEY,243,231,1.051948051948052,Rob_7534
GEWWTLGSSRQCMYYR,236,208,1.1346153846153846,
GHVWNYGFGEQWEYSY,223,219,1.0182648401826484,
GRWDLFGSYDHDNYEY,220,50,4.4,
GRWDYYGYYDQFEYDY,205,173,1.1849710982658959,Rob_7066
GRLDLFGSFDQDNYEY,202,35,5.771428571428571,
GRWDLFGYIDQYNYDY,191,189,1.0105820105820107,
GRWDLWGEYEQRNYEY,187,184,1.016304347826087,Rob_6996
GRWDLFGSFDQDNYEM,187,175,1.0685714285714285,
GRWDLFGSFDHDNYEY,184,51,3.607843137254902,
GRWDYYGAYEQGNYEY,183,174,1.0517241379310345,Rob_11878
GRWNFYGSYEQENYEY,182,173,1.0520231213872833,Rob_7537
GRWDRNGAYDQYEYDY,180,15,12.0,
GRWDRHGAYDQYEYYY,176,52,3.3846153846153846,
GRLDLFGSYDQDNYEY,176,31,5.67741935483871,
GRWDLFGSYYQDNYEY,171,44,3.8863636363636362,
GRWDLFGSFDQDNYGY,166,158,1.0506329113924051,
GRWDLFGSYDQYNYEY,152,47,3.234042553191489,
GRWDYYGYGEQDNYEY,146,122,1.1967213114754098,Rob_7214
VRWDLFGSFDQDNYEY,134,19,7.052631578947368,
GRWDLFGSFDQDNYAY,133,123,1.08130081300813,
GRWDTYGEGDQDNYQY,132,96,1.375,Rob_12338
GRAEYYGYAFKYDFEY,131,24,5.458333333333333,
GRNYRFGFYYQPEYNY,130,127,1.0236220472440944,Rob_5920
GFYWNYGSSMQCLYFF,130,112,1.1607142857142858,
GFYYILGSSFQCMYYY,121,110,1.1,
GRSWRKGFDDQYEYEY,120,102,1.1764705882352942,Rob_539
GRWDLFGSFDQDNYSY,119,85,1.4,
GRWDLFGKYDHDNYEY,117,103,1.1359223300970873,
GRWDLFGSYDQRNYEY,116,94,1.2340425531914894,Rob_6745
GRVRNYGFGEQWEYSY,115,98,1.1734693877551021,
GRWDLFGSYDQDNYGY,114,91,1.2527472527472527,
VRWDLFGSYDQDNYEY,112,30,3.7333333333333334,
GRLRYFGNFDQNEYEY,109,26,4.1923076923076925,
GRWDFYGSSDQSNYNY,109,82,1.329268292682927,Rob_6578
GRWDLFGSFYQDNYEY,105,26,4.038461538461538,
GRWDLFGNYDQDNYEY,104,103,1.0097087378640777,
GRAEYYGYVFQYDFEY,104,88,1.1818181818181819,
GRINFFGYYEQYLFEY,103,85,1.2117647058823529,
VRWRYFGNFDQNEYEY,102,21,4.857142857142857,
GRWCYFGNFDQNEYEY,101,100,1.01,
GRWDLFGSYDQDNYYY,101,68,1.4852941176470589,
GRWDLFGSFDKDNYEY,99,19,5.2105263157894735,
GRWDRHVAYDQYEYDY,95,17,5.588235294117647,
GRPFYYGFGGQYNYGY,94,85,1.1058823529411765,Rob_5072
GRVCNYGFGEQWEYNY,93,16,5.8125,
GRWDLFGSYDKDNYEY,89,19,4.684210526315789,
GRWDYYGYYDQSEYDY,86,75,1.1466666666666667,Rob_7065
GRWDTFGSDDQSNYAY,85,82,1.0365853658536586,Rob_12331
GRWDLFGSYDRDNYEY,83,80,1.0375,
GRWDYYGQYEQDLYSY,83,68,1.2205882352941178,Rob_12011
GFYWIYGSSMQCMYFF,82,66,1.2424242424242424,
GRWDYYGWYEQTSYEY,79,69,1.144927536231884,Rob_6491
GFYYFLGSSFQCMYFY,78,64,1.21875,
GRCDLFGSYDQDNYEY,76,24,3.1666666666666665,
GRVWNYGFGEQWEYRY,76,47,1.6170212765957446,
GRWDLFVSFDQDNYEY,75,13,5.769230769230769,
GRWLYFGPEDQNSYEY,74,63,1.1746031746031746,Rob_10634
GRVWNYGFCEQWEYNY,71,18,3.9444444444444446,
GRWDFYGYNEQSNYSY,69,57,1.2105263157894737,Rob_11691
GRAEYYVYAFQYDFEY,67,12,5.583333333333333,
GRWYLFGSFDQDNYEY,65,23,2.8260869565217392,
GFYYILGSSFQCMYFY,64,39,1.641025641025641,
GRWYLFGSYDQDNYEY,64,23,2.782608695652174,
GRWDLFVKYDQDNYEY,64,4,16.0,
GRWDLFVSYDQDNYEY,64,12,5.333333333333333,
GRWNFRGNYEQELYEY,63,58,1.0862068965517242,Rob_7110
GRWDLFGKYDQYNYEY,63,10,6.3,
VRAEYYGYAFQYDFEY,63,15,4.2,
GPVNFYGYYEQYYYNY,62,10,6.2,
GRWRYFGNFDKNEYEY,61,8,7.625,
RRVWNYGFGEQWEYSY,60,26,2.3076923076923075,
GRWDYFGFYEQFEYNY,60,51,1.1764705882352942,
GRVWNYGFGEQWEHSY,60,48,1.25,
GRLDRHGAYDQYEYDY,60,8,7.5,
GRWDLFGSYDQDNYNY,59,54,1.0925925925925926,
GRWDPFGSYDQDNYEY,59,53,1.1132075471698113,
GFYWRYGSSMQCMYFF,59,49,1.2040816326530612,
GRWDRFGNYEQYLYEY,58,47,1.2340425531914894,Rob_11108
GFYWVYGSSMQCLYFF,57,47,1.2127659574468086,
GRVWNYGFGEQWEYIY,57,27,2.111111111111111,
GRWDKYGSSFQDEYYY,56,11,5.090909090909091,
GFYYIWGSSFQCMYFY,56,46,1.2173913043478262,
GRWLYYGPYYQENYEY,56,46,1.2173913043478262,Rob_10664
GRWDLFGSHDQDNYEY,55,49,1.1224489795918366,
GRVWNYVFGEQWEYNY,55,13,4.230769230769231,
GRWDRHGAYDQDEYGY,55,35,1.5714285714285714,
GRCDLFGSFDQDNYEY,54,24,2.25,
GRWDYYGAYEQYLYDY,53,30,1.7666666666666666,Rob_12190
GRWDMFGSFDQDNYEY,53,7,7.571428571428571,
GRWDYYGSYEQTSYEY,52,46,1.1304347826086956,Rob_6490
GRLWNYGFGEQWEYSY,52,42,1.2380952380952381,
GRWDHYGYYEQYDYDY,51,40,1.275,Rob_7606
GRVLWRGYYYQELYGY,50,42,1.1904761904761905,Rob_4080
VRVWNYGFGEQWEYNY,50,15,3.3333333333333335,
VRWDRHGAYDQYEYDY,50,5,10.0,
GRWDRHGAYYQYEYDY,49,10,4.9,
GRLDLFGKYDQDNYEY,49,16,3.0625,
GFYWCYGSSMQCLYFF,48,47,1.0212765957446808,
GRWRYFGNFYQNEYEY,48,16,3.0,
GRWDKYGSSFKDEYDY,48,13,3.6923076923076925,
GFYWEYGSSMQCLYFF,47,28,1.6785714285714286,
GHWDRHGAYDQYEYDY,47,28,1.6785714285714286,
GRWRYFVNFDQNEYEY,46,8,5.75,
GFYWKYGSSMQCMYFF,46,40,1.15,
GRWDRHGAYDQYEYNY,46,34,1.3529411764705883,
GRWDYYGPHDQWDYTY,45,41,1.0975609756097562,Rob_7714
GRWDLFGKFDQHNYEY,44,34,1.2941176470588236,
GRVWNYGLGEQWEYSY,44,21,2.0952380952380953,
VRWDLFGKYDQDNYEY,43,16,2.6875,
GRWDMFGSYDQDNYEY,43,14,3.0714285714285716,
GFYYFMGSSYQCMYYQ,42,32,1.3125,
GRWDLFGSFDLDNYDY,42,39,1.0769230769230769,
GRWDRHGASDQYEYDY,42,21,2.0,
GRVWNYGFGEQWDYSY,41,29,1.4137931034482758,
GRWDHHGAYDQYEYDY,41,39,1.0512820512820513,
GRWDYYGAYEQILYDY,41,35,1.1714285714285715,Rob_12192
GRWDRFGAYTQWNYSY,41,39,1.0512820512820513,Rob_12075
GRWNYYGGEDQASYSY,40,34,1.1764705882352942,Rob_11803
GRVWNYGFVEQWEYSY,40,31,1.2903225806451613,
GRWDLFGSFDQDNYKY,40,37,1.0810810810810811,
GRINFYGYYEQYLFDY,40,25,1.6,
GRWWRFGPDEQYRFTY,40,28,1.4285714285714286,Rob_4199
GLVWNYGFGEQWEYSY,40,16,2.5,
GRYEYYGDLEQIRFDY,39,31,1.2580645161290323,Rob_10338
GRVWRFGLWEQIEYEY,39,23,1.6956521739130435,Rob_786
GRCNYYGQWWQEEYYY,39,6,6.5,
GRWDLFGSYDQDNYEW,39,33,1.1818181818181819,
GRVWNYGFGEQREYSY,38,21,1.8095238095238095,
GFYWKYGSSMQCLYFF,38,32,1.1875,
GFYWRYGSSMQCLYFF,38,34,1.1176470588235294,
GRWDYYGFYEQDLYPY,37,31,1.1935483870967742,Rob_7009
GRWDYYGAYEQPNYEY,37,23,1.608695652173913,Rob_11876
GRWNYYGYYEQDNYEY,37,26,1.4230769230769231,Rob_11664
GRVWHYGFGEQWEYSY,37,14,2.642857142857143,
GRWDRHGAYDQYEYVY,37,30,1.2333333333333334,
GRWDLFGKYDKDNYEY,36,5,7.2,
GRWDYYGWYEQYSYSY,36,23,1.565217391304348,Rob_11974
GRVWNYGFGEQLEYNY,36,14,2.5714285714285716,
GSVWNYGFGEQWEYSY,36,14,2.5714285714285716,
GRWDYYGWYDQYGYAY,35,28,1.25,
GRVWNYGFGEQWEYCY,35,32,1.09375,
GRWDRHGVYDQYEYDY,35,16,2.1875,
GRWDLFGSFDQDNYEW,34,25,1.36,
GRWNYFGELDQNDYAY,34,33,1.0303030303030303,Rob_11269
GRWDYYGPLEQDNYSY,34,24,1.4166666666666667,
GRVLNYGFGEQWEYNY,34,8,4.25,
GRWDYYGFYEQSTYSY,33,24,1.375,Rob_7001
GRWDLFGKYYQDNYEY,33,8,4.125,
GRWDLFGKYDQDNYGY,32,25,1.28,
GRWDRHGAYDKYEYDY,32,4,8.0,
GRWLYYGPYYKEKYEY,32,4,8.0,
GRVWNYGFGEHWEYSY,31,24,1.2916666666666667,
GRWDCHGAYDQYEYDY,31,18,1.7222222222222223,
GRWDRHGAYDLYEYDY,31,21,1.4761904761904763,
GRTNYFGYNYKLEYEY,31,7,4.428571428571429,
GFYWVYGSSMQCWYFF,31,18,1.7222222222222223,
GRWNHWGDYEQYNYNY,31,29,1.0689655172413792,Rob_12035
GFYWGYGSSMQCMYFF,30,26,1.1538461538461537,
GRWDYYGFYEQDLYNY,30,21,1.4285714285714286,Rob_7072
GRWWRFGAWDQIEYYY,30,8,3.75,Rob_3162
GRWDRHGAYDQYEYYM,30,18,1.6666666666666667,
GEWWLFGSSRQCRYWW,30,18,1.6666666666666667,
GFYMFWGSSYQCMYFF,30,9,3.3333333333333335,
GRWSYFGNFDQNEYEY,29,3,9.666666666666666,
GRWYRWGYYEQTEYEY,29,18,1.6111111111111112,Rob_12116
GRWDLFGKFDHDNYEY,29,8,3.625,
GRLDLFGKFDQDNYEY,28,7,4.0,
GRVWNYGFGEKWEYSY,27,17,1.588235294117647,
GRVWNYGFDEQWEYNY,26,23,1.1304347826086956,
GRVWRYGLDDQDEYDY,26,20,1.3,Rob_650
GHWDLFGKYDQDNYEY,26,19,1.368421052631579,
GCWDLFGSYDQDNYEY,26,22,1.1818181818181819,
GFAWHYGSSDQMEYYM,26,12,2.1666666666666665,
GRWNYYVQWWQEEYYY,26,6,4.333333333333333,
GRVWRYGLVEQIEYEY,26,19,1.368421052631579,Rob_706
GFYWMYGSSMQCLYFF,25,23,1.0869565217391304,
GRWNYFGNYEQELYSY,25,20,1.25,Rob_12229
GRLDKYGSSFQDEYDY,25,7,3.5714285714285716,
GREEYYGYAFQYDFEY,25,7,3.5714285714285716,
GRWDLFGSYDQENYYY,25,12,2.0833333333333335,
GRWDLFGSFDQNNYEY,25,22,1.1363636363636365,
GRWNFYGSDAQREYDY,25,20,1.25,Rob_11207
GRWWQYGDGYQLEYFY,25,17,1.4705882352941178,Rob_2042
GRWWRYGAGYQEEYFY,24,22,1.0909090909090908,Rob_2047
GRWNYRGGLYQYDYDY,24,22,1.0909090909090908,Rob_11791
GRWDLFGKFDQYNYEY,24,14,1.7142857142857142,
GRWDLFGSFDQDNYYY,24,14,1.7142857142857142,
GFNLHYGSSVQMEYEM,24,11,2.1818181818181817,
GRWDYYGYYEQYLYDY,24,23,1.0434782608695652,Rob_7332
GFYYFMGSSYQCMYYF,24,11,2.1818181818181817,
GRCDRHGAYDQYEYDY,24,10,2.4,
GRVWNYGFGEQWKYSY,23,22,1.0454545454545454,
GRCDLFGKFDQDNYEY,23,6,3.8333333333333335,
GRWDLFGKYDQYEYEY,23,21,1.0952380952380953,
GRAEYYGYSFQYDFEY,23,10,2.3,
GRWDLFGSLDQDNYEY,23,18,1.2777777777777777,
GRWDLFGKFDQDNYNY,23,10,2.3,
GRVWNYGFGEQCEYNY,23,14,1.6428571428571428,
GRWDRWGYYYQWNYEY,23,16,1.4375,Rob_11738
GRWDLFVKFDQDNYEY,23,7,3.2857142857142856,
GRWDSHGAYDQYEYDY,22,2,11.0,
GLWDLFGSYDQDNYEY,22,6,3.6666666666666665,
GRWLYYVPYYQEKYEY,22,4,5.5,
GRWDLFGSFDQDNYQY,22,20,1.1,
GRWDLFGKFDQDLYEY,22,19,1.1578947368421053,
GRTYRYGYSDQGEYYY,22,15,1.4666666666666666,
GRWNYYGQWLQEEYYY,22,3,7.333333333333333,
GEWWNFGSSRQCRYWW,21,15,1.4,
GRVWNYRFGEQWEYSY,21,19,1.105263157894737,
GFCMYYGSSVQMEYYM,21,13,1.6153846153846154,
GFCMHYGSSDQWEYEY,21,10,2.1,
GRPLYYGPYEQFNYEY,21,11,1.9090909090909092,Rob_7335
GRWDFYGDYEQDNYDY,21,14,1.5,Rob_11513
GRVWNNGFGEQWEYSY,21,10,2.1,
GRVWKYGFGEQWEYSY,21,12,1.75,
GRWWRYGSWEQYNFSY,21,12,1.75,Rob_4634
GRWDLFGGEEQSNYHY,20,14,1.4285714285714286,
GLWDLFGSFDQDNYEY,20,7,2.857142857142857,
GFCYEYGSSEQMEYEM,20,16,1.25,
GRWDLFGSYDQDYYEY,20,15,1.3333333333333333,
GRINFYGYYEQYMFEY,20,2,10.0,
GRWDLYGSFDQDNYEY,20,13,1.5384615384615385,
GRRDLFGSFDQDNYEY,20,16,1.25,
VRWDKYGSSFQDEYDY,20,3,6.666666666666667,
GRWYLFGKYDQDNYEY,20,9,2.2222222222222223,
GRWNKYGPDSQDNYSY,20,10,2.0,Rob_4666
GRCRYFGNFDQNEYEY,20,5,4.0,
GRVWSFGLALQAEFQY,20,15,1.3333333333333333,Rob_585
GRWDYYGQYEQLLYEY,20,6,3.3333333333333335,Rob_7935
VRWDLFGKFDQDNYEY,19,3,6.333333333333333,
GRWDYYGYYEQYLYEY,19,12,1.5833333333333333,Rob_11115
RRWDLFGSFDQDNYEY,19,16,1.1875,
GRWDKYGSSFQYEYDY,19,1,19.0,
GRWDKYGSSFHDEYDY,19,6,3.1666666666666665,
GRWRYFGYFDQNEYEY,19,14,1.3571428571428572,
GRVYRFGFSDQGEYEY,19,8,2.375,Rob_2921
GRWWSFGASDQYEYYY,19,12,1.5833333333333333,Rob_3644
GRWYYFGPGFQNYYEY,19,2,9.5,
GFEMYMGSSVQMEYYM,19,14,1.3571428571428572,
GRWDYYGQSDQANFEY,19,8,2.375,Rob_11392
GRWDLFGKDDQDAYNY,19,16,1.1875,
GRCDLFGKYDQDNYEY,19,8,2.375,
VPVNFYGYYEQYDYNY,19,2,9.5,
GRVGNYGFGEQWEYSY,18,5,3.6,
GLSWRRGLKYQAEEDY,18,11,1.6363636363636365,Rob_932
GRWNYYGQYEQEAYEY,18,2,9.0,Rob_7366
GRWNYYGQLWQEEYYY,18,3,6.0,
GRWDLFGKDDQDAYTY,18,12,1.5,
GRWDLFGSFDQDLYEY,18,10,1.8,
GRWDYWGAYEQYNYEY,18,16,1.125,Rob_11451
GPVNFYVYYEQYDYNY,18,5,3.6,
GRVYRYGYNYQEEYSY,18,13,1.3846153846153846,Rob_8521
GRWNFYGNYLQFEYDY,18,13,1.3846153846153846,Rob_7141
GRSEYYGYAFQYDFEY,18,9,2.0,
GRWDRHGSYDQYEYDY,17,5,3.4,
GRWDYFGDYEQILYEY,17,11,1.5454545454545454,Rob_12256
RRWDLFGSYDQDNYEY,17,11,1.5454545454545454,
GPMNFYGYYEQYDYNY,17,16,1.0625,
GRWDTRGYRVQGDYEY,17,9,1.8888888888888888,Rob_7203
GRWDLFGKCDQDNYEY,17,13,1.3076923076923077,
GRCDKYGSSFQDEYDY,17,7,2.4285714285714284,
GRWDYYGEYEQSNYLY,17,4,4.25,Rob_12093
GCVWNYGFGEQWEYNY,17,8,2.125,
GRTYRYGYSGQEEYHY,17,14,1.2142857142857142,Rob_8102
GRVWRYGFTDQDDYEY,17,10,1.7,Rob_2828
GRWDYYGFYEQFDYDY,17,11,1.5454545454545454,Rob_7186
GRWDYYGYDQQYNYSY,17,11,1.5454545454545454,Rob_12369
GEWWCFGSSRQCRYWW,17,16,1.0625,
GRWYKYGSSFQDEYDY,17,8,2.125,
GRWDRHGAYDHYEYDY,17,11,1.5454545454545454,
GRWDYYGYREQGDYEY,16,10,1.6,Rob_7206
GRWDLFGKYDRDNYEY,16,14,1.1428571428571428,
GRWDYFGYYEQAQYHY,16,7,2.2857142857142856,Rob_7660
GRWDLFGSYDQYNYDY,16,3,5.333333333333333,
GRVWNHGFGEQWEYNY,16,8,2.0,
GRWDLFGLFDQDNYEY,16,10,1.6,
GRWDYYGFTEQFDYDY,16,12,1.3333333333333333,Rob_7804
GRVYKYGFRYQEEEAY,16,12,1.3333333333333333,Rob_1381
GRWDLFGKFDKDNYEY,16,8,2.0,
GRWDYFGQYEQSLYDY,16,5,3.2,Rob_7597
GRWDAFGAYEQFLYEY,16,4,4.0,Rob_11829
GSWDLFGSYDQDNYEY,16,6,2.6666666666666665,
VRINFYGYYEQYLFEY,16,2,8.0,
GRWWSYGATDQNLYRY,16,10,1.6,Rob_8883
GRWDLYGSYDQDNYEY,16,11,1.4545454545454546,
GRNNYRGFLDQSEYLY,16,15,1.0666666666666667,Rob_6162
GFYWQYGSSMQCWYFF,16,15,1.0666666666666667,
GRWDLFGSYYQDNYDY,16,6,2.6666666666666665,
GRAEYYGYEFQYDFEY,15,4,3.75,
GRWYYFGPGFHNDYEY,15,3,5.0,
GRWNYYGFYDQNEYYY,15,14,1.0714285714285714,
GRINFYVYYEQYLFEY,15,4,3.75,
GRWNFYGSYEQENYDY,15,4,3.75,
GRWDLFGKFDQDNYGY,15,10,1.5,
GFYWAYGSSMQCLYFF,15,6,2.5,
GHTNYFGYNYQLEYEY,15,7,2.142857142857143,
GRWDLFGSYDHDNYDY,15,5,3.0,
GLSEQYGYPDQDNYLY,15,7,2.142857142857143,Rob_8243
GRWDMFGKYDQDNYEY,15,0,15.0,
GLSLYHGFDYQLEYLY,15,6,2.5,Rob_2611
GRWNYYGPYEQNGYDY,15,5,3.0,Rob_7584
GRWDFWGDEEQEEYEY,15,13,1.1538461538461537,Rob_6412
GRWNLFGSYDQDNYEY,15,12,1.25,
GRWDLFESFDQDNYEY,15,8,1.875,
GQVNFYGYYEQYDYNY,15,2,7.5,
GRNANFGFSYQGEYYY,14,8,1.75,Rob_5572
GRWDLFGSYDQDKYEY,14,7,2.0,
GRWDYYGPSDQDDYSY,14,13,1.0769230769230769,Rob_7124
GRAWRYGYDYQIEYEY,14,12,1.1666666666666667,Rob_2449
GRWDKYGSSFRDEYDY,14,12,1.1666666666666667,
GRWWLFGDEWQYEYYY,14,8,1.75,Rob_3787
GFWWYNGSSFQCRYYR,14,2,7.0,
GRWDYYGWLEQYEYEY,14,12,1.1666666666666667,Rob_7222
GRWNSFGNYDQILYEY,14,12,1.1666666666666667,Rob_11460
GRVWRYGYGFQLEYEY,14,2,7.0,Rob_1979
GRVWQYGFGYQLEYKY,14,8,1.75,Rob_1841
GRWDFFGNYDQSEYSY,14,9,1.5555555555555556,Rob_12241
GSWDLFGSFDQDNYEY,14,5,2.8,
GRWLYYGQYYQEKYEY,14,7,2.0,
GRAKYYGYAFQYDFEY,14,10,1.4,
GRWNYYGAYEQWDYEY,14,12,1.1666666666666667,Rob_7453
GRWEHYGERSQHGSHY,14,1,14.0,Rob_10147
GRAEYYGYAFQYDYEY,14,8,1.75,
GRWDFYGHYLQQNYEY,14,10,1.4,Rob_11732
GRNNYYGYDNQWEWQY,14,11,1.2727272727272727,Rob_10475
GRWDHYGYYEQGLYDY,14,11,1.2727272727272727,Rob_7607
GRWDRHGAYDQYGYDY,13,10,1.3,
GCWRYFGNFDQNEYEY,13,10,1.3,
GRLNYYGQWWQEEYYY,13,3,4.333333333333333,
GLDWIYGSGYQSEYYY,13,7,1.8571428571428572,Rob_1830
GRWDYFGQYEQWGYPY,13,12,1.0833333333333333,Rob_7069
GRVNYRGLNSQDEHDY,13,10,1.3,Rob_1693
GRAWNYGFGEQWEYNY,13,7,1.8571428571428572,
GRWDLFGSFDQDDYEY,13,12,1.0833333333333333,
GRWDLFGSYEQDNYFY,13,9,1.4444444444444444,
GRWDLFGKFYQDNYEY,13,3,4.333333333333333,
GHWDLFGKFDQDNYEY,13,7,1.8571428571428572,
GRWYRHGAYDQYEYDY,13,8,1.625,
GRQWSYGGTDQIDFEY,13,7,1.8571428571428572,Rob_381
GRWDYYGDYEQFEYDY,13,8,1.625,Rob_12342
GRVLNFGFTDQIEYDY,13,12,1.0833333333333333,Rob_2804
GRWDLFGSYDRDNYDY,12,4,3.0,
GEWWAFGSSRQCRYWW,12,11,1.0909090909090908,
GRWDYYGYIEQSTYKY,12,8,1.5,Rob_6583
GRWDAWGAYEQYLYEY,12,6,2.0,Rob_11828
GRWDRHGEYDQYEYDY,12,2,6.0,
GEWWTFGSSRQCRYWW,12,4,3.0,
GRWDLLGSFDQDNYEY,12,9,1.3333333333333333,
VRWDLFGSYDQDNYDY,12,4,3.0,
GRVYRFGYNYQEEYYY,12,10,1.2,Rob_8525
GRAEYYGYTFQYDFEY,12,7,1.7142857142857142,
GEYWLFGSSHQEELEY,12,8,1.5,
GCWDLFGKYDQDNYEY,12,11,1.0909090909090908,
GRVWRYGLDLQIEYDY,12,8,1.5,Rob_289
GRWDYYGYSDQAEYTY,12,5,2.4,
GRWDRHGAHDQYEYDY,12,6,2.0,
GRWNFYGQDEQYNYDY,12,11,1.0909090909090908,Rob_12062
GRWDLFVSYDQDNYDY,12,0,12.0,
GFAYKYGSSMQCMYEM,12,11,1.0909090909090908,
GFAYEYGSSVQMEYYM,12,9,1.3333333333333333,
GRVWRFGFIDQNEYVY,12,7,1.7142857142857142,Rob_3495
GRWNYYGNDFQEEKQY,12,8,1.5,Rob_2673
GRLYYFGPGFQNDYEY,12,2,6.0,
GRWWRFGEYDQIEYSY,12,6,2.0,Rob_2864
GRWDLFGSYDQDHYEY,11,7,1.5714285714285714,
GRWRYFGNFDQNECEY,11,7,1.5714285714285714,
GRVWNYGFGEQWEDSY,11,0,11.0,
GRWNNFGNWEQSLYHY,11,6,1.8333333333333333,Rob_7172
GSWRYFGNFDQNEYEY,11,2,5.5,
GRAWAYGYLQQKEYEY,11,4,2.75,Rob_2556
GRWDLFGSFDQDSYEY,11,7,1.5714285714285714,
GRRDRHGAYDQYEYDY,11,4,2.75,
GRVWLHGLGLQWEKEY,11,10,1.1,Rob_1679
GRPNLFGYYEQYTYPY,11,8,1.375,Rob_6552
GFCMHYGSSVQMEYYW,11,9,1.2222222222222223,
GRWDTYGQGDQDNYQY,11,10,1.1,Rob_12337
GRLLYYGPYYQEKYEY,11,4,2.75,
GRWWRYGAQDQYEYQY,11,7,1.5714285714285714,Rob_2370
GRWLYFGNFDQNEYEY,11,2,5.5,
GRLDLFGSYDQDNYDY,10,5,2.0,
GRWNYFGANDQNNYDY,10,3,3.3333333333333335,Rob_9697
GFCMYMGSSVQMEYYM,10,7,1.4285714285714286,
GEWWYFGSSRQCRYWW,10,8,1.25,
GRWDRHGAYDRYEYDY,10,6,1.6666666666666667,
GRWLWHGPGDQDFYDY,10,8,1.25,Rob_4168
GRWWYFGPEDQDEYWY,10,6,1.6666666666666667,Rob_5653
GVPRYWGYDDQWGYKY,10,2,5.0,Rob_7577
GFYWRYGSSMQCLYFY,10,2,5.0,
GRWDMFGKFDQDNYEY,10,1,10.0,
GRNWRFGLWDQAEKFY,10,4,2.5,Rob_1204
GRVWKFGLYYQEEYSY,10,9,1.1111111111111112,Rob_775
GQWNYFGGYSQDAYEY,10,5,2.0,Rob_12221
GRWWSYGAREQAEYLY,10,8,1.25,Rob_2187
GRWRYFGNFGQNEYEY,10,9,1.1111111111111112,
RRWDLFGKYDQDNYEY,10,3,3.3333333333333335,
GSAEYYGYAFQYDFEY,10,7,1.4285714285714286,
GRVWNLGLWSQDEYWY,10,8,1.25,Rob_838
GRWDRHGAYDQYEYGY,10,2,5.0,
GRVNYRGLESQDEHSY,10,2,5.0,Rob_1697
GRWWRYGYEDQAEYEY,10,6,1.6666666666666667,
GFCWHYGSSEQMEYYM,10,4,2.5,
GNWDYYGEYEQYLYDY,10,6,1.6666666666666667,Rob_6670
GRWDYYGQYEQYLYEY,10,1,10.0,Rob_7934
GFWFYNGSSRQCEYYR,10,5,2.0,
GEWWHFGSSRQCRYWW,10,5,2.0,
GRWDYFGQSEQYLYEY,10,9,1.1111111111111112,Rob_6436
GRWDPFGKYDQDNYEY,10,7,1.4285714285714286,
GRAEYYGYAYQYDFEY,10,5,2.0,
GRNNYRGYTVQDEYFY,10,7,1.4285714285714286,Rob_10418
GFCMYMGSSVQMAYYM,10,1,10.0,
GFAYRYGSSVQMEYEM,10,5,2.0,
GRWDFYGYNEQSNYYY,10,4,2.5,Rob_11693
GRWDRHGAYDQYDYDY,10,7,1.4285714285714286,
GFAMHMGSSVQMEYEM,10,8,1.25,
GRVWRFGFDFQLEHDY,10,4,2.5,Rob_1394
GRTNYFVYNYQLEYEY,10,1,10.0,
GRWNYYGQYDQDEYEY,10,2,5.0,Rob_11767
GRWDLFGKYDQDDYEY,10,2,5.0,
GRVWNYGYGEQWEYSY,10,7,1.4285714285714286,
GRAWRFGYWDQIEYQY,10,7,1.4285714285714286,Rob_2902
GRSWRFGLNDQLEFYY,10,5,2.0,Rob_600
GRWDFFGNYDQLEYWY,9,7,1.2857142857142858,Rob_12239
GRWTWYGPDYQELYGY,9,7,1.2857142857142858,Rob_9146
GRWRYFGNLDQNEYEY,9,6,1.5,
GRWWQYGDGEQYEYLY,9,4,2.25,Rob_2040
GRWDLFGKFDQDNYYY,9,0,9.0,
GRWDLFGSFDQENYYY,9,4,2.25,
GRWNYYGEYEQILYEY,9,6,1.5,Rob_6592
GFELLLGSSDQMIYYM,9,7,1.2857142857142858,
GRWNYYGNYEQKLFEY,9,1,9.0,Rob_11328
GRVYRYGYNDQEEYYY,9,1,9.0,
GRWDRHGAYNQYEYDY,9,2,4.5,
ERWDLFGSFDQDNYEY,9,5,1.8,
GLPYYYGHNIQYNYDY,9,3,3.0,Rob_5200
GRWDYYGWYEQYGYSY,9,3,3.0,Rob_11973
GRWDYYGQYEQELYEY,9,6,1.5,Rob_7413
GRAECYGYAFQYDFEY,9,6,1.5,
GRSWNFGFTDQIEYEY,9,5,1.8,Rob_453
GRWWHYGDYEQLLYDY,9,5,1.8,Rob_6473
GRWWRYGSEDQIEYRY,9,1,9.0,Rob_3088
GRWRYFGNFDQYEYEY,9,4,2.25,
GRWDRHGAYDQHEYDY,9,6,1.5,
GRWNYYGADWQEEYDY,9,7,1.2857142857142858,Rob_2395
GRWDLFGSFDLDNYEY,9,8,1.125,
GRWDRHGAYDQFEYEY,9,6,1.5,
GRWDYFGYYDQYNYYY,9,6,1.5,Rob_11388
GFFWVWGSSYQCMYFQ,9,0,9.0,
GRWNLYGKDDQNEYDY,9,4,2.25,
GRWNFFGVELQDDYKY,9,7,1.2857142857142858,Rob_7927
GRWDLFGKLDQDAYYY,9,3,3.0,
GRWDLFGPFDQDNYEY,9,7,1.2857142857142858,
GRVWRYGLDYQIEYEY,9,6,1.5,Rob_783
GRWDYYGYGEQYNYEY,9,6,1.5,Rob_7216
GRWDLFGKFDQDNHEY,9,7,1.2857142857142858,
GRWNYYGEYDQYDYEY,9,4,2.25,Rob_11254
GFAMYYGSSVQMEYYM,9,7,1.2857142857142858,
GRWDYYGYYDQDTYHY,9,4,2.25,Rob_7743
GFYWTYGSSMQCWYFF,9,5,1.8,
GRWWRYGAQDQEEYQY,9,1,9.0,Rob_2368
GRWWRFGNEEQELYEY,9,2,4.5,Rob_3853
GFEMYYGSSVQMEYYM,9,3,3.0,
GRWWKYGAYDQFEEFY,9,2,4.5,Rob_1401
GRWWQYGDGEQIEYLY,9,6,1.5,Rob_2039
GRVWKYGLYYQIEYEY,9,6,1.5,Rob_819
GHWNYYGQWWQEEYYY,9,7,1.2857142857142858,
GRWRYFGNFDQNKYEY,9,6,1.5,
GRWDFYGQYEQDLFDY,9,7,1.2857142857142858,Rob_12014
GRWDFYGEYEQELYSY,9,0,9.0,Rob_6727
GRWDRHGAYDQYEYHY,9,5,1.8,
GRWDYYGYYEQYDYDY,9,8,1.125,Rob_7605
GKPWNYGYIDQDLYDY,9,4,2.25,Rob_8439
GRWWRFGDTIQERYSY,9,3,3.0,Rob_9399
GRWDYYGPHDQTDYNY,9,6,1.5,Rob_7716
GFELHWGSSDQMMYYM,9,1,9.0,
GRWDRHGAYDQYEYDF,9,5,1.8,
GEWWCFGSSRQCRYWR,9,8,1.125,
GRWDLFGKYVQDNYEY,8,5,1.6,
GRWTWYGPYEQIDFSY,8,3,2.6666666666666665,Rob_9081
GRWDLFGSYDQDSYEY,8,7,1.1428571428571428,
GRWNYYGQYEQIGYEY,8,7,1.1428571428571428,Rob_7372
GRWNFYGGYDQGDFEY,8,3,2.6666666666666665,Rob_11997
VRWNYYGQWWQEEYYY,8,2,4.0,
GRWDYYGALEQFEYEY,8,5,1.6,Rob_7798
GRVWRYGLLEQLEYDY,8,7,1.1428571428571428,Rob_2248
GRNNRYGYYEQELYDY,8,4,2.0,Rob_6813
GRWTYYGESVQEDYFY,8,3,2.6666666666666665,Rob_5027
GRWDLFGSFDQDNYEC,8,3,2.6666666666666665,
GRWDYYGPYLQDDYAY,8,0,8.0,Rob_7094
GRWNRYGGWEQENYYY,8,2,4.0,Rob_10070
GRWWWYGPLYQGLYDY,8,5,1.6,Rob_4364
GRWDKYGSSYQDEYDY,8,3,2.6666666666666665,
GRWDLFGSYDQDNNEY,8,5,1.6,
GRWWSFGNYYQGDYQY,8,3,2.6666666666666665,Rob_2844
GRWDYRGYGEQGDYEY,8,3,2.6666666666666665,Rob_7208
GRWDLWGEYEQRAYDY,8,7,1.1428571428571428,
GRSLWWGAELQIEYQY,8,2,4.0,Rob_1088
GRWWRYGAQDQEEYYY,8,5,1.6,Rob_2367
GRWNYYGPYEQLDYLY,8,3,2.6666666666666665,Rob_5504
GFMYCYGSSVQWMYEM,8,0,8.0,
GRAEYYGYAFQYDFGY,8,7,1.1428571428571428,
GRVWRYGLWDQDEYFY,8,2,4.0,Rob_889
GRRNYYGQWWQEEYYY,8,3,2.6666666666666665,
GRVLRFGLYAQIEYEY,8,6,1.3333333333333333,Rob_879
GRWDFFGDYEQSLYEY,8,4,2.0,Rob_12308
GRWDLFGKDDQDEYEY,8,7,1.1428571428571428,
GEWMTFGSSRQCRYWR,8,1,8.0,
GRVLFRGLYQQIEYEY,8,3,2.6666666666666665,Rob_881
GCWDRHGAYDQYEYDY,8,2,4.0,
GRWDLFRSYDQDNYEY,8,2,4.0,
GLVNFYGYYEQYDYNY,8,6,1.3333333333333333,
GRWDLFGKFDQENYYY,8,3,2.6666666666666665,
GRWDYYGDYEQLNYEY,8,6,1.3333333333333333,Rob_11872
GFWMYNGSSRQCEYYR,8,4,2.0,
GFYWIYGSSMQCMYYR,8,5,1.6,
GRWNYYGNYEQHLFEY,8,4,2.0,Rob_11166
GRWDLFGKYDQDNYYY,8,6,1.3333333333333333,
GRCDLFGSYDQDNYDY,8,2,4.0,
GRWTWYGPDAQELYDY,8,6,1.3333333333333333,Rob_9147
GRVWRFGFGDQLEFFY,8,4,2.0,Rob_1892
GRVWNYGFGEQWVYSY,8,4,2.0,
GRWDYYGAYEQYNYEY,8,4,2.0,Rob_12023
GRWDRHGAYDQYEYYR,8,5,1.6,
GRWFSFGDQEQYREYY,8,5,1.6,Rob_8998
GRVWSYGFGEQWEYSY,8,7,1.1428571428571428,
GRAEYYGYAFQYNFEY,8,5,1.6,
GFELYMGSSVQMYYYM,8,2,4.0,
GFAMHYGSSVQMEYYM,8,5,1.6,
GVPRYWGYDDQPGYKY,8,1,8.0,Rob_7612
GRWDLFGKDDQAAYSY,8,2,4.0,
GRWDFYGYYDQSLYDY,7,6,1.1666666666666667,Rob_7058
GNWDYYGEYEQELYRY,7,4,1.75,Rob_6724
GRWNYYGQWWHEEYYY,7,1,7.0,
GFIRYYGSSVQDEYEM,7,4,1.75,
GRWNFYGSYEQIEYEY,7,2,3.5,Rob_12304
GEWWGFGSSRLCRYWW,7,1,7.0,
GFAYYMGSSVQMEYYM,7,5,1.4,
GRVWNYGFGERWEYNY,7,3,2.3333333333333335,
GRNWRYGYEYQDEYNY,7,2,3.5,Rob_8209
GFAMYMGSSVQMEYYM,7,6,1.1666666666666667,
VRWLYYGPYYQEKYEY,7,2,3.5,
GFEYHMGSSVQMMYYM,7,6,1.1666666666666667,
GRVLRYGFEDQDEYYY,7,5,1.4,Rob_2224
GRTNYFGYNYQLGYEY,7,2,3.5,
GRWDLFGKYDQDKYEY,7,2,3.5,
GFAMHMGSSVQMKYEM,7,0,7.0,
GRWWWYGPLYQGSYDY,7,2,3.5,Rob_4366
GRWDFYGYYEQFNYQY,7,5,1.4,Rob_12016
GRWDAFGAYEQFLYYY,7,1,7.0,
GRWNFYGYEDQNLYEY,7,6,1.1666666666666667,Rob_12371
GKWLRHGGNFQLEQFY,7,1,7.0,Rob_1415
GRSWSYGLKYQDEREY,7,5,1.4,Rob_1159
ERWDLFGSYDQDNYEY,7,3,2.3333333333333335,
GRWDKYVSSFQDEYDY,7,2,3.5,
GFFMFYGSSYQCMYYQ,7,6,1.1666666666666667,
GRWDLFGKLDQDSYSY,7,5,1.4,
GFAAHYGSSDQMLYEY,7,5,1.4,
GRWYYFGPGFKNDYEY,7,2,3.5,
GFCMCYGSSDQMMYEY,7,4,1.75,
GRWNYWGPYEQGNYVY,7,2,3.5,Rob_7825
GRVDFYGYYDQSSYEY,7,5,1.4,Rob_6621
GRVWRYGGDEQDDYDY,7,1,7.0,Rob_393
GRWDLFGSYDQDNYEC,7,5,1.4,
GFCYRMGSSVQMEYYM,7,6,1.1666666666666667,
GLWDYYGGYEQRLYSY,7,2,3.5,Rob_12204
GFCQAYGSSVQMMYEY,7,2,3.5,
GRVNYYGYDGQLLYEY,7,2,3.5,Rob_7639
GRWFKYGGFDQNLYRY,7,3,2.3333333333333335,Rob_8327
GRWNYYGQWWKEEYYY,7,0,7.0,
GRWNYYGRYEQDLYEY,7,2,3.5,Rob_7760
GRWDYFGYYDQINYSY,7,2,3.5,Rob_11391
GRWLYYGNYAQDDYIY,7,3,2.3333333333333335,Rob_11543
GRWLWRGDRLQYDYIY,7,5,1.4,Rob_9071
GRWWRYGPIEQWNYDY,7,2,3.5,Rob_4545
GRWWYYGPDDQRNYIY,7,4,1.75,Rob_4432
GFCYRYGSSDQMCYEM,7,3,2.3333333333333335,
GPPWIYGKEDQNLYSY,7,1,7.0,Rob_8448
GYPYRMGSSDQFMYEM,7,0,7.0,
GLPWIFGYPGQELHNY,7,2,3.5,Rob_8189
GRWNFYGNYLQFEYNY,7,1,7.0,Rob_7137
GRVWRYGLTYQLEYEY,7,3,2.3333333333333335,Rob_901
GRWDLYGKYDQDNYEY,7,2,3.5,
GRWNYFGADWQEEYYY,7,1,7.0,
GRWLRYGAGYQEEYDY,7,1,7.0,Rob_1994
GLWRYFGNFDQNEYEY,7,0,7.0,
GRWDLFGSYDKDNYDY,7,0,7.0,
GFMLHLGSSLQWMYEM,7,6,1.1666666666666667,
GRPLWHGYDYQYDYLY,7,2,3.5,Rob_4264
GHWDKYGSSFQDEYDY,7,3,2.3333333333333335,
GRWDLFGIYDQDNYEY,7,4,1.75,
GRAWKYGSKDQVEYYY,7,2,3.5,Rob_2740
GFAWRYGSSDQWKYEM,7,3,2.3333333333333335,
GRWDIYGPLEQDQYTY,7,6,1.1666666666666667,Rob_6488
GFRMHNGSSEQMKYEM,7,3,2.3333333333333335,
VRTNYFGYNYQLEYEY,7,2,3.5,
GEWWQFGSSRQCRYWR,7,3,2.3333333333333335,
GRWDRHGAYDQIEYLY,7,5,1.4,
GRWRYFRNFDQNEYEY,7,3,2.3333333333333335,
GRRDKYGSSFQDEYDY,7,6,1.1666666666666667,
GRWYLFGKFDQDNYEY,7,3,2.3333333333333335,
GRVWYYGFGEQWEYSY,7,4,1.75,
GRVWIYGNKFQIEYSY,7,3,2.3333333333333335,Rob_500
GEWWMFGSSRQCRYWR,7,3,2.3333333333333335,
GRWWRFGAWDQIEYQY,7,6,1.1666666666666667,Rob_3161
GRPLYRGFYDQYEYYY,7,0,7.0,Rob_5077
GRWFRYGAHDQSSYNY,7,5,1.4,Rob_5289
GRWDKYGSNFQDEYDY,7,5,1.4,
GRPNFWGYDDQYLYPY,7,4,1.75,Rob_7808
GRWLYFGERLQGHFEY,7,5,1.4,Rob_10151
GRWDYFGQYEQWEYPY,7,6,1.1666666666666667,Rob_7068
GRWDLRGDSEQYLYEY,7,3,2.3333333333333335,Rob_6704
GFPWRYGYFDQQEYYY,7,2,3.5,Rob_8702
GRVLRYGLDYQIEYEY,7,4,1.75,Rob_368
GRWELFGKYDQDNYEY,7,1,7.0,
GRWDLFGSFDQYLYDY,6,3,2.0,
GLWDLFGKYDQDNYEY,6,5,1.2,
GFCYRYGSSDQMCYEW,6,1,6.0,
GRWDLFGSYDLDNYEY,6,1,6.0,
GRWLHYGQYDQDLYDY,6,4,1.5,Rob_11759
GRWDPFGSYDQDNYDY,6,1,6.0,
GFALHMGSSVQMMYYM,6,0,6.0,
GKWNYRGNGDQGEYFY,6,5,1.2,Rob_3500
GRWDFYGQYEQDLYDY,6,5,1.2,Rob_12013
GRSWKYGGDYQEELEY,6,1,6.0,Rob_1535
GRTWRYGYNYQSDYEY,6,3,2.0,Rob_3580
GCWDKYGSSFQDEYDY,6,4,1.5,
GRLDLFGKYDQDNYDY,6,0,6.0,
GEMNRFGSSRQCRYWR,6,2,3.0,
GRSWQFGLTFQEEQEY,6,3,2.0,Rob_1652
GRVYRYGYNDQEEYIY,6,3,2.0,
GFAYRYGSSEQMEYEY,6,1,6.0,
GRWDLFGSFDQYNYDY,6,1,6.0,
GRWNYFGGEYQRSYSY,6,4,1.5,Rob_11095
GRVWKFGLEYQYEYYY,6,4,1.5,Rob_869
GRVNFWGYYEQWLYEY,6,0,6.0,Rob_11241
GRWDNYGSSVQDEYHW,6,1,6.0,
GRWDIYGSFEQESNYY,6,4,1.5,Rob_4955
GRWNYYGGEDQDSYDY,6,1,6.0,
GRWDLFGKLDQAAYEY,6,5,1.2,
GRWWRYGANDQNLYEY,6,4,1.5,Rob_3674
GRWRYYGNQDQILYEY,6,2,3.0,Rob_2320
GFCYRYGSSEQMEYEM,6,5,1.2,
GEWMKFGSSRQCRYWR,6,5,1.2,
GFARHYGSSHQMEYYM,6,2,3.0,
GRTWYFGYDDQLEYEY,6,3,2.0,
GRWLRYGESDQALYEY,6,0,6.0,Rob_9948
ERAEYYGYAFQYDFEY,6,0,6.0,
GRPLWRGYDSQELYSY,6,1,6.0,Rob_9361
GRVYRFGYLDQYEYEY,6,4,1.5,Rob_3375
GRWNHYGFEDQWEYSY,6,5,1.2,
GRWNRYGNYEQSQFEY,6,1,6.0,Rob_12132
GRWDYYGNYEQFLFEY,6,1,6.0,Rob_12019
GRWLYFGEELQDSYDY,6,0,6.0,Rob_10706
GFELHWGSSVQMMYYM,6,2,3.0,
GRVYNFGLYQQIEYEY,6,2,3.0,Rob_323
GRWDYYGDYEQNNYEY,6,2,3.0,Rob_11757
GRWLWYGESYQLTFKY,6,2,3.0,Rob_9062
GRPNYFGYYDQELYDY,6,5,1.2,Rob_7314
GRVYRYGYNDQDEYYY,6,0,6.0,
GRWYSYGPLDQYRQPY,6,1,6.0,Rob_4241
GFEWRNGSSRQCRYYR,6,3,2.0,
GRVWNYGFGQQWEYSY,6,2,3.0,
GRVWQFGLTDQEEYDY,6,4,1.5,Rob_905
GRWDRFGSYDQDNYEY,6,5,1.2,
GRVWRFGFGGQIEYFY,6,3,2.0,Rob_1958
GFPWRYGYHEQDEYNY,6,4,1.5,Rob_8364
GRWDLFGNFDQDNYEY,6,4,1.5,
GFAMEYGSSEQMEYEM,6,1,6.0,
GRVWRRGYTNQLEYEY,6,0,6.0,Rob_3751
GRWDYWGKEQQYDFFY,6,0,6.0,Rob_7771
GRVLRYGLLEQEEYEY,6,3,2.0,Rob_2498
GRWWNYGDDFQYAHRY,6,3,2.0,Rob_4887
GRWFRFGSDYQELYEY,6,0,6.0,Rob_8839
GRWDLFGSFDPDNYEY,6,4,1.5,
GRWNLFGHYEQWNFSY,6,5,1.2,Rob_11445
GRWDLFGKYDQYNYDY,6,2,3.0,
GNWDYYGGYEQRLYTY,6,3,2.0,Rob_12200
GRWWRYGYSDQIEYDY,6,1,6.0,
GRTLRFGYGDQEEYQY,6,5,1.2,Rob_2359
GRNEYYGYYSQPEYCY,6,4,1.5,
GRWWLYGPEDQNAYSY,6,4,1.5,Rob_4188
GITNYFGYNYQIEYSY,6,0,6.0,Rob_3839
GRWWTYGQFDQYEYYY,6,0,6.0,Rob_2447
GRWNFYGQGDQINYDY,6,4,1.5,Rob_12067
GSWDLFGKYDQDNYEY,6,3,2.0,
GRWWNFGQDLQDEKLY,6,4,1.5,Rob_2655
GRWDRHGACDQYEYDY,6,0,6.0,
GRWWRYGYDDQLEYEY,6,4,1.5,
GEYWEFGSSRQCRYWW,6,5,1.2,
GFCMHYGSSVQMEYYM,6,3,2.0,
GRWDEYGSSFQDEYDY,6,2,3.0,
GEYWRFGSSRQCRYWW,6,4,1.5,
GRWNFFGSYDQDDFRY,6,1,6.0,Rob_7263
GRTNYFGYNYRLEYEY,6,1,6.0,
GRWWRHGGEYQEELWY,6,3,2.0,Rob_1480
GRWDRWGNYYQWNYEY,6,2,3.0,Rob_11739
GRVWNYGFGEQWKYNY,6,4,1.5,
GRWRYFGNVDQNEYEY,6,4,1.5,
GRWWRYGYEDQIEYEY,6,3,2.0,
GRWDYYGYYEQYGYSY,6,5,1.2,Rob_6256
GRWNFYGYYEQYLYEY,6,1,6.0,Rob_6655
GPPDFYGFSDQDLFNY,6,2,3.0,Rob_6882
GRTWRYGYGEQLEFYY,6,4,1.5,Rob_2107
GRWDLFGTFDQDNYEY,6,3,2.0,
GRWYLFGSYDQDNYDY,6,5,1.2,
GRWDYYGRYEQYDYEY,6,0,6.0,Rob_7419
GRRDLFGKYDQDNYEY,6,5,1.2,
GFAYIYGSSMQCMYEM,6,3,2.0,
GLSWRHGALDQDLDQY,6,2,3.0,Rob_1227
GRWDLFGSYDQDNYVY,6,1,6.0,
GFRMHNGSSDQMMYEY,6,5,1.2,
GNWNYFGSYEQLLFRY,6,3,2.0,Rob_7620
GRWDRYGAYDQYEYDY,6,3,2.0,
GLSLRFGFYDQAEFDY,6,3,2.0,Rob_2701
GRWNFYGFETQSAYEY,6,1,6.0,Rob_12379
GRPRYYGYNYQDIYDY,6,1,6.0,Rob_6924
GRVFRFGLWEQSEYEY,6,0,6.0,Rob_695
GRWDYFGDYEQYLYEY,6,3,2.0,Rob_11817
GRVWRYGLLDQIEYWY,6,0,6.0,Rob_348
GRWDKYGSSFQDKYDY,6,1,6.0,
GRIPWFGYNQQWNYEY,6,3,2.0,Rob_3970
GRVWRFGQWYQEEHYY,6,4,1.5,Rob_1440
GRWWKYGAYDQFEEYY,6,4,1.5,Rob_1402
GRVWNDGFGEQWEYSY,6,4,1.5,
GRAWRFGFYEQSEYEY,5,3,1.6666666666666667,Rob_407
GRPNYRGREYQNEYDY,5,1,5.0,Rob_10661
GRWRYYGASDQDEYEY,5,3,1.6666666666666667,Rob_2313
GRSWSYGFYDQGEYEY,5,3,1.6666666666666667,Rob_612
GRWWKHGGLRQLEHDY,5,0,5.0,Rob_1123
GRPDFFGYEDQSNYEY,5,3,1.6666666666666667,Rob_11863
GRWNRHGAYDQYEYDY,5,1,5.0,
GRWNLFGALQQYEYEY,5,0,5.0,Rob_3623
GRWNYYGQYEQYSYDY,5,0,5.0,Rob_7595
GRWDTFGSLDQSNYHY,5,4,1.25,Rob_12333
GRVDFYGYYEQRNYEY,5,2,2.5,Rob_7737
GRWDYYGWYEQYLYEY,5,2,2.5,Rob_11117
GRVWNYGFGEHWEYNY,5,0,5.0,
GRWDLFGGEEQSNYYY,5,0,5.0,Rob_11495
GPVNFYGYYEQYYYEY,5,1,5.0,
GRWDKYGSSFQDGYDY,5,2,2.5,
GRWDRHGAYDQYDYEY,5,2,2.5,
GRWDFFGKYEQWDFEY,5,2,2.5,Rob_11106
GFPWIYGYGDQAEYWY,5,3,1.6666666666666667,Rob_8754
GRWNYYGEYYQYDYEY,5,0,5.0,Rob_12072
GGADYKGLFDQENYGY,5,0,5.0,Rob_6613
GRWDYFGYYEQYLYDY,5,1,5.0,Rob_7601
GPVWRFGFEDQLEQFY,5,3,1.6666666666666667,Rob_1593
GPVNFYGYYEQYDYDY,5,2,2.5,
GRVWRYGLYDQYEYWY,5,3,1.6666666666666667,Rob_350
GRWDLFGSYDQHNYEY,5,1,5.0,
GRWNRYGSYDQEDYNY,5,3,1.6666666666666667,Rob_3897
GRWYRWGYYEQVEYDY,5,0,5.0,
GRVYRYGLYYQIEYEY,5,2,2.5,Rob_573
GRWNFYGFETQSTYEY,5,0,5.0,Rob_12380
GRWDLFGKLDHDAYDY,5,3,1.6666666666666667,
GRWNYFGAYEQDLYGY,5,0,5.0,Rob_11842
GRSLWHGQYYQIEDSY,5,3,1.6666666666666667,Rob_2749
GRWLYFGGSEQFNYNY,5,3,1.6666666666666667,Rob_10130
VRVNFYGYYEQFLYEY,5,1,5.0,
GRWYNFVAGDQLEYNY,5,3,1.6666666666666667,
GRWWLFGPSDQDSYRY,5,2,2.5,Rob_4294
RRWDLFGSYDQDNYDY,5,1,5.0,
GRWNFYGSYEQQEYEY,5,2,2.5,Rob_12305
GEYWVFGSSRQCRYWW,5,1,5.0,
GRWLFYGPYEQSDYDY,5,1,5.0,Rob_11361
GFMLHYGSSVQWLYEM,5,3,1.6666666666666667,
GRWNYYGNELQELRRY,5,3,1.6666666666666667,Rob_10575
GRVWKYGLFDQIEYEY,5,1,5.0,Rob_643
GFCEHYGSSDQMMYEY,5,0,5.0,
ERVWNYGFGEQWEYNY,5,4,1.25,
GFLMYYGSSVQDEYEM,5,1,5.0,
GRWDRHGAYDEYEYDY,5,4,1.25,
GRWNYFGYGYQSDYEY,5,1,5.0,Rob_7647
GRWLYYGSNWQLNYAY,5,0,5.0,Rob_5807
GRAEYYGYALQYDFEY,5,3,1.6666666666666667,
GRNLYYGYEYQNDYEY,5,4,1.25,Rob_10469
GRVWRYGLDAQAEHFY,5,3,1.6666666666666667,Rob_1749
GLSWKFGFFDQEELEY,5,2,2.5,Rob_1267
GRWLYRGPIDQFDFEY,5,4,1.25,Rob_9836
GRWRYFGHFDQNEYEY,5,4,1.25,
GRWDYHGYIEQSTYKY,5,3,1.6666666666666667,Rob_6585
GRWDRHGAYDQYEYSY,5,3,1.6666666666666667,
GRWDYYGSYEQTSYDY,5,3,1.6666666666666667,
GRPDYYGYDDQYDYYY,5,2,2.5,Rob_11059
GRWDYFGRYEQWNYEY,5,3,1.6666666666666667,Rob_6497
GRWNFFGDYDQDNESY,5,3,1.6666666666666667,Rob_12281
GRWDRHGAYDQDNYEY,5,3,1.6666666666666667,
GRPNFYGYYEQYLYEY,5,2,2.5,Rob_6569
GRWYYFGQGFQNDYEY,5,1,5.0,
GFYMFWGSSYQCMYYY,5,1,5.0,
GRWFRYGQTDQLRFYY,5,3,1.6666666666666667,Rob_4252
GLWDLFGKFDQDNYEY,5,2,2.5,
GRWWKFGELNQEEYRY,5,4,1.25,Rob_2981
GRVNYYGYYDQLDYYY,5,0,5.0,Rob_12087
GPVWNYGFGEQWEYSY,5,3,1.6666666666666667,
GRWDRHGAYDQYEYKY,5,4,1.25,
GRWDFFGYNEQSDYKY,5,1,5.0,Rob_11688
GRWWYFGPEYQDFYPY,5,0,5.0,Rob_4619
GRWHIYGSVHQEEYYY,5,2,2.5,Rob_2212
GRWFRYGASDQGEYEY,5,3,1.6666666666666667,Rob_3680
GFEYRYGSSDQMEYEW,5,4,1.25,
GRINRYGYYEQYQYEY,5,4,1.25,Rob_7356
GLWDRHGAYDQYEYDY,5,3,1.6666666666666667,
VRWDLFGKYDQDNYDY,5,2,2.5,
GHWDLFGKYDQDNYDY,5,2,2.5,
GRWNYFGDYEQDLYEY,5,2,2.5,Rob_12251
GRVWKFGFGDQALYEY,5,0,5.0,Rob_2014
GRWNLYGGEEQSDYDY,5,4,1.25,Rob_6709
GRVWNFGYGDQNEYRY,5,0,5.0,Rob_8013
GFAYRYGSSLQMCYEM,5,2,2.5,
GRVWNYGFGEQWEDNY,5,0,5.0,
GRVLYHGYNEQDDYYY,5,0,5.0,Rob_3940
GFPWRYGYLDQGDYYY,5,2,2.5,Rob_8484
RRWDRHGAYDQYEYDY,5,4,1.25,
GFEYRYGSSDQMEYEM,5,3,1.6666666666666667,
GRVWNYGLGEQWEYNY,5,1,5.0,
GRSWRYGFSLQHEYDY,5,2,2.5,Rob_2769
GFYWQYGSSMQCMYFY,5,4,1.25,
GRWDLFGKYDQETYEY,5,2,2.5,
GRELRFGFSLQEEFSY,5,1,5.0,Rob_2303
GRWNYFGELYQHLFEY,5,3,1.6666666666666667,Rob_10415
GRVWNYGFGEQWESSY,5,0,5.0,
GRNLYNGYEDQEEYQY,5,0,5.0,Rob_10881
GRWRYFGNFDQSEYEY,5,3,1.6666666666666667,
GRWEQYGPNDQPNHLY,5,1,5.0,Rob_4771
GRWWLYGAQYQLEHEY,5,2,2.5,Rob_1571
GRWNYFGNDQQIEYDY,5,2,2.5,Rob_3227
GFCLHKGSSVQMMYYM,5,2,2.5,
GRVWNYGFGEQWENSY,5,0,5.0,
GRAWSYGLEYQIEYEY,5,0,5.0,Rob_687
GRVWKFGFDFQEEHEY,5,3,1.6666666666666667,Rob_1500
GRVWRNGLTGQYEYEY,5,0,5.0,Rob_356
GRVWRYGLFDQIEYEY,5,4,1.25,Rob_315
GRWYYLGPGDQYYYEY,5,1,5.0,
GRWWRYGAGYQEEFHY,5,0,5.0,Rob_2050
GRWDRHGAYDQYEYRY,5,4,1.25,
GRWDLFGKFDQDDYEY,5,1,5.0,
GRWNYRGDSEQGEYEY,5,3,1.6666666666666667,Rob_2855
GRWNYRGDSEQNEFEY,5,0,5.0,Rob_2867
GRWLTFGDYDQGLHTY,5,1,5.0,Rob_1452
GRVWRYGLSIQEEYEY,5,2,2.5,Rob_2217
GRWWLFGPEDQNAYNY,5,0,5.0,Rob_4186
GRWWRYGEKNQELYDY,5,1,5.0,Rob_3328
GRVWEFGYSSQEEFEY,5,1,5.0,Rob_2482
GRWFWYGPYLQEDYNY,5,0,5.0,Rob_4714
GRWDRHGAYDQYKYDY,5,0,5.0,
GRTWRYGYLDQIEYEY,5,1,5.0,Rob_3662
GRVNYRGLFSQDEHSY,5,3,1.6666666666666667,Rob_1696
GRWFWYGDELQEDYLY,5,1,5.0,Rob_4719
GRPNYYGYYEQDGYEY,5,3,1.6666666666666667,Rob_7235
GRWDHYGYYDQSEYYY,5,0,5.0,
GRWNYYGQYEQKLFEY,5,1,5.0,Rob_11327
GRQWSYGGYQQIDFEY,5,1,5.0,Rob_383
GRWWWFGPSDQFNHLY,5,1,5.0,Rob_4780
GRWDKYGLSFQDEYDY,5,4,1.25,
GRVWRYGLSEQEEYEY,5,4,1.25,Rob_2216
GRWLWYGSSHQEELEY,5,4,1.25,Rob_1559
GRVWRYGLIYQEEYQY,5,2,2.5,Rob_298
GRVWRFGYGYQEEYLY,5,4,1.25,Rob_1916
GRWNYYGQYEQNNYDY,5,2,2.5,Rob_12048
GRWWTFGQDDQYTYHY,5,4,1.25,Rob_4012
GRWSYYGEELQLDYLY,5,2,2.5,Rob_9721
GRWRYFGNIDQNEYEY,5,4,1.25,
GRWNFFGDYEQHDYQY,5,4,1.25,Rob_6917
GRWLRYGENQQFRYSY,5,2,2.5,Rob_9176
GRWLYFGPDIQYNYSY,5,1,5.0,Rob_4747
GRSWRWGFYDQLEYEY,5,4,1.25,Rob_577
GRWHYQGEYEQKLHTY,5,2,2.5,Rob_2738
GRWNYYGYYEQRLYEY,5,3,1.6666666666666667,Rob_11161
GRLWNYGFGEQWEYNY,5,3,1.6666666666666667,
GRWLRRGDDVQDEHFY,4,0,4.0,Rob_1022
GRPNYFGYYEQDDYKY,4,1,4.0,Rob_6601
GAWWLFGSSAQCAYWW,4,3,1.3333333333333333,
GFCQCYGSSDQMMYEY,4,2,2.0,
GRNLLFGYEYQEEYQY,4,1,4.0,Rob_9807
GRWDLFGLYDQDNYDY,4,2,2.0,
GFCYRYGSSLQMIYEM,4,0,4.0,
GRWRYFGKFDQNEYEY,4,1,4.0,
GRWWRVGADDQEEYYY,4,0,4.0,Rob_3884
GFCEHYGSSEQMMYEY,4,1,4.0,
GRWNFYGNDAQREYDY,4,3,1.3333333333333333,Rob_11206
GRVLRFGFDYQIEYEY,4,0,4.0,Rob_2808
GRWDLFGKYDQDEYSY,4,1,4.0,
GRWWRYGPTDQELYRY,4,3,1.3333333333333333,Rob_8086
GFYYYNGSSRQCLYWR,4,0,4.0,
GRWNYYGFYDQNQYDY,4,1,4.0,Rob_7783
GRWLYFGPSLQENYRY,4,2,2.0,Rob_9189
GRVWNFGFREQLEYEY,4,3,1.3333333333333333,Rob_2674
GKWFKYGNYDQDNYNY,4,0,4.0,Rob_3038
GRPLRFGYGEQDGYSY,4,0,4.0,Rob_9458
GRPLWYGYDEQDLYSY,4,2,2.0,Rob_4035
GRWNYFGAYEQYLYEY,4,3,1.3333333333333333,Rob_11836
GRWLYYGPEDQYAYEY,4,1,4.0,Rob_10215
GEWWYFGSSRQCRYWR,4,0,4.0,
GRVWRYGFDDQDEYEY,4,3,1.3333333333333333,Rob_3102
GFCYHYGSSDQMEYYM,4,0,4.0,
GRWNRYGYDDQEEYFY,4,3,1.3333333333333333,
GRPYRYGYGDQYNYSY,4,3,1.3333333333333333,Rob_5680
GRVWRFGFDFQEEHEY,4,2,2.0,Rob_1499
GRSLWYGSDYQLEYQY,4,3,1.3333333333333333,Rob_2768
GRVWRYGLDEQIEYEY,4,0,4.0,Rob_411
GFALYMGSSVQMYYYM,4,1,4.0,
GRWLYFGNYEQYSYEY,4,1,4.0,Rob_11908
GRWNYYGNYLQEDYFY,4,3,1.3333333333333333,Rob_5021
GRVWRFGKYGQYEYSY,4,0,4.0,Rob_282
GRWDYYGKYEQYLYEY,4,2,2.0,Rob_11372
GEWWTFGSSMQCMYFF,4,0,4.0,
GRSLIYGYEEQLEYEY,4,0,4.0,Rob_2897
GCINFYGYYEQYLFEY,4,2,2.0,
GRPNYYGYPEQDGYEY,4,0,4.0,Rob_7237
GRWDFYGDYEQSNYDY,4,3,1.3333333333333333,Rob_11512
GRWNLFGSYDQDNYDY,4,2,2.0,
GRVWRFGLYDQLEYEY,4,3,1.3333333333333333,Rob_172
GRPNYYGYNEQLLYEY,4,3,1.3333333333333333,Rob_10917
GRWWRFGDYNQLRYIY,4,0,4.0,Rob_9389
GRWNHWGAYEQSNYEY,4,1,4.0,Rob_12032
GRWDLFGKYDQDNYEM,4,3,1.3333333333333333,
GFNYEYGSSVQWMYEM,4,1,4.0,
GRWWRFGNDYQIEYIY,4,3,1.3333333333333333,Rob_3005
GRWDYYGDYEQHNYEY,4,3,1.3333333333333333,Rob_11755
GRWWWLGPTNQGLYSY,4,1,4.0,Rob_4422
GAWWMFGSSAQCAYWA,4,2,2.0,
GRNWRWGFDNQYELWY,4,0,4.0,Rob_5217
GRWNYYGEEGQYSYEY,4,0,4.0,Rob_10136
GRWNARGEYEQYLYEY,4,2,2.0,Rob_11823
GRWDLFGKYDHDNYDY,4,3,1.3333333333333333,
GRSWRRGYYEQDTYSY,4,2,2.0,Rob_9553
GFRCEYGSSEQMKYYM,4,2,2.0,
GRWLYRGELDQSLYDY,4,1,4.0,Rob_10317
GRWLFYGPNEQDLYEY,4,0,4.0,Rob_10759
GRNEYRGYSDQEEYDY,4,0,4.0,Rob_10729
GRWYQHGREEQHTYDY,4,1,4.0,Rob_5431
GRWDLFGKLDQASYDY,4,2,2.0,
GLAEYYGYAFQYDFEY,4,2,2.0,
GRVWRFGYKDQDEYEY,4,1,4.0,Rob_2433
GRWRYFGYYEQGDYEY,4,2,2.0,Rob_12290
GRNLYRGYEDQANYRY,4,2,2.0,Rob_5422
GRWRYYGNIDQIEYEY,4,1,4.0,Rob_2315
GRNERFGYHYQLEYEY,4,3,1.3333333333333333,Rob_10964
GRVWRYGLYYQLEYEY,4,2,2.0,Rob_243
GRWWIYGNSWQAEYSY,4,2,2.0,Rob_3447
GRWTYFGPKDQDNYRY,4,0,4.0,Rob_5138
GEWNYFGHYEQKLYKY,4,0,4.0,Rob_8004
GFFWIWGSSYQCMYFQ,4,3,1.3333333333333333,
GRVWRYGFGYQIEYEY,4,2,2.0,Rob_1869
GRVWRFGFGDQALYEY,4,0,4.0,Rob_2018
GRWDLFGSYDQDNFEY,4,0,4.0,
GRNNYRGFLIQSEYLY,4,0,4.0,Rob_6163
GRWLFYGEDWQSNYEY,4,3,1.3333333333333333,Rob_5405
GRSWRFGLDNQYEYEY,4,1,4.0,Rob_737
GRTWRYGYDYQSDYEY,4,0,4.0,Rob_3579
GRWNNFGPNDQSNYSY,4,2,2.0,Rob_4858
GRWRYWGYYEQGDYEY,4,1,4.0,Rob_12291
GRSWSYGFNDQSEYEY,4,1,4.0,Rob_476
GRWYYFVPGFQNDYEY,4,0,4.0,
GRWWAYGAQYQIEEEY,4,1,4.0,Rob_2793
GLYMYNGSSFQCRYYR,4,0,4.0,
GFAMCYGSSDQMMYEY,4,0,4.0,
GLPWRYGYSDQIEYYY,4,0,4.0,Rob_8109
GRSWRFGFNEQDEYDY,4,3,1.3333333333333333,Rob_670
GRWWLFGPGYQPLYRY,4,2,2.0,Rob_4646
GRWDYYGRYEQEDYLY,4,0,4.0,Rob_7852
GRWDFYGHYLQYNYEY,4,3,1.3333333333333333,Rob_11731
GRWLYFGSSHQEELEY,4,2,2.0,Rob_1557
GRWQYYGSRYQTLYEY,4,1,4.0,Rob_9792
GRWRYYGANDQDEYDY,4,2,2.0,
GRSYYYGLQDQGEHEY,4,2,2.0,Rob_955
GRWLYFGPYDQASYEY,4,2,2.0,Rob_12208
GRYFRYGLEIQINELY,4,0,4.0,Rob_4972
GRWDLFGSYDQDKYDY,4,0,4.0,
GPVNFYGYYEQYDYSY,4,2,2.0,
GRWLWFGPEEQLSYYY,4,1,4.0,Rob_4178
GRNWTYGYSDQGEYYY,4,0,4.0,Rob_8661
GRWWRYGPRDQELYRY,4,0,4.0,Rob_8186
GFWLYNGSSRQCEYRR,4,0,4.0,
GRWNYYGDYEQQLYEY,4,3,1.3333333333333333,Rob_11554
GRPNFYGYYEQDNYEY,4,1,4.0,Rob_11408
GRVWRFGKYEQIEYSY,4,2,2.0,Rob_553
GRVWKNGLYYQLEYYY,4,2,2.0,Rob_854
GRWYGYGQDDQFEYAY,4,2,2.0,Rob_5373
GRNNYYGLEIQNEWHY,4,3,1.3333333333333333,Rob_10775
GRTNYFGYNWQGEFQY,4,1,4.0,Rob_3282
GFFMFYGSSYQCLYYQ,4,2,2.0,
GRQLWRGYFEQIDYSY,4,2,2.0,Rob_9543
GFELHMGSSDQMMYYM,4,0,4.0,
GRWLYYGPSDQHNYEY,4,3,1.3333333333333333,Rob_10873
GRWFKYGASDQNLYRY,4,0,4.0,Rob_8621
GRSYRFGDDEQDEFSY,4,0,4.0,Rob_321
GRWDFFGYEYQSNYPY,4,0,4.0,Rob_12374
GRNEYFGYGEQTEYHY,4,0,4.0,Rob_9916
GRVWRYGLDDQDEYEM,4,0,4.0,
GFCMHYGSSVQMEYEM,4,3,1.3333333333333333,
GRWHRFGNDSQFDYWY,4,0,4.0,Rob_5793
GRWWAYGPDVQSRYGY,4,0,4.0,Rob_4138
GRWQFYGHYEQDTYYY,4,2,2.0,Rob_7194
GSWDLFGSYDQDNYDY,4,0,4.0,
GRVWNYGFGEQWDYNY,4,3,1.3333333333333333,
GRWFNFGGDDQELFQY,4,1,4.0,Rob_8175
GRWNFFGYDAQREYEY,4,0,4.0,Rob_11370
GRWDRHGAYDQDEYEY,4,1,4.0,
GRWDKYGSSFQDEHDY,4,3,1.3333333333333333,
GRVLRFGFNDQYEYEY,4,1,4.0,Rob_3408
GRWNYYGFYEQPLYRY,4,0,4.0,Rob_6465
GRWDLHGAYDQYEYDY,4,1,4.0,
GRWWSFGNDQQVEEEY,4,3,1.3333333333333333,Rob_1674
GRWDLVGSFDQDNYEY,4,1,4.0,
GRWDLFGKLDQAEYEY,4,2,2.0,
GRPWRYGYSEQEGYSY,4,2,2.0,Rob_9533
GRWLIYGGLGQLEHEY,4,2,2.0,Rob_1214
GRVWNYEFGEQWEYNY,4,2,2.0,
GRWDFFGQYEQNLYQY,4,0,4.0,Rob_11346
GRTWRYGYWDQELYDY,4,1,4.0,Rob_8647
GRWNYFGYYEQYLYPY,4,2,2.0,Rob_7969
GEWNYYGAYEQELYRY,4,1,4.0,Rob_6719
GKWYNYGNFDQLEYYY,4,1,4.0,Rob_8924
GRVWRYGLLLQLEYEY,4,0,4.0,Rob_249
GRWNYYGEYEQFNYGY,4,0,4.0,Rob_11603
GRWLHHGPEEQGNYEY,4,3,1.3333333333333333,Rob_5438
GRWLYYGSELQTLHYY,4,3,1.3333333333333333,Rob_5868
GRPWRYGYWFQGEYKY,4,0,4.0,Rob_8462
GRWDLFGKFDQTNYAY,4,2,2.0,
GRVWRYGLSDQDEYEY,4,1,4.0,Rob_168
GRNEYYGYVDQWEYDY,4,1,4.0,Rob_10457
GRWYRFGDYNQLRYIY,4,1,4.0,Rob_9388
GRWDRYGSSFQDEYDY,4,1,4.0,
GFEMHYGSSVQMEYYM,4,2,2.0,
GRWDLFGSFGQDNYEY,4,2,2.0,
GRWWYFGPEDQDEYRY,4,2,2.0,Rob_5659
GFCYRYGSSVQMAYEM,4,2,2.0,
GRWWYFGPYWQLEYSY,4,1,4.0,Rob_4513
GRNNYLGYYDQYEYDY,4,3,1.3333333333333333,Rob_6611
GRVLRRGFGFQEEYYY,4,0,4.0,Rob_2179
GRGWNYGFGEQWEYNY,4,0,4.0,
GRSLRYGNEFQIEFEY,4,0,4.0,Rob_2712
GRWNYYGKYEQIIYEY,4,2,2.0,Rob_11666
GRWDRHGAYDQCEYDY,4,2,2.0,
GRWDFFGNYDQSEYWY,4,2,2.0,Rob_12240
GPWNLYGLYEQDLYEY,4,1,4.0,Rob_7758
GRWDLFGKYDQYSYEY,4,0,4.0,
GRWNFYGRYEQDSYSY,4,0,4.0,Rob_7963
GEWMYFGSSRQCRYYR,4,2,2.0,
GRWYLFGSFDQDNYDY,4,0,4.0,
GRWDLFGKFDLDNYEY,4,1,4.0,
GLPSYYGYKEQEDYYY,4,2,2.0,Rob_8492
GRAEYYGYAFQCDFEY,4,3,1.3333333333333333,
GRWDYWGPYEQVLEEY,4,3,1.3333333333333333,Rob_11122
GRWDNYGYYDQSEYDY,4,0,4.0,
GRAWRYGFYLQDEYLY,4,1,4.0,Rob_294
GRWNYRGDSEQEEYEY,4,2,2.0,Rob_2869
GLSWRFGYGEQIDDAY,4,0,4.0,Rob_2109
GRTWRFGYNDQLEYLY,4,2,2.0,Rob_3024
GRWNYYGYYEQFLYDY,4,1,4.0,Rob_6648
GRVWRYGLSNQEEYDY,4,0,4.0,Rob_207
GRVNYFGYDWQLLYEY,4,2,2.0,Rob_7636
GRTNYFGYNYQLEYKY,4,1,4.0,
GFAYYMGSSVQMAYYM,4,3,1.3333333333333333,
GIPYRFGYSDQAEYLY,4,2,2.0,Rob_8221
GRWNYFGYSEQGLYEY,4,3,1.3333333333333333,Rob_6440
GRWWKYGGLRQLEHDY,4,2,2.0,Rob_1124
GRPNYYGYSDQYLYDY,4,0,4.0,Rob_6270
GSINFYGYYEQYLFEY,4,0,4.0,
GRWDYFGRYEQYLYDY,4,0,4.0,Rob_7422
GRWLFYGPYEQKDYDY,4,2,2.0,Rob_11365
GFARYYGSSVQMEYYM,4,3,1.3333333333333333,
GRSWSYGLEEQNLHGY,4,2,2.0,Rob_1112
GRTWRYGYDDQHEYQY,4,0,4.0,Rob_3919
GRVWRYGLFNQDDYNY,4,0,4.0,Rob_226
GFAWHYGSSLQMEYYM,4,3,1.3333333333333333,
GRVWKNGLYFQLEYYY,4,1,4.0,Rob_857
GRVWSFGLEQQIEFEY,4,2,2.0,Rob_174
GRWNYFGARDQNNYNY,4,0,4.0,Rob_9690
GRPLWRGYDDQDGYRY,4,0,4.0,Rob_4270
GRWNYYGPYEQYLFDY,4,3,1.3333333333333333,Rob_11315
GPVNCYGYYEQYDYNY,4,3,1.3333333333333333,
GRWNYFGYYEQLDYYY,4,2,2.0,Rob_6925
GRWNFFGQEDQIQYEY,4,0,4.0,Rob_11645
GRVWHFGYDDQLEYEY,4,2,2.0,Rob_3519
GRNERYGYYIQEEYWY,4,3,1.3333333333333333,Rob_10161
GRWLWFGPHEQLSYYY,4,0,4.0,Rob_4177
GEMWQFGSSRQCRYWR,4,2,2.0,
GRWWRYGAIDQNLYEY,4,0,4.0,Rob_8510
GRPLWRGYWDQWDYVY,4,0,4.0,Rob_3978
GRPNYFGYYEQDDYEY,4,3,1.3333333333333333,Rob_7302
GRPLYYGYEDQINYAY,4,0,4.0,Rob_5886
GRVYRFGYNYQLDYEY,4,2,2.0,Rob_3441
GFCWHYGSSVQDLYYM,4,0,4.0,
GRPEYFGYPNQSEYNY,4,3,1.3333333333333333,Rob_10250
GRWLWHGPEDQDLYRY,4,2,2.0,Rob_9223
GRWLRYGADAQDNFFY,4,1,4.0,Rob_6678
GRNDYWGYYEQPEYEY,4,0,4.0,Rob_6903
GRSQYYGLQDQLEHEY,4,0,4.0,Rob_951
GRNNYYGYEIQAEYNY,4,0,4.0,Rob_6600
GRPLWYGYDDQSSYHY,4,0,4.0,Rob_4614
GRWLWHGPGDQTFYDY,4,2,2.0,Rob_4169
GRWLWHGARYQQDYIY,4,1,4.0,Rob_9066
GRWFRFGADDQAEYEY,4,0,4.0,
GRSWSWGLELQLEYEY,4,2,2.0,Rob_431
GRWNFYGSYEQELYEY,4,1,4.0,Rob_7538
GFEMHYGSSVQMEYHM,4,2,2.0,
GRPNYFGYYEQYEYEY,4,2,2.0,Rob_11221
GRSFRFGFSDQDEYEY,4,2,2.0,Rob_238
GRTWRYGYSDQYEYEY,4,1,4.0,Rob_2459
GGWDYYGYYEQPLYHY,4,3,1.3333333333333333,Rob_6262
GRNNYYGYYIQEEYEY,4,1,4.0,Rob_10587
GRQWSYGLWDQIDFEY,4,0,4.0,Rob_379
GPVNFYGYCEQYDYNY,3,2,1.5,
GRWDYYGYYDQSEYFY,3,1,3.0,
GRWDNYGSSDQELYQY,3,2,1.5,
GRVNYFGYDSQSLYEY,3,1,3.0,Rob_7632
GFCQCYGSSVQMMYEY,3,0,3.0,
GRPYRYGYIDQDLYEY,3,0,3.0,Rob_8713
GRNEYYGYPDQNEYEY,3,0,3.0,
GFEWRYGSSDQWKYEM,3,1,3.0,
GRWNYYGQYEQYLYDY,3,0,3.0,Rob_11038
GRTWNFGYHDQDEYEY,3,1,3.0,Rob_3599
GRWDMFGKYDQDNYDY,3,1,3.0,
GFCYRYGSSLQMYYEM,3,1,3.0,
GPWNFYGYEDQNLYEY,3,1,3.0,
GRWEQFGPNDQSEHLY,3,0,3.0,Rob_4769
GKNWRFGYNDQEGFHY,3,0,3.0,Rob_8217
GRGWRFGFTDQIEYNY,3,2,1.5,Rob_473
GRWNYFGPWYQYLYDY,3,0,3.0,Rob_9845
GRWNFYGEYEQDSHQY,3,0,3.0,Rob_6842
GRVWNYRFGEQWEYNY,3,2,1.5,
GRVWRYGLDYQDEFFY,3,0,3.0,Rob_891
GRWDLFASFDQDNYEY,3,1,3.0,
GRPNDRGYYDQYNYEY,3,0,3.0,Rob_7698
GRWLYYGNYEQVNYDY,3,0,3.0,Rob_10605
GRVNYYGYPDQGDYYY,3,1,3.0,Rob_12089
GRWWRYGSSEQWNFSY,3,0,3.0,Rob_4636
GEMLRFGSSRQCRYWR,3,2,1.5,
GRWDLFGSFDQDNHDY,3,1,3.0,
GRNERYGYDYQGEYYY,3,0,3.0,Rob_10671
GRWNFYGQHDQYNYDY,3,0,3.0,
GPVKFYGYYEQYDYNY,3,1,3.0,
GRPWRYGYLVQEEYYY,3,0,3.0,Rob_8169
GRPYQYGYLDQQDYWY,3,2,1.5,Rob_11228
GFWYYNGSSRQCMYWR,3,2,1.5,
GRWDLFGKYDQDHYEY,3,1,3.0,
GRWDPFGKLDQDAYDY,3,0,3.0,
GRWWRFGAGDQIEHEY,3,0,3.0,Rob_3816
GRSLWKGLEDQDEWYY,3,0,3.0,Rob_981
GFCWRYGSSVQMEYEM,3,2,1.5,
GFAEHYGSSDQMMYEY,3,1,3.0,
GRTDFFGYYEQYLYEY,3,1,3.0,Rob_7080
GRNNYYGYDDQGEYEY,3,0,3.0,Rob_10717
GRVWRFGLQEQIEYYY,3,2,1.5,Rob_550
GRWLYYGPEYQSNYEY,3,1,3.0,Rob_11017
GRWNYYGSEYQIEKDY,3,0,3.0,Rob_2667
GRNEYFGYASQWEYYY,3,1,3.0,Rob_10855
GRYYSRGLEEQGNTRY,3,0,3.0,Rob_5516
GRWFSFGPLDQGNYLY,3,0,3.0,Rob_5614
GRWDYFGFYSQDLYSY,3,0,3.0,Rob_11694
GRWDRYGWYAQWNYPY,3,1,3.0,Rob_6683
GKWNYFGDYEQWQYRY,3,0,3.0,Rob_7684
GRWLWYGNRWQGDYLY,3,0,3.0,Rob_9428
GRWDLFGSLDQDGYDY,3,0,3.0,
GRWLYFGQSDQATYEY,3,1,3.0,Rob_11760
GKWNRFGQEDQANYDY,3,0,3.0,
GFAMHMGSSVQMAYAY,3,1,3.0,
GRWNFYGPYTQGLFDY,3,2,1.5,Rob_11149
GRWLYRGESDQSLYDY,3,0,3.0,Rob_10316
GRWDYYGAYDQDNYEY,3,0,3.0,
GRTWRYGFGNQLEFSY,3,0,3.0,Rob_1931
GRWRHFGNFDQIEYEY,3,2,1.5,Rob_3141
GFYWAYGSSMQCMYFY,3,0,3.0,
GRPYNYGYDNQSGYYY,3,0,3.0,Rob_5917
GRWNYYGEYEQVLYDY,3,2,1.5,Rob_6589
GEWMQFGSSRQCRYWR,3,2,1.5,
GRAWRFGFYEQVEYEY,3,1,3.0,Rob_406
GRWWKYGAIDQALYGY,3,2,1.5,Rob_3915
GRWDLLGKFDQDNYEY,3,1,3.0,
GNWNYFGYYEQQLYEY,3,2,1.5,Rob_12362
GRWNFFGAYEQFDYHY,3,1,3.0,Rob_7889
GRWRYFGNFDQNQYEY,3,0,3.0,
GRWNYYGDYYQLEKYY,3,0,3.0,Rob_2722
GQWWSFGDSDQGEYYY,3,1,3.0,Rob_3792
GRSWRYGLDDQAEYWY,3,1,3.0,Rob_345
GKPWRFGYRDQAEYLY,3,0,3.0,Rob_8565
GRTWQYGYWDQHEYEY,3,0,3.0,Rob_3798
GRWDLFGSYDQENYEY,3,0,3.0,
GYMYHMGSSVQMEYEM,3,2,1.5,
GFCMCYGSSDQMGYEY,3,0,3.0,
GRVWNYVFGEQLEYSY,3,0,3.0,
GRWNYFGSSYQENYYY,3,0,3.0,Rob_9611
GRWNRYGSADQEDYNY,3,2,1.5,Rob_3896
GRNLYYGFGEQDEYEY,3,0,3.0,Rob_4871
GRSLWYGKTEQDEYEY,3,2,1.5,Rob_2680
GRWDRHRAYDQYEYDY,3,1,3.0,
GRTNYFGYNYHLEYEY,3,0,3.0,
GFYLYNGSSRQCEYRR,3,0,3.0,
GPANFYGYYEQYDYNY,3,2,1.5,
GRINFYGYYEQYLYEY,3,2,1.5,Rob_6571
GFNYHMGSSVQMEYYM,3,0,3.0,
GLSFRYGYEDQESYYY,3,1,3.0,Rob_8340
GRWLWYGPDYQITYNY,3,0,3.0,Rob_9096
GNNNYYGYAEQYEYGY,3,0,3.0,Rob_6868
GPTWRYGYWYQEEYYY,3,2,1.5,Rob_8802
GFCMHYGSSVQMMYEM,3,1,3.0,
GRSWRYGFEDQWEFNY,3,2,1.5,Rob_712
GRWWSRGAGDQEDYLY,3,0,3.0,Rob_1991
GRPNFRGYYEQWSHEY,3,0,3.0,Rob_6350
GRPLRYGYYDQFNYDY,3,0,3.0,Rob_4302
GRWLLFGPLDQTTYRY,3,2,1.5,Rob_9456
GRVWRYGLLEQEEYEY,3,2,1.5,Rob_2232
GRWDLFGAFDQDNYEY,3,1,3.0,
GRWNFWGNSEQFLYDY,3,0,3.0,
GRWDNYGSSFQDEYDY,3,2,1.5,
GFPWRFGYSDQLTYEY,3,1,3.0,Rob_8081
GRSFRFGFDYQIEYQY,3,0,3.0,Rob_369
GRVLRFGFGFQEEYYY,3,0,3.0,Rob_2178
GRWLLFGPLDQWTYRY,3,0,3.0,Rob_9455
GRWRYFGNFDQNEYVY,3,1,3.0,
GRWLYFGNYEQWSYEY,3,2,1.5,Rob_11910
GRWDMFGSYDQDNYDY,3,1,3.0,
GRGLYYGNYYQEDHEY,3,0,3.0,Rob_1102
GFEMYMGSSVQMCYYM,3,1,3.0,
GKWYYYGSLDQEGYYY,3,2,1.5,Rob_3427
GRPNYWGLDEQLLYEY,3,0,3.0,Rob_10928
GRVWRYGLTFQYEYAY,3,0,3.0,Rob_592
GRWDYYGPSYQDDYFY,3,1,3.0,Rob_7084
GRSWRYGLDDQDEKEY,3,2,1.5,Rob_1720
GPAWRFGFDYQLEYQY,3,2,1.5,
GRWNFFGQEDQYQYEY,3,0,3.0,Rob_11647
GKWNYFGNDNQDLYDY,3,2,1.5,Rob_2878
GRPDRFGQYEQENYSY,3,1,3.0,Rob_7318
GRANYWGLDEQDEYFY,3,0,3.0,Rob_2284
GKVLRFGYRDQDEYYY,3,0,3.0,Rob_8608
GAWLYMGSSAQCAYAA,3,0,3.0,
GRNLYYGHYEQIESYY,3,0,3.0,Rob_9822
GRWNAWGAYEQNNFEY,3,1,3.0,Rob_11069
GLPNSYGFYDQEEYVY,3,1,3.0,Rob_3383
GRLNYFGNFDQYEYEY,3,0,3.0,
GRVWNYGFVEQWEYNY,3,0,3.0,
GFCLHYGSSVQMEYEM,3,1,3.0,
GFCYHYGSSVQMEYYM,3,0,3.0,
GRWNYYGEYDQDNFLY,3,2,1.5,Rob_12102
GFYWVYGSSLQMEYYM,3,0,3.0,
GRWNYYGQYEQVLYEY,3,1,3.0,Rob_11325
GRVWKYGLFDQDEKQY,3,0,3.0,Rob_1739
GRLYIYGGYEQGEYYY,3,1,3.0,Rob_8131
GRDYKYGLDWQDEKLY,3,0,3.0,Rob_1668
GRWNYYGEYDQDNYNY,3,0,3.0,
GRWDPFGSFDQDNYDY,3,2,1.5,
GRWNHWGEYTQSDYEY,3,2,1.5,Rob_11467
GRWNRYGYDYQEEYDY,3,0,3.0,
GRWDKYGSSLQDEYDY,3,2,1.5,
GRWWRYGNIFQLEYDY,3,0,3.0,Rob_3903
GFEYRYGSSMQMEYEM,3,2,1.5,
GRWDLFEKFDQDNYEY,3,1,3.0,
GRINFYGYYEHYLFEY,3,1,3.0,
GRVDYRGYDEQELYDY,3,0,3.0,Rob_6217
GRHNWFGYYEQDGYEY,3,0,3.0,Rob_7995
GRWDYYGQGDQYNYEY,3,0,3.0,
GRWXRHGAYDQYEYDY,3,0,3.0,
GRSDWHGRDHQYDSSY,3,1,3.0,Rob_9549
GRSLYYGLSFQLELEY,3,0,3.0,Rob_1100
GRWYNFGEGDQLEYNY,3,0,3.0,
GRWLRFGADDQDEYDY,3,0,3.0,
GRWWQHGREIQGTYDY,3,1,3.0,Rob_5435
GRNLHYGHEEQFEYIY,3,0,3.0,Rob_5728
GRSWQYGLLWQDELHY,3,0,3.0,Rob_1140
GLPNYYGYSIQEDYYY,3,0,3.0,Rob_8497
GFYLHRGSSVQWMYEM,3,1,3.0,
GRWNYYGDYEQWLYDY,3,1,3.0,Rob_6255
GRWRYFGSFDQNEYEY,3,1,3.0,
GRVWRYGFGYQIEYGY,3,0,3.0,Rob_1941
GLSWKFGFGVQDEYWY,3,1,3.0,Rob_2071
GRNNEFGYEDQSEYQY,3,2,1.5,Rob_9815
GLSHYYGFDDQALYQY,3,1,3.0,Rob_3504
GRPNFFGYYEQNDYDY,3,1,3.0,Rob_12397
GRWDLFGSCDQDNYDY,3,1,3.0,
GRVWRYGLYLQLEYEY,3,1,3.0,Rob_251
GRWNYYGGYEQWQYEY,3,2,1.5,Rob_11195
GRWNYFGPEEQDSYDY,3,2,1.5,Rob_10707
GRWNFYGYYEQSSYAY,3,1,3.0,Rob_6428
GRVRTYGARDQADYSY,3,0,3.0,Rob_2529
GRVWRYGLSYQEEYYY,3,0,3.0,Rob_448
GRWNYYGQYEQELYEY,3,1,3.0,Rob_12002
GRTLRYGAILQEEYYY,3,0,3.0,
GRVWRFGLSYQIEYDY,3,0,3.0,Rob_2154
GNWFRFGHYEQWQYPY,3,1,3.0,Rob_6771
VRWYYFGPGFQNDYEY,3,0,3.0,
GRTNYFGYKYQLEYEY,3,0,3.0,
GRWDLFGKYDQENYYY,3,0,3.0,
GRWDLFGKYDLDNYEY,3,2,1.5,
GRWYYYGEGDQYNYEY,3,1,3.0,
GNWDRYGSYEQWLYPY,3,1,3.0,Rob_11418
GRVWRYGLLEQLEYLY,3,1,3.0,Rob_2247
GRWWRFGESDQHEYYY,3,1,3.0,Rob_3640
GRWNYYGQWWEEEYYY,3,0,3.0,
GRNLYVGYEYQDEYTY,3,2,1.5,Rob_5417
GLPWRYGYSDQIEYGY,3,0,3.0,Rob_8112
GRWNYYGNYEQYEYYY,3,1,3.0,Rob_6325
GAWWMAGSSAQCMYYA,3,0,3.0,
GRPNFFGYDEQSNYRY,3,0,3.0,Rob_9598
GFNRHYGSSVQMEYEM,3,1,3.0,
GRWWIYGNFSQDLYEY,3,1,3.0,Rob_3538
GRPEYYGYYDQTSYEY,3,0,3.0,Rob_9622
GFCYRYGSSVQMIYEM,3,0,3.0,
GSWDLFGKFDQDNYEY,3,1,3.0,
GRWLFRGDYYQIEEEY,3,2,1.5,Rob_2614
GRWWRYGELTQEDYKY,3,0,3.0,Rob_8988
GRNNFFGYYEQIEYEY,3,0,3.0,Rob_6735
GLPNWYGYSIQEDYYY,3,0,3.0,Rob_8500
GRTWRFGFNDQYEYEY,3,2,1.5,Rob_3406
GRWLYYGPYEQENYMY,3,2,1.5,
GRWWLFGPEDQNAYSY,3,2,1.5,Rob_4187
GFYWVYGSSEQMYYEM,3,0,3.0,
GRSLWWGSELQIEYQY,3,2,1.5,Rob_1090
GRWNFYGGYEQENYDY,3,1,3.0,
GRSWRYGKKDQDELYY,3,1,3.0,Rob_1196
GPWDYYGYYDQDLYNY,3,1,3.0,Rob_7746
GKWNYYGKYEQILYDY,3,1,3.0,Rob_6268
GRWWRYGEKGQELYDY,3,1,3.0,Rob_3619
GRVRYFGYYEQTEYEY,3,0,3.0,Rob_6432
GRWNRYGHSEQGLYEY,3,1,3.0,Rob_6445
GRWDYYGFYDQDLYEY,3,1,3.0,
GNWNYYGYYEQILYKY,3,2,1.5,Rob_7999
GEWLKFGSSRQCRYWR,3,0,3.0,
GRWWYYGPGEQFGYTY,3,0,3.0,Rob_4325
GRWNYRGPTGQEAYRY,3,1,3.0,Rob_10688
GRWDVFGKDDQDAYSY,3,1,3.0,
GRWDLWGEYEQRNYDY,3,1,3.0,
GRWWLFGPEDQDSYRY,3,0,3.0,Rob_4295
GFMLHRGSSVQWMYEM,3,0,3.0,
GNWNYYGKYEQWLYEY,3,2,1.5,Rob_11134
GRPDRYGYSNQELYRY,3,2,1.5,Rob_8718
GREWNYGFGEQWEYSY,3,2,1.5,
GRWLRYGEYEQPEYYY,3,0,3.0,Rob_11770
GRWNFFGNYEQVLYEY,3,1,3.0,Rob_6476
GRSWGRGYEWQYEHRY,3,0,3.0,Rob_8377
GFYYFLGSSFQCMYYY,3,2,1.5,
GFCWHLGSSVQMEYEW,3,2,1.5,
GFAFEYGSSEQMEYEM,3,0,3.0,
GRWWTYGNNLQYNYLY,3,0,3.0,Rob_8986
GRNNEFGYEEQSEYQY,3,0,3.0,Rob_9814
GRWLYYGPYYQEKYGY,3,2,1.5,
GLWNYYGPYEQYLFDY,3,0,3.0,
GRSWRFGLWDQFEYEY,3,1,3.0,Rob_767
GRWWRYGPDSQRSYYY,3,2,1.5,Rob_4206
GRWNLYGGYDQDDYKY,3,1,3.0,Rob_11424
GRVWRFGLQNQAEYLY,3,2,1.5,Rob_508
GNWNYYGYYEQENYTY,3,0,3.0,Rob_11041
GRPLRYGYNEQSTYDY,3,1,3.0,Rob_4650
GRLRYFGNFDHNEYEY,3,0,3.0,
GRWDLFGSFDKDGYDY,3,0,3.0,
GLPWIFGYPDQYLHLY,3,1,3.0,Rob_8861
GRINFYGYYEQYLLEY,3,1,3.0,
GRWDYFGYYEQANYHY,3,0,3.0,Rob_7658
GFAAAYGSSEQMKYYM,3,0,3.0,
GRWNYYGPYEQEDYSY,3,0,3.0,Rob_7848
GRVNYFGYDGQLLYEY,3,2,1.5,Rob_7638
GEWLLFGSSRQCRYWR,3,0,3.0,
GRSEQYGYSDQDEYLY,3,0,3.0,Rob_8241
GRWNYYGSYDQESYNY,3,1,3.0,Rob_11250
GRWDYFGYYEQFEYTY,3,2,1.5,Rob_11968
GRVWSRGLFLQLEYEY,3,1,3.0,Rob_402
GRLNYYGYTEQETYEY,3,0,3.0,Rob_10592
GFACHYGSSVQMKYYM,3,0,3.0,
GRWRYFGNFDQDEYEY,3,2,1.5,
GRVWRYGLNKQLEFEY,3,2,1.5,Rob_260
GRWQYYGPSLQADYLY,3,1,3.0,Rob_10297
GRWHLFGSYDQDNYEY,3,1,3.0,
GRNNYYGYGDQDDFTY,3,1,3.0,Rob_12085
GFAYRYGSSLQMMYEM,3,0,3.0,
GRQWSYGLYDQIDYEY,3,0,3.0,Rob_377
GRPFSHGYDYQIEYYY,3,0,3.0,Rob_3737
GEWWYLGSSFQCRYWR,3,0,3.0,
GRFWRYGQLSQVEYIY,3,0,3.0,Rob_3589
GRVWRWGLWDQSEYEY,3,1,3.0,Rob_809
GLPNFYGYYDQPLYKY,3,0,3.0,Rob_12268
GRWDLFGSYDQDNYAY,3,0,3.0,
GFEWRYGSSEQMYYEM,3,1,3.0,
VPVNFYGYYEQYDYEY,3,0,3.0,
RPVNFYGYYEQYDYNY,3,2,1.5,
GGWDYYGYYEQNLYHY,3,1,3.0,Rob_6260
GRWNYYGEYEQLLYEY,3,1,3.0,Rob_6596
GRNNYYGYYEQEEYEY,3,1,3.0,Rob_7562
GRFWRYGGDEQDDYYY,3,1,3.0,Rob_390
GRNRYYGFSFQVEYDY,3,0,3.0,Rob_5175
GRWDLFGSFDHDNYDY,3,2,1.5,
GRVWRYGLLDQYEYWY,3,0,3.0,Rob_349
GLPYRYGYSDQAEYGY,3,1,3.0,Rob_8396
GRPYYFGYAEQDLFDY,3,0,3.0,Rob_5628
GRWWRKGPFDQNNYWY,3,1,3.0,Rob_4050
GRVWSFGLSEQAEEYY,3,0,3.0,Rob_1733
GRWNFYGPYSQNNYEY,3,2,1.5,Rob_11724
GRVYRFGYSYQLDYEY,3,2,1.5,Rob_3439
GRWYNFGAGDQLECNY,3,0,3.0,
GRNWKFGSIWQHEYFY,3,0,3.0,Rob_2221
GRVWRFGFGYQDEYQY,3,0,3.0,Rob_1997
GRWWRFGESDQYEYYY,3,0,3.0,Rob_3641
GRWWRYGDYDQALYDY,3,1,3.0,Rob_3243
GRPQRYGSDNQDEYLY,3,2,1.5,Rob_3110
GRNLYFGYSYQDEYQY,3,0,3.0,Rob_10386
GRWDNYGSSDQELYSY,3,0,3.0,
RRWDLFGKFDQDNYEY,3,2,1.5,
GRSDRFGYYEQIDYSY,3,0,3.0,Rob_6478
GRTWRFGYDDQSEYQY,3,1,3.0,Rob_3601
GRWQWYGPSQQESYEY,3,2,1.5,Rob_9255
GRWDYYGKYEQNLHEY,3,1,3.0,Rob_11376
GYNDYLGYRWQFEYHY,3,0,3.0,Rob_5826
GRWWYFGPYIQVDYWY,3,0,3.0,Rob_4640
GRINYYGYYDQNQYEY,3,1,3.0,Rob_7033
GRLDLFGSFDQDNYDY,3,1,3.0,
GRVWRFGLHEQEEYEY,3,0,3.0,Rob_2233
GRWQTYGSLWQAEHYY,3,0,3.0,Rob_968
GRGWVFGSDNQEELVY,3,0,3.0,Rob_1331
GEYWAFGSSRQCRYWW,3,1,3.0,
GFAYRYGSSLQMYYEM,3,2,1.5,
GRWNFYGGYDQQDFEY,3,0,3.0,Rob_11995
GRWNYYGRWWQEEYYY,3,2,1.5,
GRWWLYGNDDQLEHYY,3,1,3.0,Rob_1615
GRWDPFGKFDQDNYEY,3,2,1.5,
GFEYRYGSSLQMMYEM,3,2,1.5,
GRWWRYGAIDQGLYEY,3,1,3.0,Rob_8507
GRWDFYGAFEQESYYY,3,0,3.0,
GRSLYYGYSIQDDYEY,3,2,1.5,Rob_3721
GRSWRFGFLHQNELNY,3,0,3.0,Rob_1336
GRWLRYGESDQSLYEY,3,0,3.0,Rob_9949
GRNNYFGQYEQYIYEY,3,0,3.0,Rob_6899
GRVWRFGLFDQLEYEY,3,1,3.0,Rob_884
GRWLWFGPTGQYDYLY,3,0,3.0,Rob_8997
GRWDLFGKVDQDAYDY,3,0,3.0,
GRWNYYGEYEQDEYYY,3,0,3.0,Rob_11773
GRVWAYGSGDQVEYEY,3,1,3.0,Rob_2919
GRVWNFGLDFQWEQQY,3,0,3.0,Rob_1743
GRWDLFGKYDQDNYEC,3,2,1.5,
GRWNYFGQFYQGTYDY,3,0,3.0,Rob_11794
GEWWNFGSSRQCRYYR,3,1,3.0,
GRSLRYGSSFQDELYY,3,2,1.5,Rob_1386
GEWWAFGSSRQCRYYR,3,0,3.0,
GLSWKYGFGDQELYKY,3,0,3.0,Rob_2098
GRSLLYGKEEQYEFEY,3,0,3.0,Rob_2703
GRPLWYGYPDQLLYDY,3,0,3.0,Rob_4463
GFCMHYGSSVQMAYYM,3,0,3.0,
GRVWRSGLWDQDEYFY,3,1,3.0,Rob_890
GRPRYRGYEWQYNYRY,3,2,1.5,Rob_10378
GRWLYFGPDNQWEHSY,3,0,3.0,Rob_4949
GRNLSYGFEDQSEYSY,3,0,3.0,Rob_5162
GRWDYYGSYTQELYEY,3,1,3.0,Rob_6404
GRVWRFGLYEQYEYSY,3,1,3.0,Rob_281
GKPNWFGYDQQDEYNY,3,1,3.0,Rob_8780
GRWDRHGAYDQYEHDY,3,1,3.0,
VRWYNFGAGDQLEYNY,3,0,3.0,
GFCYRYGSSMQMEYEM,3,1,3.0,
GRVWNYGFCEQLEYSY,3,0,3.0,
GFAMYMGSSVQMAYYM,3,1,3.0,
GRSWNYGFSDQYEYEY,3,0,3.0,Rob_2269
GRWNYYGFYEQDLYPY,3,0,3.0,Rob_7008
GRWLYYGPNWQDDYYY,3,0,3.0,Rob_5808
GRWMYYGPYYQEKYEY,3,0,3.0,
GRWDLCGSYDQDNYEY,3,1,3.0,
GRNNYFGFYDQWSYEY,3,1,3.0,Rob_7929
GRWWRFGDYNQDRYYY,3,1,3.0,Rob_9392
GRNEYYGYPDQEEYDY,3,0,3.0,Rob_10727
GSWDRHGAYDQYEYDY,3,1,3.0,
GRWFKYGSEDQWDYNY,3,1,3.0,Rob_8334
GRWDLFGKDDQYAYSY,3,1,3.0,
GRVYRRGFDEQDEHYY,3,2,1.5,Rob_1586
GRWLYYGQYYKYDYEY,3,0,3.0,
GFLYIYGSSVQWMYEM,3,0,3.0,
GRVYKFGYRDQDLYEY,3,0,3.0,Rob_3544
GRWNYYGAYEQWTYEY,3,2,1.5,Rob_7454
GRSWRYGLYYQIEYSY,3,0,3.0,Rob_830
GRWDKYGSSFQDECDY,3,2,1.5,
GRWQYHGDEDQWDYLY,3,1,3.0,Rob_10284
GFAYAYGSSVQMEYYM,3,1,3.0,
GRSWRYGFYEQIEYEY,3,0,3.0,Rob_303
GFYWGYGSSDQMKYYM,3,0,3.0,
GRWLYYGSGDQNLYEY,3,2,1.5,Rob_9968
GRPNFYGYYEQDSYEY,3,1,3.0,Rob_11854
GEWYYFGSSFQCRYYR,3,1,3.0,
GYNNYYGYSDQHDYDY,3,0,3.0,Rob_5947
GRWRYFGNFDQNDYEY,3,1,3.0,
GRWLWYGGYHQYEKEY,3,1,3.0,Rob_1015
GRWWKFGNWKQDEYTY,3,1,3.0,Rob_3743
GRWDNYGSSDQELYRY,3,2,1.5,
GRVWRYGYWDQGEYEY,3,0,3.0,Rob_2924
GRWDKYGSIFQDEYDY,3,0,3.0,
GFAYRYGSSDQMYYEM,3,2,1.5,
GRVYRYGLEYQKEYWY,3,0,3.0,Rob_2592
GFAYRYGSSMQMMYEM,3,1,3.0,
GRWHWWGPTYQNNYYY,3,0,3.0,Rob_5665
GRNLHYGHEIQFEYIY,3,2,1.5,Rob_5726
GRWWRYGPNDQYSYPY,3,1,3.0,Rob_4180
GLPLYYGYDLQGQYDY,3,2,1.5,Rob_5396
GRVWRYGLYYQQEYLY,3,0,3.0,Rob_2514
GRVWNYGFGEQWEYSF,3,1,3.0,
GRWYYFGPCFQNDYEY,3,0,3.0,
GRVWNFGLEYQYEYLY,3,2,1.5,
ERWDLFGSYDQDNYDY,3,1,3.0,
GRVLKFGFDYQIEYEY,3,1,3.0,Rob_2809
GFCMHYGSSDQMMYEM,3,1,3.0,
GRLLRYGFKDQTEYLY,3,1,3.0,Rob_5798
GRVNYYGFEFQVEHEY,3,0,3.0,Rob_1516
GLYTYFGSSMQCRYYR,3,1,3.0,
GLPLIYGYEQQSEYWY,3,0,3.0,Rob_2290
GRWDKYGSRFQDEYDY,3,2,1.5,
GRWXYFGNFDQNEYEY,3,1,3.0,
GNWNYYGWYEQSLYDY,3,1,3.0,Rob_6535
GFRMHNGSSDQMMYEM,3,2,1.5,
GRWNYYGSFWQDNYGY,3,0,3.0,Rob_7254
GRWNYYGNYEQNEYYY,3,0,3.0,Rob_6324
GRWYYFGPDFQNDYEY,3,2,1.5,
GRWNYFGDWEQYLYDY,3,0,3.0,Rob_7158
GRNNFFGYYEQSQYEY,3,2,1.5,Rob_7516
GRWLWRGPIYQQDYYY,3,2,1.5,Rob_9266
GRWDLFGKLDQVAYDY,3,0,3.0,
GRWLYYGCGYQESYDY,3,1,3.0,
GEWNYYGFYEQYDLDY,3,1,3.0,Rob_7188
GRWDLFRKYDQDNYEY,3,1,3.0,
GRVCNYGFCEQWEYSY,3,0,3.0,
GRSDRFGYYEQYQYEY,3,0,3.0,Rob_11902
GRWDFYGYYEQDLYHY,3,2,1.5,Rob_7884
GRSYSYGIEFQLEDNY,3,0,3.0,Rob_1248
GRWRYFGNFNQNEYEY,3,1,3.0,
GRVWRFGLYEQIEYSY,3,0,3.0,Rob_552
GRNNLFGFYEQNLFEY,3,1,3.0,Rob_7830
GRLYNFGAGDQLEYNY,3,2,1.5,
GRWDLVGSYDQDNYEY,3,1,3.0,
GRPNYYGYYEQDNYEY,3,1,3.0,Rob_11224
GRNFRKGFEEQSEHWY,3,0,3.0,Rob_4757
GRVWKFGLREQLEYEY,3,0,3.0,Rob_627
GRWDYYGYYEQNLYGY,3,1,3.0,Rob_6257
GRNWRFGHEEQSDTIY,3,2,1.5,Rob_5554
GRWFRYGPIDQLNYSY,3,1,3.0,Rob_4369
GRWWIYGRFSQDLYEY,3,2,1.5,Rob_3537
GRNLYYGYELQEEYQY,3,0,3.0,Rob_10736
GRSFNYGLSLQELHLY,3,0,3.0,Rob_993
GRWNFWGPYDQYQYEY,3,2,1.5,Rob_11672
GRVFRYGLYDQYEFEY,3,0,3.0,Rob_198
GFCRYYGSSVQDLYYW,2,0,2.0,
GRWLRYGPSYQWEYLY,2,0,2.0,Rob_5442
GRGWRYGYEDQAEYEY,2,0,2.0,Rob_3203
GRWLLFGPLDQYTYHY,2,0,2.0,Rob_9453
GRWNYFGEYEQYNFRY,2,0,2.0,Rob_12106
GRWDKYGSSFQGEYDY,2,0,2.0,
GRWDYYVQYEQREYTY,2,0,2.0,
GFPWRYGYNEQDEYQY,2,0,2.0,
GRWLWRGPLDQDGYEY,2,0,2.0,
GRPDFFGYEDQSNYEF,2,0,2.0,
GRWFRFGPIQQLNYDY,2,0,2.0,Rob_4313
GFWQYNGSSRQCRYYW,2,0,2.0,
GRWNFFGHYEQDNYSY,2,0,2.0,Rob_11276
GRWNYFGQYDQGLYEY,2,0,2.0,Rob_10753
GRWNYYGRYEQLLYEY,2,0,2.0,Rob_6457
GRVCNYGFGEQCEYSY,2,0,2.0,
GKVLHQGKSDQNEYDY,2,0,2.0,Rob_2238
GRWNYYGNYEQLLFEY,2,0,2.0,Rob_11331
GRWNFFGNYDQDLYPY,2,1,2.0,Rob_11585
GRPLWHGYDEQSNYYY,2,0,2.0,Rob_4065
GRWWRFGADEQQEYKY,2,0,2.0,Rob_3649
GRWNWFGPWYQQSYYY,2,0,2.0,Rob_9271
GYMFEYGSSVQMEYEW,2,0,2.0,
GLNLRYGGGDQDQYSY,2,0,2.0,Rob_2008
GRSWRFGYLEQLEYEY,2,0,2.0,Rob_3749
GRAWNFGFAYQIEYEY,2,0,2.0,Rob_461
GRWYYMGPGDQYDYEY,2,0,2.0,
GLSWRFGFGVQDEYWY,2,0,2.0,Rob_2070
GRTWRYGFGEQELYDY,2,0,2.0,Rob_2073
VRLDRHGAYDQYEYDY,2,0,2.0,
GRVWRYGFSFQEEHEY,2,0,2.0,Rob_1406
GRSWRYGYDFQIEYEY,2,0,2.0,Rob_2587
GRPWYRGYENQESYYY,2,0,2.0,Rob_9309
GRWHYFGPSDQENYHY,2,0,2.0,Rob_9877
GRVWRNGLSYQYEYEY,2,1,2.0,Rob_358
GEWYYRGSSFQCRYPR,2,0,2.0,
GRWDYYGNLEQWEYTY,2,0,2.0,Rob_7224
GRVWQYGFGYQDEYFY,2,0,2.0,Rob_1946
GRVWKYGFLYQEEHEY,2,0,2.0,Rob_1509
GRWDLFGSFDRDNYDY,2,1,2.0,
GRWRYFGYYDQNEYEY,2,1,2.0,
GRPNRYGYYEQSLYEY,2,0,2.0,Rob_6956
GRTEYRGYDWQLDYLY,2,0,2.0,
GRPNHYGYYDQANYEY,2,0,2.0,Rob_7701
GRWNYYGNKYQGDYSY,2,0,2.0,Rob_6631
GLSYRYGFYQQLEYSY,2,1,2.0,Rob_801
GEWWTFGSSRQCRYWR,2,1,2.0,
GFAMHYGSSVQMAYAY,2,1,2.0,
GRVWNYGYGQQLNYTY,2,1,2.0,Rob_9489
GKVLHQGKSDQYEYDY,2,1,2.0,Rob_2240
GRVNFYGYYEQLLYDY,2,1,2.0,Rob_12245
GRPLWFGYSDQERYSY,2,1,2.0,Rob_4216
GRWNYWGQYEQYLYEY,2,0,2.0,Rob_11219
GFYWVYGSSMQCMYEM,2,0,2.0,
GRPDYYGYFEQNLYKY,2,1,2.0,Rob_6776
GRNFRKGFEEQSEHQY,2,0,2.0,Rob_4755
GEYWVFGSSRQCRYWR,2,1,2.0,
GRVNNYGYNYQYDYSY,2,0,2.0,Rob_7361
GFEFKYGYIDQYQYYY,2,0,2.0,Rob_8689
GRWNYYGGLYQYDYDY,2,1,2.0,Rob_11790
GRWWYYGNSEQLLRYY,2,1,2.0,Rob_4632
GRWHLFGKFDQDNYEY,2,0,2.0,
GRWDYYGYYEQALYEY,2,1,2.0,Rob_12355
GRWWYFGPEDQDVYQY,2,0,2.0,
GRWWHYGPDSQWRYKY,2,0,2.0,
GRWWRYGNNDQWLYEY,2,0,2.0,Rob_3452
GRWLWNGFYEQWDYSY,2,0,2.0,
GCVWNYVFGEQWEYSY,2,0,2.0,
GRVFRYVLSNQEEYEY,2,0,2.0,
GRWNWYGPLYQWDHSY,2,0,2.0,Rob_9123
GRWWILGAKYQDLYEY,2,1,2.0,
GRTFSYGYRYQLEYEY,2,1,2.0,Rob_3043
GRPEYRGYEWQLEYLY,2,1,2.0,Rob_10041
GRCNYFGADWQEEYDY,2,0,2.0,
GRTWRFGYNDQDEYEY,2,1,2.0,Rob_2576
GRWWRYGGADQLEYDY,2,0,2.0,Rob_2824
GEWWKRGSSRQCFYYR,2,1,2.0,
GREWRYGYDDQDEYHY,2,1,2.0,Rob_3064
GFACAYGSSVQMAYYM,2,0,2.0,
GFATHYGSSEQMKYEY,2,0,2.0,
GRIWRQGEFAQIEYEY,2,1,2.0,Rob_799
GRWNRYGVGYQEEYDY,2,0,2.0,
GRWLWRGSDYQDTFDY,2,1,2.0,Rob_9323
GRWNYYGYYDQSLYDY,2,0,2.0,Rob_11992
GRTNFYGYYEQVLFEY,2,1,2.0,Rob_6758
GRGDLFGSYDQDNYEY,2,1,2.0,
GLVWNYGFGEQWEYNY,2,1,2.0,
GRWNYYGPDSQYDYKY,2,0,2.0,Rob_6126
GRILWHGYNIQNLYEY,2,0,2.0,Rob_4149
GQWNYFGSYAQYLYEY,2,0,2.0,Rob_12228
GRNWRYGLYDQVEKLY,2,0,2.0,Rob_1796
GRVNFYGYDEQEEYNY,2,0,2.0,
GRWEYRGNDEQIEYLY,2,0,2.0,
GRGDRHGAYDQYEYDY,2,0,2.0,
GRNLYRGFYDQDEYYY,2,1,2.0,Rob_6065
GEYWMFGSSRQCRYWR,2,0,2.0,
GRINYYGYRDQALYEY,2,1,2.0,Rob_6372
GRVWQYGFGYQLEYNY,2,0,2.0,
GFCWHYGSSEQMVYYM,2,0,2.0,
GRWYYLVPGDQYDYEY,2,0,2.0,
GRWNYYGSNEQGLFHY,2,0,2.0,Rob_9853
GRNNYYGYSEQDEYKY,2,0,2.0,Rob_10998
GKVWRFGYSSQAEYYY,2,0,2.0,Rob_8532
GRPNYFGYSHQDNYEY,2,0,2.0,Rob_7472
GRSLRYGSWFQEELNY,2,1,2.0,Rob_1385
GRVNFYGYYEQAEYDY,2,1,2.0,Rob_12183
GRWNKYGGGYQIEYEY,2,0,2.0,Rob_2019
GRWDLFGSYDQYEYDY,2,0,2.0,
GRWDYYGPYRQDDYAY,2,1,2.0,Rob_7093
GRSWKYGLYDQDEHHY,2,0,2.0,Rob_928
GRTWRFGYWDQFEYYY,2,0,2.0,Rob_3592
GRNEYFGYYEQDEYNY,2,0,2.0,Rob_10263
GRVWNYGFGEKWEYNY,2,0,2.0,
GSWNYYGEYEQSSYEY,2,0,2.0,
GRPFLYGNDTQKNYEY,2,0,2.0,Rob_5953
GRNYSFGFYYQPEYNY,2,0,2.0,
GRPNYYGFPVQYEYHY,2,0,2.0,Rob_10791
GEAEYYGFPVQYNHSY,2,0,2.0,Rob_10017
GRPLWYGYDDQNSYKY,2,0,2.0,Rob_4583
GRVWNYGFGAQWEYSY,2,0,2.0,
GRLWRFGYDLQLGFHY,2,0,2.0,Rob_8022
GKWWRYGEREQIEEAY,2,0,2.0,Rob_1676
GRSDWHGRDHQYDSWY,2,0,2.0,Rob_9550
GRDWRYGLNDQENYYY,2,1,2.0,Rob_2375
GKVWRYGYEDQAEYYY,2,0,2.0,Rob_8827
GRWDHYGYYYQSLYDY,2,0,2.0,
GRWTYFGPKDQDNYWY,2,0,2.0,Rob_5137
GRWDLFGKSDQDNYDY,2,0,2.0,
GFAQHYGSSVQMKYEY,2,1,2.0,
GRNNYYGYYDQTEYDY,2,0,2.0,Rob_5942
GRINFKGYEEQENYQY,2,1,2.0,Rob_6242
GNWIYFGYYEQQLYGY,2,0,2.0,
GRWWYYGPEFQPLYRY,2,1,2.0,Rob_4533
GRWWRFGNDYQIEYNY,2,1,2.0,Rob_3004
GRSWIFGSSDQDEYQY,2,0,2.0,Rob_3050
GRWNYHGEYDQYLYHY,2,0,2.0,Rob_7130
GRWDLFVKDDQDAYSY,2,0,2.0,
GRWDLFGKLDQAEYNY,2,0,2.0,
GFRYRYGSSDQMDYEM,2,0,2.0,
GRPNFFGYYEQDGYSY,2,0,2.0,Rob_6963
GRWDLFVKYDQDNYDY,2,0,2.0,
GFPWRFGYLDQHEYQY,2,0,2.0,Rob_8166
GRNNYYGYEDQSEYKY,2,0,2.0,Rob_10229
GREWRFGFDLQIEYEY,2,0,2.0,Rob_2184
GRLDLFGKFDQDNYDY,2,0,2.0,
GRWNFYGAYEQSQYYY,2,1,2.0,Rob_7755
GFAMYYGSSVQYEYEM,2,1,2.0,
GFPWRFGYLDQDEYFY,2,0,2.0,Rob_8552
GRSLRWGFDDQAEFEY,2,1,2.0,Rob_580
GRWNYFGEYEQYSYGY,2,1,2.0,Rob_11777
GPTWIYGYGDQDNHYY,2,0,2.0,Rob_8260
GRWNFYGYYEQDLYHY,2,0,2.0,Rob_7881
GRWDYFGADDQTNYRY,2,0,2.0,Rob_7019
GFAFCYGSSEQMEYEM,2,0,2.0,
GFPWRYGYFDQQSYYY,2,1,2.0,Rob_8704
GRWDLFGKFDRDNYDY,2,0,2.0,
GRWDYYGPTIQWDYWY,2,1,2.0,Rob_7710
GFRYAYGSSEQMKYYM,2,0,2.0,
GRVHRYGKVFQLDYEY,2,1,2.0,Rob_2959
GRWWYYGPVEQYRLVY,2,0,2.0,Rob_4563
GFMYHRGSSVQWMYEM,2,0,2.0,
GRWNYYGGWEQENYIY,2,1,2.0,Rob_10068
GRAEYYGSAFQYDFEY,2,1,2.0,
GFAMHYGSSVQMLYAW,2,1,2.0,
GRWRYYGELDQTLQEY,2,0,2.0,Rob_7438
GRGWRYGYFLQAEYEY,2,1,2.0,Rob_3207
GFRMYMGSSVQMEYYM,2,0,2.0,
GFAYRYGSSMQMEYEM,2,1,2.0,
GRWWRYGSINQLEYEY,2,0,2.0,Rob_3475
GAWWAFGSSAQCAYWA,2,0,2.0,
GSWRYKGQEDQFLYKY,2,0,2.0,Rob_2328
GRWDYYGVGDQYNYEY,2,0,2.0,
GFELHYGSSVQMKYEM,2,1,2.0,
GRSWRYGFNHQEELQY,2,0,2.0,Rob_1317
GLWDKYGSSFQDEYDY,2,1,2.0,
GRNNYYGYYDQSEYHY,2,0,2.0,Rob_5314
GRVWRFGLDDQELYEY,2,0,2.0,Rob_2501
GRWDLFGKYDQDNHDY,2,0,2.0,
GRVWRFGFWDQHEHEY,2,1,2.0,Rob_1523
GRSWRYGLYDQDLYQY,2,0,2.0,Rob_664
GRVDFYGYYDQWNYDY,2,1,2.0,Rob_6626
GEWWLFGSSRQCRYWR,2,0,2.0,
VRSLRFGYWEQELYEY,2,0,2.0,
GRNNYYGYDWQEEWQY,2,0,2.0,Rob_10477
GRWARYGEWHQYHHYY,2,0,2.0,Rob_9277
GRWDRHGAYDQYEYDD,2,0,2.0,
GFLYHRGSSVQWLYEM,2,0,2.0,
GRVLNYGFGEHWEYSY,2,0,2.0,
GRWNYYGSFDQYNYGY,2,1,2.0,Rob_7249
GRVKTYGAGWQDEYFY,2,1,2.0,Rob_2540
GRCNYYGQYDQDQYEY,2,0,2.0,
GRNNYYGYHYQEQWWY,2,0,2.0,Rob_9905
GLGLRYGNREQELHLY,2,1,2.0,Rob_1312
GFAYRMGSSLQMEYHM,2,0,2.0,
GRWWYYGQSDQYLYRY,2,1,2.0,Rob_4539
GRINYYGYYEQYLYDY,2,1,2.0,Rob_12323
GRWDLFGSYHQDNYEY,2,1,2.0,
GRNLYFGYPEQNEYQY,2,0,2.0,Rob_10382
GRPWQYGYWYQDEYQY,2,1,2.0,Rob_8407
GRTWHYGYNRQSDYEY,2,1,2.0,Rob_3091
GRSWRFGAGYQLEEEY,2,0,2.0,Rob_2001
GRSWRYGYEDQAEYEY,2,1,2.0,Rob_3202
VRWDLFGKLDQDAYDY,2,1,2.0,
GRWLRYGNYEQHDFEY,2,1,2.0,Rob_7493
GRTWRYGYADQNEYEY,2,1,2.0,Rob_3597
GRWDLFGKYDQDAYSY,2,1,2.0,
GRVNYFGYYEQYLYDY,2,0,2.0,Rob_11858
GRWNWYGPNDQNNYHY,2,1,2.0,Rob_4843
GFWYYNGSSRQCWYWR,2,1,2.0,
GFALHLGSSDQMMYYM,2,1,2.0,
GRWDLFGSFDQDNYTY,2,0,2.0,
GNSWIYGALVQIELEY,2,1,2.0,
GRPEYRGYDWQLEYLY,2,1,2.0,Rob_10039
GRPDRFGQYEQDLYEY,2,0,2.0,
GRWHYFGRSDQENYHY,2,0,2.0,Rob_9879
GRWDYYGDYYQLNYEY,2,0,2.0,Rob_11868
GRVLRFGFRDQIEYEY,2,0,2.0,
GRGWRYGYYEQYTYRY,2,0,2.0,Rob_9009
GRWLKYGNYEQEEYKY,2,1,2.0,Rob_6498
GRWNYYGSFSQDNYGY,2,0,2.0,Rob_7253
GRPLRLGYSGQELYGY,2,0,2.0,Rob_9259
GRWNYYGEYYQYDHEY,2,1,2.0,Rob_12073
GRWDLFGSYDQNNYDY,2,1,2.0,
GRNEYFGYEDQNEYYY,2,0,2.0,Rob_10204
GRWLYYGPYEQVNYDY,2,0,2.0,Rob_10604
GRWARYGDNGQYGHYY,2,0,2.0,Rob_9283
GRWWRYGAQYQIEYNY,2,0,2.0,Rob_3508
GLPNWYGYWGQEDYLY,2,0,2.0,Rob_8490
GRVWSLGLWSQDEYDY,2,0,2.0,Rob_840
GLPWRYGYDYQYLYDY,2,0,2.0,Rob_8149
GRWNFFGSYEQFDYHY,2,1,2.0,Rob_7892
GRWNWRGPLTQDTYPY,2,0,2.0,Rob_9089
GRTERYGYNDQASYHY,2,0,2.0,Rob_10637
GRWDYYGFSEQFDYDY,2,0,2.0,
GYMYRMGSSEQFMYEM,2,1,2.0,
GFAWRYGSSVQMEYEM,2,0,2.0,
GRWYYLGPWDQYDYYY,2,1,2.0,Rob_5894
GRVFRYGLFEQIEYQY,2,0,2.0,Rob_176
GRWLWYGPEDQDLYRY,2,0,2.0,Rob_9222
GRAWIYGKGDQEEYEY,2,0,2.0,Rob_3793
GRWDYYGDYEQWNYEY,2,1,2.0,Rob_11754
GRWYLFGKFDQDNYDY,2,0,2.0,
GPVNFCGYYEQYDYNY,2,1,2.0,
GRKLWYGPYFQYEYYY,2,0,2.0,Rob_2639
GRWWRYGREQQEEYNY,2,1,2.0,Rob_3340
GRWLFYGEYSQINYDY,2,1,2.0,Rob_12301
GNWNYFGYYEQGLYRY,2,0,2.0,Rob_6536
GRWLYYGSGQQLNYAY,2,0,2.0,Rob_4941
GRSLWHGQNKQIEDSY,2,0,2.0,Rob_2752
GRVLNYVFGEQWEYSY,2,0,2.0,
GRNLYYGFHQQDEYAY,2,0,2.0,Rob_5525
GRWWKFGNTLQDEYNY,2,0,2.0,Rob_3734
GRWLYYGGGYKESYDY,2,0,2.0,
GKWWKFGNEYQDLYEY,2,0,2.0,
GRWWSYGPKDQLRYDY,2,0,2.0,
GRNLYYGYTAQYEYLY,2,0,2.0,Rob_10553
GRTWRFGYDDQLEYQY,2,0,2.0,Rob_3600
GRWNYRGAFYQGDYDY,2,0,2.0,Rob_11793
GEWWRVGSSFQCRYWR,2,0,2.0,
GRTFRYGYLYQLEYDY,2,0,2.0,Rob_2941
GFAAHYGSSVQMMYAY,2,0,2.0,
GRWLYFGPYEQELYPY,2,1,2.0,Rob_7006
GREWRYGKFDQVEYYY,2,0,2.0,Rob_3872
GRWWYFGPDEQYRFDY,2,1,2.0,Rob_4204
GRWFYYGPIYQDNYVY,2,0,2.0,Rob_5338
GKPWVFGKEDQPEYQY,2,0,2.0,
GRSLWKGLEDQDEWDY,2,1,2.0,Rob_979
GRVWRYGLSYQQEYLY,2,1,2.0,Rob_2508
GFCTHYGSSDQMLYEY,2,1,2.0,
GRWWYFGPDLQKNYYY,2,0,2.0,Rob_4909
GFRLYMGSSVQMYYYM,2,0,2.0,
GLTNTYGFLDQVEYWY,2,1,2.0,Rob_3385
GRVLRYGNRDQIEYLY,2,1,2.0,Rob_2600
GRNLYYGYSVQTEYEY,2,0,2.0,Rob_5477
GRVCNYVFGEQWEYSY,2,0,2.0,
GFMLHRGSSLQWLYEM,2,0,2.0,
GRWNFYGNYLQFEYEY,2,0,2.0,
GRVNFYGYYEQDNYEY,2,1,2.0,Rob_7244
GRTYNYGYQYQDEYYY,2,0,2.0,Rob_3571
GRVYSFGSRYQYEYYY,2,0,2.0,Rob_3129
GRWDRWGYYEQTEYEY,2,0,2.0,
GRAPWFGKNDQPDFKY,2,0,2.0,Rob_11941
GRWYYLGPSDQYDYEY,2,0,2.0,
GRAWRYGFDDQEDYEY,2,1,2.0,Rob_2998
GRNNYYGYYEQDGYEY,2,0,2.0,Rob_7906
GFCMHMGSSVQMKYEM,2,0,2.0,
GRWDKYGSSFQDEYGY,2,0,2.0,
GRWWRYGERDQELYRY,2,0,2.0,Rob_8187
GRWYHYGPTDQINYGY,2,0,2.0,Rob_5120
GRWDLFGNFDQYEYEY,2,1,2.0,
GRWNFYGYQEQDEYDY,2,0,2.0,
GRWLYYGPQDQHNYEY,2,1,2.0,Rob_10876
GRWDYYGWLEHYEYEY,2,1,2.0,
GRVWRYGLVYQEEYEY,2,0,2.0,Rob_447
GRWNFYGDYEQYLFDY,2,0,2.0,Rob_11578
GRVNFYGYYEQHLYDY,2,0,2.0,
GRWLWYGPGQQDFYDY,2,1,2.0,Rob_4166
GFRMYYGSSVQMEYYM,2,1,2.0,
GFCYRYGSSMQMYYEM,2,0,2.0,
GFYYFLGSSFQCRYYR,2,0,2.0,
GEWLCFGSSRQCRYWR,2,1,2.0,
GRWNYYGHWWQEEYYY,2,1,2.0,
GRWRYYGQYDQELYSY,2,0,2.0,Rob_10654
GRWWSYGNDYQDEEEY,2,0,2.0,Rob_1817
GRWNYYGSDVQGLYDY,2,1,2.0,Rob_10055
GFCRYYGSSVQMEYEM,2,1,2.0,
GRNLYRGFDEQYEWEY,2,0,2.0,
GRWWRYGGNGQIEHLY,2,0,2.0,Rob_1473
GRWNRYGFGEQWEYSY,2,1,2.0,
GRWLFRGYDYQSDYNY,2,1,2.0,Rob_12010
GRLWNYGFDEQWEYSY,2,0,2.0,
GEWYTFGSSFQCRYYR,2,0,2.0,
GVWWGFGSSRQCRYWW,2,0,2.0,
GRWNYYGDYEQFLYEY,2,0,2.0,Rob_7286
GFYWRYGSSMQCMYFY,2,0,2.0,
GFCTHYGSSEQMMYEY,2,0,2.0,
ARVWNYGFGEQWEYSY,2,0,2.0,
GFEWRYGSSVQMEYEM,2,0,2.0,
GRWNYYEQWWQEEYYY,2,0,2.0,
GRNEYFGYPWQYEYYY,2,1,2.0,Rob_10036
GEYWTFGSSRQCRYWW,2,1,2.0,
GRWDLFGKLDHDAYSY,2,1,2.0,
GRNLRYGFAYQDEYYY,2,1,2.0,Rob_5002
GRWDKCGSSFQDEYDY,2,0,2.0,
GFAEHYGSSVQMKYEY,2,1,2.0,
GRWDLFGSDDQDNYEY,2,1,2.0,
GRWWRHGPEEQYKHSY,2,1,2.0,Rob_9032
GNWFKFGNSLQGDYYY,2,1,2.0,Rob_4725
GRVWRYGLDDQDEYLY,2,1,2.0,Rob_651
GRVWRYGLRDQAEYSY,2,0,2.0,Rob_2515
GRVWKYGLYFQYEYEY,2,0,2.0,Rob_442
GRWDLFGSFDQGNYYY,2,0,2.0,
GRWWIYGRFDQAEYEY,2,1,2.0,Rob_3539
GRPLYYGYGDQDEYAY,2,0,2.0,Rob_10631
GRWWSYGATEQAEYLY,2,1,2.0,Rob_2186
GRAWIFGAKFQDEDFY,2,1,2.0,Rob_1294
GRWNYYGRTDQFLHLY,2,0,2.0,Rob_10793
GRWYYYGAYEQWNYEY,2,0,2.0,
GRWNYFGNYEQSLFEY,2,0,2.0,
GLWNFYGQGDQINYDY,2,1,2.0,
GRVHRYGKVYQLDYEY,2,0,2.0,Rob_2960
GRTWRFGFDEQAEYEY,2,0,2.0,Rob_2337
GFEYRYGSSLQMEYEW,2,0,2.0,
GRWNYFGPGDQFNYDY,2,0,2.0,Rob_10499
GFACHYGSSVQCAYAY,2,1,2.0,
GFCGHYGSSDQMKYEY,2,0,2.0,
GRYFSQGKEEQYNTIY,2,0,2.0,Rob_4986
GRPLRYGYNEQITYDY,2,0,2.0,
GRWDYYGDYYQLNYDY,2,0,2.0,
GRWWYFGPTWQYEYSY,2,0,2.0,Rob_4511
GPWDLFGSFDQDNYEY,2,1,2.0,
GFLYIYGSSVQWEYEM,2,1,2.0,
GRRDLFGKFDQDNYEY,2,1,2.0,
GRWDYWGLYEQYLYEY,2,0,2.0,
GRWDYYVWYEQYSYSY,2,0,2.0,
GRNEYRGLYQQYEYGY,2,0,2.0,Rob_5454
GRPNFFGYYEQYNYEY,2,1,2.0,Rob_11190
GRSWRFGFNEQDEYEY,2,1,2.0,
GRWNFFGQYYQQSYEY,2,1,2.0,
GRWDHYGYYDQSLYYY,2,0,2.0,
GRWNYFGSSYQENYNY,2,0,2.0,Rob_9610
GRPLFYGYEEQWNYWY,2,0,2.0,Rob_4458
GRTWIFGKNYQLEHFY,2,1,2.0,Rob_1444
GRWYYRGYGEQSDYEY,2,0,2.0,
GRWWRYGAAEQDEYYY,2,0,2.0,Rob_2296
GRVNYFGSAHQVEHEY,2,0,2.0,Rob_1513
GRSWRYGLIYQAELDY,2,0,2.0,Rob_940
GRWERHGAYDQYEYDY,2,0,2.0,
GPVNFYGCYEQYDYNY,2,0,2.0,
GHVNFYGYYEQFLYEY,2,1,2.0,
GRVLRFGFGFQEEYSY,2,1,2.0,Rob_2177
GRWLYYGPYDQDNYEY,2,0,2.0,
GRWQRYGSRNQDLHLY,2,1,2.0,Rob_3430
GRWDLFRSYDQDNYDY,2,0,2.0,
GRNNGYGYYEQWEYEY,2,0,2.0,Rob_7565
GRWNFFGDYEQSEYPY,2,0,2.0,Rob_7039
GRNNKYGFYEQDEFDY,2,1,2.0,Rob_7829
VRVLNYGFGEQWEYSY,2,0,2.0,
GNWNYYGYYEQENYSY,2,0,2.0,
GRWLRFGQSIQDLYDY,2,0,2.0,
GEWWYMGSSRQCRYWR,2,0,2.0,
GFMYHYGSSLQWLYEM,2,0,2.0,
GRNLSYGFNFQDEYYY,2,0,2.0,Rob_6003
GPGNFYGYYEQYDYNY,2,0,2.0,
GKVLRWGYEYQLEYYY,2,0,2.0,Rob_8612
GRWLYRGPIDQFDFLY,2,1,2.0,Rob_9835
GRSPYYGYSDQNNYSY,2,0,2.0,Rob_6946
GRPNYYGYYEQELYHY,2,1,2.0,Rob_11473
GKWNYFGNDSQDLYDY,2,0,2.0,Rob_2879
GFCYRYGSSVQMEYPM,2,1,2.0,
GRVWKFGFGDQGLYGY,2,1,2.0,Rob_2088
GRVWHYGSADQTEYNY,2,0,2.0,
GRVWNYGFGEQWEFSY,2,0,2.0,
GRVWRYGLADQQNYEY,2,0,2.0,
GRVWRFGLRYQIEYDY,2,0,2.0,Rob_630
GRWLYYGGYAQWDYDY,2,1,2.0,Rob_6182
GRPNYYGYEWQYEYSY,2,1,2.0,Rob_10897
GRVWKYGFGEQWEYNY,2,0,2.0,
GRQLWYGYSTQVDYSY,2,0,2.0,
GRNEYFGYAYQYDYDY,2,0,2.0,Rob_10410
GRWDLFGKFDQDEYYY,2,1,2.0,
GQSWKHGYQYQETYKY,2,1,2.0,Rob_8617
GRWNYYGYYEQKLYEY,2,0,2.0,Rob_11282
GREWIYGYEEQIEYRY,2,0,2.0,Rob_3867
GRWLYFGPLDQTSYHY,2,1,2.0,Rob_9911
GPVNFYEYYEQYDYNY,2,0,2.0,
GRVYSFGSFYQIEYQY,2,0,2.0,
GRWWRFGARDQHLYEY,2,1,2.0,Rob_3053
GRWWYFGPDEQYRFTY,2,0,2.0,Rob_4201
GFMLHLGSSVQWMYEM,2,0,2.0,
GKWWRYGAKDQGGEYY,2,0,2.0,Rob_3083
GRWQYHGDSDQYDYLY,2,0,2.0,Rob_10286
GRWNYYGYYEQSLYEY,2,0,2.0,Rob_11281
GRWDKYGSSFLDEYDY,2,0,2.0,
GRWNFWGFEEQSLYNY,2,1,2.0,Rob_12387
GNWFKFGNSLQFDYYY,2,1,2.0,Rob_4726
GKTNWFGYEYQLEYYY,2,1,2.0,Rob_8769
GFLLHYGSSVQWMYEM,2,1,2.0,
GFAAAYGSSDQMKYYM,2,0,2.0,
GRWWRFGNYDQYDYQY,2,1,2.0,Rob_2843
GRWDVFGKLDQDAYDY,2,0,2.0,
GRWDLFGKYDQDNYAY,2,0,2.0,
GRTWKYGYHFQEEYEY,2,0,2.0,Rob_3861
GRWWRYGFSDQYDYLY,2,1,2.0,
GRPLWNGYSWQYDYHY,2,0,2.0,Rob_3999
GRWLKWGQSLQLEHEY,2,0,2.0,Rob_2833
ARWDLFGKYDQDNYEY,2,1,2.0,
GYNLRLGYRWQEEFFY,2,0,2.0,Rob_5859
GPVNFYGYYEHYDYNY,2,1,2.0,
GKQWKYGYSDQFLYDY,2,0,2.0,Rob_8029
GRVWKYGLYGQLEFEY,2,1,2.0,Rob_2815
GRWNFFGKYEQWLYEY,2,0,2.0,Rob_6980
GRWNYYGYYEQYEYDY,2,1,2.0,
GFRAHYGSSDQMKYEY,2,0,2.0,
GRPNFFGYYEQNNYEY,2,0,2.0,Rob_12172
GRWRYCGNFDQNEYEY,2,1,2.0,
GFYWQYGSSEQMEYYM,2,1,2.0,
GRWNYYGNYEQWNYDY,2,1,2.0,Rob_6514
GFAYRMGSSVQMCYYM,2,1,2.0,
GRSWRFGHYDQIEYLY,2,0,2.0,Rob_2663
GRVWAYGTDYQLELSY,2,0,2.0,Rob_1292
GYCYCYGSSEQMEYEM,2,0,2.0,
GRTQRWGYYDQSGYEY,2,0,2.0,Rob_6910
GRWWRYGNNDQYLYEY,2,1,2.0,Rob_3451
GRWDLFGKYEQDNYEY,2,0,2.0,
GRVWRFGLELQWEHEY,2,1,2.0,Rob_1642
GKWFNYGQISQDNFYY,2,0,2.0,Rob_8851
GRVLYKGGRYLLEYDY,2,0,2.0,
GRWWYYGPDYQQRYTY,2,1,2.0,Rob_4116
GRWWRYGQWYQELYNY,2,0,2.0,Rob_8432
GRWPWLGGKEQYRHSY,2,0,2.0,Rob_9029
GRWNYYGNYEQRNFDY,2,0,2.0,Rob_12303
GRWNSYGEYDQELYEY,2,0,2.0,
GRWNFYGAVTQYDHLY,2,1,2.0,Rob_9059
GRWWIYGRWDQELELY,2,0,2.0,Rob_3708
GRWDHYGYYDKSEYDY,2,0,2.0,
GRALRYGFGDQDLYKY,2,0,2.0,Rob_2095
GRVWNYGVGEQWEYSY,2,1,2.0,
GRINYYGYEEQALYDY,2,1,2.0,Rob_12326
GRWDMFGKFDQDNYDY,2,0,2.0,
GRVGNYGFGEQWEYNY,2,1,2.0,
GRVWNYGLGDQWEYSY,2,0,2.0,
GRPWKWGYEFQLSRFY,2,1,2.0,Rob_9297
GFAYEYGSSMQCMYEM,2,0,2.0,
GRWWVYGQWNQELYNY,2,1,2.0,Rob_8430
GFCTHYGSSVQMLYEY,2,0,2.0,
GLDNYYGYAYQELYKY,2,1,2.0,Rob_2421
GRSLRFGAKLQEELEY,2,0,2.0,Rob_1212
GRSWRYGLDDQDLYQY,2,0,2.0,Rob_665
GRSWVHGFENQEELYY,2,0,2.0,Rob_1326
GRVCNYGFGEQLEYSY,2,0,2.0,
GRWNYFGNYEQSLYDY,2,0,2.0,Rob_7469
GRNWYYGGNNQYNYDY,2,0,2.0,Rob_5647
RAEYYGYAFQYDFEYW,2,0,2.0,
GLSWRFGVLNQELESY,2,0,2.0,Rob_1343
GRWWTYGNYYQLEEEY,2,1,2.0,Rob_1814
GFEWHKGSSVQDMYYM,2,0,2.0,
GNWDYFGSEYQESYDY,2,0,2.0,
GRGWRYGYLLQAEYEY,2,0,2.0,Rob_3205
GRWDLFGKFDQDKYEY,2,0,2.0,
GRNNRFGYYEQDLKYY,2,1,2.0,Rob_6966
GRVWRYGLYYQEEYLY,2,1,2.0,Rob_487
GKWWKFGNEYQDLRYY,2,0,2.0,Rob_8680
GFWYYNGSSRQCEYWR,2,1,2.0,
GRWDRHGASDQYEYYY,2,0,2.0,
GRWFKAGAHDQELYQY,2,1,2.0,Rob_8635
GRNEYYGYEFQSEYWY,2,0,2.0,Rob_10149
GRAWNFGFNYQIEYEY,2,1,2.0,Rob_460
GRPNLYGLYEQSLYRY,2,0,2.0,Rob_7025
GRPLYFGYYQQLDFYY,2,1,2.0,Rob_4401
GRVNFYGYYEQGLYNY,2,0,2.0,Rob_6539
GRVNFYGYYEQAEYSY,2,0,2.0,Rob_12182
GRVWKYGLFDQINYDY,2,0,2.0,
GRSWRYGYHHQLEYEY,2,0,2.0,Rob_3212
GRWFKYGEVDQRLYEY,2,1,2.0,Rob_4907
GRAWKFGYDDQDEYEY,2,0,2.0,
GRWNYFGSSYQESYYY,2,0,2.0,Rob_9612
GRVWKYGFGDQWEYHY,2,0,2.0,Rob_2031
GRGNFFGYYEQYLYEY,2,0,2.0,Rob_11263
GEWWRNGSSFQCRYWR,2,0,2.0,
GRWYRFGSSMQMIYEM,2,0,2.0,
GRVWKFGKGNQLEYEY,2,0,2.0,Rob_1999
GRVWRFGLYNQLEYRY,2,0,2.0,Rob_521
GRNWIYGSGDQNGYYY,2,0,2.0,
GRWLRFGDYIQERYSY,2,0,2.0,
GRWLWYGELDQRTYEY,2,0,2.0,Rob_6041
GRFWSYGGDEQDDYSY,2,0,2.0,Rob_389
GRWLRYGQWQQNDYWY,2,0,2.0,Rob_7519
GRSDLFGKYDQDNYEY,2,0,2.0,
GKNWKYGYQYQIEYRY,2,0,2.0,Rob_8959
GRWNFFGSYEQDGYRY,2,0,2.0,Rob_7182
GFPWRFGYYTQALYGY,2,0,2.0,Rob_8159
GYCYEYGSSEQIEYEM,2,0,2.0,
GRVLRYGLNYQIEFEY,2,1,2.0,Rob_331
GSVWNYGFGEQWEYNY,2,1,2.0,
GRWNFYGRYEQDNYSY,2,0,2.0,Rob_11926
GRNLSYGFLEQSEYLY,2,0,2.0,Rob_4831
GRWDYYGSDDQDTYSY,2,0,2.0,
GRWLYYGPRDQYDYEY,2,1,2.0,Rob_7396
GRVWGYGFKAQEEYDY,2,0,2.0,Rob_2748
GRVWKRGLWWQLEHEY,2,0,2.0,Rob_1773
GRWRFYGPQDQSNYAY,2,0,2.0,Rob_5890
GRINYYGYSEQALYDY,2,0,2.0,Rob_12328
GRWNYYGQWWQEKYYY,2,0,2.0,
GRWNFYGRDEQGLYDY,2,0,2.0,Rob_7406
GEWQYYGYYEQYDYDY,2,0,2.0,Rob_7191
GRWNFYGPEIQDDYKY,2,1,2.0,Rob_7036
GRWLRFGPEQQNDYGY,2,1,2.0,Rob_5607
GRWWRFGDSDQWLYAY,2,0,2.0,
GFAEHYGSSVQMLYEY,2,0,2.0,
GRWFRYGPTDQDRYYY,2,1,2.0,Rob_4247
GLEWRYGLNDQENYYY,2,0,2.0,Rob_2372
GRPLYYGFEDQTLFRY,2,1,2.0,Rob_5995
GRWNYFVADWQEEYDY,2,0,2.0,
GRNEYFGYSDQDNYYY,2,0,2.0,Rob_10467
GRAYRFGYTDQYEYEY,2,1,2.0,Rob_3758
GFALHKGSSVQMEYYM,2,0,2.0,
GRWDRHGAYDQYVYDY,2,1,2.0,
GRWNYYGFYEQSTYSY,2,1,2.0,Rob_7002
GDWTYFGSSMQCRYYR,2,0,2.0,
GRPLWKGYVDQELYDY,2,1,2.0,Rob_4228
GFYYIYGSSVQMEYYM,2,0,2.0,
GRWNYFGNDQQIEYYY,2,1,2.0,Rob_3229
GRTWRFGYEYQNEYEY,2,1,2.0,Rob_2265
GLWDLFGKFDQDNYDY,2,0,2.0,
GFAMYMGSSVQMYYYM,2,0,2.0,
GRVWSFGLDEQAEEYY,2,0,2.0,Rob_1734
GRPNYLGYIDQWEYIY,2,1,2.0,Rob_9658
GRWNYFGAPDQNNYDY,2,0,2.0,Rob_9693
GRNNYYGNGLQNEYDY,2,0,2.0,Rob_2406
GRAWSFGYLQQEEYEY,2,1,2.0,Rob_2551
GFCLYMGSSVQMCYYM,2,0,2.0,
GRNWHYGYFLQREYEY,2,0,2.0,Rob_5765
GFALHYGSSVQMEYEM,2,1,2.0,
GRPNFRGYTDQHLYEY,2,0,2.0,Rob_6343
GHWNRFGKEDQSNYDY,2,0,2.0,
GRWDYFGQSEQNLYEY,2,0,2.0,Rob_6437
GRGQRYGYDQQDEYDY,2,0,2.0,Rob_2559
GRWDLFGKFYQDEYDY,2,0,2.0,
GRWWYYGPEFQYLYRY,2,0,2.0,Rob_4534
GRNLFYGYEYQLDYEY,2,1,2.0,Rob_10471
GRWRYYGEYEQGTYRY,2,0,2.0,Rob_12298
GRSWRYGGDNQEELEY,2,1,2.0,Rob_1541
GRNWRFGYDYQGEYYY,2,0,2.0,Rob_8654
GFMLHLGSSLQWLYEM,2,1,2.0,
GRAWRYGLFDQDENQY,2,1,2.0,Rob_1724
GLPLYYGYDAQGQYDY,2,0,2.0,Rob_5397
GRNNFYGYYDQDLYSY,2,0,2.0,Rob_6318
GRWYLFGSFDQDGYDY,2,0,2.0,
GRWNLYGKYEQDSYDY,2,0,2.0,Rob_11217
GRPNRYGYYEQILKYY,2,1,2.0,Rob_6999
GRWWRYGGGDQDEYYY,2,0,2.0,Rob_2061
GRPLWHGYSEQYLYEY,2,0,2.0,Rob_4492
GRINFYGYYDQNLYEY,2,0,2.0,Rob_6746
GFCCHYGSSVQMKYYM,2,0,2.0,
GRVWKFGLLDQYEYIY,2,0,2.0,Rob_469
GRVNYRGLRDQGEYEY,2,0,2.0,Rob_2196
GRWNNYGYPDQALYDY,2,1,2.0,Rob_11517
GRVWNHGFGEQLEYSY,2,0,2.0,
GRSWRFGSGYQAEYDY,2,0,2.0,Rob_1857
GFCYHMGSSVQCKYEY,2,0,2.0,
GRVWRIGLRDQVEKSY,2,0,2.0,Rob_1782
GRAEYYGYAFQYDCEY,2,0,2.0,
GRTWRFGYVEQAEYNY,2,0,2.0,Rob_3912
GKWLKYGNDEQNLHWY,2,0,2.0,Rob_1074
GRWNYFGAYDQNNYDY,2,0,2.0,Rob_9694
GRVWRYVLDDQDEYDY,2,0,2.0,
GRWLWRGSDQQQNYDY,2,0,2.0,Rob_9431
GFCWHKGSSVQMEYYM,2,1,2.0,
GRPYNYGLEEQYNYDY,2,0,2.0,Rob_5195
GEWWRFGSSRQCRYWR,2,0,2.0,
GRWNYFGYYEQDLYHY,2,0,2.0,
GRWDLFVSYDQYNYEY,2,0,2.0,
GRWNYRGENLHNDFLY,2,0,2.0,
GRTWRYGYDDQHEYEY,2,0,2.0,Rob_3918
GRVWKNGLYFQDEYYY,2,0,2.0,Rob_858
GRWNYYGYYEQDLYRY,2,0,2.0,Rob_7511
GRWNYYVRTDQFLHLY,2,0,2.0,
GRGLRYGFGFQEEFSY,2,0,2.0,Rob_1977
GRPYSYGYNDQYLFDY,2,0,2.0,Rob_5622
GRSNYYGKEDQDGYLY,2,0,2.0,Rob_12314
GEWWKKGSSRQCLYYR,2,1,2.0,
GRNNYWGYGYQLEYLY,2,0,2.0,Rob_9562
GRPNWYGYDQQHDYYY,2,0,2.0,Rob_4379
GRVNYYGYSEQELYPY,2,1,2.0,Rob_6211
GFCYEYGSSMQCMYEM,2,1,2.0,
GFEMYYGSSVQMDYEM,2,0,2.0,
GFLRYYGSSVQDEYEM,2,0,2.0,
GRTWHFGYDDQLEYGY,2,0,2.0,
GRPNSFGYYEQYLYDY,2,0,2.0,
GRWNYFGPYEQDLYPY,2,0,2.0,Rob_11083
GRNEYYGYDDQWEYDY,2,1,2.0,Rob_10456
GRPNYFGLDEQYLYEY,2,0,2.0,Rob_10931
GRWDLFGKLDQYAYDY,2,0,2.0,
GRWNYYGKWWQEEYYY,2,0,2.0,
GRELWYGHLYQEERFY,2,1,2.0,Rob_2795
GFATHYGSSAQMMYAY,2,0,2.0,
GRCNYFGNFDQYEYEY,2,0,2.0,
GRWNYYGAYEQYLYDY,2,0,2.0,Rob_11039
GRSWLFGLRHQYELQY,2,1,2.0,Rob_1423
GRWDLFGSFDQDGYYY,2,1,2.0,
GRNWNWGYTEQDEYEY,2,0,2.0,Rob_3187
GRWEFYGDYEQGLYQY,2,1,2.0,Rob_6453
GRWWWYGPDYQDNYIY,2,0,2.0,Rob_4431
GRVWRYGLYSQEEYGY,2,0,2.0,Rob_835
GRWDHYGYYDHSEYDY,2,0,2.0,
GRWNFYGEYEQDSYQY,2,0,2.0,Rob_6841
GFWFYAGSSMQCAYYA,2,0,2.0,
GRLNYYGYELQHEYWY,2,0,2.0,Rob_10214
GRNDYYGYYEQWEYEY,2,0,2.0,Rob_7390
GRPNFYGYYEQWEHEY,2,0,2.0,Rob_6352
GPVNFYGYYEQSDYEY,2,0,2.0,Rob_11440
GRWWRYGAIDQNLYDY,2,0,2.0,Rob_8511
GRVWNYVFCEQWEYSY,2,0,2.0,
GKPNWFGYGQQDEYNY,2,0,2.0,Rob_8781
VRWDLFGKDDQDAYSY,2,0,2.0,
GRWDLRGGSIQDLYDY,2,1,2.0,
GRWWRFGDYNQGRYYY,2,0,2.0,Rob_9393
GRWDYFGSDDQNLYNY,2,0,2.0,Rob_8139
GRWNYFGNYEQDNYSY,2,1,2.0,Rob_12122
GRVNYEGYYEQWSYEY,2,0,2.0,Rob_11950
GFREHYGSSVQMLYEY,2,1,2.0,
GRWWRYGAGYQELFDY,2,0,2.0,Rob_1836
VRWDLFGSFDQDNYDY,2,1,2.0,
GRVWHYGSADQTEYEY,2,0,2.0,Rob_2134
GRWWRYGESEQELQGY,2,0,2.0,Rob_8269
GRWNWYGPAYQWDYSY,2,0,2.0,Rob_9125
GRSLWHGLFDQALDRY,2,1,2.0,Rob_1095
GRWSLFGSLDQHLYDY,2,0,2.0,Rob_11788
GRVNFYGYNSQYLYEY,2,0,2.0,Rob_11077
GRSWKYGFDGQADYEY,2,0,2.0,Rob_3997
GRWDLFGSYDQDNYQY,2,1,2.0,
GRPEYYGYDVQEDYFY,2,1,2.0,Rob_10495
GRWLWYGPTLQLDYFY,2,1,2.0,Rob_9424
GRIWEYGYEDQSNYYY,2,0,2.0,Rob_4393
GRWDLFGKLYQDAYDY,2,0,2.0,
GRWNSYGQGYQNNYSY,2,0,2.0,Rob_12339
GRNLYYGYKEQDEYYY,2,0,2.0,Rob_5541
GRWDQFGKYDQDNYEY,2,1,2.0,
GKWLKYGNDEQNLHRY,2,0,2.0,Rob_1075
GFCYHYGSSEQMEYEM,2,0,2.0,
GRWNIFGDWEQYLYRY,2,1,2.0,Rob_7165
GRWDLFGQDDQDAYSY,2,0,2.0,
GRAWRYGYSDQDEYVY,2,1,2.0,Rob_3760
GRWDLFGSYDQDQYEY,2,0,2.0,
GRWDYFGQYEQRLYDY,2,0,2.0,Rob_7598
GQWNYFGSYSQYLYEY,2,0,2.0,Rob_12226
GRPWRYGYLDQLDYQY,2,1,2.0,Rob_8232
GRWLWFGPTGQYDYEY,2,0,2.0,Rob_9000
GRWLRYGAGYQEEFDY,2,1,2.0,Rob_1989
GRWWRHGASDQGLYHY,2,1,2.0,Rob_8474
GRWNYYGNKYQGNYSY,2,0,2.0,Rob_6632
GRWYNFGPQDQINYSY,2,1,2.0,Rob_5320
GRWFSFGNLEQNEYGY,2,0,2.0,Rob_2139
GRWWRYGSEDQAEYRY,2,0,2.0,Rob_3634
GRWDLFGSYDQDHYDY,2,1,2.0,
GEYWCFGSSRQCRYWR,2,1,2.0,
GRNLYYGAGSQWEEHY,2,1,2.0,Rob_4679
GRTWRYGYNNQDEYIY,2,1,2.0,Rob_8681
GRWWSYGQFDQDEYEY,2,0,2.0,
GFEYRYGSSVQMDYEM,2,0,2.0,
GRVWNYGFGEQWVYNY,2,1,2.0,
GRNEYRGYENQFEYFY,2,0,2.0,
GRWRYYGYYEQGDYEY,2,1,2.0,Rob_12293
GRWWRFGNSDQIEYNY,2,1,2.0,Rob_3002
GRQWRFGYDDQDEYLY,2,0,2.0,Rob_3222
GRWDFFGNYNQSGDLY,2,0,2.0,
GRNRYWGFEDQSEYEY,2,0,2.0,Rob_6172
GNPNFWGHYEQYLYHY,2,0,2.0,Rob_11129
GRPNYRGYYDQENYEY,2,1,2.0,Rob_7705
GRWYRYGAGFQLEYQY,2,0,2.0,Rob_2055
GKPWRYGYDDQYGYYY,2,0,2.0,Rob_8728
GRWDLFGSFDQDNYEH,2,1,2.0,
GRNLYYGYEDQTEYDY,2,0,2.0,Rob_10665
GRADYYGYAFQYDFEY,2,0,2.0,
GRFYRYGNDWQGEYKY,2,0,2.0,Rob_3514
GRWYFYGAHEQESYDY,2,0,2.0,
GRTWKYGYDDQEEYEM,2,1,2.0,
GRWWNYGNSEQDEYEY,2,0,2.0,
GRWNFYGEYEQNSHQY,2,1,2.0,Rob_6844
GRVWRYGLDDQQEYEY,2,0,2.0,Rob_689
GRWNYYGQWSQEEYYY,2,0,2.0,
GRWDLFGKFNQDNYEY,2,0,2.0,
GRNLTYGKLDQDEYLY,2,0,2.0,Rob_5327
GRSNFYGYYEQDDYEY,2,0,2.0,
GRWYNFGQDDQYLYQY,2,0,2.0,Rob_4659
GRVWKFGLEYQAEYYM,2,0,2.0,
GKVWRFGYSDQAEYNY,2,0,2.0,
GANNYFGYAEQYEYSY,2,1,2.0,Rob_6872
GRWNYYGQNWQYNYHY,2,0,2.0,Rob_5999
GNSWRYGYDLQYEYLY,2,0,2.0,
GFCLHLGSSVQMMYYM,2,1,2.0,
GRWDRYGWYAQWGYPY,2,0,2.0,Rob_6682
GRWNYFGFHEQQNYEY,2,1,2.0,Rob_11088
GPVNFYVYYEQYDYEY,2,0,2.0,
GRWDRHVAYDQYEYYY,2,0,2.0,
GRWWRYGPTDQEAYYY,2,1,2.0,Rob_8183
GRWLYYGPCYQEKYEY,2,0,2.0,
GRWDYYGPELQGDYAY,2,1,2.0,Rob_7097
GRWFRFGSSDQVEHTY,2,0,2.0,Rob_1462
GFAMHYGSSEQWGYEY,2,0,2.0,
GRSWRFGFVDQDNYEY,2,0,2.0,Rob_3216
GRTWRFGYSDQDDYRY,2,0,2.0,Rob_2967
GRVWRYGLREQDEYDY,2,0,2.0,Rob_417
GRYDWYGGGEQDFYRY,2,0,2.0,Rob_4240
GRSWSWGIGDQIELDY,2,0,2.0,Rob_1131
GRWLQRGGEIQYTYGY,2,0,2.0,Rob_5430
GEYFYNGSSRQCEYRR,2,0,2.0,
GRNLYFGYEEQDEYFY,2,0,2.0,Rob_5358
GRWWKYGAYDQFEHFY,2,0,2.0,Rob_1400
GRWYYYGPGFQNDYEY,2,0,2.0,
GRWWCYGAGYQEEYFY,2,0,2.0,
GRANYRGYPEQIDYDY,2,1,2.0,Rob_10032
GNPNYWGFYEQDTYEY,2,0,2.0,Rob_7947
GLNNFYGYYEQQEYEY,2,0,2.0,Rob_11111
GRYFRYGLEYQGNERY,2,0,2.0,Rob_4980
GRWNYYGSEYQNNYEY,2,0,2.0,Rob_11652
GRWHNFGAGDQLEYNY,2,1,2.0,
GRVWNYGFGEQWEYYY,2,1,2.0,
GRWDLFGKYDKDNYDY,2,0,2.0,
GRINFYGYYEQTQYNY,2,1,2.0,Rob_8006
GRWNYFGPYEQDLYSY,2,1,2.0,Rob_11082
GRWDYYGPSIQWDYWY,2,0,2.0,Rob_7709
GKVWRFGYSDQAEYYY,2,1,2.0,Rob_8587
GRSWRFGFEWQDEYEY,2,0,2.0,
GRWNFYGPYDQLDESY,2,0,2.0,Rob_6118
GFCYHMGSSDQMMYYM,2,0,2.0,
GPWDLFGSYDQDNYDY,2,0,2.0,
GRWERFGDWWQNSFSY,2,1,2.0,Rob_9367
GFFWIWGSSYQCMYFK,2,0,2.0,
GRWNYWGYYEQVNHDY,2,1,2.0,Rob_11988
GRWRYYGNPYQNLYDY,2,1,2.0,Rob_10062
GFCYRYGSSLQMMYEM,2,0,2.0,
GIPNFWGYYEQQLYRY,2,0,2.0,Rob_11847
GRVWGFGFGHQIEYSY,2,1,2.0,Rob_1943
VRWDHYGYYDQSEYDY,2,1,2.0,
GRWDLFGKLEQEAYEY,2,0,2.0,
GRWNYYGYYEQTLYEY,2,0,2.0,Rob_6831
GRPLRYGYQDQYLYPY,2,0,2.0,
GRNWIFGSWDQAELEY,2,1,2.0,Rob_1413
GRTWHLGYGDQGEYEY,2,1,2.0,
GRPLWYGYEEQETYKY,2,0,2.0,Rob_4353
GRWLWYGPFIQNWYDY,2,0,2.0,
GRVWTWGLKEQWEFLY,2,1,2.0,Rob_698
GRGYRYGLDEQYDYYY,2,1,2.0,Rob_4982
GRPLRYGYEDQGLYQY,2,0,2.0,Rob_4582
GRVNYYGYYEQNDYDY,2,1,2.0,Rob_7119
GRWDKYGSSFPDEYDY,2,1,2.0,
GRVLTFGHSYQEEYEY,2,1,2.0,Rob_2439
GRVFRYGLWEQFEYEY,2,1,2.0,Rob_693
GRPNFYGYYDQSEHEY,2,0,2.0,Rob_6356
GFAMHAGSSVQMAYAY,2,1,2.0,
GRWWRYGEYDQEEYSY,2,0,2.0,Rob_3332
GRWLWYGSSSQISYSY,2,1,2.0,Rob_9319
GRWNYYGDAYQYLYDY,2,0,2.0,Rob_6639
GRWDLFGKYDQTLYEY,2,0,2.0,
GRTWRFGYNRQDEYEY,2,1,2.0,Rob_2577
GRWDRFGAYTQWNYSF,2,0,2.0,
GKVWRFGYFDQLEFFY,2,1,2.0,Rob_8253
GRWWRYGQYDQHEYEY,2,1,2.0,Rob_3143
GRVWRFGQWYQEEHDY,2,0,2.0,Rob_1442
GRPLYYGYEYQDDYWY,2,1,2.0,Rob_10274
GAWWTFGSSAQCAYWA,2,0,2.0,
GRSWNYGFNYQIEYEY,2,0,2.0,Rob_457
GFEYRYGSSDQMAYEW,2,0,2.0,
GFYLIYGSSMQCMYFF,2,0,2.0,
GRVWRFGLTDQYEYQY,2,0,2.0,Rob_467
GREYIYGYDDQEEYSY,2,0,2.0,Rob_3071
GRNNYYGYHYQWDYWY,2,1,2.0,Rob_6781
GRAWKYGYDFQIEYEY,2,0,2.0,Rob_2451
GRPYLFGADSQSNYWY,2,0,2.0,Rob_5771
GRAEYYGYAFQYDLEY,2,1,2.0,
GFYWEYGSSMQCLYFY,2,0,2.0,
GLNNFYGYYEQSEYEY,2,0,2.0,Rob_11113
GRGWRYGFGWQLEYLY,2,1,2.0,Rob_2013
GRWNFYGEYEQDDYYY,2,0,2.0,Rob_11625
GRGWRYGNEDQDLYGY,2,0,2.0,
GFAYHKGSGDQDLYDY,2,0,2.0,
GRWNYYGQWWQGEYYY,2,1,2.0,
GRVNYYGFHLQFEYFY,2,0,2.0,Rob_2563
GRWNYYGYYEQKLYDY,2,0,2.0,Rob_11398
GRWDYYGPSIKWDYYY,2,0,2.0,
GCWDLFGSFDQDGYDY,2,0,2.0,
RRWDLFGSFDQDNYDY,2,1,2.0,
GRNNYFGFDLQGEYWY,2,0,2.0,Rob_5178
GRINFYGYYDQYLFEY,2,1,2.0,Rob_6753
GPVNFYGYYEQYDCNY,2,1,2.0,
GFEYEYGSSDQFKYYM,2,1,2.0,
GRGWRKGYYLQAEYEY,2,0,2.0,Rob_3210
GRVWNYGCGEQWEYSY,2,0,2.0,
GNWNFFGYYEQLNYPY,2,0,2.0,Rob_6505
GRWNYYGEYDQTLYEY,2,0,2.0,Rob_7988
GRSLRYGFYYQIEYEY,2,0,2.0,Rob_215
GRWNYYGFYDQNDYQY,2,0,2.0,Rob_7781
GRWFRLGGKFQLEYDY,2,0,2.0,Rob_2758
GRVRLFGYYEQTEYEY,2,0,2.0,Rob_6435
GRWDLFESYDQDNYDY,2,0,2.0,
VRWDLFGKFDQDNYDY,2,1,2.0,
GRWNYRGENLQNDFLY,2,0,2.0,Rob_10755
GRTWRFGYDYQAEYEY,2,1,2.0,Rob_2334
GRWNYYGYYEQVNYDY,2,0,2.0,
GRWNHRGDYEQDLEEY,2,0,2.0,Rob_11562
GFEYRYGSSDQMDYEM,2,1,2.0,
GRWDLFGKHDQDNYDY,2,0,2.0,
GRLYYLGPGDQYDYEY,2,0,2.0,
GFYFYNGSSMQCRYYR,2,0,2.0,
GRVWRYGLDLQLEYKY,2,0,2.0,
GRVWRYGLSDQIEYEY,2,0,2.0,Rob_170
GRWNYYGPYEQTLYKY,2,1,2.0,Rob_6642
GRWNHYGFYDQNQYDY,2,0,2.0,
GRWQYWGPSEQHDYLY,2,1,2.0,Rob_10292
GFAYYMGSSYQCMYYF,2,0,2.0,
GRGLWRGYYDQIDYYY,2,0,2.0,Rob_9467
GRWLYYGPYEQGLYNY,2,0,2.0,Rob_5916
GFAMHYGSSVQMAYAW,2,0,2.0,
GNWWRYGGYQQDEELY,2,1,2.0,Rob_990
GRNEYYGYSWQYDFGY,2,1,2.0,Rob_10828
GRWDYYGAYDQDDYQY,2,0,2.0,
GRVWHYGSADQNEYEY,2,1,2.0,Rob_2133
GRWNFFGDYEQHDYYY,2,1,2.0,Rob_6916
GRWWYHGESTQEDYKY,2,0,2.0,Rob_8991
GRWDLFGSYEQDNYEY,2,1,2.0,
GRVWRFGLDFQLEKEY,2,1,2.0,Rob_1637
